step,pmove,energy,energy_imag,potential,kinetic,variance,Lz,Lz_square,L_square
0,0.85,94.4455,-0.1449,-8.4689,102.9145,52.9678,+204.2468,41922.8555,7228.7637
1,0.84,93.5377,-0.3465,-8.4729,102.0106,50.8359,+203.3745,41580.0469,7164.3447
2,0.84,93.1281,-0.3096,-8.4887,101.6168,66.6709,+202.8228,41352.4766,7129.6094
3,0.84,92.0080,-0.3707,-8.4889,100.4970,47.0166,+201.5447,40816.5508,7033.6738
4,0.84,91.4967,-0.0052,-8.5039,100.0006,46.1787,+200.8239,40527.2305,6993.5674
5,0.85,90.4787,-0.7403,-8.4944,98.9731,58.8867,+199.5644,40029.5820,6901.8877
6,0.84,90.1643,-0.5202,-8.4930,98.6574,43.8921,+198.8018,39717.5547,6854.8252
7,0.84,89.9284,+0.0262,-8.4958,98.4243,50.0908,+198.4856,39602.7188,6831.6099
8,0.85,89.0291,+0.4826,-8.5010,97.5301,50.5044,+197.6080,39247.8516,6776.4619
9,0.85,89.0267,+0.3493,-8.5011,97.5278,42.1553,+197.3452,39123.1016,6764.2549
10,0.84,88.7515,+0.0368,-8.5150,97.2665,42.4062,+196.7008,38865.5859,6724.1641
11,0.85,88.3382,-0.1780,-8.4942,96.8324,51.8950,+196.0493,38643.6172,6674.7637
12,0.84,88.3314,+0.6610,-8.4825,96.8139,46.5210,+196.3241,38745.2812,6703.9727
13,0.86,88.5208,+0.7352,-8.4982,97.0190,48.0991,+197.0049,39017.8203,6754.4531
14,0.84,86.5081,+0.2155,-8.5041,95.0122,45.4365,+194.8359,38168.3828,6598.0513
15,0.84,86.8060,+0.3343,-8.4907,95.2967,46.4902,+195.0859,38271.2656,6622.9272
16,0.86,86.1525,+0.3609,-8.4976,94.6501,45.1606,+194.5938,38065.5938,6590.0244
17,0.84,85.6700,-0.1262,-8.5130,94.1830,48.8911,+193.8553,37777.3516,6551.2476
18,0.85,85.2593,+0.3371,-8.4876,93.7470,37.0698,+193.0370,37445.8086,6486.5654
19,0.84,84.9187,+0.3754,-8.4707,93.3894,48.2642,+192.2221,37142.8984,6435.2700
20,0.84,84.7004,+0.0814,-8.4933,93.1936,37.5063,+191.6778,36905.8906,6411.5776
21,0.85,84.4639,-0.0485,-8.4774,92.9413,39.4688,+190.7571,36566.1953,6338.6362
22,0.85,84.2341,-0.6224,-8.4754,92.7095,60.7285,+190.6522,36538.4414,6324.9385
23,0.85,83.9028,-0.2902,-8.4810,92.3838,43.6055,+189.8005,36208.0625,6281.6533
24,0.85,83.7342,+0.0265,-8.4858,92.2200,35.4463,+189.8025,36210.2422,6290.6895
25,0.85,83.6726,-0.3823,-8.4813,92.1539,37.0200,+189.7304,36185.1328,6294.0488
26,0.84,83.0128,-0.2595,-8.4782,91.4910,43.9912,+188.6575,35789.2930,6218.2397
27,0.84,82.6334,-0.2175,-8.4750,91.1084,44.1978,+188.1784,35613.8672,6190.2041
28,0.84,82.3078,-0.6221,-8.4771,90.7849,49.9976,+187.2056,35242.2891,6127.0381
29,0.83,82.2745,+0.0914,-8.4735,90.7479,44.7461,+187.5060,35355.9531,6140.6387
30,0.85,82.0318,+0.3118,-8.4727,90.5045,34.2905,+187.1317,35191.3281,6117.1602
31,0.85,81.2681,+0.5447,-8.4657,89.7338,39.4629,+186.4920,34957.0859,6068.6875
32,0.84,80.5815,+0.5162,-8.4773,89.0588,51.9175,+185.1864,34465.6406,5998.5093
33,0.84,80.8918,+0.4109,-8.4507,89.3425,38.0400,+185.4805,34575.2266,6016.0635
34,0.85,80.4524,+0.7403,-8.4583,88.9107,38.2881,+184.6606,34272.3945,5963.7871
35,0.85,80.0583,+0.4182,-8.4633,88.5216,43.9634,+183.9829,34034.8125,5931.2236
36,0.84,80.3316,+0.0634,-8.4489,88.7805,41.6641,+184.3697,34189.4688,5959.1807
37,0.85,80.2296,+0.0638,-8.4519,88.6815,37.2314,+184.6462,34296.8359,5976.4004
38,0.84,80.2104,-0.1125,-8.4442,88.6546,49.2964,+183.9465,34040.6953,5928.5957
39,0.85,80.5482,+0.2345,-8.4712,89.0194,40.5200,+184.3645,34173.8281,5950.6182
40,0.85,80.6093,+0.1009,-8.4701,89.0795,44.4600,+184.2036,34131.4219,5940.7725
41,0.85,79.8310,-0.5310,-8.4674,88.2984,41.0659,+183.1396,33742.3984,5882.2119
42,0.83,79.1625,-0.7174,-8.4697,87.6322,40.9575,+182.3259,33450.7656,5823.1328
43,0.85,78.7711,-0.1450,-8.4563,87.2273,42.7017,+181.9209,33279.5547,5802.9180
44,0.85,79.1577,-0.1315,-8.4449,87.6026,62.7686,+182.3923,33503.8828,5835.7632
45,0.83,78.5585,-0.2608,-8.4390,86.9975,44.6172,+181.5132,33142.9961,5791.7881
46,0.84,78.3783,-0.2236,-8.4314,86.8097,41.1909,+181.2365,33051.8438,5766.0610
47,0.84,78.2023,+0.7101,-8.4421,86.6444,51.9980,+180.8040,32906.7422,5747.5737
48,0.84,77.7091,+0.2961,-8.4457,86.1548,42.7778,+180.5261,32784.2617,5727.3955
49,0.84,76.6384,-0.0460,-8.4416,85.0800,49.2217,+179.4103,32405.4355,5654.9414
50,0.84,76.8669,-0.2404,-8.4288,85.2957,55.3521,+179.1172,32322.8516,5638.9287
51,0.83,76.4771,+0.1212,-8.4303,84.9075,44.4004,+178.6467,32126.5898,5607.9214
52,0.85,76.7798,+0.1521,-8.4457,85.2255,53.3682,+179.3335,32389.0898,5657.2246
53,0.83,77.1401,+0.4139,-8.4304,85.5706,42.2388,+179.9923,32607.9453,5680.4209
54,0.84,76.9149,+0.1864,-8.4263,85.3412,53.2148,+179.4298,32414.5703,5658.1602
55,0.84,76.6394,-0.2063,-8.4255,85.0650,55.3467,+179.3204,32371.1387,5655.1440
56,0.84,76.0219,-0.3438,-8.4268,84.4487,55.9380,+178.5643,32108.3320,5621.1509
57,0.84,76.0249,-0.4871,-8.4344,84.4593,59.2021,+178.3519,32037.1172,5608.5029
58,0.83,75.9202,-0.2815,-8.4460,84.3662,51.9785,+177.8490,31839.6797,5580.2549
59,0.84,75.6405,-0.0345,-8.4412,84.0816,40.4072,+177.5969,31731.1348,5554.6709
60,0.83,75.3981,-0.0000,-8.4247,83.8229,54.7280,+176.9938,31539.5117,5531.0747
61,0.83,75.1829,+0.5100,-8.4238,83.6067,51.8813,+176.7123,31445.9785,5518.3838
62,0.83,74.9506,+0.2264,-8.4115,83.3621,48.7427,+175.9484,31176.4492,5468.1143
63,0.84,74.4527,+0.6039,-8.3956,82.8483,45.5571,+175.0807,30860.3301,5411.5625
64,0.83,74.0567,+0.6477,-8.4039,82.4606,51.2441,+173.8113,30417.4102,5347.8213
65,0.83,73.4366,+0.5241,-8.3929,81.8296,54.3687,+172.7341,30065.5898,5280.6475
66,0.85,73.0635,+0.4979,-8.3921,81.4557,59.5259,+171.6472,29675.5352,5211.4194
67,0.84,73.1664,+0.6096,-8.3896,81.5561,59.8511,+171.8004,29755.4512,5244.8477
68,0.82,72.6407,+0.1204,-8.3741,81.0148,69.0249,+170.8169,29419.6445,5182.2246
69,0.83,71.9725,-0.4210,-8.3794,80.3519,66.3521,+170.3168,29274.6973,5164.0908
70,0.82,71.8860,-0.1289,-8.3791,80.2651,72.5498,+169.7434,29096.5938,5147.5664
71,0.82,70.9509,+0.8233,-8.3749,79.3258,82.9600,+168.1728,28570.2109,5076.1885
72,0.83,70.6360,+0.9621,-8.3667,79.0027,91.7949,+167.3234,28270.8652,5008.7930
73,0.81,71.2420,+0.1112,-8.3364,79.5785,105.6377,+166.9467,28185.3555,5012.5986
74,0.82,70.3536,+0.4019,-8.3418,78.6953,99.3511,+166.3148,27985.5312,4967.8604
75,0.82,70.7525,+0.9719,-8.3201,79.0727,105.7061,+166.1980,27964.2246,4988.3350
76,0.82,70.2738,+0.8619,-8.3039,78.5777,96.5073,+166.1820,27943.6602,4967.7979
77,0.81,70.3746,+0.0087,-8.2924,78.6670,79.1343,+166.7845,28117.6836,5014.2002
78,0.82,69.8264,+0.0412,-8.2963,78.1227,83.7783,+165.9732,27871.0625,4971.9082
79,0.81,69.1512,-0.1499,-8.2768,77.4280,85.7427,+164.6983,27436.8164,4880.9297
80,0.82,69.6378,+0.1314,-8.2842,77.9220,89.6011,+164.4208,27350.2832,4894.8965
81,0.82,68.9405,+1.4843,-8.2707,77.2112,91.5991,+164.0768,27244.0547,4868.8960
82,0.81,68.7303,+1.2120,-8.2761,77.0064,84.8042,+163.8596,27158.1875,4859.5371
83,0.81,68.3071,+0.7725,-8.2701,76.5772,90.5400,+162.7865,26798.5352,4810.1240
84,0.81,68.0777,+0.3691,-8.2499,76.3276,105.5176,+163.1574,26932.1016,4810.0518
85,0.81,67.7701,+0.4811,-8.2665,76.0366,99.0610,+162.5077,26740.4297,4792.1460
86,0.81,67.3669,+0.2424,-8.2608,75.6278,85.1738,+161.8722,26532.1270,4758.7559
87,0.80,67.3282,+0.1037,-8.2478,75.5760,85.7666,+160.8348,26194.4375,4732.4492
88,0.81,66.9606,+0.2324,-8.2465,75.2071,108.1167,+161.2014,26348.5137,4723.0234
89,0.81,67.0009,+0.5207,-8.2403,75.2412,117.7607,+160.2872,26103.9277,4737.6328
90,0.79,67.0746,+1.1658,-8.2328,75.3074,135.4995,+160.6187,26203.9766,4733.2466
91,0.81,66.8555,+0.8771,-8.2123,75.0678,119.4136,+159.6287,25863.7383,4690.2754
92,0.81,65.8096,+0.6940,-8.2095,74.0191,117.4888,+158.1833,25396.6328,4614.5947
93,0.79,66.1611,-0.1412,-8.2153,74.3764,134.7974,+158.9560,25670.7344,4656.4580
94,0.78,65.7896,-1.2401,-8.2281,74.0176,119.4175,+157.4142,25175.6094,4613.4399
95,0.80,64.9168,-0.3652,-8.2339,73.1507,127.2422,+156.3438,24825.6094,4552.6157
96,0.81,65.2657,-0.4291,-8.2568,73.5225,114.6685,+156.4721,24906.5605,4579.1021
97,0.80,65.6008,+0.5409,-8.2625,73.8633,123.9209,+155.5963,24659.3516,4575.4473
98,0.79,65.0403,+0.6878,-8.2342,73.2745,126.3477,+154.3618,24290.7988,4515.4575
99,0.80,64.7690,+1.1026,-8.2487,73.0177,156.4751,+155.1810,24544.7148,4525.2852
100,0.79,65.7954,+1.0647,-8.2495,74.0449,127.2305,+156.4134,24904.7109,4606.7339
101,0.77,65.0901,+0.5752,-8.2360,73.3261,152.9277,+154.5443,24372.6094,4537.1699
102,0.77,63.8716,+0.1865,-8.2429,72.1145,154.0088,+153.3587,23963.5840,4448.0210
103,0.75,63.7119,+0.6704,-8.2460,71.9579,145.6450,+152.9285,23830.5781,4459.5625
104,0.77,63.1299,+1.2057,-8.2485,71.3784,125.3801,+151.3474,23350.3906,4400.3750
105,0.76,63.2789,-0.4140,-8.2377,71.5166,131.5776,+151.2173,23346.4453,4396.9941
106,0.76,62.8677,-1.5599,-8.2026,71.0703,152.2209,+150.2992,23093.3145,4363.7295
107,0.76,62.6688,-1.7153,-8.2159,70.8847,228.0718,+149.7560,22965.8789,4344.0820
108,0.78,63.1157,-0.8683,-8.2107,71.3263,137.2478,+149.6297,22907.7422,4378.5718
109,0.75,62.0491,-0.4637,-8.1830,70.2321,149.6445,+148.2367,22541.0508,4323.9521
110,0.74,62.1508,-0.8097,-8.1797,70.3306,174.4795,+148.5472,22661.9180,4306.0264
111,0.73,61.7568,-0.0443,-8.1697,69.9265,195.6357,+146.6057,22123.5430,4268.7705
112,0.74,61.1171,-0.2098,-8.1782,69.2953,181.7925,+146.4410,22024.7305,4218.2329
113,0.74,60.9036,+0.0322,-8.1709,69.0744,160.0142,+145.3080,21694.3594,4189.5796
114,0.76,61.0526,-0.3077,-8.1543,69.2069,182.9243,+146.6225,22170.1133,4261.7783
115,0.74,61.3718,+0.9876,-8.1279,69.4997,142.3792,+146.3408,22012.1230,4290.2998
116,0.74,60.5625,+0.1754,-8.1247,68.6872,151.3088,+144.6595,21491.4688,4233.3848
117,0.76,61.2694,-0.5871,-8.1280,69.3974,251.1843,+145.7719,21930.3184,4284.4502
118,0.72,60.8555,-0.8510,-8.1545,69.0100,160.1416,+143.3086,21139.8516,4243.3218
119,0.73,59.9785,+0.4773,-8.1357,68.1142,153.4880,+142.9313,21015.2227,4189.1548
120,0.74,59.9946,-1.0385,-8.1460,68.1406,135.0544,+142.9590,21018.9844,4203.6504
121,0.73,58.2776,+0.1146,-8.1448,66.4224,147.3789,+141.9962,20687.1641,4097.3809
122,0.75,58.9663,+0.2450,-8.1530,67.1193,152.5713,+141.0168,20470.1055,4145.2798
123,0.73,58.1933,+0.9859,-8.1374,66.3307,161.3931,+139.7572,20093.1055,4072.9570
124,0.74,58.4954,+0.3414,-8.1269,66.6223,166.2190,+138.6736,19861.9727,4075.9448
125,0.73,58.5622,-0.1492,-8.1372,66.6994,138.0413,+139.2383,20003.9238,4087.1958
126,0.75,58.0629,+0.4252,-8.1189,66.1818,140.7209,+138.7888,19914.4570,4063.2664
127,0.74,57.8184,-0.0668,-8.1053,65.9238,144.7446,+137.9328,19657.2402,4024.9458
128,0.73,57.8895,-0.1022,-8.1120,66.0014,151.6919,+136.6398,19335.4785,4009.9026
129,0.74,57.3223,+0.6337,-8.0810,65.4033,186.1138,+136.3059,19318.3164,3956.6584
130,0.74,58.2622,+0.9549,-8.0647,66.3269,184.0867,+136.3936,19383.9062,4018.6875
131,0.74,57.8036,-0.0107,-8.0449,65.8486,153.4072,+136.6758,19395.4277,4005.1377
132,0.73,57.3568,-0.5244,-8.0437,65.4005,152.7019,+135.8906,19132.7539,3950.7190
133,0.73,57.3328,-0.0085,-8.0533,65.3861,158.3455,+135.2138,18997.2168,3967.2141
134,0.73,57.6700,+0.1577,-8.0496,65.7196,187.9971,+135.6745,19163.4844,4013.5259
135,0.73,57.3402,+0.0381,-8.0574,65.3975,191.8330,+134.3451,18829.1250,3970.8809
136,0.73,57.3240,+0.7133,-8.0438,65.3678,175.2283,+133.1503,18520.7656,3907.7554
137,0.72,57.2770,+0.6147,-8.0249,65.3019,173.6826,+133.5226,18675.3887,3947.6899
138,0.73,56.5391,+0.7252,-8.0052,64.5444,147.2886,+131.9463,18146.3750,3895.6304
139,0.73,56.4694,+0.5556,-8.0250,64.4944,187.3706,+132.4191,18259.3750,3887.2351
140,0.73,55.1632,-0.1349,-7.9826,63.1458,198.5769,+129.7782,17638.4492,3790.5696
141,0.72,57.6199,-0.4932,-7.9982,65.6181,203.7522,+131.7244,18256.5664,3969.5317
142,0.74,56.6177,+0.7639,-8.0133,64.6310,163.7446,+130.7580,17857.0664,3875.0554
143,0.72,55.8736,+0.1002,-7.9935,63.8671,136.3020,+130.2732,17637.7129,3817.8455
144,0.71,55.9382,-0.0033,-7.9984,63.9366,166.4678,+130.0982,17602.6211,3846.7920
145,0.72,55.2485,-0.3364,-7.9802,63.2286,195.5105,+131.1954,17866.1250,3823.8853
146,0.73,55.2382,+0.3421,-7.9730,63.2112,183.5779,+131.3282,17943.7109,3839.5620
147,0.72,56.1902,+0.6661,-7.9646,64.1548,192.2539,+130.5776,17798.6543,3864.7266
148,0.72,54.7970,+0.2880,-7.9588,62.7557,185.3701,+128.6167,17228.4883,3745.3704
149,0.72,54.5882,+0.4245,-7.9777,62.5660,171.6223,+127.3737,16889.2891,3737.0000
150,0.74,54.9799,-0.1226,-7.9677,62.9476,175.0798,+127.2171,16853.5977,3739.4248
151,0.73,54.8925,-0.1867,-7.9694,62.8620,187.0774,+127.3648,16976.1406,3725.5969
152,0.72,54.8393,+1.4218,-7.9490,62.7883,213.0408,+124.9542,16384.1680,3726.2046
153,0.72,54.3179,+0.1855,-7.9344,62.2523,194.9944,+124.3168,16179.0664,3671.8027
154,0.71,54.3149,-0.0771,-7.9377,62.2526,199.1133,+125.1689,16486.7207,3683.2461
155,0.72,55.2554,-0.5084,-7.9270,63.1824,152.9692,+125.7485,16586.3203,3739.7354
156,0.72,53.7674,-0.4425,-7.9516,61.7190,159.1428,+123.6099,15959.7275,3637.8262
157,0.72,54.7413,-0.4431,-7.9661,62.7075,137.5386,+124.5408,16195.3711,3711.1899
158,0.73,54.4616,+0.1507,-7.9857,62.4473,170.6770,+123.8364,16104.3945,3694.9805
159,0.72,53.9287,-0.8982,-7.9700,61.8987,141.9370,+123.4619,15975.7764,3655.2522
160,0.72,54.8364,+0.0123,-7.9579,62.7943,189.3992,+123.8597,16128.6172,3701.4712
161,0.71,53.5897,-0.2812,-7.9559,61.5457,164.7236,+122.4500,15713.4043,3633.2932
162,0.72,53.7447,-0.9973,-7.9555,61.7002,196.6726,+122.3298,15746.6768,3652.1240
163,0.72,53.0387,-0.5357,-7.9410,60.9797,159.6252,+122.9766,15911.0898,3598.0842
164,0.72,52.5217,-1.3168,-7.9424,60.4640,164.6633,+121.6830,15511.2227,3594.1323
165,0.72,52.4392,-1.6443,-7.9357,60.3749,179.8005,+123.0228,15810.2246,3612.2468
166,0.72,52.5566,-0.0794,-7.9218,60.4785,150.0061,+121.2627,15380.9980,3596.2344
167,0.71,53.6916,-0.7195,-7.9133,61.6049,190.7832,+120.5610,15310.8145,3695.2190
168,0.70,53.2610,-0.1230,-7.9225,61.1835,178.3855,+121.3426,15487.7109,3658.7881
169,0.70,53.3820,-0.8531,-7.9321,61.3141,164.1692,+121.4479,15510.8848,3650.5366
170,0.72,52.3359,+0.0028,-7.9010,60.2370,226.3826,+120.5049,15255.4434,3572.4946
171,0.71,53.7288,-0.1663,-7.9077,61.6366,118.4351,+119.1378,14868.6738,3658.8069
172,0.72,52.2741,+0.3189,-7.8804,60.1545,227.6956,+119.2134,14912.5430,3576.1025
173,0.72,52.7487,+0.5492,-7.8608,60.6095,146.1360,+119.1394,14802.9844,3605.7090
174,0.71,51.9490,+1.2149,-7.8819,59.8309,155.3713,+120.7091,15198.3457,3569.3521
175,0.72,52.4811,-0.0638,-7.8687,60.3498,126.8062,+117.9703,14434.6533,3587.6770
176,0.72,51.4314,-0.2123,-7.8818,59.3131,162.8547,+117.6814,14435.2334,3541.0422
177,0.71,51.5805,+0.5628,-7.8715,59.4520,132.7874,+118.4878,14660.6396,3538.1323
178,0.73,51.4974,+0.3024,-7.8453,59.3427,148.5803,+118.1552,14558.4219,3502.1841
179,0.71,51.2692,-0.1386,-7.8520,59.1211,129.1616,+117.1262,14226.9414,3482.8872
180,0.73,52.3306,-0.3351,-7.8477,60.1783,121.8132,+116.4002,14108.2793,3542.1309
181,0.72,51.4381,-0.6307,-7.8509,59.2891,137.6284,+115.9939,14081.5957,3484.4856
182,0.73,51.1282,+0.4222,-7.8772,59.0054,140.1519,+114.7949,13785.5605,3465.3564
183,0.72,50.6116,+0.2486,-7.8881,58.4997,116.4502,+114.4478,13698.0332,3476.0020
184,0.71,51.3784,-1.0148,-7.8720,59.2504,140.2571,+114.6598,13776.6465,3504.2954
185,0.71,50.5592,-0.4179,-7.8792,58.4384,139.7449,+114.2541,13710.6191,3446.0972
186,0.71,50.7349,-0.8171,-7.8764,58.6114,123.0034,+115.1162,13866.2344,3435.8118
187,0.71,50.5634,-0.2607,-7.8946,58.4580,100.4180,+113.9929,13541.9980,3449.4575
188,0.73,50.6409,-0.7216,-7.9017,58.5426,143.2417,+114.4946,13732.8672,3443.7273
189,0.73,51.7380,+0.2342,-7.8965,59.6345,195.5068,+114.6182,13813.3760,3510.7271
190,0.72,49.0992,+0.1444,-7.8870,56.9861,136.4419,+113.5924,13477.6182,3347.9878
191,0.71,49.9752,+0.0589,-7.8640,57.8391,202.3596,+112.1398,13230.2695,3376.6973
192,0.72,49.3431,-0.1532,-7.8703,57.2134,125.7534,+110.0692,12643.4404,3331.1274
193,0.74,50.1474,+0.7718,-7.8512,57.9986,99.7075,+111.9639,13091.0771,3356.7229
194,0.75,50.7965,-0.6809,-7.8744,58.6709,179.7346,+112.3253,13284.6113,3402.9465
195,0.72,50.6545,-0.4447,-7.8919,58.5464,93.0728,+109.7560,12631.0488,3370.9954
196,0.73,50.2853,+0.1838,-7.8806,58.1659,109.9409,+110.0990,12765.0293,3364.9968
197,0.73,49.2938,-1.2751,-7.8952,57.1889,117.8298,+109.5211,12587.2256,3310.2463
198,0.73,48.9774,-0.5052,-7.9031,56.8805,102.8723,+109.8962,12592.3008,3279.0596
199,0.71,48.8611,-0.5898,-7.8961,56.7572,124.8020,+108.1382,12219.7715,3275.9941
200,0.72,48.9315,-0.5096,-7.9036,56.8351,115.3350,+109.2898,12474.5176,3303.1848
201,0.68,48.5409,-0.9297,-7.8895,56.4305,137.3757,+108.9819,12412.4248,3286.2803
202,0.69,48.9578,-0.4025,-7.8720,56.8298,104.4119,+110.1631,12660.1152,3312.5298
203,0.69,49.0409,-0.5360,-7.8707,56.9116,112.5630,+111.0032,12863.8936,3331.9771
204,0.69,48.9463,-0.4153,-7.8706,56.8169,107.2087,+110.4805,12683.4922,3325.4167
205,0.69,49.2270,-1.1879,-7.8668,57.0938,115.3730,+110.2343,12654.8770,3359.7507
206,0.69,48.7180,-1.6642,-7.8608,56.5787,97.8206,+108.9932,12326.8369,3297.1519
207,0.72,47.9220,+0.3655,-7.8756,55.7977,113.1797,+109.3669,12500.3535,3258.4878
208,0.71,47.8909,-0.1688,-7.8885,55.7794,94.1340,+108.6572,12216.1992,3255.8003
209,0.70,48.3560,-1.6443,-7.9001,56.2561,116.1824,+108.1012,12171.5498,3290.8174
210,0.70,47.8893,-0.6009,-7.8922,55.7815,81.2576,+106.7415,11850.3301,3237.4636
211,0.68,48.1650,+0.1851,-7.8814,56.0464,104.2773,+109.2361,12476.4990,3282.7786
212,0.71,48.0054,-0.1605,-7.9122,55.9176,93.3037,+109.2228,12445.9414,3293.2793
213,0.72,47.0952,-0.9477,-7.8701,54.9653,125.5349,+108.4608,12326.7236,3228.8525
214,0.71,47.1121,+0.0039,-7.8939,55.0059,97.4607,+107.2785,12084.4922,3212.1318
215,0.71,46.7203,-0.8050,-7.8826,54.6029,106.0723,+105.3573,11584.9102,3187.0283
216,0.69,47.2530,+0.5414,-7.8753,55.1283,75.3289,+106.6593,11885.7734,3234.7656
217,0.71,45.9332,-0.2779,-7.9111,53.8444,80.8914,+104.9116,11448.4961,3136.4539
218,0.71,47.1639,-0.3903,-7.9128,55.0767,83.6147,+104.3792,11297.4746,3215.4097
219,0.71,46.8855,+0.1578,-7.9111,54.7967,105.9702,+106.0470,11790.6895,3194.0642
220,0.70,45.7717,+0.1854,-7.9069,53.6786,111.8271,+105.3910,11622.1328,3101.5498
221,0.71,46.9207,+0.4231,-7.9232,54.8438,103.6050,+104.9941,11555.7256,3167.7891
222,0.72,46.8178,+0.8199,-7.8886,54.7064,88.0620,+106.3004,11738.4512,3166.6211
223,0.70,46.2564,-0.1104,-7.8819,54.1383,79.0996,+104.1538,11306.3340,3130.9277
224,0.69,46.0183,+0.2463,-7.8725,53.8908,119.7881,+104.7952,11513.2305,3114.3958
225,0.70,45.9152,+0.0314,-7.8390,53.7542,99.9021,+104.2911,11310.4980,3075.3494
226,0.70,46.1298,+0.2719,-7.8541,53.9839,110.1670,+103.9403,11364.2578,3100.4365
227,0.71,46.7235,+0.3635,-7.8851,54.6086,75.6968,+104.2244,11321.8223,3162.1836
228,0.72,46.4089,-0.2555,-7.8622,54.2711,88.7529,+103.8190,11179.7402,3147.3716
229,0.69,45.5801,-0.4840,-7.8643,53.4444,105.6824,+102.6604,10958.4287,3084.8115
230,0.71,45.6878,-0.2868,-7.8704,53.5582,56.7952,+101.5301,10703.2441,3089.2590
231,0.71,45.8128,+0.0763,-7.9011,53.7139,51.6636,+104.6031,11362.3877,3126.0632
232,0.70,44.9625,-1.3143,-7.9003,52.8628,81.0667,+105.1001,11588.8975,3091.0059
233,0.69,45.1990,-0.7753,-7.8937,53.0926,95.4423,+100.4984,10630.3652,3069.5312
234,0.72,44.9198,+0.1434,-7.8926,52.8124,63.4794,+103.0460,11040.4580,3069.5171
235,0.72,44.7215,-0.3523,-7.8923,52.6138,85.0632,+101.2718,10643.0645,3062.1655
236,0.72,44.9708,-0.6841,-7.8683,52.8390,102.6344,+102.2931,10990.7129,3081.0903
237,0.71,45.1881,-0.7810,-7.8643,53.0523,87.5774,+100.6841,10583.0918,3061.4417
238,0.70,44.4675,+0.8021,-7.8590,52.3265,78.5405,+101.6115,10722.7930,3048.6794
239,0.71,44.4694,-0.2945,-7.8165,52.2859,93.1809,+98.6207,10130.1719,3032.1763
240,0.70,44.1234,-0.2836,-7.8176,51.9410,68.2112,+98.5655,10110.9307,3000.1511
241,0.71,43.4470,+0.1601,-7.8104,51.2574,66.4011,+100.0805,10420.5059,2970.2578
242,0.70,42.9388,+0.0856,-7.7911,50.7299,70.8555,+98.2826,10033.7012,2917.5674
243,0.71,43.0729,-0.0190,-7.7990,50.8720,43.6666,+98.5017,10080.6875,2929.4202
244,0.72,43.0106,-0.5092,-7.7905,50.8012,71.0017,+100.5654,10496.2012,2933.9819
245,0.72,43.2379,-0.2715,-7.7695,51.0074,61.2780,+95.8330,9493.5918,2914.5408
246,0.71,42.3406,-0.0230,-7.7546,50.0952,108.2037,+98.7593,10109.5098,2871.5879
247,0.72,42.8406,-0.1710,-7.8160,50.6566,66.2684,+99.2024,10200.2363,2913.6978
248,0.71,43.1439,-0.7627,-7.7844,50.9283,71.5710,+98.2474,10061.9609,2919.2622
249,0.72,42.8782,+0.0373,-7.7801,50.6583,66.5688,+97.7589,9922.9473,2895.3608
250,0.70,42.2136,-0.3259,-7.7786,49.9922,67.5903,+97.9231,9946.4541,2855.7075
251,0.72,43.2272,-0.0603,-7.7776,51.0048,68.8628,+99.6334,10296.2285,2920.6106
252,0.72,41.8454,-0.3933,-7.7890,49.6344,73.8630,+96.2693,9667.2598,2821.3528
253,0.71,42.0190,-0.0760,-7.7649,49.7839,63.2660,+97.6987,9935.5879,2841.4524
254,0.71,41.1645,-0.5206,-7.7623,48.9268,73.9736,+99.1658,10147.0938,2782.5117
255,0.72,40.8144,-0.1214,-7.7607,48.5751,74.5319,+94.4698,9341.7119,2767.4070
256,0.71,41.1113,+0.2466,-7.7693,48.8807,88.5991,+95.2099,9567.3945,2814.1465
257,0.73,41.7209,-0.4109,-7.7753,49.4962,76.3616,+95.3675,9609.4863,2857.8667
258,0.72,42.0209,+0.6707,-7.7570,49.7779,113.3744,+97.7830,10074.5586,2924.9316
259,0.70,41.2474,+0.1378,-7.7666,49.0139,88.9163,+96.6222,9796.3730,2872.1423
260,0.70,41.2746,+0.4180,-7.7544,49.0289,79.7484,+94.1725,9398.1758,2852.0315
261,0.71,41.0388,+0.2637,-7.7604,48.7992,97.4680,+92.8620,9135.6895,2813.2378
262,0.71,40.3751,-0.9640,-7.7883,48.1634,112.1908,+94.2781,9457.9980,2792.0771
263,0.71,40.1091,-0.2047,-7.7771,47.8862,84.9796,+91.1031,8794.4443,2791.4902
264,0.71,40.4824,-0.4833,-7.7388,48.2212,102.6135,+93.4760,9239.9434,2853.5649
265,0.70,39.2740,-0.4118,-7.7427,47.0168,82.2499,+90.3522,8644.7559,2754.5176
266,0.70,38.9767,-0.1881,-7.7411,46.7178,103.9626,+91.3795,8906.5273,2748.0940
267,0.70,39.4467,-0.1782,-7.7445,47.1913,86.9399,+90.8323,8718.1035,2773.3748
268,0.69,39.4802,-0.4043,-7.7522,47.2323,100.7041,+90.4409,8651.6387,2789.4082
269,0.72,38.9196,+0.0316,-7.7711,46.6907,113.9047,+90.4081,8656.6279,2732.0356
270,0.70,39.1865,-0.7278,-7.7629,46.9494,96.5126,+89.3786,8426.7383,2753.6814
271,0.72,37.9396,+0.0265,-7.7321,45.6717,87.9773,+89.9097,8511.5742,2667.9409
272,0.70,38.6898,-0.1933,-7.7364,46.4262,108.9489,+84.6821,7673.3730,2707.7788
273,0.71,39.2676,+0.0562,-7.7461,47.0137,77.0354,+89.6891,8515.4951,2738.4629
274,0.71,38.4210,+0.4054,-7.7192,46.1402,115.2966,+89.9346,8566.7666,2691.8467
275,0.72,38.7007,-0.3396,-7.6861,46.3868,78.3185,+89.4222,8517.2549,2707.1929
276,0.72,38.2339,-0.2474,-7.7073,45.9411,88.3007,+89.4144,8504.5449,2669.2000
277,0.69,38.9931,-1.2729,-7.7040,46.6971,88.6995,+88.0986,8301.4180,2713.2969
278,0.71,38.7761,-0.4883,-7.6978,46.4739,77.8149,+87.4081,8203.8887,2704.4917
279,0.70,38.5026,-0.0087,-7.6857,46.1883,102.4872,+87.8296,8285.9238,2680.0762
280,0.69,38.7276,-0.5927,-7.6911,46.4187,79.4031,+88.1250,8276.6279,2703.9243
281,0.70,37.6863,-0.1249,-7.7036,45.3899,109.5315,+90.7001,8747.5234,2668.6921
282,0.70,37.6295,+0.8813,-7.6915,45.3209,77.1191,+87.1161,8168.7749,2639.1577
283,0.70,37.2500,-0.5259,-7.6667,44.9167,112.6084,+86.0369,7955.4102,2613.1011
284,0.70,36.6037,+0.5015,-7.6625,44.2662,98.2439,+86.1550,7889.6626,2585.3171
285,0.71,36.8019,+0.4685,-7.6552,44.4571,92.7413,+87.0395,8071.8691,2585.6841
286,0.69,37.0466,-0.2404,-7.6690,44.7156,114.9570,+87.5856,8180.4077,2619.1887
287,0.71,36.5589,+0.6902,-7.6881,44.2470,79.7535,+85.8875,7809.5273,2546.0874
288,0.71,35.8169,+0.6905,-7.6525,43.4694,94.7853,+86.9145,7978.6514,2489.5854
289,0.71,36.9585,-0.4584,-7.6318,44.5903,88.8922,+85.3490,7823.2983,2569.0928
290,0.70,36.6479,+0.1325,-7.6257,44.2735,75.7153,+87.0642,8062.4937,2567.7866
291,0.71,36.4069,-0.3598,-7.6513,44.0582,111.2480,+88.2836,8410.9180,2583.8921
292,0.71,36.2589,-0.4839,-7.6824,43.9413,109.1240,+86.4716,8050.3735,2542.5698
293,0.69,35.9609,-0.3735,-7.7004,43.6613,91.5785,+85.6203,7826.2065,2533.7168
294,0.71,36.7049,-0.5148,-7.7061,44.4111,91.5332,+85.3702,7841.8999,2587.6118
295,0.69,35.4774,+0.1236,-7.6978,43.1752,94.7054,+85.2428,7839.2207,2497.3540
296,0.69,36.2172,-0.2035,-7.7158,43.9330,99.2738,+84.9985,7822.3828,2559.6313
297,0.68,35.9614,-0.2612,-7.6667,43.6281,100.0967,+86.5945,7994.8511,2531.5439
298,0.70,35.3200,-0.7839,-7.6564,42.9764,91.2793,+84.2692,7539.4414,2472.9192
299,0.70,34.8508,+0.0857,-7.6607,42.5115,112.9675,+86.8700,7971.1650,2462.0820
300,0.69,34.8070,+0.1990,-7.6323,42.4393,107.8702,+85.9923,7916.5576,2477.8354
301,0.67,34.9576,-0.4296,-7.6174,42.5751,102.4546,+85.6390,7815.8496,2468.7812
302,0.66,35.8266,-0.4854,-7.6403,43.4669,115.7878,+84.3962,7704.6230,2511.9727
303,0.68,35.1381,-0.4775,-7.6387,42.7768,98.0177,+83.1597,7426.5503,2455.7478
304,0.65,35.3995,+0.1564,-7.6110,43.0105,123.4806,+85.9162,7916.9233,2478.3994
305,0.66,35.3368,-0.5548,-7.6086,42.9453,138.0299,+85.0990,7738.1704,2482.1577
306,0.65,34.4350,-2.0647,-7.6411,42.0761,173.6124,+83.3690,7479.7905,2422.7932
307,0.66,35.2936,-0.4638,-7.6174,42.9109,90.4279,+83.3720,7480.9238,2478.9094
308,0.66,34.8660,+0.0999,-7.6338,42.4998,104.6661,+82.6402,7317.3687,2441.6335
309,0.65,34.5125,+0.5602,-7.6205,42.1329,126.6064,+83.5260,7406.3848,2410.7234
310,0.65,34.5853,+0.3740,-7.5987,42.1840,120.0950,+83.7338,7614.4229,2436.5723
311,0.66,35.1329,+0.2523,-7.5903,42.7233,93.7218,+83.7425,7488.0449,2469.6387
312,0.65,33.6536,-1.3893,-7.5856,41.2392,141.8718,+84.2081,7569.1367,2384.3813
313,0.65,34.0202,-0.4055,-7.5925,41.6127,114.8331,+82.5848,7314.2007,2413.2173
314,0.66,33.5762,-0.3257,-7.5770,41.1532,118.2644,+79.5033,6811.1431,2357.9180
315,0.67,34.5088,-0.3869,-7.6000,42.1087,114.7646,+83.9524,7603.1152,2423.8621
316,0.67,34.3004,+0.2285,-7.5758,41.8762,153.4037,+83.2878,7568.7471,2423.6736
317,0.67,33.2278,+0.4120,-7.5726,40.8004,132.7709,+83.8833,7585.4536,2366.3745
318,0.66,33.2083,+0.1400,-7.5469,40.7552,95.4890,+82.0837,7184.3926,2355.8921
319,0.66,33.0135,+0.4636,-7.5303,40.5437,92.6753,+81.2798,7107.3965,2331.9497
320,0.65,33.5062,+0.1469,-7.5581,41.0643,124.9292,+83.8583,7455.5542,2381.0986
321,0.65,33.4292,+1.1272,-7.5419,40.9711,106.8021,+80.0144,6962.5181,2363.0762
322,0.65,33.5942,+0.3130,-7.5201,41.1143,132.5094,+78.5671,6715.6982,2354.6516
323,0.66,32.8029,-0.8409,-7.5233,40.3262,93.4916,+77.8255,6599.6323,2328.2129
324,0.66,32.5731,-0.6212,-7.5244,40.0974,137.8312,+77.2835,6523.6602,2323.3367
325,0.65,32.6599,-0.6570,-7.5099,40.1698,73.3083,+75.6017,6249.1602,2313.3481
326,0.67,32.8043,-0.7143,-7.5292,40.3335,90.3044,+77.0296,6434.7681,2321.7146
327,0.66,32.9309,+0.1872,-7.5291,40.4600,98.8564,+78.3565,6650.7227,2332.9727
328,0.67,32.6666,+0.4203,-7.5392,40.2058,95.1694,+76.7590,6355.8257,2332.4155
329,0.67,32.1949,+0.1444,-7.4946,39.6895,78.8337,+77.8063,6535.3472,2312.2549
330,0.66,30.7233,-1.2705,-7.4864,38.2096,141.9037,+76.4544,6422.3804,2227.0562
331,0.66,31.5849,-0.2806,-7.5031,39.0881,101.3699,+78.7206,6746.6001,2289.9099
332,0.66,30.9172,-0.0745,-7.5206,38.4378,102.5264,+78.7598,6657.8877,2234.0720
333,0.66,30.8123,-0.3955,-7.5156,38.3279,121.9315,+76.1755,6280.0410,2193.5815
334,0.66,31.1732,+0.3236,-7.5020,38.6752,125.4165,+75.4562,6208.1855,2229.4595
335,0.65,31.0203,-0.1256,-7.5376,38.5579,116.3439,+75.2711,6151.3652,2214.6199
336,0.66,31.4451,+0.5757,-7.5197,38.9648,115.3714,+74.9755,6158.9766,2262.0605
337,0.66,31.0917,-0.0625,-7.5078,38.5996,105.9536,+76.5858,6476.1216,2233.2930
338,0.64,30.8926,-0.1490,-7.5124,38.4050,90.8265,+75.7228,6232.5034,2229.7959
339,0.67,30.2233,-0.6403,-7.4490,37.6723,95.4025,+73.8934,5851.8574,2189.5239
340,0.66,30.4915,+0.3637,-7.4127,37.9042,87.7026,+78.6944,6687.4990,2198.8696
341,0.65,30.8038,+0.1751,-7.4075,38.2113,76.3408,+76.2401,6174.0400,2225.4673
342,0.66,30.3336,-0.0985,-7.4020,37.7356,74.2787,+76.6175,6286.3838,2196.4146
343,0.65,29.9997,-0.8532,-7.4223,37.4220,130.5536,+73.0952,5820.7935,2192.8145
344,0.65,29.5964,-0.4607,-7.4283,37.0247,91.8427,+74.0895,5889.3364,2140.5674
345,0.65,29.6864,-0.5665,-7.4648,37.1511,172.6501,+73.8525,5969.5176,2163.7251
346,0.64,28.4671,-1.0291,-7.4399,35.9070,155.3732,+74.0164,6051.8955,2095.8425
347,0.65,29.4708,-0.6130,-7.4230,36.8938,83.3878,+71.8706,5672.6060,2173.6497
348,0.65,30.1039,-0.6969,-7.4130,37.5169,112.0328,+73.9849,5925.1704,2215.1553
349,0.65,29.5475,+0.4133,-7.4274,36.9749,98.6717,+74.1504,6007.3198,2175.0610
350,0.67,29.0601,+0.7443,-7.4345,36.4946,112.9608,+71.9827,5727.2969,2126.9492
351,0.65,29.0763,-0.9283,-7.4076,36.4839,121.1523,+74.8528,6183.0000,2153.5254
352,0.66,29.5870,+0.4230,-7.4428,37.0297,110.9089,+75.1565,6116.2085,2187.8396
353,0.64,28.6944,+0.1814,-7.4438,36.1382,111.8929,+75.4257,6197.1050,2122.5083
354,0.63,27.9348,-0.0790,-7.4481,35.3829,100.3455,+75.4495,6071.5366,2055.9043
355,0.65,29.1117,+0.0239,-7.3868,36.4985,104.6423,+73.4403,5957.6436,2137.0830
356,0.66,29.4438,+0.0932,-7.3526,36.7964,136.5747,+72.8118,5990.3799,2155.9666
357,0.64,29.1633,+0.2371,-7.4368,36.6001,85.9420,+73.5163,5953.8188,2160.9795
358,0.65,29.6880,-0.3486,-7.4525,37.1405,118.0861,+73.3004,5871.2471,2188.5176
359,0.67,28.9294,+0.0199,-7.4210,36.3504,92.9521,+73.5003,5922.2568,2157.9312
360,0.65,29.3780,-0.3942,-7.4479,36.8259,88.8347,+75.4669,6311.7153,2192.3091
361,0.64,28.5985,-0.2992,-7.4209,36.0195,109.9741,+76.8948,6492.8242,2139.0569
362,0.65,28.9883,-0.4423,-7.3651,36.3534,99.8751,+75.6919,6355.1084,2162.2393
363,0.64,28.6133,-0.1498,-7.3641,35.9774,113.3434,+76.5063,6362.9077,2136.8188
364,0.65,28.3405,+0.0293,-7.3835,35.7240,174.3798,+70.3724,5611.3315,2109.7964
365,0.65,27.7420,-0.0559,-7.3590,35.1011,149.5331,+71.1702,5539.3281,2053.9131
366,0.65,28.4930,+0.1333,-7.3704,35.8635,107.1190,+74.2229,6095.1460,2124.5071
367,0.65,28.4530,+0.7382,-7.3700,35.8230,108.7292,+73.2307,5915.7964,2117.8652
368,0.63,27.2858,-0.3883,-7.3619,34.6477,175.3987,+73.7109,5957.0391,2020.9192
369,0.65,28.1080,-0.8652,-7.3693,35.4772,132.2732,+71.0767,5664.2388,2095.6846
370,0.64,26.6205,+0.2271,-7.3629,33.9834,157.8289,+73.2386,5874.3960,1991.6010
371,0.64,27.2401,-0.0559,-7.3582,34.5983,115.4939,+72.1421,5741.8291,2052.6260
372,0.66,25.7450,-0.5000,-7.3726,33.1176,296.8065,+72.7339,5927.5854,1942.7737
373,0.64,26.6041,+1.1721,-7.3843,33.9884,114.9909,+71.3364,5656.8345,2009.8694
374,0.64,26.6150,-0.5188,-7.3423,33.9573,134.7485,+74.0346,5988.6592,1998.3777
375,0.67,26.2292,+0.0923,-7.3406,33.5697,152.8951,+71.3438,5580.3340,1970.2410
376,0.65,26.0688,+0.6373,-7.3461,33.4149,137.2753,+71.7816,5748.7354,1967.3599
377,0.65,25.6728,+0.7674,-7.3556,33.0284,149.8252,+69.3329,5383.2632,1947.5010
378,0.62,25.6008,-0.3346,-7.3617,32.9625,180.6381,+68.4398,5268.9199,1941.9584
379,0.64,25.7141,-0.4698,-7.3128,33.0270,88.6437,+68.5645,5264.3242,1959.0286
380,0.63,26.0185,+0.2538,-7.3420,33.3605,134.2114,+69.7220,5451.5371,1970.8633
381,0.64,25.3694,+0.7939,-7.3243,32.6937,84.5408,+68.5146,5176.1299,1935.1338
382,0.64,26.2812,-0.7189,-7.3346,33.6158,129.6710,+66.7355,4970.8086,1989.5234
383,0.65,25.7669,+0.3496,-7.3537,33.1206,125.5568,+70.3668,5483.9980,1986.3622
384,0.62,25.1753,-0.2984,-7.3473,32.5226,103.4273,+67.9882,5173.2871,1923.7498
385,0.65,24.9208,+0.5105,-7.3739,32.2946,96.6495,+70.7519,5502.5635,1900.6033
386,0.63,25.4320,+0.1319,-7.3525,32.7845,104.6457,+65.4554,4765.3135,1913.0254
387,0.64,24.9084,+0.6056,-7.3413,32.2497,84.4899,+64.9094,4679.4111,1879.6475
388,0.64,25.0636,-0.0931,-7.3627,32.4263,81.5543,+64.7913,4666.2412,1902.2649
389,0.63,25.1659,-0.7411,-7.3482,32.5140,119.1104,+67.1432,5015.4131,1922.4320
390,0.63,24.4641,-0.8432,-7.3904,31.8545,98.7557,+67.8942,5018.7671,1854.5715
391,0.63,24.7297,-0.2554,-7.3829,32.1126,114.0349,+63.6119,4551.8691,1872.4321
392,0.63,24.3480,-1.1569,-7.3859,31.7339,128.0418,+62.8477,4585.5420,1854.9048
393,0.63,24.2921,-1.0858,-7.3709,31.6629,149.7969,+65.0649,4798.3472,1857.6697
394,0.62,24.6445,-1.2239,-7.3569,32.0014,111.3971,+64.2341,4648.0493,1867.1461
395,0.63,24.1740,-0.4794,-7.3357,31.5098,126.1119,+63.8980,4630.2715,1838.3427
396,0.63,23.4722,-0.9237,-7.3639,30.8360,218.8444,+65.8028,4915.2588,1794.2778
397,0.64,24.0813,-0.4767,-7.3870,31.4683,105.8431,+63.2564,4570.2451,1825.7736
398,0.63,23.8990,-1.0706,-7.4117,31.3108,147.2936,+62.4895,4489.7490,1799.1187
399,0.63,24.1390,-1.3915,-7.4017,31.5407,135.5386,+62.0115,4379.1821,1823.0144
400,0.63,23.2869,-1.6543,-7.3863,30.6732,115.1224,+61.5479,4355.9839,1745.1135
401,0.60,23.9431,-0.7176,-7.3460,31.2891,152.9849,+64.4796,4686.7188,1793.8107
402,0.60,23.2709,+0.2547,-7.3102,30.5811,149.3758,+62.6974,4443.4609,1767.8331
403,0.59,22.8166,-0.8866,-7.3098,30.1263,154.5901,+62.5295,4538.3530,1725.5048
404,0.61,23.5089,-0.0621,-7.2776,30.7865,160.7600,+61.4082,4389.1431,1770.3176
405,0.61,23.5135,-0.1408,-7.3039,30.8174,161.9773,+61.0018,4417.3906,1780.2087
406,0.60,23.4229,+0.2322,-7.3228,30.7457,126.3813,+62.8869,4552.1387,1776.9468
407,0.59,22.6167,-0.1748,-7.2782,29.8949,146.5497,+60.4189,4258.7598,1711.3184
408,0.59,21.8635,+0.0202,-7.3015,29.1650,168.6306,+61.2293,4381.6670,1662.3882
409,0.61,22.8470,+0.3922,-7.2866,30.1336,171.9219,+61.5385,4491.9995,1732.7134
410,0.60,22.9601,+0.1833,-7.2941,30.2542,173.8220,+61.6595,4432.2749,1740.3440
411,0.58,22.6086,+0.0364,-7.3198,29.9283,155.9059,+62.0229,4490.4761,1722.9556
412,0.59,22.3785,+0.3636,-7.3252,29.7037,140.1831,+62.6738,4586.9194,1715.0184
413,0.60,21.8267,+0.2581,-7.3261,29.1528,207.6187,+60.8776,4331.2983,1673.1970
414,0.61,22.4641,-0.0820,-7.2886,29.7527,144.0131,+60.1693,4305.0127,1725.0961
415,0.59,22.3862,+1.2985,-7.2975,29.6838,160.7594,+61.7477,4509.8594,1705.5850
416,0.60,22.5335,-0.2672,-7.2899,29.8234,149.4303,+60.0235,4299.3730,1714.0515
417,0.60,21.8527,-0.0333,-7.2812,29.1338,136.7890,+56.3586,3806.0522,1660.4164
418,0.58,22.1886,-0.3867,-7.3150,29.5036,200.7218,+61.1572,4438.8530,1705.5964
419,0.59,21.3515,-0.4812,-7.2980,28.6495,191.1797,+59.6373,4135.8813,1623.9050
420,0.60,21.4385,-0.5941,-7.3171,28.7555,165.6106,+60.6300,4350.1123,1626.0874
421,0.61,21.9198,-0.2517,-7.2862,29.2060,123.9424,+60.1770,4262.4180,1659.0051
422,0.60,20.8048,-0.4934,-7.2876,28.0924,134.6239,+58.4545,4079.4521,1589.6187
423,0.61,21.6378,-1.0902,-7.2867,28.9245,186.7829,+59.4013,4234.2695,1647.3713
424,0.58,20.3240,-0.1952,-7.3292,27.6532,186.8843,+59.4308,4141.2578,1576.6438
425,0.58,20.4866,+0.2260,-7.3019,27.7885,223.0558,+56.8613,3990.1821,1576.2531
426,0.59,21.5182,+0.0153,-7.2512,28.7694,169.1836,+58.6722,4170.9517,1655.6560
427,0.57,21.1137,-0.2484,-7.2792,28.3929,180.1737,+58.5508,4162.2422,1624.6776
428,0.58,20.7472,-0.0003,-7.2814,28.0285,180.5603,+58.8236,4123.6431,1600.4670
429,0.60,20.5485,+0.6408,-7.3209,27.8695,143.4648,+58.8283,4060.8257,1585.1039
430,0.60,20.1457,-0.5656,-7.2785,27.4242,162.7639,+56.3470,3763.2148,1556.0082
431,0.59,19.7069,-0.3822,-7.3236,27.0305,165.6324,+56.3555,3880.0901,1534.0955
432,0.61,19.9404,-0.0100,-7.3222,27.2626,152.7503,+54.3779,3719.4229,1555.1282
433,0.60,20.2637,+0.3521,-7.3013,27.5650,116.3847,+55.3873,3672.3945,1571.7606
434,0.59,19.9504,-0.1563,-7.3052,27.2556,163.0070,+57.1271,3972.0820,1539.7703
435,0.61,20.2550,-0.2590,-7.3130,27.5681,124.6855,+56.2489,3852.7842,1554.0880
436,0.58,20.1182,+0.0442,-7.3393,27.4575,121.8232,+55.7033,3766.1353,1567.1470
437,0.61,19.6891,-0.0260,-7.3293,27.0184,130.8976,+56.5540,3866.6128,1545.7400
438,0.59,20.1829,+0.4010,-7.3082,27.4912,138.4757,+58.4156,4185.6675,1583.5928
439,0.62,19.4731,+0.5824,-7.2580,26.7311,142.1849,+56.4104,3905.5889,1540.4138
440,0.59,21.0428,+0.4672,-7.2284,28.2711,149.0960,+55.1755,3737.6572,1619.2422
441,0.58,20.6727,+0.3302,-7.2449,27.9176,128.8889,+58.2472,4056.9092,1597.5530
442,0.61,20.0016,+0.7992,-7.2795,27.2811,125.8371,+57.0122,3884.5120,1555.0518
443,0.61,20.0716,-0.7792,-7.2924,27.3641,158.2173,+57.3147,4038.6079,1555.2593
444,0.60,20.4296,-0.9966,-7.2998,27.7294,140.6427,+57.6854,4039.0146,1578.7994
445,0.59,20.1443,-0.5194,-7.3204,27.4647,146.2125,+58.3813,4132.8730,1572.4814
446,0.59,19.0429,+0.0605,-7.3272,26.3701,165.8657,+57.9101,3982.3613,1502.8005
447,0.60,19.2198,-0.7489,-7.3065,26.5264,135.2091,+54.6647,3635.7900,1505.9836
448,0.60,19.2499,+0.1308,-7.2802,26.5300,255.5639,+57.5901,4023.3550,1505.2334
449,0.61,18.4930,-0.3092,-7.3147,25.8077,126.4791,+56.2163,3819.1970,1449.0620
450,0.60,19.7747,-0.0300,-7.3254,27.1001,139.7203,+55.6803,3799.2373,1533.5332
451,0.60,18.9527,-0.8289,-7.3311,26.2839,142.9031,+54.1631,3544.6851,1474.6090
452,0.60,19.5382,+0.0108,-7.3022,26.8404,140.4955,+51.7881,3381.2954,1508.5072
453,0.58,18.9155,-0.0374,-7.2627,26.1782,135.2689,+53.6149,3578.2461,1461.6667
454,0.58,17.8696,+0.4644,-7.2659,25.1355,141.3509,+52.9608,3530.9795,1407.5165
455,0.59,18.0636,+0.0139,-7.2156,25.2792,146.0716,+52.5749,3479.6655,1422.9797
456,0.58,18.7206,-0.2749,-7.2946,26.0152,130.7929,+52.9011,3422.0039,1476.8748
457,0.59,18.1625,+0.2657,-7.2511,25.4137,130.4241,+51.5348,3339.3770,1442.0327
458,0.58,19.6369,-0.4226,-7.2778,26.9148,171.8726,+53.4608,3695.8848,1545.0859
459,0.58,17.2579,-0.1099,-7.2617,24.5197,156.4850,+52.3409,3411.2021,1385.8967
460,0.58,17.5651,+0.2022,-7.2722,24.8373,155.9994,+52.5555,3531.0254,1402.0623
461,0.60,18.3664,-0.5013,-7.2817,25.6481,293.7921,+52.0295,3675.8940,1458.0939
462,0.58,17.3875,-0.3224,-7.3212,24.7087,184.8147,+52.2124,3450.5161,1393.3362
463,0.60,17.8802,-0.9334,-7.2685,25.1487,172.5920,+50.0639,3211.2046,1422.7249
464,0.59,19.8050,-0.5563,-7.2924,27.0974,348.7278,+51.6724,3670.8191,1568.3090
465,0.59,18.2796,+0.5302,-7.2967,25.5763,133.8732,+50.8330,3186.3577,1455.0889
466,0.60,17.5326,-0.4227,-7.2934,24.8260,216.1943,+51.5263,3152.9995,1394.8168
467,0.59,17.9745,+0.2320,-7.3194,25.2938,98.9921,+51.6206,3167.1353,1412.7513
468,0.58,16.5209,+0.2236,-7.3424,23.8632,142.2759,+48.7009,2941.1274,1352.2583
469,0.59,17.2637,+0.3722,-7.3251,24.5889,107.7801,+47.3497,2815.0181,1398.8953
470,0.59,16.4427,+0.8334,-7.3403,23.7830,154.6778,+50.5844,3130.0823,1331.3590
471,0.59,15.7451,-0.8229,-7.3426,23.0877,181.7535,+49.0535,2950.8726,1297.5852
472,0.59,16.9072,-0.5345,-7.3380,24.2452,131.6459,+49.1903,2971.3218,1363.2913
473,0.60,16.0914,+0.1211,-7.2820,23.3734,153.8913,+49.3997,3069.7139,1313.3914
474,0.59,17.5259,+0.0152,-7.3413,24.8672,169.1649,+49.7643,3130.9570,1387.7744
475,0.58,16.9121,-0.4822,-7.3582,24.2703,150.8860,+52.7286,3397.8208,1379.6548
476,0.59,17.9715,+0.2710,-7.3054,25.2769,296.3733,+53.0543,3615.2026,1432.8202
477,0.59,17.8608,-0.1016,-7.3106,25.1714,171.6085,+53.6081,3600.8250,1434.9792
478,0.58,16.3534,+0.9968,-7.3075,23.6610,259.9102,+50.6281,3348.1035,1340.2478
479,0.58,16.4654,+0.6206,-7.3161,23.7814,119.7750,+52.0166,3360.2959,1343.7432
480,0.61,16.7131,+0.5994,-7.2907,24.0038,124.7688,+50.6422,3064.8262,1351.1393
481,0.60,17.0472,+0.7486,-7.3078,24.3550,166.0772,+54.0232,3600.2144,1386.2474
482,0.59,16.4686,+0.8960,-7.2826,23.7512,189.1449,+52.0661,3348.5806,1344.1594
483,0.59,17.3622,+0.6309,-7.2458,24.6080,171.1302,+53.2384,3545.1531,1407.5925
484,0.59,16.5868,+0.1874,-7.2583,23.8452,182.3401,+52.2615,3363.6899,1348.6431
485,0.59,17.0769,-0.0364,-7.2793,24.3562,168.9099,+52.7220,3420.9988,1387.1938
486,0.60,16.5994,+0.2141,-7.3047,23.9040,193.3419,+53.0400,3521.6074,1354.1224
487,0.60,16.6620,-0.1043,-7.2947,23.9566,177.0302,+51.3274,3320.0925,1356.7346
488,0.59,16.4933,-0.2671,-7.2876,23.7809,122.8571,+49.5490,3124.3154,1341.5300
489,0.61,16.0689,-0.1324,-7.2846,23.3535,128.0594,+47.5779,2919.6982,1318.8337
490,0.59,16.6645,-0.2182,-7.2992,23.9637,177.7943,+49.7267,3257.0657,1360.7639
491,0.59,15.9450,+0.3339,-7.2678,23.2127,148.7858,+44.9853,2627.1699,1322.5051
492,0.60,16.1123,-0.0752,-7.2630,23.3754,200.1820,+48.1143,2983.4673,1336.8306
493,0.58,14.9215,-0.4916,-7.2647,22.1862,118.1716,+47.7381,2829.9438,1251.4071
494,0.61,16.0840,+0.1260,-7.2841,23.3681,134.4763,+51.5643,3363.0981,1346.2339
495,0.57,15.9617,-0.0526,-7.2847,23.2464,134.5968,+48.2721,3029.1123,1330.8741
496,0.59,15.4771,+0.2623,-7.3023,22.7794,155.1708,+45.3075,2714.4827,1289.5536
497,0.60,15.8392,-0.1213,-7.3014,23.1406,220.5907,+50.0611,3409.6030,1329.9651
498,0.59,16.1241,-0.1864,-7.3099,23.4340,154.4332,+47.3090,3087.9712,1334.2190
499,0.59,16.3098,-0.1964,-7.2908,23.6006,152.4594,+47.8775,3056.2942,1355.7573
500,0.59,15.9459,+0.3681,-7.2865,23.2324,153.0508,+48.1773,3108.5391,1314.0496
501,0.56,15.9828,+0.0626,-7.2986,23.2814,116.7418,+47.6580,2934.7073,1319.2557
502,0.54,15.2785,+0.0350,-7.2955,22.5740,131.5161,+46.1602,2831.9883,1266.0842
503,0.57,15.1983,-0.2344,-7.2545,22.4528,137.2560,+48.4784,3066.0903,1268.0792
504,0.55,15.0736,-0.0286,-7.3067,22.3804,95.4137,+46.0778,2762.9634,1256.3960
505,0.56,14.8298,-0.4661,-7.3389,22.1687,136.5702,+45.6478,2698.4600,1229.0177
506,0.56,14.7932,-0.0606,-7.3444,22.1376,95.6513,+45.4774,2774.9971,1233.2720
507,0.56,15.3117,-0.3733,-7.3118,22.6235,166.5493,+43.2812,2696.5347,1268.6783
508,0.57,15.1755,-0.7058,-7.3313,22.5068,104.7013,+46.8733,2931.4487,1278.4612
509,0.56,14.2153,-0.4995,-7.3324,21.5478,130.3418,+43.3272,2610.1306,1209.4203
510,0.57,14.9481,-0.8358,-7.3050,22.2531,116.8233,+44.5412,2749.1479,1254.6257
511,0.56,14.3458,+0.1454,-7.3136,21.6594,100.1949,+43.1231,2552.9973,1205.1163
512,0.54,13.5820,-0.3960,-7.2951,20.8771,156.2057,+43.2511,2595.7976,1159.7295
513,0.58,12.6982,-0.4688,-7.2881,19.9864,215.0370,+40.8427,2291.5371,1112.1454
514,0.55,13.5035,-0.3371,-7.2834,20.7869,100.4500,+41.6964,2452.4902,1159.5889
515,0.53,13.3791,+0.5276,-7.3032,20.6823,123.0349,+42.1294,2600.7646,1143.4218
516,0.56,13.8979,+0.3787,-7.2841,21.1820,125.3937,+41.5701,2625.9854,1169.7413
517,0.56,13.3400,-0.2580,-7.3204,20.6604,101.9187,+41.6624,2466.1812,1162.3318
518,0.55,13.1398,+0.0644,-7.3712,20.5110,116.6975,+45.4492,2870.2773,1155.0011
519,0.56,13.2914,+0.2294,-7.3704,20.6618,98.5872,+42.8630,2541.2656,1153.7869
520,0.56,13.0400,-0.5122,-7.3404,20.3804,80.6987,+40.8908,2200.9185,1113.1997
521,0.57,12.2157,-0.5216,-7.3313,19.5470,89.9211,+39.6419,2110.0815,1070.7124
522,0.56,12.7024,-0.0395,-7.2909,19.9933,97.5489,+40.1776,2202.5034,1110.9012
523,0.55,12.7456,-0.2323,-7.2622,20.0078,94.8141,+42.4107,2370.3152,1105.1556
524,0.55,12.1772,+0.3103,-7.3270,19.5041,100.0249,+41.3061,2339.2554,1068.9796
525,0.55,12.0282,+0.5446,-7.3051,19.3333,111.4779,+39.5028,2283.9712,1029.3512
526,0.55,12.5959,-0.0041,-7.2672,19.8631,102.9258,+36.2637,2027.8065,1095.7502
527,0.55,12.2052,+0.1189,-7.2662,19.4714,105.3792,+37.2916,2041.7218,1073.5676
528,0.56,12.1400,-0.0020,-7.2675,19.4076,88.6985,+36.8104,2069.5488,1070.0059
529,0.54,11.3152,-0.9081,-7.2792,18.5944,112.7829,+38.5834,2146.9385,1031.4279
530,0.55,12.6252,-0.1508,-7.2600,19.8852,108.6877,+34.7679,1949.1858,1095.3242
531,0.55,11.4561,+0.4618,-7.2513,18.7074,82.9263,+39.0552,2186.2329,1027.1128
532,0.54,12.0640,-0.5746,-7.2848,19.3488,98.6815,+34.9734,1898.2245,1068.7051
533,0.55,11.8016,+0.1523,-7.2662,19.0678,81.6817,+35.8242,1939.7567,1041.0039
534,0.55,12.0997,+0.1804,-7.2591,19.3588,126.0514,+38.2235,2185.1926,1062.0565
535,0.56,12.2719,+0.4592,-7.2774,19.5493,113.7163,+38.2289,2194.1641,1077.8203
536,0.56,12.6239,+0.1982,-7.2307,19.8547,120.0097,+37.7140,2215.3975,1089.9537
537,0.55,11.6447,-0.2615,-7.2291,18.8738,100.1252,+37.3671,2051.7146,1005.3560
538,0.54,11.5273,+0.3803,-7.2629,18.7901,93.8340,+35.9136,1954.4349,1020.4108
539,0.55,12.5041,+0.0658,-7.2598,19.7639,132.4144,+36.9133,2141.9644,1068.1407
540,0.57,11.2116,+1.1529,-7.2538,18.4654,104.7801,+37.0806,2040.7656,1020.0916
541,0.56,11.7487,+0.3081,-7.2547,19.0034,79.6294,+36.7753,2009.8535,1048.2097
542,0.55,11.7035,+0.7170,-7.2624,18.9658,124.2795,+37.3894,2118.7568,1030.8334
543,0.56,11.3693,-0.4155,-7.2715,18.6408,103.6067,+36.1153,2018.0930,1015.3295
544,0.54,11.8606,+0.5900,-7.2441,19.1046,98.3004,+34.7902,1888.5742,1040.3763
545,0.53,10.9990,-0.0312,-7.2705,18.2696,122.6451,+37.3002,2099.2288,998.4509
546,0.55,10.9680,+0.8504,-7.2771,18.2450,128.8478,+35.8741,1970.4423,993.9749
547,0.56,10.7088,+0.2284,-7.2834,17.9923,114.0434,+36.3942,1928.6761,958.8543
548,0.55,11.0397,-0.3534,-7.2562,18.2959,108.6176,+35.1315,1965.7134,982.5988
549,0.55,10.8659,+0.5313,-7.2355,18.1014,132.2134,+35.6920,1955.9385,968.1210
550,0.56,11.1766,-0.0286,-7.2764,18.4530,81.3095,+32.3413,1628.8240,988.4678
551,0.54,11.2532,+0.8330,-7.2688,18.5220,83.8942,+34.3693,1812.1747,985.4987
552,0.54,11.1051,+0.3894,-7.2601,18.3653,98.8021,+33.3668,1696.4468,983.6552
553,0.55,11.0095,-0.0336,-7.2560,18.2655,74.3818,+33.1974,1617.6306,973.2843
554,0.55,11.2645,-0.3288,-7.2531,18.5176,85.7497,+34.1172,1747.8992,978.1833
555,0.54,10.8485,+0.6916,-7.1986,18.0471,80.1375,+33.2864,1695.4407,953.0179
556,0.54,11.1463,+0.0303,-7.2299,18.3762,92.7332,+33.7512,1846.3401,973.7266
557,0.55,11.5362,+0.1368,-7.2137,18.7499,99.5496,+32.0937,1648.9999,1012.1021
558,0.56,11.4367,-0.0626,-7.2611,18.6978,87.5053,+34.9876,1817.1697,997.2996
559,0.54,11.4867,-0.1578,-7.2418,18.7286,90.2687,+37.0629,2052.6855,1001.4756
560,0.55,11.1391,-0.3217,-7.2475,18.3866,92.3250,+33.9156,1735.6775,981.1395
561,0.54,10.8638,+0.4853,-7.2452,18.1089,86.8859,+38.8267,2104.1626,954.6616
562,0.56,10.5665,-0.2143,-7.2534,17.8200,93.7301,+33.8717,1800.5621,924.2710
563,0.55,10.9171,+0.4608,-7.2581,18.1752,93.7305,+33.2326,1732.5627,934.8655
564,0.55,11.2802,+0.7270,-7.2905,18.5707,127.3861,+34.0177,1824.5808,979.1578
565,0.55,10.1232,-0.2443,-7.3192,17.4424,122.5146,+33.6947,1752.8237,913.3806
566,0.54,10.5979,-0.1876,-7.3175,17.9155,92.5144,+36.0621,1909.2554,949.1785
567,0.57,10.1307,-0.6549,-7.3065,17.4371,99.4829,+32.0964,1682.9956,907.8375
568,0.55,10.8320,-0.3200,-7.3172,18.1492,118.1152,+30.9835,1718.9263,962.1274
569,0.55,10.4089,+0.2729,-7.3359,17.7448,97.9626,+29.0405,1525.4419,935.4034
570,0.53,10.6182,-0.3905,-7.3393,17.9575,91.6845,+31.7777,1581.0018,942.9974
571,0.54,10.7742,-0.4575,-7.3176,18.0918,227.8312,+33.1003,1841.5913,949.0157
572,0.55,10.2716,-0.2066,-7.3316,17.6032,88.5003,+31.1247,1580.7275,925.7634
573,0.56,10.0638,+0.0425,-7.3258,17.3895,89.2850,+32.3766,1748.1051,921.8765
574,0.55,10.2781,-0.2087,-7.3053,17.5835,109.8975,+33.1674,1792.5664,929.6937
575,0.55,9.7828,-0.4556,-7.3365,17.1193,85.5117,+33.5443,1728.3066,906.3101
576,0.55,10.5838,-0.1085,-7.3053,17.8891,104.3224,+33.3777,1880.0945,966.4917
577,0.55,11.2454,+0.2492,-7.2931,18.5385,94.7897,+33.5131,1809.1113,997.5878
578,0.55,10.7394,-0.4091,-7.2917,18.0311,116.9153,+30.9761,1668.5549,966.4186
579,0.55,9.6157,-0.2794,-7.2656,16.8814,94.3314,+28.8672,1332.5212,888.2219
580,0.53,10.2495,-0.4799,-7.2652,17.5147,95.1597,+31.3707,1614.9685,928.8403
581,0.55,10.1670,-0.4019,-7.2629,17.4299,106.2709,+30.2728,1558.5431,919.0390
582,0.53,10.5294,-0.9802,-7.2570,17.7864,166.5416,+31.6062,1823.9788,958.3214
583,0.55,9.7892,+0.0362,-7.2558,17.0450,91.2246,+30.8805,1541.9604,916.9680
584,0.57,9.3567,+0.5043,-7.2760,16.6326,103.6150,+30.0949,1605.3828,877.2361
585,0.55,9.8954,+1.0067,-7.2577,17.1532,92.9782,+27.1223,1415.7090,911.1659
586,0.56,9.5093,+0.5962,-7.2589,16.7682,104.1921,+25.0758,1264.5813,857.6470
587,0.54,9.8682,+0.2080,-7.2570,17.1252,80.3890,+27.4496,1310.1356,898.4620
588,0.54,9.4030,-0.9013,-7.2949,16.6979,95.0384,+29.8329,1430.0737,882.4559
589,0.56,9.3021,+0.1945,-7.2706,16.5728,82.7053,+30.5514,1463.6760,890.2377
590,0.55,9.0747,-0.0740,-7.2835,16.3582,100.2719,+31.8539,1651.0765,878.4818
591,0.55,9.1009,-0.2650,-7.2800,16.3808,110.6111,+30.5609,1583.3232,880.6696
592,0.56,9.0944,-1.4254,-7.3105,16.4049,112.3399,+31.3844,1682.2791,876.1774
593,0.54,9.7373,+0.0591,-7.2375,16.9748,131.0060,+28.3162,1484.9568,899.7947
594,0.54,9.2728,-0.6815,-7.2892,16.5620,87.7462,+30.1706,1571.8223,872.1783
595,0.54,9.2659,-0.2420,-7.2966,16.5625,102.8932,+30.9012,1635.4343,875.4192
596,0.56,9.6067,-0.7722,-7.3021,16.9088,143.8883,+31.2792,1782.3402,919.0286
597,0.56,9.9326,-1.4908,-7.2906,17.2232,119.9871,+30.6937,1691.1157,922.5607
598,0.56,9.3960,-0.7349,-7.3150,16.7110,106.8262,+26.7790,1461.1798,883.9545
599,0.55,9.3770,+0.8809,-7.2962,16.6732,109.8750,+29.5267,1613.1169,886.0479
600,0.54,9.0955,-0.0371,-7.2980,16.3935,123.1983,+31.8589,1692.8992,871.3426
601,0.52,9.1545,+1.0925,-7.2973,16.4518,131.1350,+31.9370,1672.1279,878.1663
602,0.51,9.0305,+0.3188,-7.2471,16.2776,95.5219,+31.2054,1570.1284,863.7022
603,0.52,9.4171,+0.6367,-7.2781,16.6951,99.1660,+26.2433,1345.7513,876.1012
604,0.52,9.1131,+0.4583,-7.2818,16.3949,73.7550,+28.6193,1347.1003,861.1261
605,0.52,8.6601,-0.8257,-7.2683,15.9285,72.0336,+28.6489,1348.9341,831.9401
606,0.52,9.1409,-0.1373,-7.3371,16.4780,84.6051,+31.2237,1525.4360,867.8058
607,0.54,8.8836,+0.1971,-7.3145,16.1981,72.0768,+30.8340,1580.1750,851.0604
608,0.52,8.6631,+0.2568,-7.3457,16.0088,90.1514,+26.7742,1290.9519,845.3827
609,0.51,8.9869,-0.2919,-7.3358,16.3227,86.7751,+30.9770,1650.4878,885.0232
610,0.51,9.1817,+0.0677,-7.2982,16.4799,105.9608,+25.8847,1371.1157,875.5021
611,0.50,8.7409,+0.0986,-7.3265,16.0673,92.0226,+25.3666,1371.5236,856.6163
612,0.51,9.0845,-0.0045,-7.3125,16.3969,109.7112,+27.8282,1425.5167,868.3549
613,0.51,9.0760,+0.4987,-7.2862,16.3622,104.7011,+26.6741,1403.9379,852.4067
614,0.52,8.5346,-0.0170,-7.3011,15.8358,107.9745,+28.0054,1378.8572,809.2101
615,0.53,8.7527,+0.3025,-7.2897,16.0424,73.5248,+28.9189,1389.6050,840.9159
616,0.52,8.8893,-0.0441,-7.2776,16.1669,78.1540,+24.2533,1212.6420,825.4558
617,0.50,8.6360,+0.2755,-7.2724,15.9084,102.8202,+28.8778,1476.5525,823.8828
618,0.51,8.1708,+0.1009,-7.2656,15.4364,97.0310,+25.7186,1257.3860,798.3057
619,0.53,8.6190,-0.2032,-7.2731,15.8921,99.7445,+26.7850,1393.0171,809.0669
620,0.51,9.0322,+0.1708,-7.2617,16.2939,104.8941,+29.6045,1491.9586,836.6614
621,0.52,8.8898,-0.6130,-7.2299,16.1197,111.1492,+25.0734,1356.4624,819.6975
622,0.52,8.9446,-0.0688,-7.2177,16.1623,103.1603,+28.2119,1470.9580,835.2294
623,0.53,9.0258,+0.2382,-7.2427,16.2685,115.3774,+32.1651,1815.5110,846.2447
624,0.52,9.4534,+0.8022,-7.2411,16.6945,121.3039,+30.1734,1636.4077,861.7332
625,0.52,9.0350,-0.2674,-7.2730,16.3080,102.1207,+26.7518,1401.8782,843.5269
626,0.51,9.1560,+1.0904,-7.2667,16.4227,134.2691,+29.2773,1651.6525,834.4676
627,0.51,9.1186,+0.3499,-7.2663,16.3850,102.6750,+29.6359,1637.5250,838.8460
628,0.53,8.5075,+0.5359,-7.2640,15.7715,113.2463,+25.4265,1397.9783,802.4761
629,0.51,8.7415,-0.3782,-7.2314,15.9729,91.9500,+26.2132,1421.2551,822.2820
630,0.51,8.2442,+0.2305,-7.1925,15.4366,106.0582,+25.2518,1427.1831,803.2005
631,0.51,8.7221,+0.0053,-7.2822,16.0043,101.2500,+26.5985,1334.5500,821.6509
632,0.52,8.8769,+0.1856,-7.2889,16.1658,93.4186,+26.8473,1362.3899,833.8329
633,0.49,8.2708,+0.2735,-7.2698,15.5406,76.7950,+26.6150,1315.8176,819.4326
634,0.52,8.8243,+0.4377,-7.3010,16.1252,58.0007,+24.2073,1168.9080,827.7118
635,0.52,7.6343,+0.2876,-7.2758,14.9102,85.9462,+27.5009,1357.3059,779.6600
636,0.52,8.0728,+0.2350,-7.2387,15.3114,90.5823,+28.7701,1434.9521,806.7814
637,0.53,7.2886,+0.5158,-7.2623,14.5509,94.6047,+29.4696,1487.1536,744.2563
638,0.51,8.3397,+0.5923,-7.2470,15.5867,117.2880,+27.7896,1504.8223,815.2784
639,0.52,7.7517,+0.2503,-7.2428,14.9945,96.6475,+25.2280,1242.5781,791.9797
640,0.49,8.6473,+0.1803,-7.2443,15.8916,80.2574,+25.9517,1345.2378,842.3625
641,0.54,8.0817,+0.2007,-7.2603,15.3420,97.4153,+29.0846,1506.1309,789.0665
642,0.51,9.0111,+0.2691,-7.2902,16.3013,94.1175,+25.4588,1303.6294,853.3981
643,0.51,8.4250,+0.2943,-7.3006,15.7256,109.1314,+28.5977,1540.5446,824.3568
644,0.52,8.5509,+0.0339,-7.3052,15.8561,117.1172,+26.1121,1475.0125,829.2009
645,0.52,8.8017,-0.0169,-7.2998,16.1015,94.2605,+27.4849,1504.3671,828.6483
646,0.50,8.0685,-0.1715,-7.3069,15.3754,82.7689,+30.0275,1529.9221,797.3727
647,0.51,7.4988,+1.0865,-7.2805,14.7793,99.3861,+25.7074,1305.3655,751.6864
648,0.48,8.8129,-0.6162,-7.2762,16.0891,83.4277,+25.9835,1340.9199,839.5740
649,0.51,8.0621,+0.7542,-7.2919,15.3540,100.6700,+23.5588,1228.6814,792.8678
650,0.51,8.6453,+0.8107,-7.2736,15.9189,114.9121,+26.3049,1459.4758,828.8960
651,0.53,7.7081,-0.4861,-7.3231,15.0312,101.9355,+24.5828,1161.8311,757.3229
652,0.51,7.8727,-0.2244,-7.2804,15.1530,76.1713,+24.7286,1220.3265,779.4498
653,0.51,8.2805,+0.2034,-7.2794,15.5600,101.8971,+26.8372,1345.2832,809.9103
654,0.51,8.1403,+0.3169,-7.3127,15.4529,72.2933,+27.9692,1324.0984,802.5835
655,0.52,7.3884,-0.7141,-7.2769,14.6653,73.0889,+29.7763,1577.2810,766.4244
656,0.52,8.1571,-0.3757,-7.2721,15.4292,91.9830,+30.0409,1571.3398,799.0342
657,0.52,7.9813,-0.4910,-7.2919,15.2732,78.8001,+26.5214,1416.4513,787.4872
658,0.51,8.6701,+0.2427,-7.2679,15.9380,113.5379,+31.5543,1638.2715,845.9843
659,0.52,7.9451,+0.3145,-7.2816,15.2267,76.1365,+29.1397,1388.8612,798.8086
660,0.52,7.6457,+0.2354,-7.2760,14.9217,67.9079,+27.2302,1257.1465,780.7672
661,0.52,7.6604,-0.4079,-7.3048,14.9652,73.1936,+27.9952,1367.9915,777.8362
662,0.52,8.2735,-0.5389,-7.3160,15.5896,98.8928,+30.5847,1607.4275,814.9197
663,0.51,8.4444,-0.0181,-7.3017,15.7461,134.9610,+26.0777,1284.5842,798.7480
664,0.53,8.2783,-0.1357,-7.2687,15.5470,73.7971,+29.1205,1452.0135,811.4477
665,0.52,7.5623,+0.2794,-7.2636,14.8260,62.7990,+24.7236,1159.7781,755.8099
666,0.51,7.5768,+0.3228,-7.2897,14.8665,70.9702,+25.6544,1170.2961,749.0608
667,0.52,7.9491,+0.0215,-7.2786,15.2277,78.3070,+22.3702,1080.0851,786.2378
668,0.53,7.8609,-0.5880,-7.2869,15.1477,79.8838,+30.7395,1570.4434,787.0928
669,0.53,8.4817,+0.5366,-7.3068,15.7885,101.8956,+25.2844,1356.8835,833.7611
670,0.52,9.1133,-0.7471,-7.3158,16.4291,97.5094,+28.8358,1490.7217,854.5078
671,0.53,9.0541,+0.7979,-7.3172,16.3713,91.0069,+31.9244,1702.5106,874.5012
672,0.52,7.5483,-0.4129,-7.3237,14.8719,70.7677,+28.1712,1350.2152,765.9517
673,0.51,7.5561,-0.9763,-7.3321,14.8882,74.2485,+25.9005,1156.7183,758.9556
674,0.51,6.3019,-0.2558,-7.3559,13.6578,59.0401,+27.9506,1190.8560,689.2869
675,0.52,7.5412,+0.4098,-7.3364,14.8776,65.2158,+23.9969,1115.1108,757.4314
676,0.52,7.0665,-0.4373,-7.3253,14.3918,80.2673,+23.4069,1158.4084,736.3468
677,0.50,7.4973,+0.2627,-7.3222,14.8195,105.3303,+22.4537,1026.8895,753.9646
678,0.52,8.1507,-0.6320,-7.2770,15.4277,129.9711,+28.7037,1543.5315,785.1830
679,0.51,7.4419,+0.3008,-7.2998,14.7417,100.1121,+24.4359,1275.6091,765.8969
680,0.51,8.2220,+1.0875,-7.3166,15.5386,101.0651,+29.8677,1530.7330,818.7117
681,0.52,7.7526,+1.2963,-7.3487,15.1013,144.6469,+28.8852,1600.8474,786.6005
682,0.50,7.8148,+0.1734,-7.3151,15.1299,109.7111,+24.1488,1149.6212,785.7692
683,0.50,7.6502,+0.2259,-7.3211,14.9713,67.3343,+29.2247,1357.1077,791.1446
684,0.53,8.3998,-0.3827,-7.3011,15.7008,79.7171,+27.4247,1290.1023,809.2479
685,0.51,8.5221,-0.3743,-7.3157,15.8378,151.7655,+31.0845,1745.1892,822.3062
686,0.50,8.9897,-0.8345,-7.3152,16.3048,159.0008,+29.2362,1694.8079,851.6503
687,0.52,8.5871,-0.2498,-7.2886,15.8757,138.9152,+29.8227,1645.6726,836.0698
688,0.51,8.2750,+0.4035,-7.2905,15.5655,144.0370,+31.0341,1780.3188,833.1483
689,0.52,8.4530,+0.0660,-7.2803,15.7333,129.1836,+27.2131,1471.0856,832.8041
690,0.51,8.8620,+0.1886,-7.2923,16.1543,215.8990,+30.4984,1828.1472,873.0585
691,0.51,8.9381,+0.3398,-7.2860,16.2241,142.6109,+31.5313,1722.6460,864.1447
692,0.50,9.1626,-0.2146,-7.3061,16.4686,128.7263,+28.7967,1605.4810,855.9552
693,0.50,8.4914,+0.0011,-7.2968,15.7882,157.9552,+31.6212,1776.3796,811.9371
694,0.49,8.2762,-0.8114,-7.2903,15.5665,121.4913,+25.9135,1488.1324,815.8134
695,0.52,8.3347,+0.0454,-7.2798,15.6145,99.0451,+26.6052,1495.6443,811.4819
696,0.49,8.3030,+0.3763,-7.2970,15.6000,131.8657,+27.1320,1430.4688,791.8630
697,0.51,8.5357,-0.3715,-7.3004,15.8361,157.9576,+30.0101,1720.2745,820.7100
698,0.51,8.4181,-0.4132,-7.2960,15.7141,154.7277,+26.2385,1482.3804,821.4155
699,0.50,8.1565,+0.3666,-7.3058,15.4623,148.7142,+25.4812,1418.8967,800.1838
700,0.51,8.0332,-0.0419,-7.3237,15.3569,154.6875,+27.6688,1446.2468,808.1205
701,0.52,9.2242,+0.3380,-7.2791,16.5033,167.7467,+28.1923,1619.1467,859.2180
702,0.51,8.2000,+0.2912,-7.3250,15.5250,126.1522,+28.7781,1480.4612,812.1719
703,0.49,8.8322,-0.4798,-7.3130,16.1452,154.7277,+31.8605,1908.4844,868.7546
704,0.51,8.9190,-0.0055,-7.3145,16.2335,163.3811,+33.3340,1976.1566,851.7300
705,0.50,8.9112,+0.1775,-7.3022,16.2134,148.7478,+30.7861,1844.8555,851.4368
706,0.49,8.9773,+0.1620,-7.2863,16.2636,215.9860,+31.1511,1915.2434,854.0835
707,0.51,8.6319,-0.3095,-7.3056,15.9375,234.6536,+29.9105,1853.6213,840.1895
708,0.52,8.6769,+0.3455,-7.3425,16.0195,155.1116,+27.8759,1623.9447,830.6050
709,0.50,8.6604,+0.0264,-7.3240,15.9844,152.2315,+27.5993,1574.0432,834.9230
710,0.51,7.8832,+0.3284,-7.3015,15.1847,191.5123,+27.7756,1654.5889,784.8604
711,0.53,8.1242,-0.4249,-7.2919,15.4161,154.5945,+27.0999,1561.2776,798.6455
712,0.50,8.0819,-1.0774,-7.3269,15.4088,114.2405,+25.4770,1408.8237,786.7506
713,0.50,9.5497,+0.4519,-7.3404,16.8900,162.9938,+30.3494,1773.0179,881.4004
714,0.50,9.1089,-0.6519,-7.3346,16.4436,241.1911,+30.8391,1718.1443,861.4558
715,0.49,8.9600,-0.7279,-7.3372,16.2972,169.1479,+30.7312,1750.2695,855.7167
716,0.49,8.6149,+0.4931,-7.3434,15.9583,150.2667,+28.2125,1508.0836,830.6914
717,0.51,7.8397,+1.1480,-7.3540,15.1936,155.8242,+31.8574,1795.9596,794.5012
718,0.51,8.5122,+0.1978,-7.3265,15.8387,148.1707,+29.6426,1651.9512,837.7812
719,0.51,8.8158,+0.1877,-7.3139,16.1297,166.1941,+31.2521,1825.8156,856.6223
720,0.51,8.9774,-0.1938,-7.3313,16.3087,139.4262,+32.0276,1866.8530,859.2970
721,0.51,9.4367,-0.1307,-7.3612,16.7979,184.6902,+32.6508,1915.2369,899.5885
722,0.50,9.5823,-0.1065,-7.3800,16.9624,284.0311,+31.9675,2109.4307,901.2323
723,0.51,9.0759,+0.6624,-7.3428,16.4187,200.0821,+30.0399,1854.2141,865.3253
724,0.52,9.8404,+0.1459,-7.3277,17.1681,275.4552,+30.9373,1983.2417,931.2476
725,0.51,10.3754,+0.5325,-7.3737,17.7491,301.1397,+32.2876,2101.0991,969.5245
726,0.51,9.3841,-0.6297,-7.3518,16.7359,194.5242,+32.6842,2116.9160,903.0083
727,0.51,9.8599,+0.0165,-7.3275,17.1873,244.0450,+29.3646,1936.4087,924.8284
728,0.50,9.8074,+0.5813,-7.3310,17.1384,251.3921,+30.7121,2035.9619,918.9783
729,0.52,9.3398,+0.3892,-7.3108,16.6505,247.8624,+29.5000,1934.4856,894.0123
730,0.50,9.9688,+0.4357,-7.2967,17.2656,291.0521,+32.9104,2239.0303,934.0979
731,0.50,9.9625,-0.1700,-7.3208,17.2833,188.6201,+33.0704,2057.4834,943.0945
732,0.52,10.4919,-0.2811,-7.3139,17.8058,195.7645,+35.2299,2253.5352,958.5891
733,0.52,10.4860,-0.5206,-7.3331,17.8191,333.2739,+35.6436,2630.2971,962.1564
734,0.50,10.3861,-0.4061,-7.3594,17.7454,229.4322,+37.7849,2494.9521,959.4219
735,0.51,9.8528,-0.2345,-7.3647,17.2174,255.9393,+32.8601,2092.0308,922.8752
736,0.53,9.6126,-0.3051,-7.3687,16.9813,258.4152,+32.9655,2181.3848,909.1551
737,0.51,10.8670,-0.1285,-7.3498,18.2169,510.1827,+36.3702,2884.1348,1022.3846
738,0.53,9.7938,-0.5369,-7.3606,17.1544,216.3318,+35.2072,2319.6035,934.9989
739,0.53,9.4155,+0.3565,-7.3285,16.7440,202.5219,+33.0218,2051.2271,886.1149
740,0.50,9.7334,-0.2435,-7.3849,17.1184,279.9641,+34.4415,2420.5559,915.8285
741,0.49,9.8519,+0.0537,-7.3867,17.2386,257.3272,+31.7225,2050.9817,939.2621
742,0.50,10.7469,+0.1839,-7.4148,18.1617,407.2659,+33.1861,2416.2751,996.3213
743,0.51,10.2383,-0.2708,-7.3816,17.6199,288.3821,+34.6615,2437.0898,980.1452
744,0.52,9.0674,-1.2700,-7.3421,16.4095,229.7242,+34.0720,2107.9236,877.3450
745,0.50,9.9002,+0.1636,-7.3643,17.2645,209.6977,+32.0890,2020.8223,926.9332
746,0.51,10.0041,-0.1296,-7.3938,17.3980,220.3574,+33.4008,2085.0220,949.8408
747,0.52,9.1420,+0.1636,-7.3755,16.5174,204.0654,+33.4034,2047.3721,895.1675
748,0.52,10.3311,+0.5077,-7.4130,17.7441,237.6004,+35.5541,2410.9048,990.8519
749,0.53,10.4927,+1.5376,-7.3841,17.8768,260.2137,+34.3996,2430.2773,982.6937
750,0.50,10.0328,-0.0663,-7.4256,17.4584,244.6012,+33.8433,2338.8281,960.2473
751,0.51,10.5758,-0.3068,-7.3914,17.9672,332.2793,+37.2745,2779.6760,1006.4148
752,0.51,10.4208,-0.0591,-7.4090,17.8298,256.0928,+36.8753,2551.1484,992.0494
753,0.53,10.5350,+0.2814,-7.3898,17.9247,251.6590,+35.1737,2447.8240,991.0842
754,0.52,10.8821,+0.3549,-7.4473,18.3293,274.3038,+35.9420,2473.8276,1021.8056
755,0.50,10.5765,+0.4844,-7.3796,17.9561,242.4847,+36.8130,2459.9050,1009.8119
756,0.51,10.3257,+0.2756,-7.3737,17.6994,226.0695,+34.1612,2184.8701,994.6316
757,0.51,10.0606,-0.1569,-7.3571,17.4177,273.7790,+35.4495,2418.8584,982.0801
758,0.51,10.6827,+1.0905,-7.3431,18.0258,247.8463,+35.7498,2434.3057,1006.8492
759,0.51,10.1507,+0.4217,-7.3345,17.4853,302.0721,+35.9401,2488.9236,986.5323
760,0.51,10.5044,+0.3622,-7.3401,17.8445,328.8492,+35.9382,2442.1748,1008.2861
761,0.52,10.7015,+0.2676,-7.3855,18.0870,290.9860,+36.6640,2466.1289,1021.9343
762,0.53,10.4549,+0.1007,-7.3834,17.8383,245.2996,+37.4658,2565.8057,1021.3788
763,0.50,10.6969,+0.3814,-7.4110,18.1079,248.5515,+38.2931,2647.6421,1032.9750
764,0.52,10.3729,+0.4792,-7.3906,17.7636,249.5763,+37.0241,2438.1021,997.5566
765,0.51,12.3805,+0.5608,-7.3963,19.7769,381.3713,+38.6828,2861.5227,1126.4255
766,0.51,11.4885,+0.2991,-7.4142,18.9027,263.8431,+38.2995,2556.4094,1075.3450
767,0.50,11.0617,-0.2335,-7.3969,18.4586,262.7864,+37.2690,2487.5137,1026.2667
768,0.50,10.5875,+0.0747,-7.3731,17.9607,261.9585,+39.1937,2627.0586,1008.3902
769,0.51,10.8059,+0.5021,-7.3528,18.1588,230.0505,+38.5667,2586.9856,1010.6330
770,0.51,11.2343,+0.5822,-7.3627,18.5970,272.5308,+38.6761,2660.7612,1035.4402
771,0.52,11.8108,+0.8664,-7.3772,19.1880,252.6373,+35.8915,2462.1675,1069.3809
772,0.50,11.0242,-0.4071,-7.3698,18.3939,239.5880,+37.5374,2614.5508,1035.6404
773,0.51,11.4697,-0.1716,-7.3692,18.8389,328.6153,+38.3840,2704.1011,1050.2275
774,0.54,10.9424,-0.0953,-7.3743,18.3167,236.9940,+37.1542,2413.9854,1013.1462
775,0.51,10.6105,+0.1270,-7.3624,17.9729,199.5582,+35.5772,2223.9407,999.1786
776,0.51,10.7661,+0.4333,-7.3562,18.1223,281.3171,+38.6807,2629.6704,1009.7345
777,0.51,9.5628,+1.2331,-7.3542,16.9170,308.6516,+37.2649,2352.1792,934.0736
778,0.51,10.5000,+0.0022,-7.3557,17.8557,261.9367,+36.4319,2366.3645,989.8444
779,0.52,11.1972,+0.1246,-7.3505,18.5477,253.1769,+37.0946,2505.9924,1021.0931
780,0.51,10.4329,+0.0837,-7.3476,17.7805,207.6985,+37.2310,2401.3833,989.0901
781,0.51,10.5972,+0.6579,-7.3365,17.9337,201.8171,+37.2433,2293.7368,1011.4359
782,0.51,10.8351,-0.7982,-7.3267,18.1618,246.7818,+38.0609,2520.9373,1044.3019
783,0.51,11.8748,+0.2573,-7.3564,19.2312,454.8588,+36.8812,2836.6030,1101.0081
784,0.51,11.6807,-0.7527,-7.3537,19.0344,277.7134,+37.5000,2580.3503,1078.1735
785,0.51,11.0846,-0.3236,-7.3039,18.3885,260.3285,+38.2300,2641.3276,1034.9943
786,0.48,11.2818,-0.0003,-7.3151,18.5969,254.4183,+38.3209,2698.5608,1041.0348
787,0.49,11.3531,+0.3210,-7.3073,18.6603,316.5298,+35.3740,2446.2686,1058.6820
788,0.50,10.6977,+1.2649,-7.3352,18.0330,232.8865,+36.9494,2505.7935,1028.9761
789,0.48,11.9391,+0.3530,-7.3670,19.3061,466.2314,+38.8905,3130.7607,1103.0460
790,0.52,11.7825,+0.2044,-7.3511,19.1336,297.1980,+36.6264,2534.7214,1079.2693
791,0.51,11.4226,+0.3251,-7.3557,18.7782,257.9587,+35.5943,2469.1050,1068.5645
792,0.52,11.2948,+1.6279,-7.3845,18.6793,324.0953,+37.2332,2717.2117,1061.2413
793,0.51,11.3089,-0.3881,-7.4007,18.7096,256.1418,+36.5886,2521.2961,1060.8447
794,0.50,10.7872,+0.3855,-7.4027,18.1899,291.7055,+36.6822,2549.7656,1033.4495
795,0.50,10.6060,-0.4020,-7.4184,18.0244,268.8766,+37.5999,2562.1670,1028.0909
796,0.50,10.9615,+1.0976,-7.4532,18.4147,217.2021,+37.4059,2578.9697,1036.0472
797,0.50,10.7195,+1.2190,-7.4728,18.1923,273.1679,+36.8240,2504.5688,1025.6884
798,0.50,10.5387,+0.5574,-7.4270,17.9657,209.5590,+36.1396,2252.3071,980.9048
799,0.51,12.0153,-0.3395,-7.4058,19.4211,373.1725,+38.4594,2923.4272,1084.4292
800,0.51,10.9832,+0.5509,-7.4059,18.3891,293.2079,+36.2668,2433.3198,993.0290
801,0.50,10.8087,+1.5004,-7.3907,18.1994,475.1883,+36.8300,2708.0557,967.7484
802,0.51,11.5967,+0.7669,-7.4270,19.0236,294.4674,+39.1331,2868.4910,1060.8660
803,0.51,12.0255,-0.0906,-7.4109,19.4364,361.6866,+38.2605,2800.3516,1090.1292
804,0.52,12.4508,+0.7767,-7.4484,19.8992,286.6779,+38.0354,2658.0298,1118.4846
805,0.52,11.1570,-0.5135,-7.4392,18.5962,262.1350,+38.3870,2572.4167,1052.3687
806,0.53,11.9728,+0.4436,-7.4229,19.3958,299.6215,+37.3657,2890.0278,1089.6274
807,0.51,11.4463,-0.0277,-7.4383,18.8846,258.3300,+40.7819,2750.7368,1051.8145
808,0.52,11.5042,+0.4690,-7.4390,18.9431,316.2925,+39.6179,2782.1909,1065.0371
809,0.52,11.5490,+1.4549,-7.4167,18.9657,284.0325,+41.9322,2949.6514,1074.0833
810,0.50,12.1475,+0.0699,-7.4143,19.5618,318.6604,+40.5694,2925.7432,1106.9911
811,0.50,12.2901,+0.0132,-7.4170,19.7071,275.8700,+40.3554,2821.0283,1110.6387
812,0.51,11.8183,+0.1178,-7.4363,19.2546,266.1785,+41.6632,2823.7017,1093.1381
813,0.50,12.2104,+0.0667,-7.3883,19.5987,324.9727,+42.2930,2969.8586,1110.0476
814,0.51,11.7725,+0.5280,-7.4107,19.1832,286.0015,+41.8705,3169.5317,1100.3643
815,0.51,11.1610,-0.1815,-7.3660,18.5270,249.0547,+40.7759,2855.7310,1055.0328
816,0.51,11.9296,+0.2964,-7.3274,19.2570,236.1789,+39.5939,2779.1924,1095.0006
817,0.51,11.8128,+0.5425,-7.3770,19.1897,273.2760,+40.5531,2773.2632,1091.7786
818,0.51,12.0479,+0.1720,-7.4042,19.4521,336.4342,+40.4271,2791.3203,1117.4567
819,0.51,12.1956,+0.0919,-7.3896,19.5852,373.5616,+38.3703,2644.0776,1097.4524
820,0.52,11.0206,+0.7520,-7.4044,18.4250,316.4996,+41.2688,2809.9485,1038.1636
821,0.51,12.0915,-0.4363,-7.3934,19.4849,310.7813,+40.5990,2820.1372,1113.0222
822,0.50,11.6024,-0.6314,-7.3591,18.9615,261.3848,+37.7462,2511.8945,1072.1191
823,0.50,11.5146,-0.9649,-7.3579,18.8726,249.4484,+39.1185,2559.7227,1058.2996
824,0.49,11.1263,+0.4111,-7.3583,18.4846,260.8536,+36.2837,2156.4119,1033.3408
825,0.51,10.9860,-0.5051,-7.3828,18.3688,327.0623,+38.8951,2512.3252,1021.8575
826,0.50,10.8064,-0.7578,-7.3875,18.1939,200.2436,+38.0842,2287.1909,1020.6823
827,0.50,10.5309,-0.7241,-7.4266,17.9574,315.9029,+38.0505,2431.9517,1006.3853
828,0.51,12.5242,+0.3706,-7.3805,19.9047,306.8447,+39.3047,2623.6252,1120.2872
829,0.50,10.9233,+0.4068,-7.3812,18.3045,224.9543,+38.3163,2375.5007,1026.9788
830,0.49,10.9491,+0.6345,-7.3966,18.3456,198.5661,+35.6574,2194.1753,1016.5122
831,0.51,10.2961,-0.0805,-7.4025,17.6986,169.5839,+36.3472,2138.6184,995.7368
832,0.51,11.3138,-0.2932,-7.3821,18.6960,181.0704,+36.9277,2245.2271,1042.4102
833,0.50,11.3222,+0.1484,-7.3952,18.7174,244.7236,+37.3172,2372.8716,1054.3794
834,0.51,11.3601,-0.2893,-7.4254,18.7855,271.8933,+38.2186,2515.9717,1048.9672
835,0.52,11.1823,+0.3538,-7.4602,18.6425,269.6779,+35.5216,2328.2793,1045.1052
836,0.51,11.0301,-0.4413,-7.4433,18.4734,194.4166,+38.5315,2475.6101,1050.1783
837,0.51,11.2406,-0.6656,-7.4432,18.6838,283.2858,+37.4773,2419.6208,1055.5657
838,0.52,10.9308,+0.0976,-7.4239,18.3547,236.2547,+40.0272,2575.5886,1021.1410
839,0.51,11.2785,-0.2471,-7.4431,18.7216,291.9887,+39.4885,2668.5637,1040.8281
840,0.52,11.6606,+0.0901,-7.4660,19.1265,266.9051,+38.9187,2586.1006,1071.7375
841,0.51,11.6016,-0.6061,-7.4720,19.0736,234.4388,+39.2406,2635.6782,1086.8342
842,0.50,11.9472,+0.3084,-7.4258,19.3730,408.5655,+37.8228,2588.5049,1090.1476
843,0.51,11.6477,+0.5044,-7.4181,19.0658,346.2111,+38.6851,2726.6833,1066.1365
844,0.48,12.0043,+0.0964,-7.4357,19.4400,354.4517,+38.9480,2722.0469,1097.2189
845,0.51,12.1620,-0.0545,-7.4090,19.5710,244.8769,+40.2289,2732.4436,1093.4380
846,0.51,12.0586,-0.5932,-7.3757,19.4343,271.1559,+40.1193,2787.8096,1105.2605
847,0.53,12.7256,-0.9477,-7.4393,20.1650,243.1007,+40.7576,2758.6543,1154.6290
848,0.50,12.0008,-0.4155,-7.4369,19.4377,213.4864,+40.3416,2757.6987,1104.2092
849,0.51,12.6899,-0.1583,-7.4226,20.1125,394.7145,+41.5571,3127.2129,1168.4902
850,0.51,11.0329,+0.5358,-7.4283,18.4612,234.3036,+40.8404,2715.2451,1055.6268
851,0.52,11.8075,-0.0403,-7.4069,19.2143,241.0102,+40.4139,2697.1145,1093.6359
852,0.50,13.0406,+0.2496,-7.4305,20.4712,347.7187,+42.6783,3081.2065,1152.1038
853,0.51,12.4627,+0.6944,-7.4725,19.9352,316.2411,+41.8885,3024.7808,1128.1868
854,0.51,12.3638,-0.2997,-7.4720,19.8358,317.1116,+42.8463,2959.3872,1103.2295
855,0.50,12.5562,+0.0156,-7.4417,19.9979,278.3004,+40.9748,2715.4067,1116.0076
856,0.51,12.1820,+1.0445,-7.4373,19.6193,245.1645,+41.4389,2845.8857,1111.6221
857,0.54,12.2989,+0.0547,-7.4532,19.7521,329.5907,+40.2135,2812.8574,1105.6829
858,0.49,11.7743,+0.5931,-7.4572,19.2315,230.2648,+38.5996,2590.0913,1079.7056
859,0.51,11.1408,+0.5288,-7.4352,18.5760,276.2264,+40.0384,2636.2563,1028.5288
860,0.53,11.9978,+0.3087,-7.4416,19.4394,252.4334,+39.7072,2663.7407,1095.3594
861,0.49,11.9755,-0.8586,-7.4586,19.4341,325.2715,+40.3605,2874.2302,1078.1194
862,0.49,11.5364,-0.1881,-7.4269,18.9633,330.4642,+38.7504,2693.5942,1050.0092
863,0.50,11.9359,-0.1587,-7.4526,19.3885,303.4305,+37.3671,2630.9404,1088.7009
864,0.49,12.4267,-0.8694,-7.4265,19.8532,248.3562,+35.5686,2370.0452,1107.7036
865,0.52,11.8188,-0.2342,-7.4290,19.2478,216.1785,+38.1345,2541.0688,1092.0957
866,0.51,11.4414,+1.0029,-7.4404,18.8818,275.2166,+38.7100,2607.8921,1055.1875
867,0.51,11.8667,+0.2213,-7.4545,19.3212,250.5766,+39.0158,2630.1367,1081.4517
868,0.51,11.0367,-0.4000,-7.4644,18.5011,186.1418,+37.0177,2237.8818,1011.9982
869,0.49,11.6517,-0.4114,-7.4700,19.1217,263.2491,+38.7760,2649.2266,1056.2362
870,0.49,10.5280,+0.0885,-7.4540,17.9820,262.8961,+38.2548,2526.6675,991.8280
871,0.50,10.5429,+0.0456,-7.4780,18.0210,289.9465,+35.0953,2202.2551,1002.3137
872,0.49,11.3555,+0.2799,-7.4843,18.8399,237.8869,+37.0528,2304.1191,1039.3762
873,0.49,11.0482,+0.0411,-7.4983,18.5465,228.0751,+36.3083,2290.1387,1027.5715
874,0.51,10.4652,-0.0781,-7.4616,17.9268,289.2028,+37.7783,2410.4878,990.5982
875,0.51,11.1530,+0.1515,-7.4647,18.6176,226.9460,+35.9137,2375.7305,1040.5236
876,0.51,11.1716,+0.1141,-7.4135,18.5851,215.3751,+36.8538,2403.2661,1040.1572
877,0.52,11.1229,+0.9606,-7.4486,18.5715,250.9707,+37.5229,2593.8262,1058.9039
878,0.50,11.5282,-0.2554,-7.4530,18.9813,185.4306,+35.6840,2339.8262,1067.1655
879,0.52,11.4773,+0.4436,-7.4892,18.9666,233.7320,+35.6908,2329.2207,1073.6267
880,0.51,11.2736,-0.3455,-7.5111,18.7848,229.7256,+38.7762,2648.1709,1088.1780
881,0.51,10.6929,-0.5429,-7.4815,18.1743,189.9607,+36.3925,2230.3843,1029.5858
882,0.51,9.7058,-0.7416,-7.4879,17.1938,189.3159,+39.4014,2512.8394,976.1788
883,0.51,10.7003,-0.4736,-7.4871,18.1874,196.5768,+36.3917,2366.9160,1030.0210
884,0.50,10.1821,-1.2294,-7.4733,17.6554,293.5345,+36.5037,2484.8823,1006.6389
885,0.50,10.4606,+0.0451,-7.4494,17.9100,269.0817,+33.1021,2321.1245,1034.8262
886,0.51,10.0973,+0.1602,-7.4444,17.5417,180.0973,+32.5990,2075.9463,984.5930
887,0.52,10.2688,-0.3482,-7.4240,17.6927,211.6835,+33.2326,2239.8296,1002.7146
888,0.52,10.6310,-0.2025,-7.4631,18.0941,235.9800,+31.8533,2284.3618,1031.3258
889,0.51,9.8057,+0.1410,-7.4196,17.2253,205.9774,+33.5815,2121.2629,959.4767
890,0.53,9.8653,-0.0896,-7.4173,17.2826,294.3354,+36.0223,2464.6060,978.6277
891,0.51,10.7519,-0.0106,-7.4179,18.1698,236.1053,+34.0568,2194.4854,1029.9053
892,0.52,10.0063,-0.9322,-7.3997,17.4060,171.6374,+33.9749,2103.6433,979.1906
893,0.49,10.2070,-0.3634,-7.4154,17.6223,133.1118,+32.7505,1986.9551,980.2698
894,0.50,10.4998,-0.8033,-7.4189,17.9188,180.4400,+33.4362,2049.7466,1006.4467
895,0.49,9.8485,+0.1284,-7.4283,17.2768,169.0753,+32.4119,1945.4329,953.1210
896,0.50,9.9723,+0.1204,-7.4385,17.4108,134.5128,+31.8366,1884.0671,957.3761
897,0.50,9.5955,-0.0047,-7.4452,17.0407,147.9546,+32.8133,1984.0142,944.8008
898,0.51,8.5277,-2.0490,-7.4174,15.9451,441.3329,+32.2023,2094.6753,887.6237
899,0.51,9.6537,-1.0401,-7.4445,17.0981,151.1235,+32.0930,1975.2672,951.6935
900,0.51,9.5615,-0.6183,-7.4343,16.9959,133.0353,+30.6280,1848.0021,960.5786
901,0.50,10.5052,-0.5005,-7.4473,17.9526,226.4959,+32.4344,2130.3804,1028.3594
902,0.51,9.8223,+0.0290,-7.4777,17.3001,169.0344,+31.6023,1980.5454,970.8018
903,0.51,9.6263,-0.0949,-7.4807,17.1070,165.3646,+31.1219,1924.8706,959.9603
904,0.51,10.2822,+0.2167,-7.4810,17.7632,216.9612,+31.5721,2044.3284,992.4364
905,0.51,10.0981,+0.0286,-7.4694,17.5675,168.9509,+31.7590,1972.0859,980.7969
906,0.51,10.1696,+0.4496,-7.4752,17.6448,194.2008,+30.4793,1930.6053,1015.8201
907,0.51,9.8693,-0.4191,-7.4655,17.3348,252.7135,+33.1038,2164.7776,989.9850
908,0.52,10.2834,+0.0259,-7.4645,17.7479,178.6533,+29.9753,1809.8064,1006.8449
909,0.51,9.1461,+1.0962,-7.4267,16.5728,179.9932,+32.7282,1948.6178,932.2415
910,0.51,8.8463,-0.3751,-7.4426,16.2890,239.5069,+33.4577,1983.3101,890.0974
911,0.52,9.8824,-0.5434,-7.4609,17.3433,186.4432,+30.9554,1967.8157,961.5060
912,0.50,9.7211,-0.8427,-7.4630,17.1842,159.0983,+30.2520,1887.0343,963.4425
913,0.50,9.0571,-0.2455,-7.4643,16.5214,148.8234,+30.3526,1712.5493,888.4448
914,0.50,9.7372,-0.3690,-7.4487,17.1859,183.3697,+29.8086,1850.8276,944.9222
915,0.49,9.2617,-0.2008,-7.4586,16.7203,189.8661,+27.7831,1694.2064,908.1749
916,0.49,9.0512,+0.2723,-7.4826,16.5338,208.2917,+29.7415,1816.8762,914.8985
917,0.52,9.6223,+0.0302,-7.4526,17.0749,207.6137,+31.2358,2063.3926,963.2550
918,0.48,10.2684,+0.8575,-7.4788,17.7472,216.3073,+28.9629,1895.4713,998.4477
919,0.52,9.9695,-0.2808,-7.4599,17.4293,204.5767,+31.1387,1995.5840,975.0833
920,0.51,9.2013,+0.4209,-7.4631,16.6644,145.6909,+29.7755,1786.9355,919.0526
921,0.50,9.1948,+0.3970,-7.4697,16.6645,179.2672,+29.6449,1821.0850,945.3826
922,0.51,9.7381,+0.4701,-7.4906,17.2288,243.5018,+31.3771,2100.2461,956.4640
923,0.53,9.8517,-0.2912,-7.4852,17.3369,213.8096,+31.6701,2079.4824,962.9338
924,0.50,10.2646,-0.3233,-7.4418,17.7064,271.9703,+33.7430,2376.4922,996.0119
925,0.51,10.1696,+0.1092,-7.4391,17.6087,207.6486,+32.6327,2192.8892,984.2378
926,0.51,10.1265,+0.2779,-7.4631,17.5896,242.2058,+34.1439,2314.7551,988.6068
927,0.49,10.1428,+0.2372,-7.4599,17.6027,228.4641,+33.3872,2173.8772,978.7314
928,0.49,9.0072,-0.0856,-7.4628,16.4700,277.2427,+34.0591,2278.5234,905.4137
929,0.50,9.7843,-0.9222,-7.4677,17.2521,193.3865,+34.9432,2195.0864,941.9573
930,0.51,9.6391,-0.1648,-7.4332,17.0724,202.0435,+32.7769,2022.4255,921.1833
931,0.51,10.0542,-0.3915,-7.4263,17.4805,162.9394,+34.7828,2126.0623,951.0173
932,0.50,10.2866,-1.0738,-7.4083,17.6949,246.7169,+32.4475,2069.5547,966.8236
933,0.49,9.4410,+0.0674,-7.4485,16.8895,258.1515,+33.8297,2178.9563,911.0332
934,0.52,10.3984,+0.1376,-7.4380,17.8364,207.2661,+34.6883,2196.9282,979.6343
935,0.49,9.0406,+0.6347,-7.3962,16.4368,290.6240,+33.6544,2197.2729,913.2944
936,0.50,10.0627,+0.0147,-7.4134,17.4761,239.6449,+31.9449,1979.1946,949.7925
937,0.51,10.1205,+0.1270,-7.4020,17.5225,169.0694,+30.6618,1824.0990,952.6592
938,0.49,9.9205,-0.4513,-7.4134,17.3339,238.5507,+32.0632,1956.5779,952.5325
939,0.49,10.4289,-0.1063,-7.4331,17.8620,301.0636,+32.2869,2192.2898,1000.3431
940,0.51,9.7599,+0.0868,-7.4389,17.1987,200.0795,+33.5582,2099.1660,951.8818
941,0.52,9.4645,+0.2743,-7.4513,16.9158,193.7499,+32.3406,1984.9302,928.9884
942,0.52,10.4389,-0.5497,-7.4805,17.9194,186.7067,+31.4991,1897.8638,982.8787
943,0.52,9.7590,+0.4954,-7.4509,17.2100,274.6351,+33.9500,2234.4907,941.8378
944,0.50,10.1528,-0.1209,-7.4253,17.5781,213.5550,+33.3177,2047.3647,962.3423
945,0.52,9.4161,+0.5843,-7.4253,16.8414,216.5962,+33.0086,2051.4719,918.9052
946,0.50,9.0840,+0.6105,-7.4086,16.4925,198.4656,+32.8138,2005.1710,891.0857
947,0.50,10.1195,-0.3571,-7.4835,17.6030,228.6955,+34.3536,2267.9985,964.3035
948,0.50,9.9433,-0.1910,-7.4662,17.4094,223.4180,+34.1704,2209.9197,962.0333
949,0.51,9.9311,-0.4643,-7.5092,17.4403,199.0640,+32.1742,2025.1196,968.8389
950,0.51,9.3815,+0.6829,-7.4821,16.8636,183.7765,+32.2577,1959.9789,936.2299
951,0.50,9.6482,+0.1445,-7.4905,17.1387,200.2954,+33.8555,2101.0796,948.5357
952,0.51,9.1361,-0.4144,-7.5023,16.6384,216.2826,+31.9651,1935.7340,923.5428
953,0.52,8.9905,+0.2357,-7.4778,16.4683,184.0058,+32.5117,1933.7903,913.3124
954,0.51,9.6624,+0.0954,-7.4849,17.1473,204.9455,+33.5257,2065.1030,946.1604
955,0.52,8.7597,-0.1856,-7.5072,16.2669,286.7534,+33.5037,2078.9700,899.1560
956,0.51,9.6939,+0.5410,-7.4839,17.1778,236.9536,+34.3348,2202.0569,945.8681
957,0.52,9.4541,+0.0136,-7.4811,16.9352,204.1655,+34.5126,2233.1582,944.4552
958,0.51,10.2463,+0.4081,-7.5227,17.7690,224.2326,+34.5298,2299.4722,996.3032
959,0.50,9.8294,+0.5176,-7.5308,17.3602,207.5405,+35.1014,2287.0916,978.9680
960,0.51,10.4739,-0.0596,-7.4953,17.9691,224.9086,+34.5839,2312.1990,1010.4952
961,0.50,9.7708,+1.0782,-7.5266,17.2974,204.6003,+32.6384,2040.6450,972.4039
962,0.51,9.5272,+1.3162,-7.4794,17.0066,226.2372,+34.6409,2237.2119,952.0254
963,0.50,10.1275,+0.2492,-7.4726,17.6001,238.6670,+31.5815,2155.0129,981.9722
964,0.51,9.8135,-0.6635,-7.4676,17.2811,291.3759,+33.0702,2195.4888,947.1687
965,0.52,10.5282,+0.3972,-7.4671,17.9953,223.3307,+32.8983,2205.8247,1000.2188
966,0.50,9.0129,+0.3219,-7.4768,16.4897,499.4475,+31.0520,2230.5789,913.0765
967,0.49,9.3702,+0.6593,-7.4703,16.8405,254.4300,+33.6513,2321.9062,947.8316
968,0.53,10.7433,-0.6903,-7.4703,18.2136,322.8525,+34.0311,2549.5674,1049.3411
969,0.52,9.6646,-0.1274,-7.4515,17.1161,204.6614,+35.4984,2338.9014,970.8345
970,0.52,9.9290,-0.2304,-7.4440,17.3730,268.5561,+35.6844,2556.8428,1008.5168
971,0.52,10.1063,-0.8629,-7.4804,17.5866,222.5950,+35.8649,2491.5735,1014.0223
972,0.50,10.3308,-0.7041,-7.4604,17.7913,294.9147,+34.1173,2440.1162,1024.8359
973,0.50,9.5724,+0.1909,-7.4638,17.0362,221.7277,+35.3506,2506.7173,974.0674
974,0.52,9.8807,-0.2216,-7.4369,17.3176,227.0923,+33.7847,2409.8208,996.3804
975,0.50,8.7405,-0.2394,-7.4430,16.1835,181.0701,+35.4197,2342.3171,921.9510
976,0.52,10.6526,+0.8774,-7.4644,18.1170,230.8930,+35.5224,2518.5845,1038.6980
977,0.53,8.7878,+0.4858,-7.4927,16.2806,487.8227,+32.4944,2089.4546,874.5826
978,0.50,9.0180,+0.6567,-7.4739,16.4919,314.2005,+34.8911,2403.8333,916.8971
979,0.52,9.6636,+0.1869,-7.4957,17.1593,202.4827,+33.5121,2215.4441,959.9656
980,0.50,10.3188,-0.6210,-7.4728,17.7916,235.1256,+31.8201,2248.4985,1002.0511
981,0.52,9.9090,+0.0677,-7.4785,17.3874,216.5297,+33.8543,2279.0710,994.4893
982,0.50,9.9962,-0.6947,-7.4643,17.4605,215.9843,+31.9349,2137.5703,988.5434
983,0.51,9.2492,-1.2531,-7.4710,16.7201,212.0299,+31.8468,2093.9961,932.9655
984,0.49,9.9261,-0.9421,-7.4682,17.3943,204.4958,+32.1278,2192.9568,984.2297
985,0.51,10.1679,-0.1098,-7.4455,17.6134,206.1888,+32.5044,2213.4580,982.8131
986,0.50,9.7726,+0.3749,-7.4025,17.1751,195.7356,+34.0952,2322.5591,966.3304
987,0.51,10.2504,+0.6343,-7.4252,17.6755,221.5879,+31.5998,2153.4375,983.3866
988,0.51,9.4731,-0.3161,-7.4143,16.8874,237.1701,+30.7241,2016.0968,917.0319
989,0.51,9.7857,-0.3869,-7.4457,17.2314,178.2220,+31.2255,1981.9656,940.9200
990,0.52,9.6176,+0.6615,-7.4489,17.0665,186.5765,+32.0203,2079.0239,946.6738
991,0.50,9.9356,+0.1361,-7.4630,17.3987,215.9021,+33.2947,2226.7268,948.8868
992,0.49,9.6993,+0.2212,-7.4777,17.1770,422.3587,+35.0625,2623.1318,937.8289
993,0.51,10.1031,-0.2332,-7.4595,17.5626,249.0277,+32.4846,2222.8999,967.9124
994,0.51,9.7506,-0.4687,-7.4461,17.1967,328.3729,+32.2617,2167.0371,935.2233
995,0.50,9.1484,+0.3359,-7.4380,16.5864,169.0659,+30.0973,1785.5962,891.1178
996,0.51,9.2589,-0.1094,-7.4331,16.6920,216.8298,+30.3809,1853.2125,898.7753
997,0.50,9.4025,+0.4789,-7.4342,16.8367,178.5727,+31.9407,1935.8455,897.2700
998,0.49,9.1452,-0.5768,-7.4573,16.6025,157.7182,+31.7906,1926.6826,882.2244
999,0.50,8.7318,+0.2115,-7.4403,16.1721,147.4261,+31.6558,1829.3971,864.5350
1000,0.50,8.8073,+0.7671,-7.4690,16.2763,161.5883,+28.0247,1646.1735,869.3594
1001,0.49,9.2537,+0.4497,-7.5053,16.7590,184.0124,+31.6222,1945.2971,909.3288
1002,0.51,8.7488,+0.0578,-7.4889,16.2377,111.1174,+29.6650,1697.7467,874.5236
1003,0.49,9.2153,-0.5769,-7.5089,16.7241,169.1459,+30.2434,1774.3081,898.3134
1004,0.50,9.4855,+0.2023,-7.4741,16.9596,230.0446,+27.2955,1693.7466,919.6092
1005,0.52,8.4126,-0.0947,-7.4787,15.8914,185.7375,+28.7540,1641.3938,849.2983
1006,0.52,9.0168,-0.0582,-7.4875,16.5043,186.1467,+27.9627,1675.6951,889.1630
1007,0.51,8.6545,+0.0635,-7.4405,16.0950,150.0098,+26.9443,1478.9705,852.0509
1008,0.49,8.6411,+0.1276,-7.4737,16.1149,123.4829,+28.5991,1507.4912,860.4388
1009,0.50,7.8123,-0.0767,-7.4793,15.2916,261.8895,+28.6560,1540.1309,803.5530
1010,0.53,9.1001,-0.6672,-7.4742,16.5743,240.6029,+29.1285,1672.8173,886.1149
1011,0.51,7.4017,-0.4763,-7.4512,14.8528,188.7765,+28.4188,1527.9766,773.9933
1012,0.51,7.8535,+0.0309,-7.4593,15.3128,107.5516,+28.7461,1513.4280,840.6458
1013,0.51,8.0269,+0.1404,-7.4696,15.4965,175.3094,+28.1217,1595.3988,836.0782
1014,0.51,8.3068,+0.5737,-7.4300,15.7368,136.3713,+26.8676,1475.6489,852.0658
1015,0.51,8.2714,+0.8243,-7.4237,15.6951,180.9649,+28.5858,1597.3245,846.7348
1016,0.51,7.5043,+0.4856,-7.4151,14.9194,119.1372,+26.1379,1411.3993,802.1273
1017,0.50,7.9871,+0.9646,-7.4542,15.4414,115.6221,+26.7666,1446.0984,838.0770
1018,0.51,8.1245,+0.8632,-7.4333,15.5578,113.2249,+23.0368,1241.8268,837.8376
1019,0.50,7.9220,+0.7917,-7.4285,15.3505,116.3966,+23.8798,1177.1132,811.8003
1020,0.51,8.1457,+0.4072,-7.3972,15.5429,97.3895,+25.2940,1267.3733,840.8020
1021,0.51,7.4190,-0.2957,-7.4098,14.8288,129.6454,+28.4610,1487.6243,795.2516
1022,0.51,7.6467,+0.0234,-7.4247,15.0715,92.1660,+25.5816,1249.9865,805.4437
1023,0.51,7.2753,+0.2864,-7.4342,14.7095,115.6771,+27.1691,1461.6803,773.7799
1024,0.53,8.0529,-0.8128,-7.4517,15.5046,92.4676,+25.0754,1380.9789,833.0484
1025,0.51,7.6805,-0.1555,-7.3948,15.0753,88.4406,+26.4815,1370.4662,826.3755
1026,0.50,6.2109,+0.1431,-7.4330,13.6440,147.0792,+23.6677,1191.9188,736.9845
1027,0.51,7.0107,-1.1819,-7.4537,14.4645,89.9916,+23.5193,1110.1470,768.6927
1028,0.53,6.8829,-0.3643,-7.4952,14.3781,91.1852,+27.8285,1433.9663,780.0991
1029,0.51,6.9951,-0.3725,-7.4907,14.4858,83.5853,+24.5563,1177.2755,762.0511
1030,0.53,6.8870,-0.3002,-7.4758,14.3628,71.8201,+25.9728,1303.6755,748.9209
1031,0.50,6.9516,+0.0212,-7.4893,14.4409,80.0722,+24.9518,1322.9692,759.0812
1032,0.50,7.2144,+0.3119,-7.4748,14.6892,119.0233,+19.7498,1060.0906,779.3076
1033,0.51,7.0023,-0.0566,-7.4662,14.4686,103.0878,+21.1885,1087.0530,763.1578
1034,0.51,6.4974,+0.1408,-7.5028,14.0002,103.3799,+24.4135,1213.0071,735.7375
1035,0.49,6.8714,-0.5062,-7.5194,14.3908,71.5307,+24.2292,1178.8188,757.1381
1036,0.51,6.5374,+0.3305,-7.4674,14.0048,100.2404,+19.8746,1084.7542,737.5215
1037,0.50,6.9177,-0.5163,-7.4508,14.3684,103.8605,+21.3459,1099.9050,760.5397
1038,0.50,6.9786,-0.3822,-7.4840,14.4626,113.9104,+23.5678,1264.2759,760.6428
1039,0.51,6.8290,+0.3910,-7.4668,14.2958,86.4449,+24.9788,1255.9487,747.7586
1040,0.51,6.0474,-0.5841,-7.4525,13.4999,138.9644,+25.3541,1342.0006,706.1524
1041,0.50,6.2898,-0.0200,-7.4372,13.7270,102.3801,+19.5143,1051.9631,704.1241
1042,0.49,7.3023,+0.4470,-7.4353,14.7376,104.3299,+19.0674,1227.5793,764.7318
1043,0.53,6.7093,-0.5775,-7.4493,14.1586,72.8758,+18.9679,956.5651,730.8633
1044,0.53,6.5181,+0.0174,-7.4183,13.9364,89.7794,+21.9321,1081.6692,731.1378
1045,0.51,6.6910,-0.5691,-7.4258,14.1167,129.5553,+23.3927,1131.4985,740.8789
1046,0.51,6.3827,-0.2517,-7.4374,13.8201,106.5195,+22.7763,1191.0187,729.6182
1047,0.50,6.2687,+0.4653,-7.4563,13.7250,92.7407,+24.6007,1215.4889,710.8861
1048,0.52,6.7529,-0.1633,-7.4837,14.2366,93.8027,+20.6393,1031.0795,752.7664
1049,0.49,6.6481,+0.4260,-7.4673,14.1154,100.1224,+21.5072,1120.4194,742.4304
1050,0.51,7.0460,+0.0436,-7.4798,14.5258,103.9650,+22.1580,1233.8506,767.1635
1051,0.52,6.1728,+0.1900,-7.4657,13.6384,101.4267,+20.9913,1128.7849,717.2625
1052,0.51,6.5552,+0.1166,-7.4697,14.0249,115.3497,+23.5068,1300.6699,729.1410
1053,0.50,6.6161,+0.3568,-7.4416,14.0578,83.7425,+20.0043,1059.5479,724.0883
1054,0.50,6.5367,+0.2451,-7.4725,14.0092,88.0273,+19.8533,1132.8021,735.5312
1055,0.52,6.4143,-0.5881,-7.4720,13.8864,84.4192,+18.6327,967.7728,715.6945
1056,0.52,6.2909,-0.4031,-7.4807,13.7716,76.2077,+23.7041,1250.1838,709.2622
1057,0.52,6.3030,+0.2134,-7.4504,13.7533,108.2357,+20.4455,1123.3413,716.7557
1058,0.52,5.9508,-0.0211,-7.4460,13.3968,91.7970,+21.1777,1063.1486,689.9492
1059,0.53,5.8547,-0.6995,-7.4905,13.3451,76.8148,+22.2211,1138.9045,700.7719
1060,0.53,6.0849,-0.0506,-7.4958,13.5806,86.1686,+20.5920,971.7581,709.0262
1061,0.51,6.4378,-0.0429,-7.4941,13.9319,125.7925,+21.7384,1056.4592,736.8201
1062,0.51,6.4106,-0.3154,-7.4850,13.8956,84.7097,+21.5863,1015.1186,716.2539
1063,0.50,6.6713,+0.4119,-7.4726,14.1439,88.2374,+17.5183,939.1711,712.9780
1064,0.51,5.9205,+0.4054,-7.5004,13.4209,111.5259,+18.2856,905.8413,657.5759
1065,0.51,5.6729,+0.0470,-7.4681,13.1410,89.4628,+19.0192,861.3312,659.8634
1066,0.52,6.0478,-0.0644,-7.4916,13.5394,107.0944,+21.0990,1190.2368,703.3263
1067,0.49,6.2445,+0.3811,-7.4837,13.7282,135.7726,+20.1600,1175.5833,732.7028
1068,0.53,5.8275,-0.2344,-7.4744,13.3020,115.5659,+21.3797,1188.8605,698.1010
1069,0.51,5.5143,-0.1949,-7.5162,13.0305,135.6054,+21.5280,1133.8003,684.8507
1070,0.54,5.9444,-0.4426,-7.5067,13.4512,81.1698,+22.9226,1317.6218,715.4894
1071,0.54,6.0263,-0.2327,-7.4755,13.5018,103.5811,+21.2425,1212.2917,694.1986
1072,0.50,6.6406,+0.0319,-7.4478,14.0884,136.1207,+16.2136,987.8297,719.7419
1073,0.52,6.7740,-0.4259,-7.4828,14.2568,147.8742,+18.0459,1024.4406,745.0069
1074,0.51,5.7769,+0.2547,-7.4829,13.2598,70.4295,+19.8236,988.2079,684.4116
1075,0.52,5.3793,-0.4527,-7.4887,12.8679,106.3155,+24.2505,1225.0010,658.8297
1076,0.52,6.0687,-0.0492,-7.4924,13.5611,157.1357,+23.2176,1354.6511,696.8553
1077,0.51,5.7144,+0.3683,-7.5054,13.2197,121.5522,+22.6886,1283.2483,675.2214
1078,0.51,5.8311,-0.0369,-7.4666,13.2977,111.9503,+20.7019,1122.5511,694.8726
1079,0.52,6.3764,+0.0941,-7.5120,13.8884,102.5315,+23.5661,1252.3866,728.7203
1080,0.52,5.3382,+0.1113,-7.5004,12.8386,125.9806,+24.5037,1217.2004,683.1531
1081,0.54,6.5682,+0.3739,-7.4980,14.0662,141.4942,+24.5091,1357.3833,754.2758
1082,0.54,5.3816,+0.5200,-7.4813,12.8629,129.8193,+21.3208,1083.8514,676.2150
1083,0.50,6.1739,-0.1651,-7.4893,13.6632,103.9134,+18.0365,1014.7608,719.6578
1084,0.53,5.8831,+0.5047,-7.4880,13.3711,134.7558,+24.4440,1369.3699,706.4639
1085,0.53,4.9156,+0.3888,-7.5217,12.4372,169.8582,+25.0855,1413.7728,654.2515
1086,0.53,6.3489,+0.0807,-7.4854,13.8343,128.6557,+22.0732,1263.3643,729.7985
1087,0.53,6.7160,-0.2841,-7.5094,14.2254,142.4492,+22.8191,1282.4677,767.7421
1088,0.51,5.6730,+0.5456,-7.5066,13.1795,117.5156,+23.5543,1261.9629,706.2650
1089,0.52,6.1140,+0.5426,-7.4932,13.6072,123.0336,+21.2716,1159.6680,723.8773
1090,0.51,6.2861,+0.1884,-7.4955,13.7816,181.3476,+21.5502,1300.4949,745.6444
1091,0.51,5.5605,-0.2250,-7.5082,13.0687,88.0885,+22.7512,1262.7000,697.5583
1092,0.53,5.2628,+0.3165,-7.5081,12.7708,126.2644,+22.7623,1190.8584,683.6908
1093,0.52,5.8865,+0.5788,-7.5023,13.3888,93.7739,+22.0094,1137.2819,705.3992
1094,0.51,5.3529,-0.0919,-7.5105,12.8634,61.7268,+19.4905,946.6271,658.8691
1095,0.51,5.6677,+0.4078,-7.4918,13.1596,98.7997,+20.8903,1189.2198,675.9037
1096,0.52,5.5577,+0.6167,-7.5129,13.0706,86.2083,+17.4081,920.5160,674.2498
1097,0.53,5.1672,+0.1238,-7.4930,12.6602,71.9231,+20.4342,974.8066,647.9725
1098,0.52,6.0055,+0.2143,-7.4989,13.5045,94.0713,+21.8187,1219.4391,710.0585
1099,0.51,5.5652,+0.1138,-7.4772,13.0424,150.2057,+19.3980,1235.1177,674.7937
1100,0.51,5.4713,+0.4937,-7.4416,12.9129,98.9928,+19.6491,1085.7920,677.3642
1101,0.52,5.7599,+0.5665,-7.4623,13.2222,107.3055,+19.0011,959.4305,693.4965
1102,0.51,5.6172,-0.1397,-7.4660,13.0832,102.2993,+19.5643,966.1398,681.6592
1103,0.50,5.3957,-0.2655,-7.4484,12.8441,78.6945,+19.9545,947.9066,668.0037
1104,0.52,5.3354,+0.5536,-7.4413,12.7767,88.3585,+18.0764,934.9256,652.7890
1105,0.53,5.4970,-0.0775,-7.4259,12.9229,88.4798,+20.2918,998.3446,664.2883
1106,0.53,5.5745,-0.4755,-7.4489,13.0234,106.3808,+25.3366,1231.9993,676.5826
1107,0.52,5.7632,-0.7143,-7.4731,13.2363,116.1091,+22.2612,1084.6827,686.4302
1108,0.51,4.9439,-0.8887,-7.4766,12.4205,101.3910,+19.7858,936.0869,625.8290
1109,0.51,5.4052,-0.0096,-7.4910,12.8962,108.4163,+19.8937,1015.0450,655.7938
1110,0.52,5.7000,+0.0244,-7.4893,13.1893,88.0185,+19.6509,998.6194,670.3252
1111,0.51,5.9870,+0.3854,-7.5035,13.4906,102.2048,+21.6820,1068.2958,695.4198
1112,0.51,5.1022,+0.3380,-7.5034,12.6056,93.8057,+24.0928,1181.8151,662.6031
1113,0.51,5.6557,-0.2618,-7.4861,13.1418,99.8208,+21.4056,1103.3846,697.0972
1114,0.52,4.9612,-0.3797,-7.5019,12.4630,114.2514,+19.9871,1034.4241,654.2867
1115,0.53,5.3952,-0.5847,-7.5230,12.9183,87.3642,+23.2286,1194.5560,679.6533
1116,0.51,6.1356,+0.5403,-7.5332,13.6688,144.9745,+21.2759,1346.5953,726.9449
1117,0.51,5.6051,-0.1815,-7.5448,13.1499,118.3253,+19.7767,1208.4186,690.0870
1118,0.52,5.3584,-0.2372,-7.5361,12.8944,139.2382,+20.9476,1184.8768,682.8926
1119,0.51,5.4575,+0.6237,-7.5209,12.9784,195.3200,+20.6166,1242.7189,687.8571
1120,0.52,5.5058,+0.2016,-7.5041,13.0099,109.0861,+19.5216,1170.3420,675.5242
1121,0.51,5.2782,+0.3975,-7.5107,12.7890,111.3996,+20.1386,1194.2112,678.1438
1122,0.52,5.6935,-0.0262,-7.5315,13.2250,113.4913,+20.7792,1126.4276,696.9883
1123,0.52,5.1648,-0.0795,-7.5389,12.7037,93.2718,+21.4155,1064.6237,665.6223
1124,0.52,5.0349,+0.3390,-7.5207,12.5556,87.1737,+21.5832,1145.1587,652.1699
1125,0.51,6.1311,+0.5298,-7.5050,13.6360,93.9383,+22.2796,1286.5834,712.0108
1126,0.51,6.0474,-0.2665,-7.5135,13.5609,128.1992,+21.0220,1436.7092,710.6903
1127,0.51,6.3411,-0.7128,-7.5182,13.8593,119.5307,+19.1713,1203.3174,733.3633
1128,0.50,5.1744,+0.0177,-7.5204,12.6948,88.7133,+21.4119,1050.3260,667.8186
1129,0.51,5.7002,+0.3163,-7.5022,13.2024,121.4642,+20.7140,1206.5730,700.7911
1130,0.53,5.7026,+0.4949,-7.5146,13.2173,79.8824,+21.5267,1116.7539,697.2684
1131,0.53,5.6402,+0.0120,-7.5225,13.1628,166.2142,+22.2586,1207.5210,701.1486
1132,0.51,5.5986,+0.4258,-7.5197,13.1183,135.2419,+22.6086,1241.1603,692.6620
1133,0.52,5.5548,+0.3374,-7.5183,13.0731,148.8338,+20.6841,1190.0344,686.8915
1134,0.51,5.4614,+1.0153,-7.5148,12.9762,137.2112,+22.0061,1255.1177,680.9675
1135,0.51,5.9636,+0.7320,-7.4914,13.4551,119.5214,+20.6760,1172.2905,722.1743
1136,0.53,6.0200,+0.5165,-7.4883,13.5083,135.1571,+20.7937,1210.9149,699.8301
1137,0.53,5.7744,-0.1162,-7.4896,13.2640,168.2369,+19.0596,1240.4570,690.8660
1138,0.51,5.3848,-0.2774,-7.4784,12.8632,116.7334,+18.3315,1094.6815,661.5632
1139,0.53,5.6302,-0.5677,-7.4858,13.1160,117.7152,+18.2351,1057.0227,698.9136
1140,0.51,5.6121,+0.3659,-7.4859,13.0980,110.1432,+20.1292,1169.9592,688.5817
1141,0.52,5.9987,+0.1717,-7.4998,13.4984,96.8967,+18.6083,1023.9291,708.4150
1142,0.51,5.5791,-0.2613,-7.4787,13.0578,100.2944,+19.2250,1017.0532,683.5661
1143,0.51,5.1423,-0.2148,-7.4959,12.6382,154.4809,+20.1282,1170.5044,644.2922
1144,0.51,5.3542,+0.6236,-7.4895,12.8436,121.5607,+17.9406,1060.3870,660.6128
1145,0.51,5.5567,+0.0943,-7.4808,13.0375,94.5145,+19.4749,1060.0731,660.3802
1146,0.52,5.9238,+0.5665,-7.4402,13.3640,121.7714,+21.2301,1246.6941,696.1663
1147,0.52,5.1807,+0.1186,-7.4239,12.6046,101.1823,+19.0642,1009.4106,646.3258
1148,0.54,4.9596,+0.3375,-7.4635,12.4231,115.0177,+18.3001,989.3497,646.9615
1149,0.51,5.5544,+0.0800,-7.4479,13.0022,94.6277,+19.1987,957.2854,667.3033
1150,0.51,4.4265,-0.0123,-7.4528,11.8792,201.1877,+19.7018,961.5774,609.7261
1151,0.53,5.3737,+0.4167,-7.4622,12.8358,117.9588,+17.0639,957.7229,660.9437
1152,0.51,5.5522,-0.0197,-7.4869,13.0392,102.7404,+18.5898,1076.8738,664.7207
1153,0.53,5.3001,-0.2428,-7.4977,12.7978,123.9755,+19.9870,1112.4897,666.8083
1154,0.51,5.7032,+0.0525,-7.5047,13.2079,155.7607,+20.8698,1215.2136,694.6262
1155,0.54,5.3957,+0.2234,-7.4810,12.8767,120.7050,+20.5446,1157.7935,677.6149
1156,0.53,4.8675,+0.2452,-7.4726,12.3401,132.3573,+19.7880,1039.9316,627.6487
1157,0.52,5.1893,-0.4587,-7.5134,12.7027,121.2559,+20.4534,1201.9592,664.4844
1158,0.54,5.4662,+0.2671,-7.4924,12.9586,96.7682,+18.7948,1038.4061,671.6224
1159,0.53,4.7500,-0.3144,-7.5066,12.2566,103.4892,+20.7110,1089.2856,638.3843
1160,0.54,5.3293,+0.1615,-7.5083,12.8376,107.7623,+18.3050,1049.8586,666.3332
1161,0.52,4.9351,+0.1361,-7.5098,12.4450,130.6625,+21.9776,1211.6780,641.4897
1162,0.53,5.9711,+0.0531,-7.5275,13.4986,134.3745,+22.5672,1305.6428,706.5971
1163,0.54,5.8210,+0.4161,-7.5059,13.3269,98.9970,+17.2757,975.7407,689.5715
1164,0.52,5.7666,+0.3858,-7.4778,13.2444,90.0290,+20.4542,1076.0635,679.3380
1165,0.51,4.9161,+0.9834,-7.4411,12.3572,152.2536,+20.6039,1171.4141,646.0007
1166,0.52,5.0109,+0.2524,-7.4444,12.4553,129.5240,+21.2749,1197.2651,644.9375
1167,0.53,5.4436,+0.0783,-7.4350,12.8786,110.2450,+22.0653,1307.7177,677.6838
1168,0.52,5.2517,-0.5895,-7.4185,12.6702,116.3218,+19.1459,1108.9641,649.8019
1169,0.52,5.3581,+0.1350,-7.4934,12.8515,120.9017,+18.8479,1097.4810,667.2035
1170,0.52,4.4890,+0.0404,-7.4847,11.9737,132.1017,+18.0305,896.2966,628.8844
1171,0.54,4.9569,-0.3629,-7.4927,12.4497,145.3078,+25.2787,1215.8370,637.7437
1172,0.52,5.4365,-0.4676,-7.4671,12.9036,108.0804,+21.9660,1097.6353,667.3486
1173,0.53,4.9747,-0.1809,-7.4451,12.4198,106.8647,+19.6751,993.8034,637.7045
1174,0.52,5.2081,-0.0097,-7.4780,12.6860,117.8043,+20.7511,1042.8263,665.3723
1175,0.52,5.3220,-0.0639,-7.5068,12.8288,106.6311,+20.4182,1016.7325,667.2194
1176,0.53,5.1628,+0.0173,-7.4999,12.6626,93.1826,+23.6251,1146.8984,664.5049
1177,0.52,4.8958,+0.3894,-7.5148,12.4107,160.8233,+22.4936,1111.3185,650.8544
1178,0.53,4.8540,+0.5327,-7.5249,12.3789,126.3207,+22.9953,1227.9857,655.2377
1179,0.54,5.0462,+0.3757,-7.5192,12.5655,138.3634,+21.7114,1201.9402,676.6619
1180,0.50,4.9876,-0.3276,-7.4809,12.4685,95.2411,+20.4634,1051.7175,639.0919
1181,0.54,4.7818,-0.6647,-7.4980,12.2798,113.1510,+19.2533,1046.2893,631.7569
1182,0.53,4.8455,-0.1733,-7.4794,12.3249,101.8266,+18.6668,983.6954,632.9691
1183,0.52,4.7921,+0.1283,-7.5077,12.2998,93.9254,+20.8574,1047.1344,622.5568
1184,0.54,5.0963,+0.3540,-7.5123,12.6086,138.2681,+22.3651,1275.4246,656.9285
1185,0.51,5.5418,-0.5969,-7.4818,13.0236,123.0966,+25.1671,1400.5763,690.9003
1186,0.52,4.8705,-0.3892,-7.4977,12.3681,108.5688,+19.1589,980.3345,627.8000
1187,0.54,5.1896,+0.1762,-7.4711,12.6607,110.3300,+20.4311,1112.8596,642.7515
1188,0.51,6.0554,+0.4412,-7.4706,13.5259,197.9036,+21.3626,1200.4556,699.2292
1189,0.52,5.3008,+0.6479,-7.4952,12.7960,105.2797,+20.3172,974.0110,660.4263
1190,0.54,5.6464,+0.4279,-7.5098,13.1562,65.9152,+18.1351,932.6707,681.9994
1191,0.52,4.6842,-0.0951,-7.4962,12.1804,61.3638,+16.9999,779.2341,627.9810
1192,0.56,5.6344,+0.3703,-7.4906,13.1251,140.7218,+22.1883,1118.7083,685.6989
1193,0.54,4.3834,+0.3453,-7.4651,11.8485,57.1026,+16.6645,717.9149,587.2753
1194,0.51,4.5139,+0.4124,-7.4781,11.9920,69.0954,+18.7345,867.4578,611.7397
1195,0.49,4.2390,+0.2594,-7.4780,11.7170,139.2964,+19.1327,829.5830,598.3846
1196,0.53,4.5624,-0.1867,-7.4764,12.0388,95.3341,+19.1930,802.7039,605.0847
1197,0.51,5.0047,+0.0248,-7.5019,12.5066,77.1430,+23.1077,1031.5350,646.1715
1198,0.52,4.5905,+0.5687,-7.4857,12.0762,59.2407,+13.5410,697.8356,602.4857
1199,0.53,5.4322,+0.6614,-7.4796,12.9118,273.8708,+20.4980,1084.3008,673.0122
1200,0.51,4.8014,+0.9618,-7.4545,12.2559,120.5446,+15.4251,711.5807,621.5718
1201,0.50,4.6418,+0.2431,-7.4545,12.0963,50.2697,+17.7709,874.5262,605.8789
1202,0.53,4.9412,+0.0871,-7.4635,12.4047,86.2435,+19.4393,883.7373,634.6849
1203,0.53,4.5150,+0.3504,-7.4905,12.0055,63.4927,+20.7506,860.6076,618.2627
1204,0.53,4.4627,+0.0874,-7.4814,11.9441,55.7727,+21.2588,911.8253,605.3546
1205,0.52,5.1247,-0.8396,-7.4890,12.6137,113.6443,+21.0754,937.0780,643.9972
1206,0.54,4.5708,+0.4687,-7.5069,12.0777,95.5168,+20.2847,901.4816,597.2758
1207,0.53,4.7732,-0.1043,-7.4817,12.2549,40.3422,+18.4865,765.7301,608.5204
1208,0.54,4.7755,-0.3656,-7.5104,12.2859,53.2584,+18.0945,748.4360,607.6244
1209,0.52,4.3481,-0.6758,-7.4877,11.8358,54.0166,+14.9079,628.8289,574.1415
1210,0.53,4.3362,-0.4767,-7.4301,11.7662,66.7135,+14.5264,624.7463,582.0824
1211,0.52,4.0938,-0.1842,-7.4773,11.5710,49.7742,+14.6583,663.9263,562.6565
1212,0.53,4.6243,+0.1077,-7.4741,12.0984,66.8017,+16.4622,788.4698,594.3618
1213,0.51,4.4642,+0.2396,-7.5060,11.9702,52.6069,+16.3169,671.2279,591.0717
1214,0.53,4.8915,+0.5517,-7.5089,12.4004,51.7070,+7.8016,535.8627,606.3969
1215,0.51,4.6771,+0.8060,-7.4926,12.1697,189.2054,+20.6713,882.9102,616.4524
1216,0.52,3.8369,-0.1919,-7.4953,11.3322,27.3277,+18.8305,767.1125,571.8639
1217,0.50,5.2823,+0.0410,-7.5154,12.7977,63.6344,+3.1856,620.2580,646.9139
1218,0.52,4.4977,-0.1869,-7.5407,12.0384,155.5612,+21.6143,847.6361,605.8850
1219,0.54,3.7562,+0.0487,-7.5350,11.2912,53.6854,+17.1815,633.9264,561.0511
1220,0.53,3.9180,+0.5391,-7.5257,11.4437,95.1629,+18.6274,873.9781,569.1240
1221,0.54,4.9884,+0.1676,-7.4925,12.4809,182.5205,+20.3853,895.3671,636.2812
1222,0.54,5.6533,+0.9613,-7.5160,13.1693,328.8340,+22.2224,1058.7375,660.0919
1223,0.53,4.2864,+0.0083,-7.5090,11.7953,63.4046,+20.9578,998.3927,615.0364
1224,0.53,4.3750,-0.0079,-7.4935,11.8685,40.5618,+8.1419,485.2141,596.2844
1225,0.53,4.9284,+0.3895,-7.5149,12.4433,291.8542,+18.5959,706.5156,628.1884
1226,0.52,3.9561,-0.0887,-7.4817,11.4378,85.9451,+21.1998,846.0573,561.8600
1227,0.53,3.8015,+0.0559,-7.5000,11.3015,47.3218,+14.9704,701.3354,553.4391
1228,0.53,3.1771,-0.4796,-7.4871,10.6643,55.2213,+16.0005,680.3969,525.6218
1229,0.54,3.7277,+0.2266,-7.4849,11.2126,56.3136,+15.0377,662.3632,556.3870
1230,0.53,4.0095,+0.0501,-7.4642,11.4737,49.1453,+19.8636,836.8065,575.7159
1231,0.52,3.8744,-0.3675,-7.4579,11.3323,66.6759,+16.0413,841.9689,574.2665
1232,0.54,3.9180,-0.1269,-7.4810,11.3990,56.8642,+16.0702,734.8663,580.4053
1233,0.54,3.8630,-0.1797,-7.5117,11.3747,57.4246,+19.4905,919.9738,568.3513
1234,0.52,3.5857,+0.3129,-7.5283,11.1140,39.5401,+15.1055,640.2001,542.5194
1235,0.54,4.1111,+0.4229,-7.5046,11.6158,69.5831,+10.5942,694.2314,562.0854
1236,0.52,4.1796,+0.1782,-7.4868,11.6664,68.7652,+14.3573,688.6699,586.0063
1237,0.52,3.7134,-0.2872,-7.4660,11.1793,47.3426,+16.3728,623.0142,574.2682
1238,0.53,3.2787,+0.2448,-7.4731,10.7519,48.3856,+14.1682,578.7762,524.7136
1239,0.53,4.1264,-0.8985,-7.4786,11.6050,57.8495,+11.6626,632.6755,588.2709
1240,0.53,3.2016,-0.0874,-7.4958,10.6975,63.5391,+15.8572,666.8940,527.9326
1241,0.53,3.6712,+0.0998,-7.5127,11.1839,51.1010,+18.8601,749.8030,563.7200
1242,0.53,3.0317,+0.1490,-7.5160,10.5477,41.9095,+16.6644,605.2328,519.9731
1243,0.53,3.6640,-0.1061,-7.5371,11.2010,45.9832,+15.3760,627.4909,549.5641
1244,0.51,3.3978,+0.4251,-7.5215,10.9193,46.2873,+14.3842,681.6184,517.7355
1245,0.53,3.8221,-0.3599,-7.5269,11.3490,49.2449,+15.9986,774.4503,558.4223
1246,0.53,3.1160,-0.1313,-7.5323,10.6483,58.4387,+13.8858,645.5913,523.6365
1247,0.55,3.1176,+0.3701,-7.4966,10.6142,51.4871,+18.4485,805.8422,524.7393
1248,0.54,3.0591,+0.2495,-7.5073,10.5664,53.5410,+18.6403,803.5836,523.0300
1249,0.53,3.5966,+0.4200,-7.5175,11.1141,54.8388,+16.2964,843.2692,556.3622
1250,0.54,3.6523,+0.1252,-7.5401,11.1924,65.7819,+11.6071,856.9996,554.2339
1251,0.53,4.1603,-0.3387,-7.5478,11.7081,95.0303,+15.7154,850.5664,593.3766
1252,0.52,4.0881,-0.3435,-7.6146,11.7027,78.7598,+13.2623,808.0118,584.1249
1253,0.53,3.5916,-0.3097,-7.5686,11.1602,48.6821,+18.3313,714.6521,550.8836
1254,0.53,3.0298,-0.0685,-7.5419,10.5717,60.7301,+16.6259,648.6317,518.0419
1255,0.52,3.0683,-0.2949,-7.5827,10.6510,54.0628,+13.2682,581.0715,531.1368
1256,0.54,2.9701,-0.7952,-7.5888,10.5590,60.9061,+17.6689,698.4275,532.7570
1257,0.52,3.1561,-0.1249,-7.5634,10.7195,41.3140,+12.5079,534.8033,534.3147
1258,0.54,3.2401,-0.1185,-7.5109,10.7509,55.4105,+10.9184,488.5619,526.9067
1259,0.54,3.5249,-0.6256,-7.5189,11.0438,49.1578,+14.8197,692.5443,554.1380
1260,0.54,3.3880,+0.1608,-7.5363,10.9243,52.5228,+15.6391,656.6321,541.0719
1261,0.54,3.7419,+1.0782,-7.5513,11.2932,60.2316,+18.5362,885.2076,570.0139
1262,0.53,3.1681,+0.3252,-7.5360,10.7040,51.7343,+16.3292,671.0086,530.5972
1263,0.55,3.3897,-0.0707,-7.5505,10.9402,52.4531,+12.9476,609.5099,542.0755
1264,0.53,3.0855,+0.4478,-7.5327,10.6181,49.0890,+14.6533,592.0791,520.7133
1265,0.53,3.1719,-0.1605,-7.5384,10.7103,36.2829,+14.5249,533.8059,519.2322
1266,0.54,3.1937,+0.1299,-7.5001,10.6939,50.2966,+14.2761,563.0068,525.9051
1267,0.54,3.1426,-0.7446,-7.5100,10.6526,53.0716,+14.7152,748.3635,525.3361
1268,0.54,3.2119,-0.2494,-7.5223,10.7342,60.6255,+17.7919,815.1379,525.9088
1269,0.53,2.6696,+0.0504,-7.4960,10.1656,50.4364,+13.0999,522.8684,476.8360
1270,0.54,3.1103,+0.5778,-7.4707,10.5810,46.0682,+13.6982,593.5057,520.1746
1271,0.53,3.4471,-0.0907,-7.4918,10.9389,42.6397,+16.4376,640.3071,532.3894
1272,0.53,3.0755,+0.1763,-7.5042,10.5797,48.1844,+14.9495,570.1525,506.0778
1273,0.55,3.3508,-0.0965,-7.4980,10.8487,47.4952,+15.6842,603.2068,522.4696
1274,0.54,3.8951,-0.3773,-7.5201,11.4152,67.5681,+17.9796,778.8237,579.9368
1275,0.55,3.1571,-0.1274,-7.5135,10.6706,38.3736,+15.0091,628.5125,513.4854
1276,0.55,2.7541,+0.0941,-7.5185,10.2726,59.7502,+15.5612,616.5769,496.4009
1277,0.55,3.0121,+0.4262,-7.5486,10.5607,48.9101,+15.5043,656.7855,518.5017
1278,0.54,2.7765,-0.2362,-7.5759,10.3524,53.2924,+13.4856,586.6268,495.4030
1279,0.54,2.6764,+0.2154,-7.5491,10.2254,44.0007,+13.5608,550.4315,495.0550
1280,0.55,3.0763,-0.3161,-7.5448,10.6211,58.0925,+14.3511,745.9076,519.2860
1281,0.54,3.2477,-0.4106,-7.5334,10.7811,48.5944,+14.4632,614.7943,520.5071
1282,0.53,3.0680,-0.1631,-7.5035,10.5715,37.7427,+12.9709,561.7979,508.3661
1283,0.55,2.8741,-0.4221,-7.5091,10.3832,46.7346,+14.5989,549.9139,500.5652
1284,0.54,2.8582,+0.3847,-7.5140,10.3722,40.7452,+14.8952,625.7858,504.3421
1285,0.55,3.2941,+0.4227,-7.5151,10.8092,48.6958,+12.6940,605.4742,528.8146
1286,0.55,2.7965,-0.4338,-7.5118,10.3083,45.8127,+13.8019,585.1818,503.1072
1287,0.55,3.4042,-0.0947,-7.5531,10.9573,51.8032,+14.8634,742.8700,533.1548
1288,0.53,2.9548,+0.1120,-7.5473,10.5020,44.3739,+3.2026,482.3699,501.3198
1289,0.52,3.0560,-0.3381,-7.5210,10.5769,42.6617,+12.0572,516.8604,508.7435
1290,0.55,2.3677,-0.4171,-7.5085,9.8762,47.1177,+12.1752,484.6332,471.0703
1291,0.53,2.8128,+0.0978,-7.5210,10.3339,46.3318,+7.2380,452.8713,502.1438
1292,0.55,2.6997,-0.3631,-7.5214,10.2211,52.1710,+21.1008,800.0162,510.7548
1293,0.57,2.4682,+0.2112,-7.5418,10.0101,43.8532,+13.4124,497.7433,482.2991
1294,0.56,2.3452,-0.1795,-7.5385,9.8837,41.2694,+17.0954,630.6239,475.8989
1295,0.55,2.2394,+0.0033,-7.5486,9.7880,42.7754,+12.5758,477.7505,477.8855
1296,0.54,2.2044,-0.2882,-7.5121,9.7165,49.5994,+13.5294,569.1014,472.8291
1297,0.58,2.4632,-0.0219,-7.5237,9.9869,50.6955,+17.2692,705.6705,496.2236
1298,0.56,2.7075,+0.5669,-7.5075,10.2150,37.9469,+10.8408,518.7529,493.2649
1299,0.57,2.9205,-0.1707,-7.5310,10.4515,42.3817,+18.0321,763.5081,514.5662
1300,0.56,2.4811,-0.0221,-7.5605,10.0416,52.4435,+19.5538,829.8525,495.0189
1301,0.55,2.3646,+0.0156,-7.5823,9.9470,58.2133,+15.9884,758.4769,504.7826
1302,0.56,2.5320,-0.2235,-7.5449,10.0769,53.8618,+13.2577,707.9824,512.8143
1303,0.55,2.8548,-0.3813,-7.5312,10.3861,60.3641,+13.7583,733.3542,520.3300
1304,0.55,2.5782,-0.4975,-7.5426,10.1208,77.5372,+11.7513,770.0182,501.1404
1305,0.55,2.6256,+0.2218,-7.5241,10.1498,52.1409,+10.8441,628.7928,495.2696
1306,0.58,2.5223,-0.3791,-7.5305,10.0528,49.2785,+11.4604,509.6042,486.2196
1307,0.57,2.4386,-0.3661,-7.5146,9.9532,69.3984,+18.7848,753.1862,483.0678
1308,0.53,2.7864,-0.3926,-7.5310,10.3174,50.7984,+16.0402,606.5940,498.7480
1309,0.54,3.0503,-0.0529,-7.5315,10.5818,75.6833,+17.1641,804.3495,526.1917
1310,0.54,2.8919,+0.4691,-7.5463,10.4381,55.9211,+13.0946,713.1848,517.9462
1311,0.55,2.3776,+0.0647,-7.5372,9.9148,50.5160,+12.4777,509.6151,481.2762
1312,0.54,2.8464,+0.1927,-7.5692,10.4156,91.1316,+15.7726,702.6022,518.7679
1313,0.55,2.6760,-0.0960,-7.5776,10.2536,46.6971,+13.7677,621.1627,512.6979
1314,0.54,2.4547,+0.1267,-7.5824,10.0371,66.2766,+18.4090,746.3399,499.9410
1315,0.53,1.9628,-0.2618,-7.5483,9.5111,43.4205,+15.4222,591.7137,456.1766
1316,0.56,2.1562,+0.1738,-7.5667,9.7228,52.8160,+13.2881,563.8458,467.6974
1317,0.54,2.7031,+0.1809,-7.5578,10.2609,52.9525,+15.0802,599.4316,504.5172
1318,0.56,2.6585,+0.0722,-7.5653,10.2238,65.4391,+16.8285,747.8456,512.3140
1319,0.54,2.7711,-0.3571,-7.5526,10.3237,50.8227,+13.8928,710.4740,513.5909
1320,0.54,2.3490,-0.0722,-7.5675,9.9165,63.8603,+11.5607,529.8543,486.0342
1321,0.55,2.3319,+0.3898,-7.5644,9.8962,57.8901,+10.7195,538.7573,475.3893
1322,0.56,2.0088,+0.4475,-7.5592,9.5680,49.2150,+13.0320,467.8645,467.1859
1323,0.55,2.3866,+0.1974,-7.5369,9.9235,71.9064,+15.8533,571.2014,489.2318
1324,0.54,2.3374,+0.0945,-7.5327,9.8701,46.2646,+14.9922,500.2807,485.2479
1325,0.57,2.1070,+0.2792,-7.5642,9.6712,40.7850,+13.8425,480.2285,459.1736
1326,0.57,2.2367,+0.1174,-7.5422,9.7788,46.3855,+10.5264,409.3489,458.5842
1327,0.56,2.3504,-0.1711,-7.5327,9.8831,24.0660,+13.9452,422.4070,469.2065
1328,0.56,2.0637,-0.2496,-7.5867,9.6504,33.5992,+14.8206,495.7608,460.7172
1329,0.55,1.6178,+0.2364,-7.5908,9.2086,43.2292,+11.0700,448.7642,430.7772
1330,0.55,2.2456,+0.1839,-7.6053,9.8509,42.9861,+15.7798,531.4011,467.2416
1331,0.57,1.9344,-0.4131,-7.5670,9.5014,47.9607,+12.8399,580.1733,447.2179
1332,0.55,2.4969,-0.0611,-7.5745,10.0714,57.8441,+13.0082,509.3856,483.6660
1333,0.56,2.2877,-0.2069,-7.5930,9.8807,39.5702,+12.7084,582.5021,471.3529
1334,0.57,2.1072,+0.3299,-7.5610,9.6682,45.0266,+13.6371,586.7987,453.0497
1335,0.56,2.5768,-0.2618,-7.5781,10.1549,43.9152,+11.4557,570.2368,479.9565
1336,0.55,2.2932,-0.5952,-7.5579,9.8511,44.0909,+8.4987,487.5197,468.7038
1337,0.56,2.5970,+0.6837,-7.5335,10.1306,63.1885,+11.3619,661.7759,487.4870
1338,0.54,2.6353,-0.1822,-7.5352,10.1705,65.8049,+12.9591,746.4169,490.4262
1339,0.56,2.6586,+0.0149,-7.5562,10.2149,43.3511,+12.2434,587.7277,492.1985
1340,0.54,1.6412,-0.2695,-7.5879,9.2291,63.4118,+12.5679,495.6910,430.8839
1341,0.56,2.2051,+0.7984,-7.5702,9.7754,35.4382,+12.0220,467.2830,459.6137
1342,0.55,2.0210,+0.6111,-7.5549,9.5759,37.9002,+12.7940,478.3890,454.2444
1343,0.57,1.8255,+0.2664,-7.6020,9.4274,40.4212,+13.0156,412.4432,441.1523
1344,0.54,2.1647,+0.1094,-7.5846,9.7492,48.7230,+9.5819,493.1724,462.5866
1345,0.54,2.3574,+0.4180,-7.5673,9.9247,58.4534,+11.3353,570.9705,470.1224
1346,0.55,2.0542,+0.9407,-7.5577,9.6120,50.2587,+18.5863,721.6171,463.1763
1347,0.57,2.1942,-0.3251,-7.5698,9.7640,64.2755,+12.4672,679.3026,455.7768
1348,0.55,2.5528,+0.2272,-7.5755,10.1283,51.9024,+14.2731,555.1559,487.3536
1349,0.55,2.6837,-0.2220,-7.5893,10.2731,65.9374,+15.7712,669.1224,491.3704
1350,0.56,2.5843,-0.6165,-7.5855,10.1698,46.5823,+14.6539,576.5900,495.2017
1351,0.55,1.7859,+0.0804,-7.5926,9.3786,42.1447,+12.8762,551.1040,447.3047
1352,0.56,2.2467,-0.2282,-7.5968,9.8435,56.3693,+14.1002,587.8095,475.0301
1353,0.54,2.4148,-0.7213,-7.6009,10.0157,51.9384,+15.0101,664.2487,499.4946
1354,0.56,1.2757,-0.0146,-7.6255,8.9012,48.4784,+13.8125,523.0207,426.0833
1355,0.57,1.9792,+0.1080,-7.6295,9.6086,41.6859,+13.9935,510.0768,460.5794
1356,0.54,2.4764,-0.3806,-7.6032,10.0796,56.1419,+14.6604,649.5792,485.8379
1357,0.54,2.3538,+0.5382,-7.5906,9.9444,44.4500,+14.0838,583.2089,484.8347
1358,0.56,2.2108,+0.0927,-7.5812,9.7920,59.8755,+13.5605,590.4688,485.5419
1359,0.56,2.3281,-0.4173,-7.5804,9.9085,49.8557,+9.6760,491.5292,483.4539
1360,0.54,2.6793,-0.1181,-7.5862,10.2655,52.1010,+15.2122,577.1414,512.1033
1361,0.55,2.3177,+0.1521,-7.5744,9.8921,43.7556,+12.2780,496.8543,485.3050
1362,0.54,2.2659,-0.2642,-7.5564,9.8223,46.6081,+12.6479,455.1075,472.4364
1363,0.55,2.1717,+0.3114,-7.5021,9.6739,45.4121,+11.3020,411.6556,463.1166
1364,0.53,2.4235,-0.3940,-7.5469,9.9704,61.3898,+13.6091,535.5372,482.8929
1365,0.53,2.6566,+0.3257,-7.5358,10.1924,53.0525,+17.3759,608.7700,505.0905
1366,0.54,1.8547,+0.4083,-7.5389,9.3936,48.7421,+14.7542,603.3433,461.8090
1367,0.55,1.7234,+0.5220,-7.5387,9.2622,64.8994,+12.3498,492.4837,441.7061
1368,0.54,1.6004,+0.7606,-7.5690,9.1693,52.6745,+14.7708,618.8481,436.0406
1369,0.55,3.1345,+0.5917,-7.5897,10.7242,74.3342,+8.6993,678.1134,527.4656
1370,0.54,2.2645,+0.4843,-7.5711,9.8355,50.1889,+15.5781,672.1964,481.8432
1371,0.56,2.3792,+0.4253,-7.5614,9.9406,36.1709,+6.4741,483.4329,485.7011
1372,0.55,2.0819,-0.3559,-7.5300,9.6119,43.9699,+10.3256,551.9283,462.1046
1373,0.55,2.6641,+0.2785,-7.5425,10.2066,53.4879,+9.2023,571.2756,494.1592
1374,0.54,2.0038,-0.0077,-7.5384,9.5422,68.3131,+11.3117,613.9415,473.1866
1375,0.55,2.3555,-0.6631,-7.5556,9.9111,69.2072,+11.7954,616.5407,498.9172
1376,0.55,1.2591,-0.1287,-7.5578,8.8169,62.0956,+10.5347,403.5532,440.9877
1377,0.57,2.5590,+0.0850,-7.5939,10.1529,48.4700,+11.9889,541.5791,502.5732
1378,0.56,2.6383,-0.3287,-7.5956,10.2338,51.9066,+6.4265,449.6699,499.8512
1379,0.57,1.6053,+0.1439,-7.5797,9.1850,131.2382,+11.1637,527.2194,442.7895
1380,0.56,2.2281,+0.5889,-7.5967,9.8247,44.7491,+10.9271,437.1635,471.2480
1381,0.56,1.5724,+0.1641,-7.6015,9.1739,48.1840,+14.3977,525.6448,439.0375
1382,0.58,2.0636,+0.0989,-7.6001,9.6638,45.7468,+5.9055,473.0388,472.6569
1383,0.54,2.1351,+0.3327,-7.6303,9.7654,37.5824,+19.7687,741.0753,501.3053
1384,0.55,2.2238,+0.3940,-7.6128,9.8366,50.0718,+8.5410,534.7394,493.8893
1385,0.57,1.4526,-0.1217,-7.5817,9.0343,49.7535,+14.8525,601.0166,448.3165
1386,0.57,1.9232,+0.2126,-7.5947,9.5179,56.0619,+7.9726,470.1839,469.0025
1387,0.56,1.7085,-0.1225,-7.5957,9.3042,43.9964,+14.8859,539.4146,460.9064
1388,0.56,1.9284,+0.2140,-7.5557,9.4841,52.5502,+10.5501,468.3459,472.5306
1389,0.54,1.1623,-0.4862,-7.5270,8.6893,60.4160,+15.4866,677.5041,431.4804
1390,0.57,1.8178,-0.3386,-7.5293,9.3472,57.6395,+15.2989,726.8710,472.0947
1391,0.55,1.4107,-0.2207,-7.5412,8.9518,62.0050,+15.1844,642.5762,448.9841
1392,0.54,2.0810,-0.6414,-7.5263,9.6074,52.6588,+14.1350,623.0842,482.4994
1393,0.55,2.1772,-0.3547,-7.5481,9.7253,43.6549,+16.1665,632.8528,490.7545
1394,0.56,2.3680,-0.2570,-7.5844,9.9524,71.0983,+9.8911,592.6378,485.8006
1395,0.57,1.9158,-0.1274,-7.5683,9.4841,47.1623,+11.9240,487.4230,463.8079
1396,0.57,1.8182,-0.0856,-7.5715,9.3897,33.1639,+11.3702,456.1548,446.9242
1397,0.56,1.6746,+0.5031,-7.5690,9.2436,37.3038,+12.1079,449.1143,442.1115
1398,0.57,1.6507,+0.5236,-7.5732,9.2238,28.2071,+11.9062,388.3467,451.7858
1399,0.56,1.7067,+0.2584,-7.5411,9.2479,48.8321,+13.3370,506.8346,460.1170
1400,0.56,1.7622,+0.3350,-7.5661,9.3283,22.6796,+8.3654,343.9796,456.4763
1401,0.51,1.8077,-0.0720,-7.5840,9.3917,38.6531,+17.2729,595.5320,463.5297
1402,0.53,1.8076,-0.2012,-7.5294,9.3370,37.9496,+8.9103,380.1956,442.7232
1403,0.52,1.4365,+0.1361,-7.5216,8.9580,39.3230,+12.8366,466.1460,416.0170
1404,0.54,1.0544,-0.0937,-7.5339,8.5884,16.0465,+12.7409,473.4456,397.8904
1405,0.52,2.0044,+0.6271,-7.5253,9.5297,35.1646,+2.3768,447.6260,437.6140
1406,0.54,1.6690,+0.2652,-7.5419,9.2109,11.8522,+18.3336,526.4080,431.4540
1407,0.52,2.2653,-0.2559,-7.5478,9.8130,25.3331,+3.7045,464.0308,463.6876
1408,0.53,1.9206,-0.0664,-7.5737,9.4943,26.2735,+23.1963,892.7488,459.5013
1409,0.52,3.3420,+0.0862,-7.5747,10.9166,43.5348,+6.2727,720.9619,542.5064
1410,0.51,2.2380,-0.0361,-7.5909,9.8290,40.9984,+11.8935,559.0924,478.1957
1411,0.51,2.4593,+0.1511,-7.5319,9.9912,39.5995,+16.0497,714.8815,502.1876
1412,0.51,1.9842,-0.3341,-7.5412,9.5254,51.8979,+11.9839,558.2419,460.1331
1413,0.51,1.5028,-0.2252,-7.5230,9.0258,43.2239,+11.1717,380.7625,422.3889
1414,0.51,1.7669,-0.0820,-7.5444,9.3113,23.0653,+1.0990,275.8541,428.7614
1415,0.53,1.6637,-0.1046,-7.5417,9.2054,15.8888,+23.1590,713.2250,450.3115
1416,0.52,1.8339,-0.2290,-7.5596,9.3935,12.6177,+2.2747,367.1709,437.6809
1417,0.52,2.5001,+0.1907,-7.5403,10.0404,14.8785,+19.3797,648.3328,496.8962
1418,0.51,2.8918,-0.3113,-7.5285,10.4204,27.6012,+12.3570,716.8057,507.8183
1419,0.52,2.6243,-0.2172,-7.5464,10.1707,41.4069,+7.6550,575.3441,504.4460
1420,0.52,1.1465,-0.6226,-7.5624,8.7088,24.9545,+11.8107,447.7626,410.3145
1421,0.51,2.9054,-0.2020,-7.5242,10.4296,37.2409,+12.1693,705.3763,516.3506
1422,0.51,1.6219,+0.2661,-7.5374,9.1593,31.9343,+11.8049,501.7840,435.9382
1423,0.52,1.7398,+0.1733,-7.5291,9.2689,44.0468,+11.4368,634.3029,456.8320
1424,0.53,1.3519,+0.2925,-7.5912,8.9431,69.4040,+10.1589,465.8449,443.9763
1425,0.53,1.3031,-0.0274,-7.6017,8.9048,23.0000,+12.2503,505.4966,438.7445
1426,0.53,2.3048,+0.2493,-7.5916,9.8964,40.9109,+19.8254,800.5620,494.7969
1427,0.52,1.3249,-0.1645,-7.5878,8.9127,14.2912,+6.7287,425.3288,424.8343
1428,0.52,1.5315,+0.1395,-7.6232,9.1547,21.2190,+19.3149,684.4053,449.9329
1429,0.53,1.1768,-0.3975,-7.6159,8.7927,22.7846,+11.1072,378.1374,432.7375
1430,0.53,2.2157,-0.0496,-7.6042,9.8199,35.0799,+17.8164,860.5035,496.3740
1431,0.52,1.6825,+0.1546,-7.6070,9.2895,16.6612,+16.0166,611.5669,461.4278
1432,0.53,1.5377,+0.6133,-7.6112,9.1489,19.1758,+9.2513,414.0694,448.0967
1433,0.53,2.1447,+0.4469,-7.6052,9.7499,13.0003,+17.9521,715.4509,493.3087
1434,0.53,1.8052,+0.1646,-7.6171,9.4223,19.9741,+13.5217,517.2688,451.4602
1435,0.51,1.1060,-0.1202,-7.6204,8.7264,20.1595,+7.6451,424.6784,408.7506
1436,0.52,1.5877,-0.4529,-7.6016,9.1893,18.5252,+13.4116,519.7429,453.6048
1437,0.53,1.2728,+0.3080,-7.6294,8.9022,12.1832,+10.8988,431.6022,432.4374
1438,0.53,0.8733,-0.4322,-7.6177,8.4909,12.4057,+11.5604,346.7429,404.7960
1439,0.52,1.3755,-0.3360,-7.6415,9.0170,15.6386,+5.7104,386.6284,416.4178
1440,0.53,2.7723,-0.0717,-7.6439,10.4161,21.3263,+24.2644,907.1321,524.9028
1441,0.53,1.1974,+0.2434,-7.6975,8.8949,13.8063,+6.2310,311.9883,408.9284
1442,0.53,1.3629,+0.1652,-7.7025,9.0653,16.6258,+16.8394,603.6851,439.4500
1443,0.53,1.2044,-0.0303,-7.6701,8.8745,15.7944,+6.0174,367.9899,408.4068
1444,0.54,0.7866,+0.5611,-7.6786,8.4652,11.6468,+14.2839,439.0498,394.0898
1445,0.54,1.5144,-0.0790,-7.6828,9.1972,14.3648,+4.9259,487.8119,430.0010
1446,0.54,1.0339,-0.1423,-7.6827,8.7166,11.3561,+17.6670,586.1439,408.7878
1447,0.53,1.1827,-0.6874,-7.6754,8.8580,11.1307,-1.4523,465.3460,402.4808
1448,0.52,1.0784,+0.2907,-7.6709,8.7493,14.0076,+17.2962,518.0010,415.9308
1449,0.54,0.7071,+0.0365,-7.6877,8.3947,15.9663,-0.4497,333.3237,367.4291
1450,0.55,1.1118,+0.0299,-7.6524,8.7641,7.9016,+19.0750,540.0035,415.5298
1451,0.52,1.7732,+0.2382,-7.6451,9.4183,21.4800,-4.6956,450.8286,417.0135
1452,0.54,0.8503,+0.0605,-7.6731,8.5234,15.1489,+12.9455,485.0916,401.1226
1453,0.55,0.4751,+0.0719,-7.6633,8.1384,14.9657,+13.8970,485.5343,379.0237
1454,0.53,0.8060,-0.0643,-7.6820,8.4880,17.6982,+8.8876,363.8713,391.3681
1455,0.53,1.0553,+0.1110,-7.6889,8.7442,15.3768,+10.5976,460.6420,408.7048
1456,0.54,0.9857,-0.1979,-7.6736,8.6593,17.5725,+16.6883,517.4926,415.2822
1457,0.55,1.5325,+0.4803,-7.6740,9.2064,15.3621,+8.0559,478.6066,447.7148
1458,0.52,0.6240,-0.3579,-7.6637,8.2877,11.1730,+12.6008,406.1303,390.2012
1459,0.53,0.8948,+0.0508,-7.6861,8.5809,24.9476,+5.9979,295.5237,403.1231
1460,0.54,0.8219,+0.0278,-7.6954,8.5173,19.6162,+7.4985,309.9786,392.5876
1461,0.54,0.9615,-0.3004,-7.7044,8.6659,26.3761,+16.0049,496.2704,409.1626
1462,0.54,1.0249,-0.4576,-7.7007,8.7255,21.3797,+4.1945,356.2575,395.6000
1463,0.54,0.7824,-0.1858,-7.6899,8.4723,10.3717,+20.1126,564.3803,400.5764
1464,0.55,1.3190,+0.0453,-7.6568,8.9757,11.2104,+4.5752,278.2827,419.2963
1465,0.54,1.5465,+0.0447,-7.6764,9.2228,16.4374,+25.4525,869.8946,464.0197
1466,0.53,0.7663,-0.1201,-7.6908,8.4571,13.0434,+1.2454,312.4121,383.3610
1467,0.55,0.6969,+0.2344,-7.7069,8.4038,19.6628,+18.9399,740.3290,417.8356
1468,0.52,1.2654,-0.4646,-7.7065,8.9720,17.4227,-0.8538,265.0427,422.2821
1469,0.54,1.0282,+0.2770,-7.7051,8.7333,10.2217,+25.6314,814.2719,441.2910
1470,0.54,1.0873,-0.0666,-7.6939,8.7812,56.5383,+1.5048,427.2211,401.5502
1471,0.55,0.6129,+0.1005,-7.6866,8.2995,25.2806,+10.0809,398.0131,380.7567
1472,0.53,0.2085,-0.0243,-7.6906,7.8991,19.6090,+10.5413,365.9053,362.6505
1473,0.54,0.9565,+0.0093,-7.6805,8.6370,24.4228,+17.1879,542.3072,414.7426
1474,0.54,0.8748,-0.1084,-7.6891,8.5639,21.6509,+4.4090,356.6214,403.2329
1475,0.54,0.9959,-0.4004,-7.6400,8.6360,14.9637,+18.8531,527.1032,416.3601
1476,0.55,0.5363,+0.1570,-7.6531,8.1894,35.2314,+9.5435,414.0139,379.7008
1477,0.54,0.6544,+0.2096,-7.6993,8.3537,10.2041,+9.9226,263.0475,390.7540
1478,0.53,0.7131,+0.3833,-7.6781,8.3912,10.5887,+7.8329,290.8050,395.1841
1479,0.53,1.3381,+0.2502,-7.6769,9.0150,18.1048,+17.5334,496.5681,451.2697
1480,0.54,1.2811,+0.2891,-7.6855,8.9666,32.2609,+6.6660,443.1591,431.8087
1481,0.53,0.9885,-0.2667,-7.7257,8.7142,19.2118,+11.1195,370.6201,425.9096
1482,0.52,0.8733,+0.5498,-7.7305,8.6038,13.7965,+3.3651,423.2431,407.1250
1483,0.52,0.9908,+0.0859,-7.7241,8.7148,20.0176,+12.6176,447.2985,416.3850
1484,0.53,0.4541,+0.2503,-7.7588,8.2129,15.4205,+9.9685,388.6200,377.2766
1485,0.53,1.2139,+0.1853,-7.7342,8.9481,10.9604,+7.5869,431.3004,428.5441
1486,0.54,0.6544,-0.0483,-7.7433,8.3977,11.4453,+8.9151,329.1498,386.5021
1487,0.54,-0.0743,+0.1891,-7.7454,7.6711,37.1056,+8.4555,388.7296,344.0596
1488,0.52,-0.1192,+0.0444,-7.7284,7.6093,14.0081,+4.5202,289.4489,325.6708
1489,0.54,0.2333,+0.4357,-7.7248,7.9580,12.9882,+15.6379,457.3669,375.1812
1490,0.56,0.9962,+0.3081,-7.7399,8.7362,26.4972,+19.4284,673.4808,433.0799
1491,0.54,0.1989,-0.2196,-7.7709,7.9699,10.3987,+6.3225,252.8311,372.0520
1492,0.57,0.9451,+0.2129,-7.7475,8.6926,14.1917,+19.9042,626.7518,420.1755
1493,0.54,0.8162,+0.1504,-7.7446,8.5609,45.1111,+6.1985,439.3751,399.6342
1494,0.56,0.3118,+0.1826,-7.7633,8.0751,14.3143,+17.4990,491.3735,380.0193
1495,0.55,0.7419,+0.2650,-7.7662,8.5082,15.0815,-0.1255,341.6306,381.4226
1496,0.55,0.0717,-0.1395,-7.7671,7.8387,10.6121,+11.8500,380.5588,357.5292
1497,0.53,0.3765,-0.0465,-7.7564,8.1329,14.6432,+8.3661,358.6481,367.6708
1498,0.55,0.4136,-0.2139,-7.7748,8.1884,7.0808,+19.2469,513.9935,396.7449
1499,0.57,0.5835,-0.2479,-7.7705,8.3540,10.1247,+6.4985,283.3594,377.6149
1500,0.54,0.3181,+0.0851,-7.7783,8.0963,11.6396,+13.3182,454.3344,382.9243
1501,0.54,0.2138,-0.2742,-7.7666,7.9804,10.0269,+11.0712,386.5516,370.8428
1502,0.54,0.4098,-0.0681,-7.7886,8.1983,11.1101,+12.5035,399.1347,389.2376
1503,0.54,0.2963,+0.0379,-7.7694,8.0658,14.0018,+12.0656,518.1096,371.9840
1504,0.53,0.7926,+0.0756,-7.7609,8.5535,35.1924,+6.2907,504.9902,387.7005
1505,0.53,1.3611,+0.3733,-7.7572,9.1183,30.6842,+16.7925,621.1725,435.1490
1506,0.54,0.6036,-0.0758,-7.7420,8.3457,25.8629,+3.3300,285.3817,383.0248
1507,0.53,0.8050,-0.0059,-7.7404,8.5454,66.3819,+10.7853,524.2340,409.1989
1508,0.55,0.9139,+0.1689,-7.7220,8.6358,49.6156,+6.7599,435.9361,406.7416
1509,0.54,0.9168,-0.2606,-7.7315,8.6483,97.7951,+14.1208,621.6610,410.4468
1510,0.53,0.5123,+0.2659,-7.7245,8.2368,27.4181,+13.0684,440.5878,386.4385
1511,0.53,0.3838,-0.4544,-7.7351,8.1189,40.6866,+9.6719,402.2368,372.4529
1512,0.53,0.4481,-0.3948,-7.7407,8.1888,50.6036,+8.5636,400.5250,378.7138
1513,0.55,0.2274,-0.0736,-7.7332,7.9606,30.9847,+8.0664,332.0505,369.4900
1514,0.56,0.1464,+0.0815,-7.7446,7.8910,18.0590,+8.0268,276.2811,358.0244
1515,0.53,0.2899,-0.0572,-7.7346,8.0246,38.3831,+10.1165,389.1488,370.6331
1516,0.52,0.3688,-0.0725,-7.7164,8.0853,27.3455,+9.8131,371.7249,380.0462
1517,0.53,0.6507,+0.2147,-7.7714,8.4221,37.6574,+12.1586,527.4808,405.4716
1518,0.53,0.1971,+0.0503,-7.7746,7.9717,32.6546,+8.8588,397.9234,377.8534
1519,0.53,0.2470,+0.0305,-7.7739,8.0209,21.3401,+7.7034,414.2438,366.5731
1520,0.52,0.7846,-0.0110,-7.7524,8.5370,31.1507,+9.0212,497.2134,413.5574
1521,0.52,0.6648,-0.3145,-7.7466,8.4113,41.6206,+0.8328,358.8500,385.3489
1522,0.56,0.2247,-0.0207,-7.7657,7.9903,38.7754,+9.2818,424.4252,375.8725
1523,0.55,-0.0893,+0.4111,-7.7430,7.6537,51.1551,+6.5529,417.6298,351.3703
1524,0.52,0.6051,-0.1179,-7.7380,8.3431,40.4174,+12.8272,460.8876,399.2436
1525,0.53,0.9325,-0.2649,-7.7483,8.6808,69.3895,+11.0265,552.8552,425.8842
1526,0.53,0.6713,-0.2151,-7.7311,8.4024,65.5614,+10.8804,544.2265,404.3943
1527,0.54,0.0722,-0.1122,-7.7444,7.8166,43.9856,+8.2320,367.9431,356.0590
1528,0.56,0.1383,-0.0097,-7.7395,7.8778,38.1824,+10.0608,385.0646,376.1235
1529,0.54,0.1928,-0.0677,-7.7346,7.9274,50.9128,+5.4306,323.0310,380.0918
1530,0.53,0.3847,-0.2075,-7.7294,8.1141,49.1140,+8.2806,431.9861,388.9250
1531,0.54,0.3759,+0.2887,-7.7529,8.1288,69.7076,+10.7929,444.7038,383.0564
1532,0.56,0.5667,-0.4531,-7.7407,8.3074,58.9211,+8.0969,481.2208,387.3658
1533,0.53,-0.0387,-0.4206,-7.7442,7.7055,20.3916,+6.6799,305.5025,347.8464
1534,0.54,-0.1392,-0.2311,-7.7277,7.5885,44.0147,+5.3000,318.5642,336.7722
1535,0.54,0.2501,+0.3203,-7.7224,7.9725,13.7177,+13.1180,426.2586,370.0475
1536,0.52,0.2134,-0.3646,-7.7479,7.9613,22.1333,+6.7653,293.9850,362.2274
1537,0.53,0.9019,-0.5432,-7.7716,8.6735,32.2927,+15.7490,597.4477,418.8141
1538,0.55,0.0156,+0.2089,-7.7700,7.7856,30.6547,+5.8056,332.2114,348.9128
1539,0.53,-0.0191,+0.3333,-7.7511,7.7320,29.6709,+8.3629,354.7528,348.5043
1540,0.55,0.7754,-0.1769,-7.7694,8.5448,52.8037,+11.7569,417.1198,406.1127
1541,0.54,-0.2170,+0.1168,-7.7688,7.5518,22.4075,+11.7082,311.8847,335.8065
1542,0.52,0.3733,-0.0564,-7.7444,8.1177,54.0569,+6.2914,336.9533,367.5693
1543,0.54,0.1749,-0.0038,-7.7735,7.9483,51.4551,+7.1356,294.1852,356.7966
1544,0.53,-0.0028,+0.6070,-7.7660,7.7631,16.3391,+7.8078,256.9646,346.3400
1545,0.56,0.4381,+0.0994,-7.7747,8.2128,32.7840,+5.5861,295.7156,369.8360
1546,0.53,0.0459,-0.2687,-7.7696,7.8155,7.4309,+10.8065,277.4524,354.2419
1547,0.53,0.1931,+0.2529,-7.7672,7.9603,9.9937,+2.5176,258.1041,346.5643
1548,0.54,-0.0299,+0.0777,-7.7668,7.7368,10.5718,+12.8155,307.1614,351.9164
1549,0.53,0.5327,+0.6934,-7.7700,8.3026,17.4779,-4.7087,243.2750,362.8914
1550,0.54,0.5412,-0.3764,-7.7749,8.3160,21.1926,+21.5409,714.9591,408.1054
1551,0.54,1.0084,-0.1417,-7.7751,8.7835,37.6468,+1.0516,322.6497,411.8634
1552,0.56,-0.3745,+0.0565,-7.7721,7.3976,17.6364,+14.8847,363.5977,345.6569
1553,0.55,0.2407,-0.0994,-7.7907,8.0314,15.3129,+5.3519,311.5978,370.9140
1554,0.54,-0.1343,-0.1738,-7.8029,7.6686,22.5190,+15.4233,399.2487,360.8159
1555,0.56,-0.2549,-0.0951,-7.8042,7.5493,12.1305,+5.6083,285.3826,348.6016
1556,0.54,-0.1698,+0.0307,-7.8155,7.6457,33.7512,+20.3924,550.4543,361.4514
1557,0.54,0.4392,+0.0334,-7.8118,8.2510,19.4495,+1.5014,344.1603,371.3237
1558,0.54,-0.0982,+0.0527,-7.8051,7.7069,5.8526,+17.0144,395.0881,361.9661
1559,0.55,0.7204,+0.4459,-7.7821,8.5025,12.0544,-4.9786,423.7679,387.5817
1560,0.54,0.1561,+0.3060,-7.7840,7.9401,8.3874,+16.7210,402.7911,371.4553
1561,0.56,0.7182,-0.0585,-7.7976,8.5158,8.2534,-4.2201,256.0974,378.8727
1562,0.55,0.2891,+0.0083,-7.7909,8.0799,9.8174,+16.5555,475.6471,381.9229
1563,0.55,0.2183,+0.5404,-7.8101,8.0284,10.7065,+1.6110,305.5710,369.8216
1564,0.56,0.1256,+0.1055,-7.7733,7.8989,7.8627,+15.1534,465.7597,380.5201
1565,0.57,-0.0968,+0.5311,-7.7853,7.6885,10.3103,+7.2809,338.1785,362.0848
1566,0.55,-0.1316,+0.1123,-7.7856,7.6539,12.5634,+14.6610,437.2847,371.7654
1567,0.56,0.1789,-0.0531,-7.7958,7.9747,12.9004,+8.6621,319.3772,372.9734
1568,0.53,-0.1982,-0.1909,-7.7953,7.5972,13.3610,+2.7047,212.1607,346.8915
1569,0.56,-0.3329,-0.3543,-7.7918,7.4589,9.6823,+13.9540,354.5961,339.2655
1570,0.56,-0.2918,-0.2136,-7.7877,7.4958,15.7003,+10.8973,387.4043,341.0763
1571,0.55,0.0029,+0.0497,-7.8040,7.8069,11.9375,+4.5617,263.3391,362.3841
1572,0.55,0.0137,-0.7325,-7.8180,7.8317,12.6701,+8.8942,296.0459,360.3568
1573,0.56,-0.2373,+0.1858,-7.8154,7.5781,12.5186,+9.3335,298.4830,345.7243
1574,0.56,-0.3129,-0.1235,-7.8066,7.4937,14.9977,+3.2442,230.1230,321.9425
1575,0.55,-0.6265,-0.2856,-7.8093,7.1828,9.4671,+9.3299,248.6729,322.3613
1576,0.54,0.3017,-0.2337,-7.8403,8.1420,13.5882,+18.0531,616.3109,396.7621
1577,0.55,-0.2543,+0.0747,-7.8249,7.5706,15.1726,+8.3879,376.0060,353.5060
1578,0.54,-0.8341,-0.3748,-7.7968,6.9627,14.6744,+9.5187,259.5326,318.1049
1579,0.56,-0.2339,+0.0861,-7.8180,7.5841,9.2244,+5.5982,194.4244,344.8436
1580,0.53,-0.2717,+0.0223,-7.8322,7.5606,7.9471,+7.8444,204.9043,351.1871
1581,0.55,-0.3409,+0.0055,-7.8446,7.5037,9.0855,+13.1016,320.4198,328.3760
1582,0.55,-0.3968,+0.0140,-7.8393,7.4425,8.8352,+4.3935,233.4142,324.7112
1583,0.56,-0.0721,-0.3146,-7.8267,7.7546,21.5114,+7.4852,256.4296,342.7014
1584,0.55,-0.5112,-0.2764,-7.8049,7.2937,14.3073,+12.1065,326.8105,334.8769
1585,0.56,-0.0699,-0.7004,-7.7857,7.7158,24.5245,+2.9417,267.3844,351.8954
1586,0.55,-0.4214,+0.0550,-7.8018,7.3804,6.4269,+14.1061,339.7590,338.6684
1587,0.55,0.3026,-0.1068,-7.7938,8.0964,8.7805,+0.1560,299.0703,368.2370
1588,0.55,-0.5521,+0.1041,-7.8310,7.2789,9.7851,+15.3814,354.8795,334.8170
1589,0.55,-0.4108,+0.0136,-7.7932,7.3825,19.9458,+2.5553,204.5836,318.7225
1590,0.57,-0.4105,-0.1374,-7.8272,7.4167,8.6956,+12.6632,331.6523,341.1506
1591,0.57,-0.4522,+0.0779,-7.8513,7.3991,15.2704,+11.4143,445.9487,340.9321
1592,0.57,-0.9373,+0.0607,-7.8241,6.8868,11.3245,+10.8741,256.1765,303.7973
1593,0.57,0.6140,-0.5559,-7.8045,8.4185,15.5468,+10.0575,669.2195,410.3019
1594,0.56,-0.4861,+0.1580,-7.8062,7.3202,23.7064,+12.4577,449.7780,349.2844
1595,0.55,-0.3195,-0.1118,-7.8309,7.5114,39.0470,+12.0396,453.7253,361.8677
1596,0.56,-0.3775,+0.1325,-7.8329,7.4555,27.9096,+8.4819,344.2468,357.5681
1597,0.57,-0.2484,-0.2221,-7.8293,7.5809,30.0479,+8.3297,332.4246,358.1481
1598,0.55,-0.6391,+0.1885,-7.8381,7.1990,24.6004,+5.6781,188.5489,321.8383
1599,0.56,-0.4237,+0.4884,-7.8402,7.4165,9.1132,+15.8944,408.0227,347.8282
1600,0.57,-0.7116,-0.3298,-7.8254,7.1138,6.3524,+5.0795,151.7662,321.2671
1601,0.58,-0.6154,-0.0827,-7.8431,7.2277,13.1178,+20.2585,549.4404,352.9319
1602,0.57,-0.5107,-0.0364,-7.8434,7.3328,13.5991,+4.8888,345.8831,327.7467
1603,0.54,-1.0651,-0.2826,-7.8611,6.7960,7.0625,+9.7774,220.8886,301.4946
1604,0.55,-0.1223,-0.5642,-7.8667,7.7444,22.6727,+2.9870,354.4089,356.2762
1605,0.58,-0.4204,+0.4398,-7.8521,7.4316,32.4438,+3.7425,371.9843,349.8760
1606,0.57,-0.2438,+0.2041,-7.8596,7.6157,28.6061,+9.0691,342.8280,360.9492
1607,0.56,-0.9829,-0.1584,-7.8678,6.8849,10.1394,+2.6517,187.1588,301.9658
1608,0.55,-0.5250,+0.0258,-7.8791,7.3541,12.8039,+11.5010,305.5079,340.0387
1609,0.56,-0.6704,+0.1837,-7.9136,7.2433,11.0180,+8.3101,284.2776,335.9722
1610,0.56,-0.2890,-0.4350,-7.8940,7.6050,9.1595,+12.2759,422.3055,357.0535
1611,0.58,0.0241,-0.0101,-7.8792,7.9033,9.7638,-1.0169,262.1573,371.0359
1612,0.54,-0.2055,-0.4221,-7.8869,7.6814,8.6647,+17.4853,440.0534,364.0990
1613,0.57,-0.8680,+0.2759,-7.8820,7.0140,6.4851,+6.6918,242.3184,313.0411
1614,0.55,-0.9551,-0.0116,-7.8896,6.9346,6.6117,+11.4218,266.6817,303.5223
1615,0.58,-0.1283,+0.0977,-7.8965,7.7682,8.2693,-4.9246,179.4603,317.7744
1616,0.56,0.0955,-0.2312,-7.8999,7.9955,6.6314,+22.9158,657.1274,388.1506
1617,0.54,-0.6662,+0.2644,-7.9222,7.2560,6.5805,-3.9778,261.5046,310.4938
1618,0.57,0.4545,-0.1791,-7.9000,8.3546,11.0209,+22.6319,713.7507,413.9972
1619,0.56,-0.7656,+0.0501,-7.9034,7.1378,8.6697,+2.8591,208.8316,305.0119
1620,0.56,-0.4093,+0.2656,-7.8876,7.4783,9.2950,+20.0872,517.5085,362.7001
1621,0.57,-0.3858,+0.2806,-7.8611,7.4754,7.7942,-1.8374,208.2448,330.6003
1622,0.56,-0.4613,+0.2157,-7.8773,7.4160,10.4112,+20.0839,614.4369,358.2250
1623,0.58,-0.6047,-0.0793,-7.8622,7.2575,19.6052,+2.5813,363.3958,332.3038
1624,0.57,-0.4062,+0.5002,-7.8540,7.4477,8.2141,+17.9713,480.9790,357.9671
1625,0.55,-0.2232,+0.0218,-7.8510,7.6278,7.8680,-2.9452,310.0945,337.2550
1626,0.56,-0.7554,-0.2149,-7.8809,7.1255,10.6553,+7.4989,269.2960,313.6315
1627,0.57,-0.2784,-0.4460,-7.9081,7.6297,15.1674,-2.3443,309.9024,342.7747
1628,0.57,-0.6164,-0.3602,-7.9136,7.2971,16.2467,+18.0165,478.3018,345.9773
1629,0.56,-1.2099,-0.0492,-7.8752,6.6653,7.2502,-1.5714,168.4277,282.3168
1630,0.56,-0.1502,+0.2061,-7.8923,7.7421,17.7531,+24.9360,785.2976,381.6611
1631,0.55,-1.0857,-0.1295,-7.8897,6.8041,6.7814,+13.4855,333.0650,307.7368
1632,0.54,-0.5121,+0.1641,-7.9198,7.4076,11.2384,-2.3652,213.1361,312.4282
1633,0.58,-0.6679,-0.2020,-7.9082,7.2403,12.6421,+15.2094,368.3253,325.8818
1634,0.56,-0.8840,+0.2304,-7.8906,7.0066,9.8370,+2.5876,152.9344,289.7907
1635,0.56,-0.2557,+0.1832,-7.8689,7.6132,14.2420,+18.2633,551.8660,363.5517
1636,0.56,-1.1489,+0.1406,-7.8649,6.7160,22.9138,+4.1712,228.1184,294.9984
1637,0.56,-0.7425,-0.0021,-7.8798,7.1374,12.5949,+14.9898,373.3405,325.9402
1638,0.57,-1.1307,+0.3266,-7.8704,6.7398,15.3115,+6.1917,215.9233,297.0748
1639,0.55,-0.3020,-0.2656,-7.8467,7.5446,51.7601,+3.7060,375.8177,345.9017
1640,0.57,-0.8754,+0.0550,-7.8484,6.9730,16.2019,+6.8473,238.6872,319.5980
1641,0.55,-0.6377,-0.1277,-7.8814,7.2437,35.9100,+10.8482,385.5212,335.3301
1642,0.56,-0.4618,-0.3273,-7.8765,7.4146,29.0687,+15.8416,479.2156,355.6680
1643,0.55,-1.0618,-0.2757,-7.8808,6.8189,4.6951,+7.8052,215.7263,304.8325
1644,0.57,-0.1837,-0.2154,-7.8640,7.6803,57.2685,+5.7660,410.6824,355.7493
1645,0.57,-0.5755,-0.1215,-7.8647,7.2892,10.5641,+11.2671,314.2603,334.9218
1646,0.55,-0.7561,+0.0896,-7.8718,7.1157,21.5462,+6.1536,241.5892,318.8958
1647,0.57,-0.5091,+0.2036,-7.8823,7.3732,39.2779,+14.1350,438.5163,346.8458
1648,0.57,-0.9452,-0.0664,-7.8958,6.9506,29.1306,+13.2570,385.9737,310.3380
1649,0.55,-0.7233,-0.0278,-7.8950,7.1717,21.3658,+0.8118,234.3445,307.3421
1650,0.56,-0.1436,+0.0726,-7.8675,7.7240,19.1558,+19.0704,513.1584,360.2730
1651,0.55,-0.5787,-0.0987,-7.8419,7.2632,38.6443,+12.8350,466.4437,340.7091
1652,0.57,-1.0565,+0.3547,-7.8435,6.7869,7.9045,+12.1296,316.5775,305.6681
1653,0.58,-0.9290,-0.1470,-7.8761,6.9471,13.9549,+0.7462,215.7115,301.1490
1654,0.57,-0.1085,-0.2194,-7.8783,7.7698,9.2102,+21.4726,593.5062,373.2668
1655,0.56,-0.8065,-0.0687,-7.8914,7.0849,9.4418,+1.6117,246.5040,311.8074
1656,0.56,-0.5030,-0.1636,-7.9137,7.4107,6.5658,+21.7845,609.1347,358.3847
1657,0.58,-0.4585,+0.3562,-7.9217,7.4632,12.1970,+0.4684,294.2359,331.4657
1658,0.56,-0.8298,-0.0564,-7.9118,7.0820,6.7057,+15.3647,372.3519,324.6023
1659,0.56,-0.7950,+0.0198,-7.9233,7.1283,9.2958,+1.9658,216.3317,313.2471
1660,0.56,-0.2990,+0.0077,-7.9221,7.6231,9.9294,+20.5837,614.3326,366.6182
1661,0.56,-0.3581,-0.1312,-7.9319,7.5737,21.4898,+1.5798,276.3360,337.4760
1662,0.56,-0.1572,-0.4117,-7.9399,7.7827,19.7614,+20.7165,612.1491,373.3469
1663,0.57,-0.3804,-0.0277,-7.9015,7.5211,31.2831,+11.5155,382.6593,345.7564
1664,0.57,-0.8195,-0.5242,-7.8977,7.0781,34.6614,+11.9782,403.6959,321.2084
1665,0.56,-0.9216,+0.1988,-7.9064,6.9848,27.9105,+9.9226,379.2671,311.6989
1666,0.58,-1.0164,+0.1942,-7.9053,6.8889,22.1432,+8.9820,312.5983,306.4965
1667,0.56,-0.9728,-0.0665,-7.8978,6.9250,16.1191,+12.5900,333.0073,319.3147
1668,0.56,-0.7899,-0.3347,-7.9274,7.1375,5.5600,+10.1906,209.9934,331.1523
1669,0.58,-0.8146,-0.0525,-7.9076,7.0930,11.4697,+7.1923,256.6364,321.8718
1670,0.57,-0.9721,+0.3193,-7.9175,6.9454,7.0497,+9.5683,329.8371,306.5430
1671,0.58,-1.3806,-0.0377,-7.8977,6.5171,8.5255,+6.1275,241.0784,281.3978
1672,0.57,-1.2906,+0.1376,-7.8828,6.5922,18.5208,+10.2612,315.5665,298.6378
1673,0.58,-1.0317,+0.2047,-7.9091,6.8774,8.8299,+5.9676,216.0262,306.6188
1674,0.57,-1.2894,+0.2094,-7.9003,6.6109,8.9545,+8.0730,232.0602,298.8797
1675,0.57,-0.5917,-0.3609,-7.8973,7.3056,17.9400,+7.1562,294.1976,330.6131
1676,0.55,-0.8612,-0.4559,-7.8990,7.0378,9.4284,+13.5476,412.1334,325.4528
1677,0.57,-0.9946,+0.0700,-7.8992,6.9045,11.6042,+9.4822,347.0270,300.6528
1678,0.57,-1.3822,+0.0131,-7.9117,6.5295,13.2994,+10.2761,313.6680,291.0535
1679,0.57,-0.7359,+0.0661,-7.9466,7.2107,11.8941,-2.2261,228.1047,310.8430
1680,0.57,-1.2539,-0.1031,-7.9258,6.6719,5.9769,+11.2752,246.6827,298.1965
1681,0.57,-0.6477,-0.0321,-7.9251,7.2774,36.0700,+0.3393,253.2796,311.7148
1682,0.57,-0.9706,-0.1047,-7.9250,6.9544,8.7912,+13.8254,300.7529,311.1893
1683,0.58,-1.1115,-0.2705,-7.9672,6.8557,8.4450,+5.6248,244.2137,289.6681
1684,0.59,-0.6267,+0.0167,-7.9688,7.3421,14.7746,+14.3934,434.8564,335.6458
1685,0.56,-0.7880,+0.1841,-7.9827,7.1947,7.6245,+7.6207,299.0247,323.4282
1686,0.57,-0.4692,-0.0782,-7.9440,7.4748,17.2534,+12.5865,376.0455,352.4355
1687,0.59,-0.7719,-0.2006,-7.9240,7.1521,16.1416,+10.2469,355.9369,327.2900
1688,0.56,-0.5265,-0.1768,-7.9373,7.4108,15.8280,+13.1833,440.6078,348.3590
1689,0.54,-1.1684,-0.1844,-7.9546,6.7862,45.7311,+10.0077,383.3385,303.0665
1690,0.57,-0.9371,-0.0709,-7.9595,7.0224,28.6593,+7.6267,269.2321,315.5115
1691,0.56,-0.8753,+0.1091,-7.9470,7.0717,12.9445,+9.8374,272.6700,319.8860
1692,0.56,-1.1659,+0.1303,-7.9596,6.7937,34.9382,+4.3423,328.7017,304.9380
1693,0.56,-1.1093,+0.0140,-7.9359,6.8266,46.7569,+6.4799,327.2090,300.8927
1694,0.56,-1.4998,+0.3427,-7.9666,6.4669,26.1414,+8.5584,319.8994,292.5695
1695,0.57,-1.1474,+0.3123,-7.9537,6.8063,29.5955,+9.6494,319.9555,310.3036
1696,0.57,-1.0190,-0.2638,-7.9610,6.9420,27.3158,+12.1148,365.2226,329.2166
1697,0.57,-1.1011,+0.2509,-7.9651,6.8639,40.9004,+8.0946,395.5196,320.0211
1698,0.56,-1.2071,+0.0542,-7.9400,6.7329,17.9896,+8.1884,293.5262,297.1783
1699,0.55,-0.9553,+0.0442,-7.9830,7.0277,22.9663,+3.4147,274.9601,317.0437
1700,0.56,-1.1386,-0.1697,-7.9839,6.8454,22.8748,+7.5513,264.8132,306.9885
1701,0.53,-1.3852,-0.0144,-7.9841,6.5990,17.7206,+10.7949,291.5651,292.1321
1702,0.52,-0.8529,-0.3712,-7.9630,7.1101,15.7792,+0.8951,207.5645,322.5357
1703,0.51,-0.8685,-0.0701,-7.9566,7.0881,8.9073,+12.7277,265.5616,319.9102
1704,0.52,-0.2608,-0.0652,-7.9795,7.7187,9.5049,-6.1965,242.3610,346.9178
1705,0.51,-0.8879,-0.1569,-7.9910,7.1031,8.9684,+16.9020,415.6213,326.7250
1706,0.55,-1.0273,+0.2755,-7.9945,6.9672,7.9679,-2.9596,204.2179,302.9135
1707,0.55,-0.6250,-0.0578,-7.9996,7.3746,6.6442,+19.1743,532.3790,353.6396
1708,0.55,-1.3540,-0.2620,-7.9432,6.5892,6.5762,-1.3346,210.3107,287.6043
1709,0.55,-0.8161,-0.1485,-7.9551,7.1390,16.2153,+11.7748,389.6115,329.7407
1710,0.54,-1.3510,-0.3196,-7.9534,6.6024,5.8298,+7.1687,243.3766,294.9148
1711,0.53,-1.3203,-0.3292,-7.9374,6.6171,12.3841,+15.3992,392.6874,318.7815
1712,0.55,-0.9628,-0.0654,-7.9774,7.0147,9.6627,+16.4659,525.0671,335.8241
1713,0.53,-0.8956,-0.1380,-7.9619,7.0663,16.4286,+5.7936,507.9655,329.9488
1714,0.54,-0.7107,-0.6672,-7.9662,7.2555,12.1196,+0.6086,261.3155,328.9453
1715,0.53,-1.0545,-0.1647,-7.9750,6.9206,13.2955,+4.6641,283.9844,304.5598
1716,0.52,-1.3142,-0.7514,-7.9663,6.6521,16.4370,+8.9288,273.8094,301.3063
1717,0.51,-0.8968,+0.2035,-7.9710,7.0742,11.6317,+17.0356,522.2660,344.8103
1718,0.52,-0.9685,+0.1254,-7.9782,7.0097,11.6700,+1.1532,248.3304,310.2844
1719,0.53,-1.1394,+0.1567,-7.9948,6.8555,17.3722,+14.5379,352.5859,316.4591
1720,0.53,-1.4934,-0.0771,-7.9921,6.4987,9.9642,+6.6240,174.9929,285.1938
1721,0.54,-1.0257,+0.2177,-7.9927,6.9670,9.4828,+8.5418,209.9267,322.3942
1722,0.54,-0.9416,+0.0108,-7.9536,7.0120,12.1410,+16.1644,507.1931,325.5101
1723,0.53,-1.3941,-0.1076,-7.9543,6.5602,20.2888,+2.4668,228.3828,285.3947
1724,0.54,-0.6341,-0.1972,-7.9527,7.3186,41.5006,+14.9718,478.0237,348.5357
1725,0.54,-0.9274,+0.0476,-7.9595,7.0321,34.6044,+11.5355,379.4410,334.0139
1726,0.53,-1.2925,-0.1439,-7.9810,6.6885,19.6543,+8.2606,253.5028,308.4056
1727,0.56,-0.7077,-0.1524,-7.9826,7.2749,26.3115,+5.4538,330.7341,340.1074
1728,0.54,-0.6923,+0.1433,-8.0088,7.3165,36.0987,+13.7187,541.8005,349.3058
1729,0.53,-0.7817,-0.1577,-7.9938,7.2121,41.6619,+8.2467,404.7111,331.6870
1730,0.54,-1.1570,+0.0825,-7.9902,6.8333,27.9957,+4.5415,311.6422,298.3861
1731,0.53,-1.1694,+0.4192,-7.9835,6.8140,23.0493,+11.4610,353.0862,312.7561
1732,0.52,-0.8087,+0.3308,-7.9616,7.1529,33.7772,+8.3166,370.8326,337.8625
1733,0.54,-1.6298,+0.0815,-7.9699,6.3401,10.0565,+7.1010,200.8607,283.9701
1734,0.51,-1.2408,+0.0597,-7.9953,6.7545,7.3330,+9.3658,209.0638,308.5669
1735,0.55,-1.0146,+0.0280,-7.9964,6.9818,6.8435,+0.2197,218.7339,301.7741
1736,0.52,-0.8879,-0.5473,-8.0047,7.1167,6.1560,+19.5097,526.0320,339.9651
1737,0.53,-1.0502,+0.3463,-7.9877,6.9375,9.7492,-3.5856,244.3564,290.7632
1738,0.54,-1.3836,-0.5705,-8.0101,6.6265,24.6700,+16.7830,435.4028,299.5837
1739,0.52,-1.2157,-0.1294,-8.0204,6.8047,17.4775,+7.9356,257.4489,304.9379
1740,0.53,-0.9035,+0.4790,-8.0175,7.1140,23.0077,+6.1948,371.4830,320.3762
1741,0.54,-0.4867,+0.0981,-7.9869,7.5002,72.5200,+0.8311,394.5800,335.9214
1742,0.52,-1.0542,-0.0737,-8.0217,6.9675,6.4714,+6.8340,190.9966,312.6280
1743,0.55,-0.9536,-0.1188,-7.9976,7.0440,5.3118,+12.1381,280.9720,322.6190
1744,0.53,-0.4079,+0.1004,-8.0025,7.5946,15.0182,-2.5140,302.0052,347.3260
1745,0.53,-0.7948,-0.1847,-7.9809,7.1861,9.6076,+10.6454,245.1928,325.5389
1746,0.52,-0.6293,+0.3531,-7.9799,7.3506,10.0514,-3.9650,255.7289,330.0086
1747,0.53,-1.4695,+0.0072,-7.9821,6.5125,7.9517,+9.4628,202.1440,288.1519
1748,0.53,-1.5603,+0.1901,-8.0034,6.4431,10.0439,+3.3685,166.9120,273.5062
1749,0.53,-1.7798,-0.2330,-7.9709,6.1911,12.5191,+7.9461,199.6489,266.8676
1750,0.56,-1.4377,-0.0731,-7.9915,6.5538,29.5979,+11.8211,332.9346,298.3887
1751,0.56,-1.5324,-0.1907,-7.9912,6.4588,7.3043,+13.2436,269.5991,298.2798
1752,0.54,-0.9789,+0.1948,-8.0089,7.0300,32.5560,-4.1454,221.9673,307.2742
1753,0.54,-1.4502,-0.1438,-8.0261,6.5758,18.2021,+8.9705,238.9774,289.5955
1754,0.54,-1.3789,-0.1836,-8.0429,6.6640,10.5257,+0.7409,153.8809,294.1818
1755,0.54,-1.1229,+0.5373,-8.0556,6.9328,8.2636,+18.4446,478.2536,320.1808
1756,0.55,-0.8334,+0.1407,-8.0636,7.2302,16.4905,-2.2459,277.0552,326.4697
1757,0.55,-1.4258,+0.2234,-8.0557,6.6299,6.6518,+15.4099,338.4260,310.6079
1758,0.55,-1.4956,-0.1023,-8.0816,6.5860,6.2380,-4.1323,173.3585,283.3862
1759,0.56,-1.0931,-0.1838,-8.0775,6.9844,7.5013,+15.1836,404.8250,310.3347
1760,0.54,-1.4980,-0.4353,-8.0532,6.5552,8.8060,+4.1591,225.6414,287.4002
1761,0.53,-1.2485,+0.2197,-8.0523,6.8038,5.7763,+16.0635,404.4490,316.1039
1762,0.54,-1.4107,+0.1959,-8.0454,6.6347,4.9786,+1.4856,216.9550,287.6454
1763,0.56,-1.6565,-0.2825,-8.0274,6.3709,6.9494,+16.6175,414.8636,300.1710
1764,0.55,-1.2809,-0.2337,-8.0242,6.7433,13.3293,+7.2380,345.5113,299.5836
1765,0.55,-0.9589,-0.0262,-8.0450,7.0861,26.0842,+19.8087,564.8595,343.5172
1766,0.56,-1.6218,+0.2327,-8.0301,6.4082,23.5495,+6.8209,263.5511,284.8856
1767,0.54,-1.5882,-0.2513,-8.0508,6.4625,57.6306,+9.9514,372.9064,284.2132
1768,0.55,-1.5473,+0.3674,-8.0475,6.5002,40.7951,+6.0526,365.3098,282.1253
1769,0.54,-1.4940,+0.0487,-8.0633,6.5693,60.1109,+8.9012,432.6251,289.1442
1770,0.53,-1.5799,-0.2497,-8.0966,6.5167,58.7551,+6.7471,350.9190,288.8561
1771,0.54,-1.5732,+0.1154,-8.0912,6.5181,44.4562,+8.2162,349.9040,294.0912
1772,0.54,-1.2559,-0.0535,-8.0635,6.8075,62.3045,+9.3787,397.7767,315.3147
1773,0.55,-1.4817,-0.0256,-8.0656,6.5838,47.4487,+10.7095,381.0558,301.3923
1774,0.54,-1.5516,-0.0618,-8.0752,6.5236,40.8544,+7.7351,315.1111,298.1410
1775,0.56,-1.5779,-0.0669,-8.0538,6.4759,41.2219,+10.0012,350.8852,289.7105
1776,0.56,-1.6071,+0.2457,-8.0568,6.4497,46.9656,+9.2524,409.6516,296.2354
1777,0.56,-1.5134,+0.1427,-8.0436,6.5302,41.4560,+7.0718,342.1516,292.3265
1778,0.56,-1.5679,+0.3067,-8.0593,6.4914,35.3321,+7.2568,335.9188,295.0641
1779,0.55,-1.5354,+0.0585,-8.0526,6.5172,42.0232,+10.4678,462.2283,298.7542
1780,0.54,-1.8684,+0.1559,-8.0605,6.1921,36.6274,+7.8396,350.4684,277.0391
1781,0.57,-1.8904,+0.0981,-8.0542,6.1637,43.8610,+7.9038,361.7213,270.1904
1782,0.55,-1.3736,+0.2177,-8.0663,6.6927,55.8517,+8.3446,400.6809,299.8052
1783,0.54,-1.4223,+0.1022,-8.0550,6.6327,41.7154,+8.7463,377.7990,298.2368
1784,0.54,-1.6443,+0.2408,-8.0366,6.3923,44.6857,+9.1396,404.4270,279.7975
1785,0.53,-1.5839,-0.1394,-7.9809,6.3970,40.4921,+9.0845,410.8395,302.6127
1786,0.55,-1.7551,+0.3074,-7.9846,6.2295,42.1142,+9.8477,375.6227,290.9020
1787,0.53,-1.7362,-0.0710,-7.9924,6.2562,34.8527,+10.6791,405.5403,285.0483
1788,0.56,-1.8860,-0.1228,-8.0261,6.1400,55.0584,+8.9919,368.9595,278.1758
1789,0.55,-1.8396,+0.0899,-8.0265,6.1869,37.1883,+8.6610,370.1676,287.9907
1790,0.55,-1.6683,+0.2767,-8.0369,6.3687,43.5112,+6.7500,351.7587,295.9370
1791,0.52,-1.9274,+0.3053,-8.0333,6.1059,34.6505,+10.6894,450.2670,281.1408
1792,0.57,-1.3936,-0.1150,-8.0252,6.6316,51.5098,+5.4555,383.0970,302.0339
1793,0.54,-1.6532,-0.1221,-8.0328,6.3795,41.7367,+8.6852,361.4894,292.0073
1794,0.57,-1.8171,+0.0458,-8.0494,6.2323,36.8388,+11.3350,373.5884,286.9973
1795,0.58,-1.5794,+0.1642,-8.0090,6.4295,102.6494,+9.9585,550.7387,306.7480
1796,0.54,-1.7519,+0.1699,-8.0162,6.2643,48.0113,+9.6356,409.7864,289.1591
1797,0.55,-1.1078,-0.2105,-8.0027,6.8949,287.7186,+8.0548,391.3684,335.6615
1798,0.56,-1.5525,+0.2046,-8.0186,6.4661,44.5103,+8.6207,375.1817,300.7018
1799,0.54,-1.6096,+0.5720,-8.0370,6.4274,47.9512,+13.8896,539.1831,300.2142
1800,0.55,-1.6665,-0.0195,-8.0131,6.3466,65.1884,+10.9366,509.2668,298.0054
1801,0.55,-1.7446,-0.4646,-8.0194,6.2748,49.2740,+8.4026,352.7086,282.3564
1802,0.55,-1.8681,-0.1767,-8.0324,6.1643,36.1641,+8.9562,372.7929,271.4310
1803,0.55,-2.1838,+0.0365,-8.0479,5.8640,14.3284,+8.5122,284.8456,246.5400
1804,0.55,-1.3579,+0.0190,-8.0528,6.6949,34.4076,+7.2063,319.3187,303.1136
1805,0.56,-1.3608,+0.1750,-8.0616,6.7008,49.5794,+7.1129,396.9264,304.8797
1806,0.55,-1.5510,+0.0100,-8.0564,6.5053,50.1684,+7.9806,381.2188,293.0626
1807,0.54,-1.5765,+0.0938,-8.0624,6.4859,42.0905,+7.4564,311.0329,291.1988
1808,0.56,-1.8719,+0.2544,-8.0455,6.1735,40.3728,+7.6367,321.9243,280.7332
1809,0.54,-1.4828,+0.0188,-8.0347,6.5518,39.0775,+10.1147,377.4472,299.8635
1810,0.56,-1.7615,+0.2080,-7.9916,6.2301,37.6723,+5.7002,307.8268,277.3567
1811,0.53,-1.6418,-0.0599,-8.0116,6.3698,33.9834,+9.5391,303.8590,285.6629
1812,0.55,-1.5029,-0.0813,-8.0171,6.5142,40.5475,+11.6683,391.3361,299.0613
1813,0.54,-1.6199,-0.3053,-8.0086,6.3887,36.7690,+7.5579,331.5276,279.0189
1814,0.54,-1.5004,-0.1639,-8.0085,6.5081,31.3770,+5.9801,261.1932,277.3087
1815,0.57,-1.6321,+0.0724,-8.0180,6.3859,35.6609,+6.0706,257.7061,274.5826
1816,0.53,-1.4742,+0.1664,-8.0473,6.5730,37.3834,+4.3607,236.3325,281.1337
1817,0.57,-1.7745,-0.2867,-8.0633,6.2888,41.3403,+8.4989,359.9133,272.1999
1818,0.55,-1.9870,-0.0988,-8.0655,6.0786,39.4929,+7.1538,279.0748,259.2614
1819,0.54,-1.9817,-0.0518,-8.0618,6.0801,28.4583,+12.4458,365.1877,274.0912
1820,0.54,-2.1441,-0.1776,-8.0626,5.9185,44.3425,+9.6037,346.6267,258.2533
1821,0.55,-1.9309,+0.3929,-8.0479,6.1170,30.9159,+9.9098,334.8580,274.2114
1822,0.56,-1.7393,-0.1354,-8.0479,6.3086,54.7155,+7.7736,315.2544,282.1891
1823,0.56,-1.6864,+0.0731,-8.0340,6.3475,39.1489,+7.1948,305.7681,281.5429
1824,0.55,-1.6872,-0.1985,-8.0693,6.3821,36.0079,+6.5388,306.2809,277.5330
1825,0.56,-1.8026,+0.1415,-8.0376,6.2350,49.7924,+7.7756,345.5847,266.5767
1826,0.55,-1.6733,-0.0635,-8.0275,6.3543,46.8028,+6.5484,335.9551,273.3241
1827,0.55,-1.6891,+0.0100,-8.0308,6.3417,33.7633,+5.9612,249.7766,270.4992
1828,0.55,-1.9780,-0.1329,-8.0416,6.0637,36.7099,+8.1273,283.8739,265.0728
1829,0.55,-1.7299,-0.1823,-8.0698,6.3399,36.0937,+8.1237,293.0293,278.7844
1830,0.56,-2.0093,-0.3474,-8.0950,6.0857,29.4509,+8.1697,280.2102,265.6723
1831,0.55,-1.7764,-0.0183,-8.0755,6.2990,31.2892,+9.7048,321.6183,282.1305
1832,0.58,-1.8161,-0.2152,-8.0703,6.2541,40.8669,+8.8176,335.1014,270.2775
1833,0.56,-1.7766,+0.1170,-8.0666,6.2900,28.8547,+6.8681,265.9611,277.7319
1834,0.54,-1.5680,-0.1045,-8.0679,6.5000,39.3435,+9.7615,378.3680,294.4296
1835,0.55,-1.8782,-0.0658,-8.0640,6.1858,38.9591,+6.6800,312.1037,271.6628
1836,0.56,-1.7901,+0.0749,-8.0693,6.2792,35.5707,+5.9704,277.9579,276.3586
1837,0.56,-1.7110,+0.0459,-8.0900,6.3790,37.5693,+9.3074,300.7448,292.6245
1838,0.55,-1.7835,-0.1245,-8.0753,6.2918,34.2163,+9.0980,339.8766,282.3210
1839,0.55,-1.7925,-0.0666,-8.1063,6.3138,36.9897,+7.4131,288.1769,276.9294
1840,0.55,-1.8176,-0.3758,-8.1023,6.2848,37.4645,+10.3189,336.1618,277.1078
1841,0.53,-1.8210,-0.0363,-8.0934,6.2723,31.1535,+8.2780,285.9165,271.6631
1842,0.53,-1.9149,-0.0798,-8.0881,6.1732,35.0392,+10.2214,367.9589,275.5648
1843,0.56,-1.8991,+0.0525,-8.0948,6.1957,45.3869,+6.6883,294.2961,279.3786
1844,0.56,-1.8952,-0.1758,-8.0840,6.1888,38.6445,+7.0539,290.8377,278.3409
1845,0.56,-1.9481,+0.2201,-8.0534,6.1053,37.5407,+10.0075,296.5643,268.8382
1846,0.54,-1.5893,+0.1696,-8.0368,6.4475,32.9631,+9.8395,358.7722,296.1026
1847,0.55,-1.3494,-0.0693,-8.0587,6.7093,39.2239,+7.4952,339.4289,303.4804
1848,0.56,-1.5656,+0.0342,-8.0314,6.4658,34.2042,+8.1018,329.2474,289.0335
1849,0.55,-1.7918,+0.1216,-8.0318,6.2400,48.9234,+9.4215,386.4279,274.8444
1850,0.54,-1.6472,+0.1582,-8.0300,6.3828,53.9704,+10.1623,386.3289,287.0215
1851,0.56,-1.5733,-0.1467,-8.0455,6.4722,41.8702,+10.0884,380.5254,293.6513
1852,0.55,-1.8240,-0.2903,-8.0597,6.2357,41.9745,+10.9265,395.9891,279.8188
1853,0.54,-1.6626,+0.1024,-8.0685,6.4059,41.8359,+10.4487,394.1249,291.4411
1854,0.54,-1.3888,+0.0580,-8.0485,6.6597,46.6791,+7.7000,335.9247,299.5725
1855,0.54,-1.3594,-0.2435,-8.0337,6.6743,39.5031,+9.7293,431.5474,296.5498
1856,0.53,-1.7991,-0.1639,-8.0590,6.2599,36.3246,+8.9464,324.2212,280.3301
1857,0.54,-2.0445,-0.0905,-8.0681,6.0236,38.1022,+7.8179,285.0554,264.4601
1858,0.54,-1.7925,+0.1605,-8.0637,6.2712,37.3069,+8.0683,309.3316,274.2061
1859,0.55,-2.0836,+0.1176,-8.0524,5.9688,36.6813,+6.9064,317.1420,259.9340
1860,0.56,-1.6599,-0.0041,-8.0632,6.4033,50.9398,+6.9168,311.6138,275.8968
1861,0.54,-1.9651,+0.3380,-8.0725,6.1074,43.4560,+8.0943,389.2474,265.3873
1862,0.55,-1.4587,+0.1327,-8.0761,6.6174,32.5418,+7.5553,332.6950,296.0304
1863,0.55,-1.8239,-0.3220,-8.0702,6.2463,35.4271,+9.1559,290.9760,267.2358
1864,0.55,-1.4322,-0.1714,-8.0525,6.6203,37.8033,+7.9827,297.6057,289.0657
1865,0.55,-1.6547,-0.3168,-8.0392,6.3845,41.2253,+8.3078,364.9092,279.6969
1866,0.55,-1.1618,+0.0946,-8.0636,6.9019,41.5934,+4.7939,359.6243,305.3244
1867,0.55,-1.8676,+0.3013,-8.0784,6.2108,31.1743,+5.7313,245.8865,263.6374
1868,0.55,-1.9307,+0.5599,-8.0498,6.1191,34.7642,+9.4671,314.2606,265.3665
1869,0.57,-1.7501,-0.1568,-8.0914,6.3413,48.9931,+9.9327,366.0169,273.3449
1870,0.55,-2.0508,+0.1287,-8.0676,6.0168,35.6503,+9.3431,317.5710,260.6508
1871,0.54,-1.7965,+0.0460,-8.0673,6.2708,37.4426,+6.0448,301.9868,275.2786
1872,0.56,-1.9216,-0.2126,-8.0501,6.1286,43.7815,+10.3244,390.0088,277.3020
1873,0.56,-1.9027,-0.1572,-8.0424,6.1397,36.5877,+8.1283,298.6512,264.7387
1874,0.57,-1.9880,-0.5403,-8.0471,6.0591,33.9517,+3.8825,301.0742,257.7726
1875,0.55,-1.5890,+0.0321,-8.0559,6.4669,40.1446,+4.7947,329.1390,288.0604
1876,0.54,-1.6972,+0.0183,-8.0453,6.3481,32.9910,+8.5102,371.0091,278.5884
1877,0.55,-1.7338,+0.3142,-8.0345,6.3006,20.8456,+7.9316,258.7628,268.3187
1878,0.55,-1.7989,-0.1286,-8.0421,6.2431,34.8841,+8.3946,308.1110,273.6921
1879,0.55,-1.6880,+0.1044,-8.0393,6.3513,38.5693,+10.2052,389.0020,278.6709
1880,0.56,-1.7370,-0.0500,-8.0464,6.3094,46.0285,+8.9791,398.1456,275.4436
1881,0.55,-1.8349,-0.0439,-8.0646,6.2298,39.5125,+9.3086,358.1809,279.1305
1882,0.56,-1.9028,-0.1145,-8.0583,6.1555,39.8464,+7.9870,336.1366,267.5474
1883,0.55,-1.8569,-0.1886,-8.0555,6.1986,36.2196,+7.3440,258.1941,264.9400
1884,0.56,-1.7414,+0.1414,-8.0684,6.3270,46.7591,+10.7077,337.8912,275.5253
1885,0.57,-1.6710,-0.2885,-8.0616,6.3906,38.8555,+8.9047,289.8583,276.9964
1886,0.58,-1.7738,-0.1194,-8.0797,6.3060,39.6116,+8.7547,297.1968,278.0219
1887,0.56,-1.6892,-0.0926,-8.0856,6.3963,34.3159,+8.9754,307.9808,288.7469
1888,0.54,-1.8344,+0.1111,-8.0600,6.2256,33.7125,+9.4233,310.6920,275.3170
1889,0.55,-1.8428,-0.1655,-8.0625,6.2196,34.3484,+6.4106,242.1048,268.0179
1890,0.54,-1.8089,-0.1009,-8.0495,6.2406,28.2401,+8.1534,226.4444,268.1813
1891,0.56,-1.6349,-0.0058,-8.0790,6.4440,37.0147,+8.5071,281.7083,276.0053
1892,0.55,-1.6053,+0.0629,-8.0507,6.4454,54.9828,+10.0979,304.4531,281.7846
1893,0.55,-1.6357,+0.0159,-8.0474,6.4117,39.7336,+9.9306,311.3687,278.4581
1894,0.55,-2.0606,+0.1428,-8.0523,5.9917,37.1814,+7.8833,271.5527,254.4513
1895,0.54,-1.9777,+0.1374,-8.0708,6.0930,25.9119,+5.5679,185.4752,257.8213
1896,0.55,-1.9210,-0.2563,-8.0745,6.1535,26.1201,+10.5750,289.3289,270.5650
1897,0.54,-1.5270,-0.2470,-8.0485,6.5214,29.3209,+6.3276,223.3200,283.4416
1898,0.55,-1.5616,+0.3046,-8.0538,6.4922,27.0212,+5.1641,213.0746,277.8951
1899,0.55,-1.6642,+0.6143,-8.0711,6.4069,29.9828,+5.9073,231.5315,281.1191
1900,0.56,-1.7842,+0.1832,-8.0579,6.2737,34.0033,+6.4902,247.9463,268.8149
1901,0.52,-1.6452,+0.2270,-8.0591,6.4139,41.0890,+10.1220,359.0487,293.3168
1902,0.51,-1.2800,+0.2911,-8.0627,6.7827,63.5443,+11.3971,418.5688,314.9969
1903,0.52,-1.4178,-0.1390,-8.0626,6.6448,43.5416,+9.2776,348.8479,305.2908
1904,0.53,-1.3429,-0.2437,-8.0501,6.7072,58.7730,+6.2979,338.3640,304.2351
1905,0.52,-1.3478,-0.2893,-8.0139,6.6661,51.9870,+6.2981,334.9359,299.9294
1906,0.51,-1.3411,-0.0126,-8.0272,6.6861,53.8817,+7.9089,357.6271,295.4742
1907,0.49,-1.4069,-0.0132,-8.0434,6.6365,40.4629,+10.3795,393.0458,291.1747
1908,0.51,-1.3951,-0.3417,-8.0290,6.6340,56.3602,+9.6708,449.6348,292.8255
1909,0.47,-1.3914,-0.0320,-8.0492,6.6578,55.5811,+7.4868,343.2062,293.5640
1910,0.49,-1.6305,-0.1659,-8.0390,6.4085,31.7111,+8.2618,349.5242,280.8492
1911,0.51,-1.5991,+0.0406,-8.0659,6.4668,43.7018,+8.6192,326.2486,292.7942
1912,0.51,-1.6151,+0.1000,-8.0692,6.4541,16.6797,+4.8139,329.8101,278.5794
1913,0.50,-1.7766,+0.2644,-8.0915,6.3148,44.0631,+5.9215,341.2580,280.7674
1914,0.49,-1.6366,-0.0494,-8.0826,6.4460,49.1955,+9.8656,414.0719,296.9170
1915,0.49,-1.5379,-0.0764,-8.0852,6.5473,33.3271,+8.7131,372.9865,295.9760
1916,0.51,-1.6486,-0.3974,-8.0753,6.4267,58.4887,+7.3844,439.1674,297.1312
1917,0.50,-1.6382,+0.5535,-8.0615,6.4233,40.0253,+8.6268,360.2853,295.6234
1918,0.51,-1.3542,+0.3629,-8.0532,6.6989,33.8179,+8.7220,383.8262,314.4052
1919,0.49,-1.2575,+0.4123,-8.0543,6.7968,58.7863,+8.2509,439.9327,321.8051
1920,0.52,-1.8482,-0.0884,-8.0601,6.2119,37.9925,+7.3365,371.8717,283.4048
1921,0.52,-2.2343,-0.2665,-8.0839,5.8496,34.4875,+5.6652,267.6266,250.8864
1922,0.51,-1.6986,+0.1087,-8.0647,6.3661,35.3010,+5.1508,257.0989,285.8273
1923,0.50,-0.9497,+0.2664,-8.0716,7.1219,257.8073,+6.6612,329.0076,316.4687
1924,0.50,-1.6345,+0.2662,-8.0824,6.4479,37.2866,+7.8835,364.3628,289.4299
1925,0.50,-1.7598,+0.1057,-8.0709,6.3111,44.5755,+6.9686,339.4219,282.0431
1926,0.50,-1.8195,-0.3303,-8.0687,6.2492,39.4952,+7.9129,323.9590,277.5481
1927,0.52,-1.7178,-0.2256,-8.0749,6.3571,35.5342,+9.2714,368.1512,281.6671
1928,0.51,-1.7394,+0.1216,-8.0577,6.3182,42.6598,+5.0786,319.8018,278.2333
1929,0.53,-1.6286,-0.0067,-8.0704,6.4418,33.7980,+5.7271,305.1516,286.3351
1930,0.51,-1.6279,-0.1655,-8.0651,6.4372,45.9894,+7.7947,374.9143,294.6541
1931,0.52,-1.9108,-0.2228,-8.0781,6.1673,38.5746,+5.2124,253.3255,265.7293
1932,0.53,-1.9245,+0.1628,-8.0921,6.1676,34.8016,+7.8311,321.6765,269.5200
1933,0.52,-1.3326,+0.0760,-8.0912,6.7585,81.1937,+7.1171,300.4382,304.0370
1934,0.51,-2.1566,-0.0540,-8.0746,5.9181,24.2087,+7.9517,337.3979,255.3523
1935,0.51,-1.6554,+0.0528,-8.0482,6.3927,34.0883,+7.0703,345.1310,279.2897
1936,0.52,-1.5879,-0.1978,-8.0329,6.4450,76.1715,+9.2888,406.3291,284.8557
1937,0.52,-1.8762,-0.0491,-8.0488,6.1725,72.5594,+4.7015,268.4572,272.0203
1938,0.51,-1.6422,+0.1154,-8.0754,6.4332,48.7176,+7.5488,332.9701,286.2047
1939,0.51,-1.8617,-0.1025,-8.0520,6.1904,44.1535,+8.6242,315.6285,265.6608
1940,0.53,-1.6294,-0.3057,-8.0798,6.4503,68.2689,+12.2888,448.2177,286.0712
1941,0.50,-1.8356,-0.1605,-8.0948,6.2593,43.2673,+9.9934,427.8934,268.5139
1942,0.50,-1.3767,-0.0721,-8.0901,6.7134,38.3709,+1.2465,263.2215,292.5201
1943,0.50,-1.5894,-0.2467,-8.0657,6.4763,31.3493,+10.0776,349.0572,287.3370
1944,0.50,-1.5644,-0.1931,-8.0743,6.5100,41.6348,+8.1818,305.8161,289.1617
1945,0.51,-1.5176,+0.3021,-8.0781,6.5605,35.2649,+7.4374,362.9024,289.5414
1946,0.51,-1.6188,-0.1209,-8.0850,6.4662,41.7239,+9.1803,355.1404,287.1952
1947,0.52,-1.7064,+0.0254,-8.0794,6.3730,38.7228,+9.7709,347.6418,280.0824
1948,0.52,-1.8292,-0.2850,-8.0893,6.2602,44.1523,+5.6762,326.4121,275.5146
1949,0.52,-1.5713,+0.2420,-8.0967,6.5254,38.6911,+10.0111,318.8194,293.2003
1950,0.49,-1.2884,-0.1443,-8.0677,6.7793,74.0731,+10.0569,363.4457,310.8478
1951,0.51,-1.2688,+0.2463,-8.0683,6.7995,31.2928,+7.7895,312.6509,304.4619
1952,0.50,-1.6871,+0.1038,-8.0622,6.3751,27.1885,+9.3496,296.9944,294.1773
1953,0.50,-1.4821,+0.2633,-8.0656,6.5835,39.6117,+10.7511,396.6276,311.5805
1954,0.49,-1.3537,+0.8320,-8.0751,6.7215,39.5371,+8.4986,453.7907,311.6110
1955,0.50,-1.7182,+0.3072,-8.0698,6.3516,45.5282,+4.6331,315.8352,282.0179
1956,0.49,-1.4530,-0.1491,-8.0801,6.6271,35.6644,+5.1032,316.6435,299.0076
1957,0.52,-1.5338,-0.4223,-8.0872,6.5534,41.5565,+9.7880,428.9743,311.0917
1958,0.50,-1.6661,+0.0385,-8.0817,6.4156,54.0327,+6.2921,286.6531,297.8753
1959,0.52,-1.4289,+0.1801,-8.0746,6.6457,44.9901,+10.8600,457.2629,316.0121
1960,0.50,-1.5468,+0.0030,-8.0599,6.5131,34.5309,+8.5800,296.7608,299.7120
1961,0.50,-1.3645,+0.3586,-8.0868,6.7223,51.9504,+11.6144,379.3631,320.2078
1962,0.50,-1.6554,-0.0079,-8.0636,6.4083,22.6274,+10.0873,264.0333,288.9650
1963,0.51,-1.2985,+0.0059,-8.0672,6.7687,63.3648,+9.4496,345.6928,312.1003
1964,0.52,-1.6796,-0.5328,-8.0905,6.4109,44.4583,+10.9622,413.8867,298.2751
1965,0.53,-1.9880,-0.0866,-8.0783,6.0904,66.2930,+7.2919,335.0203,271.6827
1966,0.50,-1.7925,-0.4139,-8.0827,6.2903,50.5695,+8.5263,359.6481,278.2672
1967,0.52,-1.7657,-0.0385,-8.0694,6.3038,47.9641,+3.0149,227.8790,277.9164
1968,0.52,-1.9605,-0.1860,-8.0653,6.1049,23.5614,+6.1064,247.9956,269.7092
1969,0.51,-1.6360,+0.1041,-8.0578,6.4218,69.1660,+12.6017,382.0307,292.9459
1970,0.53,-1.6969,-0.2973,-8.0384,6.3415,37.2777,+12.4723,446.1374,287.6560
1971,0.52,-1.8393,+0.6398,-8.0738,6.2345,60.7820,+9.4282,421.8245,274.6788
1972,0.51,-1.6398,-0.2219,-8.0974,6.4576,19.6480,+3.9536,317.2618,280.9806
1973,0.52,-1.9371,-0.4049,-8.0839,6.1468,62.2635,+6.8619,353.9833,270.9731
1974,0.51,-1.5710,+0.3826,-8.0232,6.4522,64.5420,+6.0549,375.0020,291.3834
1975,0.51,-1.5304,+0.2684,-8.0344,6.5040,44.0593,+8.7648,335.7176,294.5046
1976,0.51,-1.9606,-0.0202,-8.0244,6.0639,51.3495,+8.7982,297.6539,262.4922
1977,0.51,-1.6959,-0.0118,-8.0188,6.3229,52.3729,+8.1592,313.0709,280.3046
1978,0.51,-1.1637,-0.0886,-8.0196,6.8559,36.2345,+10.1813,340.2248,311.8256
1979,0.50,-1.8989,-0.0994,-8.0301,6.1311,27.6267,+8.0427,272.6271,268.1118
1980,0.50,-1.5601,-0.0738,-8.0564,6.4963,22.1467,+7.0126,216.7754,285.6826
1981,0.51,-1.6996,-0.1091,-8.0361,6.3365,30.9989,+11.1409,321.3901,274.9949
1982,0.52,-1.5759,+0.2425,-8.0779,6.5020,27.9743,+9.3519,333.6534,282.4180
1983,0.51,-1.2690,+0.1227,-8.0717,6.8027,60.9712,+7.5210,471.0416,310.1309
1984,0.53,-1.4091,+0.4761,-8.0548,6.6458,33.4549,+7.9811,337.1993,294.9901
1985,0.52,-1.6765,+0.2524,-8.0511,6.3746,40.6905,+6.9723,285.8270,281.7281
1986,0.52,-1.9055,+0.1272,-8.0444,6.1389,44.5241,+6.6119,245.4771,267.7767
1987,0.51,-1.8727,+0.1835,-8.0459,6.1732,48.9030,+11.7314,362.7624,279.5634
1988,0.51,-1.6263,+0.3640,-8.0418,6.4155,44.0232,+12.4108,404.2045,301.6033
1989,0.50,-1.9244,+0.2483,-8.0483,6.1239,38.4862,+7.0512,273.7598,266.4615
1990,0.52,-1.2484,-0.4409,-8.0551,6.8067,75.3077,+8.5297,354.2741,312.3301
1991,0.51,-1.3242,+0.0744,-8.0758,6.7516,73.7551,+9.6900,313.7961,296.9775
1992,0.52,-1.7333,+0.0123,-8.0902,6.3569,27.7885,+8.3991,276.9740,286.7424
1993,0.51,-1.7304,+0.4566,-8.1024,6.3720,22.7393,+9.7387,296.0923,286.6548
1994,0.51,-1.5867,-0.1157,-8.1030,6.5163,47.8110,+6.1249,294.4082,285.0031
1995,0.53,-1.7688,+0.1779,-8.0936,6.3248,43.7019,+8.2385,279.5432,279.5958
1996,0.52,-1.4261,+0.1998,-8.0825,6.6564,121.3341,+10.1640,455.1809,298.4438
1997,0.52,-1.4265,-0.2768,-8.0806,6.6541,103.9877,+9.4205,409.9493,299.4218
1998,0.51,-1.5772,+0.2933,-8.0838,6.5066,34.2743,+10.2154,327.8763,299.8717
1999,0.51,-1.5135,+0.0909,-8.0897,6.5762,59.7547,+8.5434,402.6409,304.8875
2000,0.52,-1.3068,+0.3660,-8.0863,6.7795,70.3368,+10.0286,366.3801,309.0080
2001,0.53,-1.6428,+0.0821,-8.0963,6.4534,41.0824,+8.3980,316.7394,290.4843
2002,0.52,-1.8680,+0.1085,-8.0734,6.2054,38.3323,+9.9992,346.3083,276.3161
2003,0.51,-1.5051,-0.0556,-8.0585,6.5534,36.9140,+7.2141,367.9205,285.6630
2004,0.52,-1.6869,-0.2079,-8.0615,6.3746,43.8430,+6.9211,332.8618,286.9199
2005,0.51,-1.8221,+0.2132,-8.0912,6.2692,58.6711,+8.0937,375.3766,275.1977
2006,0.52,-2.0479,+0.1468,-8.0774,6.0294,19.5215,+4.8753,274.1013,266.1095
2007,0.50,-2.0547,-0.1848,-8.0716,6.0169,6.1407,+9.1089,436.8571,267.1677
2008,0.53,-1.2940,-0.0581,-8.0855,6.7915,30.6575,+10.9872,397.9556,310.7247
2009,0.50,-1.5601,+0.0487,-8.0905,6.5304,86.5688,+11.4533,417.5381,291.9295
2010,0.51,-1.8389,-0.0488,-8.0850,6.2461,34.0363,+6.7578,297.0321,268.7681
2011,0.50,-1.8380,+0.0748,-8.0983,6.2603,37.3258,+9.2877,332.1945,270.8535
2012,0.51,-1.7955,+0.3285,-8.0860,6.2904,35.8564,+6.7712,277.7682,270.8772
2013,0.51,-1.8093,-0.0580,-8.0998,6.2905,33.6267,+7.1816,269.7712,266.6710
2014,0.52,-2.0056,-0.5854,-8.1031,6.0975,29.6138,+8.6516,271.7562,264.9469
2015,0.51,-2.3251,-0.4643,-8.1091,5.7840,47.0692,+10.4068,339.3242,239.3030
2016,0.52,-1.2600,+0.2041,-8.1126,6.8527,37.8515,+4.4415,361.0132,292.1110
2017,0.51,-1.5938,+0.1830,-8.1072,6.5134,39.3020,+6.2347,388.2098,279.6506
2018,0.52,-1.5689,+0.2034,-8.0874,6.5185,80.4528,+6.8787,365.1931,281.7701
2019,0.52,-1.9146,-0.2299,-8.0993,6.1847,43.6494,+8.9406,355.7488,263.8013
2020,0.51,-1.4775,+0.0282,-8.0914,6.6138,55.5740,+6.9783,394.4395,293.8059
2021,0.52,-2.0773,-0.0165,-8.0921,6.0148,33.9187,+6.1258,321.5242,255.8859
2022,0.50,-1.2780,+0.2703,-8.1137,6.8358,49.5222,+6.7617,354.4937,295.4502
2023,0.51,-1.4769,+0.0945,-8.1020,6.6251,49.7532,+7.5471,342.5910,288.3849
2024,0.53,-1.9473,+0.0903,-8.1054,6.1581,55.7532,+6.4709,332.9142,270.7136
2025,0.51,-1.6216,-0.0373,-8.1163,6.4947,60.7030,+5.1829,242.9083,288.3835
2026,0.51,-1.8883,-0.0336,-8.1321,6.2439,31.7238,+7.9456,287.5926,265.4015
2027,0.52,-1.9858,-0.0067,-8.1259,6.1401,45.6081,+11.3060,343.2311,257.1458
2028,0.52,-1.6750,+0.1897,-8.1236,6.4486,29.1578,+8.5599,294.2274,275.4586
2029,0.50,-1.6727,+0.1695,-8.1142,6.4415,43.3545,+7.4127,289.1598,274.3969
2030,0.51,-1.8028,+0.0495,-8.0900,6.2872,69.6722,+9.0018,329.2686,277.4782
2031,0.49,-2.0873,-0.0042,-8.0824,5.9951,25.6440,+8.8007,344.9185,270.2093
2032,0.51,-2.0625,+0.3889,-8.0567,5.9943,52.3862,+8.5157,317.6882,272.1523
2033,0.54,-1.9916,+0.0142,-8.0438,6.0522,31.7218,+8.0820,287.9420,269.9651
2034,0.52,-1.9687,-0.0345,-8.0877,6.1189,48.1097,+9.7770,332.4276,271.7494
2035,0.51,-1.9074,+0.0845,-8.1066,6.1992,37.0692,+11.0036,352.8625,267.1091
2036,0.53,-1.9652,-0.2141,-8.1041,6.1389,41.0879,+8.4996,313.5168,267.8596
2037,0.54,-1.9654,+0.0534,-8.1050,6.1396,32.3724,+8.8733,295.0836,269.3117
2038,0.50,-2.2951,+0.3701,-8.1048,5.8098,44.7054,+10.2970,389.7703,244.1277
2039,0.52,-1.7151,-0.3627,-8.1055,6.3904,34.8792,+9.5097,332.2672,279.7006
2040,0.52,-2.0577,+0.0852,-8.0953,6.0376,39.2406,+11.3795,358.9891,260.7939
2041,0.54,-2.0078,-0.2595,-8.0974,6.0896,36.6753,+10.0212,364.9652,260.7180
2042,0.51,-2.0053,-0.0003,-8.0724,6.0671,39.2834,+5.8767,259.4556,253.9590
2043,0.54,-1.6317,-0.5596,-8.0694,6.4376,46.6588,+8.9180,346.6975,281.4456
2044,0.51,-1.6917,+0.0505,-8.0780,6.3863,43.7298,+9.0181,438.2251,288.4638
2045,0.49,-1.3671,-0.1925,-8.0906,6.7235,48.1035,+6.6425,384.2247,297.0535
2046,0.50,-1.5921,-0.0267,-8.1157,6.5236,41.4439,+11.1771,379.3935,290.4114
2047,0.50,-1.8949,-0.0036,-8.1240,6.2291,22.9806,+9.7705,308.2450,282.3328
2048,0.51,-1.7973,-0.1201,-8.1166,6.3193,54.3968,+5.6842,251.0185,261.3578
2049,0.50,-2.0965,-0.1281,-8.1039,6.0073,51.0923,+7.2172,299.7696,256.5311
2050,0.51,-1.6700,-0.2893,-8.0975,6.4275,47.5271,+9.8599,382.9279,278.0000
2051,0.52,-1.9815,+0.1438,-8.0630,6.0815,34.3376,+4.7181,273.7570,261.2593
2052,0.50,-1.9299,+0.0239,-8.0729,6.1430,38.3133,+4.2092,255.4355,264.1517
2053,0.52,-2.0021,-0.0546,-8.0475,6.0454,37.5665,+4.1489,245.5714,252.3375
2054,0.52,-1.9288,-0.0345,-8.0672,6.1384,44.2979,+7.1244,342.8051,266.8109
2055,0.51,-1.7255,-0.0590,-8.0593,6.3338,74.7546,+8.2934,388.5762,286.6113
2056,0.52,-1.9720,-0.1031,-8.0310,6.0590,42.3357,+8.7353,363.4794,268.5215
2057,0.51,-1.7118,-0.0079,-8.0543,6.3425,70.0461,+8.3971,448.9329,286.1089
2058,0.53,-1.6761,-0.0221,-8.0739,6.3978,52.6596,+7.4215,318.8201,288.3529
2059,0.51,-1.6869,-0.1441,-8.0782,6.3914,52.7477,+12.4672,433.4199,289.5519
2060,0.51,-1.4613,+0.0860,-8.0604,6.5991,55.5228,+11.2033,444.3927,302.5715
2061,0.52,-1.7748,+0.2536,-8.0905,6.3157,47.7368,+3.8354,304.3792,269.3085
2062,0.51,-1.7578,-0.3160,-8.0868,6.3290,51.0890,+6.2204,296.6479,272.5496
2063,0.51,-1.7053,+0.1260,-8.0882,6.3830,36.5969,+8.5465,347.3065,280.3198
2064,0.51,-1.7487,+0.0494,-8.0976,6.3489,36.8778,+8.8833,324.8602,281.4228
2065,0.53,-1.8587,-0.1109,-8.0814,6.2227,56.0048,+11.6823,381.9454,274.7267
2066,0.51,-1.6766,-0.0501,-8.0432,6.3666,46.1290,+9.7176,358.7933,287.8282
2067,0.51,-1.5706,+0.2029,-8.0544,6.4837,56.1978,+9.0292,401.5799,298.7654
2068,0.53,-1.9779,-0.0184,-8.0513,6.0734,39.6228,+8.6623,371.2585,279.5577
2069,0.51,-1.9546,-0.0139,-8.0564,6.1018,31.5128,+4.5952,237.8608,265.5154
2070,0.52,-1.7484,+0.2851,-8.0502,6.3017,71.0910,+9.5884,347.3454,286.5233
2071,0.50,-2.0129,-0.0127,-8.0539,6.0410,40.8602,+9.2901,295.8981,265.9455
2072,0.51,-1.8510,+0.1793,-8.0381,6.1870,25.4553,+7.9692,237.3996,274.6539
2073,0.52,-2.0023,+0.3339,-8.0733,6.0710,41.0897,+9.2441,319.3636,264.9025
2074,0.50,-1.8077,+0.1950,-8.0688,6.2611,30.4539,+7.3234,269.6877,270.6592
2075,0.51,-2.1837,+0.1217,-8.0582,5.8745,20.6640,+5.9158,225.5598,249.7389
2076,0.52,-1.7112,+0.0766,-8.0565,6.3453,24.8207,+4.0413,206.2958,270.4088
2077,0.53,-1.6574,-0.1743,-8.0634,6.4059,25.9071,+10.1372,266.0284,284.0817
2078,0.52,-1.6820,+0.1185,-8.0802,6.3982,31.8933,+8.9798,301.1551,280.1249
2079,0.50,-1.6487,-0.2160,-8.0721,6.4234,43.8387,+7.1558,256.9020,274.9202
2080,0.51,-1.5834,+0.3106,-8.0661,6.4827,31.6381,+7.3788,237.2733,280.9641
2081,0.54,-2.0253,+0.2093,-8.0744,6.0491,39.1309,+8.9004,267.2947,251.5586
2082,0.52,-1.8012,-0.0925,-8.0866,6.2854,31.0770,+9.9635,308.6597,273.4564
2083,0.51,-1.6524,+0.1156,-8.0691,6.4167,47.2489,+6.8666,280.7478,277.2739
2084,0.52,-1.7258,-0.3653,-8.0772,6.3514,38.3162,+7.3014,303.6052,281.7237
2085,0.50,-1.7225,-0.0406,-8.0596,6.3371,51.8740,+7.7496,357.7813,283.2669
2086,0.52,-1.8906,+0.0782,-8.0712,6.1806,43.0664,+7.0496,306.0351,274.6372
2087,0.52,-1.8375,+0.1316,-8.0615,6.2239,39.8404,+7.7945,299.7548,264.4100
2088,0.53,-1.3857,+0.1974,-8.0659,6.6802,35.5323,+6.8629,279.8684,302.5084
2089,0.52,-1.6206,+0.0254,-8.0820,6.4614,62.8605,+6.5732,339.3589,295.3467
2090,0.51,-1.7277,+0.3932,-8.0709,6.3432,37.2091,+10.7792,351.4297,282.7924
2091,0.52,-1.7833,-0.2836,-8.0435,6.2602,39.2628,+9.7500,311.1600,275.9601
2092,0.51,-1.6579,+0.1033,-8.0501,6.3923,51.6578,+12.9053,405.3898,292.0958
2093,0.50,-1.9142,+0.0012,-8.0687,6.1545,50.0616,+12.4841,386.9838,274.3535
2094,0.52,-1.6898,+0.0500,-8.0537,6.3639,39.6767,+8.2133,314.3504,284.1433
2095,0.50,-1.6494,+0.0226,-8.0814,6.4320,38.2979,+8.2364,328.4757,288.7108
2096,0.49,-1.7170,+0.1483,-8.0989,6.3818,35.9186,+6.0582,286.1459,278.8849
2097,0.51,-1.6495,+0.1338,-8.0871,6.4376,50.1110,+5.9161,291.7599,282.0529
2098,0.51,-1.7009,+0.0049,-8.0906,6.3897,35.0271,+7.8597,255.2674,278.8400
2099,0.50,-1.9038,-0.0770,-8.0958,6.1920,30.9570,+5.3985,213.7619,262.5645
2100,0.51,-1.7869,+0.2769,-8.1121,6.3251,31.6251,+5.4132,243.4519,262.5792
2101,0.51,-1.8625,+0.0733,-8.1117,6.2492,40.8512,+7.8113,252.8271,258.6790
2102,0.50,-2.0033,-0.1897,-8.1234,6.1201,41.7436,+8.9367,317.0036,266.3405
2103,0.53,-2.0081,+0.1656,-8.1201,6.1120,32.1518,+3.1506,276.1471,259.4088
2104,0.51,-1.8960,+0.0255,-8.0974,6.2014,29.7681,+9.1101,295.9887,279.8707
2105,0.51,-2.0326,-0.0942,-8.0633,6.0308,43.9865,+8.3404,312.8676,261.7708
2106,0.52,-1.9623,+0.0391,-8.1001,6.1378,39.5940,+11.9857,369.2875,276.4269
2107,0.51,-1.8276,+0.1710,-8.1071,6.2794,37.9754,+11.0458,443.1954,291.1450
2108,0.53,-1.3059,+0.3476,-8.0885,6.7827,84.7005,+10.7881,529.4142,318.8915
2109,0.52,-1.5206,+0.1968,-8.1143,6.5937,73.7931,+8.6321,482.3734,312.9966
2110,0.51,-1.9601,-0.3442,-8.1078,6.1478,54.8909,+8.8681,362.1346,270.7305
2111,0.51,-1.5176,-0.0553,-8.1010,6.5834,48.2547,+7.0299,354.9525,303.8776
2112,0.51,-2.0578,+0.2231,-8.0775,6.0197,47.9637,+8.2315,398.9563,268.3082
2113,0.51,-2.0351,+0.2400,-8.1058,6.0707,41.6524,+4.7977,255.8194,264.4157
2114,0.52,-1.8154,+0.2070,-8.0739,6.2585,40.9013,+8.0445,324.9917,284.0547
2115,0.53,-1.6817,-0.1920,-8.0794,6.3978,49.4203,+10.1239,395.1423,295.1257
2116,0.51,-1.8716,+0.0441,-8.0894,6.2178,31.8605,+7.1905,283.4825,270.1613
2117,0.51,-1.6831,-0.0546,-8.0931,6.4099,30.5872,+5.7277,225.3258,278.5238
2118,0.52,-1.8100,+0.1361,-8.1296,6.3196,34.0622,+7.1915,311.5002,277.3239
2119,0.54,-2.0318,+0.1892,-8.0983,6.0665,35.5121,+6.4040,260.5333,265.4684
2120,0.51,-2.1669,+0.5056,-8.0902,5.9232,44.7588,+8.0358,367.9669,257.7251
2121,0.50,-1.8933,+0.2758,-8.1178,6.2245,24.4886,+1.2622,228.4584,260.9142
2122,0.51,-1.6688,+0.2188,-8.1109,6.4420,33.6035,+9.1669,301.2046,284.9016
2123,0.53,-1.8595,+0.3221,-8.1227,6.2632,41.0236,+6.7234,246.0472,265.4315
2124,0.53,-1.9506,+0.2748,-8.1077,6.1571,37.3256,+7.2359,249.3176,262.8565
2125,0.53,-1.7568,-0.1845,-8.0999,6.3430,43.6835,+6.4480,241.2344,276.7046
2126,0.51,-1.9597,-0.2122,-8.1226,6.1629,31.9758,+5.3077,233.8613,262.0258
2127,0.52,-1.9198,-0.0945,-8.1110,6.1912,30.5554,+8.6439,257.5607,267.3831
2128,0.50,-1.8847,-0.1469,-8.0974,6.2127,24.5949,+7.2540,230.0108,266.8624
2129,0.53,-1.9814,+0.2584,-8.1236,6.1422,24.5284,+10.0068,327.7746,272.4135
2130,0.50,-1.8354,-0.0268,-8.1289,6.2935,38.5145,+9.6082,314.0237,278.8263
2131,0.52,-1.8670,-0.2267,-8.1297,6.2627,46.3525,+9.4177,302.8783,273.5024
2132,0.51,-1.8730,-0.1799,-8.1262,6.2532,35.6511,+10.2132,297.9330,285.3793
2133,0.49,-2.0009,-0.2980,-8.1231,6.1223,37.3116,+11.5555,341.1141,275.7997
2134,0.51,-2.1930,+0.2923,-8.1222,5.9292,32.9625,+11.9162,345.2925,266.3810
2135,0.52,-2.0051,-0.2638,-8.1136,6.1086,50.8604,+9.5083,382.0626,277.4705
2136,0.50,-2.0628,+0.2914,-8.1318,6.0690,31.4095,+10.0605,293.9308,272.8567
2137,0.51,-1.7122,-0.0125,-8.1252,6.4129,32.7010,+10.8656,421.1890,290.9032
2138,0.51,-1.4486,+0.1573,-8.1361,6.6875,46.5688,+8.0967,382.0870,297.8899
2139,0.50,-1.8514,+0.2556,-8.1244,6.2731,30.3753,+9.0391,330.0697,284.3779
2140,0.53,-1.6023,+0.0822,-8.0973,6.4950,38.2858,+7.8530,319.4529,298.4878
2141,0.50,-1.8646,+0.1753,-8.0788,6.2142,18.8044,+8.0501,269.7244,269.9983
2142,0.52,-1.8529,-0.0120,-8.0821,6.2293,47.8713,+7.6801,305.9657,278.8588
2143,0.50,-1.7304,+0.0294,-8.0791,6.3487,36.9094,+9.5525,370.6916,287.3439
2144,0.51,-2.0120,-0.3307,-8.0777,6.0657,39.8177,+7.9470,383.9345,269.7810
2145,0.52,-1.9045,-0.0193,-8.0772,6.1727,72.0477,+4.4628,361.6836,272.4028
2146,0.50,-1.8297,+0.6179,-8.0607,6.2309,30.1974,+5.6895,303.2549,268.8598
2147,0.52,-2.0118,-0.0662,-8.0563,6.0445,40.9569,+4.9482,316.4840,253.4099
2148,0.50,-2.1194,+0.2844,-8.0722,5.9529,42.9360,+4.7899,281.3924,254.9407
2149,0.50,-1.7559,-0.1123,-8.0781,6.3221,33.7639,+5.5926,249.6401,268.7018
2150,0.52,-1.7720,+0.2458,-8.0618,6.2899,38.1974,+5.6834,289.7754,259.9402
2151,0.52,-1.7833,+0.1432,-8.0768,6.2935,34.9233,+10.7593,322.3060,276.1233
2152,0.52,-1.9512,+0.0432,-8.0704,6.1192,45.0969,+9.2368,354.5857,267.3225
2153,0.51,-2.1720,+0.2058,-8.0527,5.8807,34.7837,+8.7814,360.9735,257.6922
2154,0.52,-1.9759,+0.3055,-8.0360,6.0601,43.3912,+5.3791,262.5420,263.8815
2155,0.52,-1.8222,+0.1487,-8.0463,6.2242,34.4499,+5.9656,248.2723,277.1507
2156,0.52,-1.9757,+0.1568,-8.1097,6.1340,39.7186,+11.0470,341.9765,279.2468
2157,0.51,-1.7259,+0.4256,-8.1023,6.3764,50.8652,+9.7816,350.0768,301.6634
2158,0.52,-1.9290,+0.6389,-8.1248,6.1958,49.8395,+10.2689,395.1964,279.2013
2159,0.52,-2.0573,+0.1669,-8.1073,6.0500,8.4392,+6.7752,203.0453,260.0193
2160,0.52,-1.5468,-0.3611,-8.1034,6.5566,39.6476,+7.5465,375.3840,292.8228
2161,0.52,-1.4061,+0.2665,-8.1026,6.6965,37.6348,+2.3360,298.4067,300.5788
2162,0.50,-1.6447,+0.1652,-8.0871,6.4424,85.6448,+11.3601,378.4627,299.2592
2163,0.51,-1.7855,+0.1878,-8.1107,6.3252,46.6996,+11.3949,407.3754,283.7125
2164,0.53,-1.5094,-0.3181,-8.0925,6.5831,47.8176,+8.0595,356.8336,296.5972
2165,0.52,-1.4921,-0.0966,-8.0727,6.5806,72.9035,+7.5685,298.9794,292.8177
2166,0.49,-2.0058,+0.1668,-8.0760,6.0702,37.4908,+7.4949,242.4148,263.9588
2167,0.51,-2.0303,-0.1382,-8.0923,6.0620,20.9406,+8.3129,227.6626,266.4174
2168,0.53,-1.7341,-0.1007,-8.0963,6.3621,49.7114,+8.4087,328.5436,277.0353
2169,0.52,-1.7721,-0.0817,-8.0840,6.3119,40.8434,+3.3031,215.6270,258.4358
2170,0.52,-2.0892,-0.1793,-8.1107,6.0215,35.1370,+5.5153,192.6946,244.4730
2171,0.51,-1.9898,+0.0233,-8.1051,6.1152,33.3257,+9.4601,264.8640,258.8348
2172,0.52,-2.0653,-0.0811,-8.0961,6.0308,40.9971,+6.3713,222.7229,257.6384
2173,0.52,-1.9775,+0.1485,-8.0722,6.0947,33.0974,+8.7526,321.9937,264.6113
2174,0.49,-2.0929,-0.0507,-8.0862,5.9933,30.8878,+9.5429,268.7841,263.6626
2175,0.53,-1.7755,+0.0735,-8.0742,6.2987,29.3859,+7.7840,297.6953,277.7319
2176,0.52,-1.7304,-0.1078,-8.1052,6.3747,27.5622,+7.4275,301.2359,281.0479
2177,0.51,-1.7577,+0.0060,-8.1302,6.3725,70.9422,+11.7125,374.7495,287.6683
2178,0.53,-1.9819,+0.0217,-8.1317,6.1498,52.9100,+8.4799,343.1615,273.4085
2179,0.50,-1.9649,+0.0532,-8.1160,6.1511,36.4378,+8.9005,297.9428,271.5485
2180,0.51,-2.0446,-0.1496,-8.1274,6.0828,25.7830,+7.8814,272.4729,262.2972
2181,0.51,-1.9437,-0.0268,-8.1369,6.1932,55.3019,+10.1171,355.4478,275.2209
2182,0.52,-1.8740,-0.2278,-8.1317,6.2577,52.4476,+7.4925,272.3964,268.8786
2183,0.51,-1.9706,+0.0713,-8.1186,6.1479,29.9224,+9.3982,300.2810,274.2085
2184,0.52,-2.2752,+0.1113,-8.1265,5.8513,30.2028,+10.4857,313.2606,256.2857
2185,0.52,-2.2267,-0.0922,-8.1320,5.9052,31.7965,+9.0075,300.0056,255.8943
2186,0.51,-2.1333,+0.0708,-8.1342,6.0009,38.2826,+9.5302,296.2528,265.1362
2187,0.51,-1.2407,+0.0652,-8.0969,6.8562,192.2501,+11.3966,513.3578,307.3226
2188,0.51,-1.8367,+0.0542,-8.1174,6.2806,31.5976,+10.8119,349.9276,278.7029
2189,0.51,-1.9177,+0.1215,-8.1280,6.2103,37.6566,+7.3275,329.1241,269.0493
2190,0.51,-1.9768,-0.2033,-8.1412,6.1644,35.1585,+6.9012,248.9568,273.5293
2191,0.53,-1.7966,+0.2042,-8.1326,6.3360,30.4040,+7.2451,269.3709,276.1768
2192,0.52,-2.0702,+0.3545,-8.1358,6.0656,28.1653,+7.6541,244.7835,264.6602
2193,0.50,-2.0329,+0.0194,-8.1430,6.1101,46.7685,+9.6506,360.8469,266.1306
2194,0.52,-1.8743,+0.0647,-8.1252,6.2509,37.0349,+8.5498,294.3288,278.4290
2195,0.52,-1.9652,-0.0897,-8.1194,6.1542,28.9238,+10.6246,314.8323,269.8156
2196,0.54,-2.1517,-0.1747,-8.1298,5.9781,33.5075,+10.4112,312.3686,258.4687
2197,0.53,-2.1179,+0.1725,-8.1122,5.9943,29.9484,+8.8849,328.3032,256.6406
2198,0.54,-2.0093,-0.0501,-8.1109,6.1016,30.5138,+7.0409,258.3428,261.5068
2199,0.51,-1.8686,-0.0529,-8.1034,6.2348,32.4420,+7.9216,273.0898,265.7212
2200,0.53,-1.7492,+0.1505,-8.0978,6.3486,37.4012,+9.6248,393.1951,275.1505
2201,0.53,-2.0979,-0.0441,-8.0980,6.0001,41.3701,+9.0721,378.8729,256.3997
2202,0.50,-1.7777,+0.0461,-8.1157,6.3380,31.1605,+8.6854,304.0769,274.3885
2203,0.53,-1.8109,+0.1748,-8.1102,6.2993,40.0894,+8.1683,333.4961,270.6113
2204,0.52,-2.2094,+0.1139,-8.1138,5.9044,5.0089,+9.9352,211.5997,252.2157
2205,0.51,-1.8531,-0.0046,-8.1202,6.2671,41.4571,+9.4450,426.6078,275.2545
2206,0.51,-1.6858,-0.3356,-8.1301,6.4442,41.6666,+11.0329,397.8164,280.1642
2207,0.51,-1.7226,-0.1870,-8.1282,6.4056,36.4645,+8.9884,464.8105,281.1400
2208,0.51,-1.7216,-0.3015,-8.1285,6.4069,39.2781,+10.1441,383.3089,284.5790
2209,0.52,-1.9603,+0.1367,-8.1271,6.1668,42.2533,+6.2717,311.8752,258.0392
2210,0.51,-1.7870,+0.0281,-8.1232,6.3361,27.1589,+5.7030,249.7912,269.8999
2211,0.52,-1.6834,-0.0381,-8.1378,6.4544,33.4045,+9.2384,373.3284,289.4365
2212,0.51,-1.8497,-0.2651,-8.1012,6.2515,35.1854,+5.7235,281.5422,274.5474
2213,0.53,-2.1321,-0.1183,-8.1084,5.9763,40.7174,+5.8068,326.2085,266.9137
2214,0.52,-2.0213,-0.1277,-8.1275,6.1062,34.7787,+8.0248,274.8279,274.7097
2215,0.53,-2.0882,+0.1032,-8.1485,6.0604,37.0280,+8.4327,258.1529,264.6378
2216,0.51,-2.0212,-0.0126,-8.1305,6.1093,51.4087,+8.6440,319.9209,270.7743
2217,0.50,-1.7973,-0.1820,-8.1502,6.3529,65.0234,+7.2006,315.6362,276.4186
2218,0.51,-1.8688,-0.2464,-8.1538,6.2850,37.6390,+9.4949,326.7325,271.7451
2219,0.52,-2.0437,-0.1616,-8.1458,6.1021,36.1496,+10.6391,331.3710,272.7343
2220,0.51,-2.0831,-0.0997,-8.1326,6.0495,34.5740,+10.2545,350.3147,270.7211
2221,0.51,-1.9040,+0.0161,-8.1344,6.2304,38.7559,+8.9220,294.9675,272.2411
2222,0.50,-2.1359,-0.0989,-8.1680,6.0321,12.6061,+7.4798,307.4550,253.0349
2223,0.52,-1.5206,-0.0561,-8.1442,6.6236,57.8555,+2.9814,358.6121,288.6049
2224,0.52,-2.1086,-0.0114,-8.1517,6.0431,40.0109,+6.1723,347.4102,254.6284
2225,0.51,-1.7536,-0.1452,-8.1397,6.3860,42.3331,+2.2470,261.8814,275.7852
2226,0.51,-1.8380,-0.0493,-8.1417,6.3037,41.3531,+10.5855,355.1768,280.3176
2227,0.53,-2.0467,-0.1010,-8.1564,6.1097,44.0814,+8.2324,325.6552,264.1522
2228,0.51,-2.2211,+0.1183,-8.1672,5.9461,28.6797,+9.5065,324.2198,253.8267
2229,0.54,-2.1697,-0.0409,-8.1653,5.9956,37.5937,+9.1886,320.5212,259.5009
2230,0.51,-1.9115,+0.2830,-8.1376,6.2261,40.7790,+11.5578,372.7497,273.4523
2231,0.50,-1.8089,-0.0453,-8.1347,6.3258,45.5139,+6.8922,337.6887,277.0984
2232,0.53,-2.1390,-0.3125,-8.1469,6.0079,40.0769,+7.9142,338.5029,264.7975
2233,0.53,-2.4130,-0.2465,-8.1496,5.7366,38.5250,+8.2460,347.9828,253.7051
2234,0.51,-2.0231,-0.0583,-8.1587,6.1356,47.1003,+8.1430,299.1207,264.4783
2235,0.51,-2.1770,-0.1080,-8.1426,5.9656,43.3139,+7.8901,286.3867,246.1865
2236,0.52,-2.2476,-0.3780,-8.1316,5.8840,34.7096,+10.4647,362.5120,245.0455
2237,0.53,-2.1163,+0.0443,-8.1182,6.0019,24.9579,+6.6808,226.2445,250.9326
2238,0.53,-2.0039,-0.1025,-8.1038,6.0999,31.6166,+8.4051,240.6357,254.1976
2239,0.51,-1.9773,+0.0471,-8.0638,6.0865,32.3942,+7.8713,213.3815,254.7625
2240,0.53,-2.3127,+0.1649,-8.0760,5.7633,39.4154,+10.4480,321.5637,238.2078
2241,0.52,-1.9969,-0.0421,-8.0958,6.0989,39.2721,+8.8341,334.2664,259.7929
2242,0.53,-2.2774,+0.1902,-8.0752,5.7978,39.5200,+6.9226,314.1960,245.1072
2243,0.53,-2.2402,-0.1086,-8.0781,5.8378,37.0567,+7.1796,270.9268,249.0690
2244,0.52,-2.0693,+0.3381,-8.0848,6.0155,37.9995,+8.5111,338.9576,253.8200
2245,0.53,-1.9455,+0.0875,-8.1165,6.1711,24.1642,+6.9078,269.9293,268.9664
2246,0.52,-2.2373,-0.1910,-8.1405,5.9032,38.7157,+7.5582,323.8995,254.6692
2247,0.51,-2.0078,+0.0959,-8.1120,6.1042,38.2534,+9.0045,352.4728,269.9803
2248,0.52,-2.0384,+0.6642,-8.0913,6.0529,31.5462,+8.7117,343.3154,262.0247
2249,0.52,-1.8649,+0.0717,-8.1029,6.2380,53.3434,+6.5580,238.3007,272.3154
2250,0.53,-2.2304,+0.0056,-8.1194,5.8890,30.1269,+7.4014,315.6729,239.1848
2251,0.53,-1.6993,-0.2103,-8.1481,6.4487,42.3023,+7.3817,375.2559,281.1871
2252,0.53,-1.8614,-0.3599,-8.1249,6.2634,24.6758,+8.1126,310.2293,265.7861
2253,0.53,-2.1673,+0.4344,-8.1408,5.9734,37.9246,+9.2517,417.1697,262.4888
2254,0.52,-1.9910,+0.3163,-8.1551,6.1642,27.7471,+7.8588,309.6130,275.6334
2255,0.53,-2.0585,+0.1959,-8.1488,6.0904,33.9434,+5.1008,273.0904,267.6328
2256,0.53,-2.0251,-0.1327,-8.1371,6.1120,37.5038,+8.1692,298.7053,265.8586
2257,0.53,-2.0300,+0.0768,-8.1340,6.1040,36.7338,+6.1438,289.4790,257.8620
2258,0.52,-1.7681,+0.1085,-8.1264,6.3582,33.5551,+6.9998,261.6137,275.4467
2259,0.52,-2.0402,+0.2259,-8.1171,6.0770,31.0979,+7.3046,232.0668,257.9318
2260,0.49,-1.9920,+0.0342,-8.1208,6.1287,30.3792,+11.8828,342.7635,272.7679
2261,0.53,-1.4749,+0.2095,-8.1133,6.6384,42.2061,+1.4820,269.5519,287.5210
2262,0.52,-2.0162,+0.1632,-8.1352,6.1190,27.9786,+7.7861,266.1512,268.8519
2263,0.52,-2.0114,-0.0337,-8.1169,6.1055,28.6052,+6.8607,266.6411,266.4613
2264,0.51,-1.7741,-0.0722,-8.1247,6.3506,40.4217,+9.7511,350.4180,286.1363
2265,0.53,-1.7544,-0.1123,-8.1187,6.3643,30.2345,+6.3499,238.2007,276.3660
2266,0.52,-1.7595,+0.2726,-8.1305,6.3710,53.4770,+11.0235,426.8516,292.8112
2267,0.51,-1.8838,-0.2753,-8.1477,6.2639,24.4735,+11.7244,315.9105,277.2439
2268,0.51,-2.1304,-0.2112,-8.1623,6.0319,34.5560,+10.6349,333.8702,264.4845
2269,0.53,-2.0613,+0.2195,-8.1598,6.0984,30.8206,+8.8219,277.5058,268.0525
2270,0.52,-2.0240,+0.0658,-8.1579,6.1339,31.5260,+10.7358,331.5344,267.3319
2271,0.53,-1.8209,+0.0231,-8.1543,6.3334,34.2892,+10.8785,296.3330,277.4738
2272,0.50,-2.0421,+0.2035,-8.1527,6.1106,36.9192,+9.2247,299.8275,267.7209
2273,0.53,-2.0090,-0.1271,-8.1847,6.1757,28.3109,+8.4279,277.4855,272.3432
2274,0.52,-2.0266,-0.2044,-8.1412,6.1146,37.2286,+8.6340,281.5494,258.9984
2275,0.53,-1.8319,+0.0623,-8.1484,6.3166,33.3990,+8.7184,222.9596,265.4256
2276,0.51,-2.0516,+0.0225,-8.1534,6.1018,31.1076,+9.3728,273.1757,257.7546
2277,0.52,-2.0345,-0.0493,-8.1314,6.0969,31.2609,+5.7617,206.9594,254.5074
2278,0.50,-2.2702,-0.0849,-8.1508,5.8806,32.9514,+8.7433,282.8513,250.1388
2279,0.51,-2.0991,+0.0925,-8.1388,6.0397,26.7992,+7.9844,288.1218,259.6261
2280,0.51,-2.1581,-0.1577,-8.1432,5.9851,16.4131,+8.4418,285.7523,265.0100
2281,0.52,-2.2988,-0.1232,-8.1592,5.8605,21.4286,+6.7925,230.0810,249.8650
2282,0.52,-2.1980,+0.1787,-8.1506,5.9527,13.2916,+9.1259,237.9726,256.7527
2283,0.52,-2.0710,+0.1380,-8.1570,6.0860,17.9725,+11.8139,306.8555,268.4843
2284,0.51,-1.9575,-0.0153,-8.1760,6.2185,21.2573,+9.3897,284.2251,273.7768
2285,0.51,-2.3493,-0.0365,-8.1738,5.8245,46.7330,+10.9831,360.5948,252.1216
2286,0.53,-2.1243,-0.0603,-8.2029,6.0786,30.8187,+10.5036,322.8952,272.7622
2287,0.53,-2.0278,-0.2228,-8.1837,6.1559,37.3040,+11.3490,385.2772,280.7235
2288,0.53,-2.1761,+0.3150,-8.1951,6.0190,24.4598,+10.0595,373.2888,266.9055
2289,0.53,-2.0104,+0.0486,-8.1708,6.1604,40.3595,+8.8254,369.3195,278.8676
2290,0.51,-2.3008,-0.0115,-8.1859,5.8851,11.4521,+5.4822,179.8611,254.1897
2291,0.51,-2.2508,+0.0216,-8.1943,5.9435,11.0250,+9.2691,254.8185,264.4406
2292,0.52,-2.1080,-0.1632,-8.1465,6.0385,13.5743,+5.9078,232.1344,255.6868
2293,0.50,-2.0699,+0.3008,-8.1604,6.0905,5.6776,+12.0156,320.9607,265.6952
2294,0.50,-1.1620,-0.0182,-8.1509,6.9889,6.7439,+0.5702,236.1958,297.1137
2295,0.52,-1.4643,-0.2861,-8.1566,6.6923,4.2964,+17.5150,435.6215,301.8597
2296,0.51,-1.2070,+0.2162,-8.1578,6.9507,6.3983,-5.1767,241.9010,297.4340
2297,0.51,-1.1517,+0.1565,-8.1419,6.9902,5.6444,+19.4653,513.3447,333.9061
2298,0.50,-1.4859,-0.1900,-8.1341,6.6482,6.2484,+2.4407,295.1325,291.1179
2299,0.50,-1.6140,-0.7730,-8.1469,6.5329,5.2208,+12.6261,330.8433,301.4241
2300,0.52,-1.6820,+0.1512,-8.1372,6.4552,4.2086,+3.4979,176.9169,268.0923
2301,0.52,-1.1947,-0.1312,-8.1608,6.9661,3.5494,+17.9461,493.0801,322.9958
2302,0.51,-1.6805,-0.4732,-8.1642,6.4837,7.0364,-0.0660,266.3004,270.6192
2303,0.53,-1.9125,+0.0316,-8.1736,6.2611,5.4444,+13.8598,380.8972,278.8251
2304,0.53,-0.8176,-0.0941,-8.1671,7.3495,15.4851,-5.5980,395.3359,323.0728
2305,0.50,-1.8290,-0.1420,-8.1582,6.3292,4.7334,+15.2162,368.5149,292.5872
2306,0.52,-1.6421,+0.0162,-8.1657,6.5236,8.5141,-8.0216,232.5120,272.7484
2307,0.53,-1.7373,+0.0784,-8.1328,6.3955,3.7954,+18.0995,456.5258,293.7323
2308,0.51,-1.8125,+0.0208,-8.1570,6.3445,6.4064,-5.7763,201.5407,270.2130
2309,0.51,-1.7913,+0.1113,-8.1803,6.3891,4.4814,+13.7602,397.0190,298.8553
2310,0.52,-1.3044,+0.0869,-8.1791,6.8746,5.9249,+1.3265,336.8561,296.3928
2311,0.51,-1.7422,-0.1652,-8.1745,6.4323,16.5842,+9.6159,369.1785,287.2667
2312,0.52,-1.6048,+0.4232,-8.1708,6.5660,14.3048,-1.6890,261.2268,278.0131
2313,0.50,-1.8673,-0.2477,-8.1348,6.2675,4.6402,+15.3384,306.8365,289.8945
2314,0.52,-1.8323,-0.1101,-8.1357,6.3035,7.1636,+3.6933,163.9930,280.1068
2315,0.51,-2.3371,-0.0306,-8.1676,5.8305,7.7009,+9.7898,220.1100,256.2955
2316,0.53,-2.0711,-0.0213,-8.1563,6.0852,6.3099,+6.3484,261.6763,267.2418
2317,0.51,-2.1724,-0.3117,-8.1858,6.0133,7.5601,+9.2590,248.8193,256.7978
2318,0.51,-1.2972,+0.1510,-8.1790,6.8818,14.0907,+4.8041,465.4406,320.0638
2319,0.51,-2.5725,-0.1678,-8.1926,5.6201,8.6148,+11.6312,266.8222,256.8051
2320,0.52,-2.4195,-0.1076,-8.1772,5.7576,6.8890,+4.4968,174.0335,239.6185
2321,0.51,-1.0856,+0.0934,-8.1905,7.1049,7.3643,+21.3668,612.5809,343.9602
2322,0.54,-2.1164,-0.5059,-8.1813,6.0649,14.9587,+0.1159,150.7721,239.1710
2323,0.52,-1.7225,-0.3098,-8.2027,6.4802,5.3239,+15.7651,358.9779,288.7021
2324,0.53,-2.3262,+0.4574,-8.1951,5.8689,4.7511,+3.7745,169.7023,239.5217
2325,0.51,-1.4273,-0.1629,-8.2086,6.7813,11.6263,+17.6394,468.1044,325.7924
2326,0.51,-1.8519,+0.2749,-8.1865,6.3347,4.4078,-0.5651,164.1285,272.2786
2327,0.52,-1.8994,-0.0129,-8.1915,6.2921,3.1075,+12.5782,319.1028,286.5123
2328,0.53,-1.7778,-0.0448,-8.1729,6.3951,7.7811,+7.3369,331.4989,291.9853
2329,0.50,-2.2711,-0.0316,-8.1777,5.9066,6.1785,+1.8156,166.3212,239.8388
2330,0.52,-1.6828,+0.0632,-8.1906,6.5079,10.8312,+14.7780,446.2000,296.8252
2331,0.52,-2.0836,+0.0174,-8.1830,6.0995,6.3329,+8.5703,235.4549,260.8071
2332,0.52,-1.7660,-0.4123,-8.2103,6.4443,10.9042,-7.3711,203.5436,263.8289
2333,0.53,-1.9836,-0.1979,-8.1860,6.2025,3.4604,+13.9823,312.5246,275.6696
2334,0.51,-2.0575,-0.0234,-8.1795,6.1220,6.0426,-4.9617,236.8543,249.0011
2335,0.53,-1.9941,-0.0621,-8.1777,6.1836,4.4637,+14.7091,399.6869,282.1291
2336,0.52,-2.1716,+0.0166,-8.1874,6.0158,6.3240,-2.0088,260.1420,248.5735
2337,0.53,-2.1507,+0.2418,-8.2131,6.0624,3.4292,+12.7788,290.0295,267.8083
2338,0.53,-1.5385,-0.0504,-8.2165,6.6779,15.7983,-5.3011,252.6266,284.7991
2339,0.52,-2.0597,+0.2054,-8.2182,6.1585,13.1103,+13.5463,363.8224,268.4235
2340,0.53,-2.2512,-0.1268,-8.2328,5.9815,17.1547,-0.9276,233.4049,249.7665
2341,0.52,-2.2485,-0.1179,-8.2330,5.9845,6.9542,+15.6479,337.9293,269.8298
2342,0.54,-2.2361,-0.0784,-8.2265,5.9904,5.5882,-0.2886,149.8071,249.3695
2343,0.53,-1.8862,-0.3099,-8.2336,6.3474,7.5403,+15.6602,406.5992,273.3610
2344,0.53,-2.4876,+0.0322,-8.2342,5.7466,4.5050,+2.4598,140.9954,225.5697
2345,0.54,-1.9120,-0.1563,-8.2122,6.3002,9.3380,+14.8190,456.7538,283.1909
2346,0.51,-1.8953,+0.4533,-8.1954,6.3000,12.3442,+9.8161,340.5322,262.6974
2347,0.52,-2.0926,-0.5009,-8.2092,6.1166,8.6032,+5.3990,264.9355,246.1634
2348,0.52,-2.0601,-0.2471,-8.2051,6.1449,12.1531,+15.7215,457.1276,278.9758
2349,0.53,-1.7878,+0.1076,-8.1938,6.4061,17.0672,-0.2874,263.4424,278.1007
2350,0.52,-2.0335,+0.0475,-8.2192,6.1856,18.2619,+14.5745,413.7209,284.5356
2351,0.52,-2.3909,+0.0483,-8.2022,5.8113,25.8292,+1.1157,251.4413,244.7173
2352,0.53,-2.3154,-0.0386,-8.1921,5.8767,33.0791,+8.9248,328.2530,269.0000
2353,0.53,-2.1356,-0.2891,-8.1951,6.0595,54.3100,+7.0329,348.0291,275.8566
2354,0.52,-2.2170,-0.1542,-8.2316,6.0147,44.1017,+4.2963,319.7105,267.7249
2355,0.53,-2.2003,-0.4912,-8.2028,6.0024,46.5678,+10.1303,370.7699,283.8003
2356,0.53,-2.2091,-0.0657,-8.2082,5.9990,42.8914,+7.7116,303.2829,268.7359
2357,0.53,-2.0483,-0.2366,-8.1985,6.1502,40.9751,+13.1103,393.2448,291.3508
2358,0.50,-2.1447,+0.0791,-8.2183,6.0736,48.1715,+10.6758,346.2162,272.7736
2359,0.54,-2.0692,+0.0731,-8.2201,6.1509,53.7965,+7.9961,357.8272,275.2386
2360,0.52,-2.1369,-0.0103,-8.2332,6.0963,37.4492,+5.4464,241.1306,263.2598
2361,0.53,-2.0738,+0.0230,-8.2193,6.1456,33.0209,+6.5292,259.8109,266.0895
2362,0.53,-2.1149,+0.0381,-8.2500,6.1351,25.4809,+7.7495,266.7597,264.7791
2363,0.52,-2.3279,+0.0105,-8.2312,5.9034,35.4875,+9.7066,309.8357,255.3638
2364,0.53,-2.1542,-0.1926,-8.2315,6.0773,44.0585,+7.9452,315.0085,270.5616
2365,0.53,-2.1202,-0.2740,-8.1959,6.0756,36.4652,+5.1155,294.0063,273.5089
2366,0.51,-2.0891,+0.2296,-8.2272,6.1381,39.7432,+6.2298,251.6342,265.2488
2367,0.53,-2.4819,+0.0574,-8.2489,5.7670,33.1006,+7.2002,260.5203,253.9433
2368,0.52,-2.8180,-0.2725,-8.2498,5.4318,45.4292,+7.9322,295.7498,229.4098
2369,0.53,-2.2411,-0.2917,-8.2580,6.0169,28.5569,+5.9354,244.0133,254.3563
2370,0.51,-2.2242,-0.0052,-8.2602,6.0360,34.3004,+9.2564,286.4606,270.1183
2371,0.52,-2.2073,+0.1757,-8.2187,6.0114,38.8394,+11.5822,362.0438,263.5746
2372,0.53,-2.2683,-0.2864,-8.2262,5.9579,18.3128,+6.1552,218.7893,259.9243
2373,0.52,-2.6371,-0.3300,-8.2287,5.5917,29.0914,+8.2322,251.5613,243.0957
2374,0.51,-2.1509,-0.0545,-8.2099,6.0591,30.1737,+10.5891,373.7495,285.0776
2375,0.54,-2.6731,-0.0229,-8.2442,5.5710,6.8642,+6.6733,200.2032,239.7404
2376,0.50,-2.2798,-0.1987,-8.2411,5.9613,37.0040,+11.7112,359.0069,270.8708
2377,0.50,-2.2611,-0.2937,-8.2504,5.9892,36.5733,+11.1787,385.5172,272.4330
2378,0.51,-2.1596,-0.0859,-8.2557,6.0962,40.3421,+9.7492,328.9660,272.7788
2379,0.52,-2.2037,+0.0452,-8.2701,6.0664,37.8880,+8.6931,367.4424,277.9279
2380,0.52,-1.9283,-0.4056,-8.2634,6.3351,38.4470,+7.2265,316.8891,286.1878
2381,0.52,-1.9112,+0.2070,-8.2529,6.3417,42.4703,+11.8164,400.9302,284.6901
2382,0.52,-2.0587,+0.0316,-8.2723,6.2136,58.1872,+8.3488,374.6911,265.3418
2383,0.50,-2.1217,-0.2626,-8.2876,6.1659,101.0240,+5.4453,385.5383,264.9069
2384,0.54,-2.3084,-0.1173,-8.2780,5.9696,19.2874,+7.6507,308.8296,257.2313
2385,0.52,-2.1763,-0.0938,-8.2325,6.0562,39.2767,+9.6212,334.8616,262.1641
2386,0.52,-2.1176,+0.0594,-8.2432,6.1256,33.6149,+7.7177,326.7606,269.7214
2387,0.52,-2.1120,+0.0986,-8.2553,6.1433,35.7363,+9.6785,343.3066,269.8223
2388,0.52,-1.9967,-0.0192,-8.2559,6.2592,49.2955,+7.0956,355.5668,279.9046
2389,0.52,-2.4625,+0.0788,-8.2700,5.8075,37.1142,+6.5883,293.3885,253.8187
2390,0.53,-2.3272,-0.0468,-8.2441,5.9170,39.8968,+6.8483,285.3315,260.7075
2391,0.52,-2.5297,+0.0251,-8.2706,5.7409,33.7344,+7.7605,264.7349,251.4391
2392,0.52,-2.1898,-0.4900,-8.2641,6.0742,34.8672,+8.5981,333.4141,269.3223
2393,0.52,-2.3924,+0.2004,-8.2813,5.8890,20.3449,+7.6935,222.7610,248.7101
2394,0.53,-2.1517,-0.0873,-8.2520,6.1003,32.9370,+6.5672,254.5222,271.0408
2395,0.53,-2.4788,+0.0947,-8.2716,5.7928,46.5496,+5.0586,236.3020,245.9358
2396,0.51,-2.5319,+0.1850,-8.2528,5.7208,24.9648,+8.7660,289.0149,238.6454
2397,0.53,-2.3074,-0.0956,-8.2640,5.9566,39.0717,+4.3958,236.6449,245.8593
2398,0.51,-2.3374,-0.4706,-8.2670,5.9297,21.2994,+6.2344,207.0915,253.6150
2399,0.50,-2.2578,-0.2557,-8.2844,6.0266,33.8357,+7.3746,286.9783,268.3492
2400,0.52,-2.2610,-0.3066,-8.2623,6.0013,39.8524,+7.5466,287.0006,272.3695
2401,0.51,-2.0000,+0.6228,-8.2782,6.2781,43.4101,+8.8996,342.0991,282.9298
2402,0.51,-2.1318,-0.1931,-8.2583,6.1265,56.2041,+4.5920,305.2450,266.1573
2403,0.52,-2.0265,-0.1639,-8.2661,6.2396,29.8495,+7.4654,251.0247,278.6459
2404,0.52,-2.3907,+0.2507,-8.2504,5.8597,36.2861,+7.7496,285.6180,252.8298
2405,0.52,-2.3193,-0.0953,-8.2704,5.9512,38.3961,+7.4102,271.1011,256.8834
2406,0.52,-2.1999,+0.2177,-8.2787,6.0789,35.3667,+9.1851,293.1581,269.2913
2407,0.52,-2.1222,+0.1626,-8.2489,6.1267,28.1137,+9.2410,362.5842,269.1248
2408,0.53,-2.1537,+0.2640,-8.2663,6.1126,45.7804,+8.5212,361.6859,267.3745
2409,0.50,-2.0290,+0.1410,-8.2631,6.2341,38.9417,+7.5807,378.5856,282.6933
2410,0.51,-2.3506,+0.1336,-8.2537,5.9031,32.1525,+4.6674,263.0427,252.4914
2411,0.53,-2.4317,-0.1872,-8.2650,5.8333,31.4169,+6.6400,280.9521,244.4653
2412,0.53,-2.2281,-0.0294,-8.2694,6.0413,37.7614,+5.7707,263.3552,256.8738
2413,0.52,-2.0167,+0.2481,-8.2698,6.2531,40.6515,+6.8810,254.4336,272.2643
2414,0.53,-2.3111,-0.1389,-8.2619,5.9508,39.1726,+5.2756,227.3119,255.9855
2415,0.52,-2.4768,+0.3016,-8.2644,5.7876,31.5224,+8.1828,264.0034,241.7292
2416,0.52,-2.5391,-0.1847,-8.2705,5.7314,43.3008,+9.3469,342.3621,242.6799
2417,0.53,-2.3469,-0.1565,-8.2795,5.9326,35.4368,+6.3615,255.2723,249.8162
2418,0.52,-2.5629,+0.1796,-8.2771,5.7142,39.4083,+9.0795,285.7167,244.8282
2419,0.52,-2.2918,+0.3004,-8.2658,5.9741,43.1932,+6.7772,247.9132,262.3003
2420,0.50,-2.2052,+0.2608,-8.2883,6.0831,42.6876,+7.9935,331.7673,272.8196
2421,0.52,-2.5366,+0.1350,-8.2877,5.7511,35.3402,+5.9932,249.1815,242.6586
2422,0.52,-2.5301,+0.0493,-8.2730,5.7429,27.8005,+6.5770,267.2650,237.6960
2423,0.52,-2.0705,+0.1714,-8.2927,6.2222,45.6547,+6.1830,372.4808,268.6548
2424,0.54,-1.9077,-0.0060,-8.2737,6.3660,46.5913,+6.8161,327.3205,272.4991
2425,0.53,-2.2090,+0.0145,-8.2781,6.0691,23.0327,+8.9968,237.6232,261.6859
2426,0.53,-2.4175,-0.0577,-8.2913,5.8738,36.0436,+5.4357,305.0789,243.3111
2427,0.54,-2.3524,-0.0432,-8.3026,5.9501,36.3716,+7.4251,305.4323,264.9226
2428,0.53,-2.5157,-0.0963,-8.2762,5.7605,33.2166,+10.1254,342.3590,250.0424
2429,0.54,-2.2351,-0.0699,-8.2745,6.0394,43.5221,+5.4104,261.3519,255.6477
2430,0.51,-1.9313,-0.0706,-8.2856,6.3543,42.0983,+7.6160,304.7953,280.8706
2431,0.51,-2.3676,-0.0439,-8.2611,5.8934,40.3110,+8.8426,367.2292,255.8979
2432,0.53,-2.6445,-0.3894,-8.2765,5.6319,33.8366,+6.9739,258.9424,233.1042
2433,0.54,-2.4452,-0.0543,-8.2691,5.8240,19.4266,+10.7637,314.6326,254.6706
2434,0.53,-2.5031,-0.0177,-8.2677,5.7646,32.8100,+11.2883,316.9444,251.0995
2435,0.54,-2.7563,-0.1748,-8.2412,5.4850,3.4048,+9.9126,174.1650,222.1346
2436,0.53,-2.4151,+0.2094,-8.2330,5.8179,8.8901,+4.9610,208.3323,248.1899
2437,0.52,-1.4827,+0.1526,-8.2112,6.7285,27.6949,+19.7245,589.0657,322.6069
2438,0.53,-2.0980,+0.1613,-8.2433,6.1453,37.2019,+5.4237,286.1001,266.3946
2439,0.53,-2.0320,+0.1466,-8.2448,6.2128,30.4029,+12.5544,405.5148,283.1896
2440,0.53,-2.6140,+0.1137,-8.2367,5.6227,8.0397,+10.5084,254.5310,246.0765
2441,0.53,-2.4716,-0.0364,-8.2459,5.7743,17.7076,+8.0014,269.0573,252.0713
2442,0.53,-2.1589,-0.3074,-8.2407,6.0818,29.8022,+15.3450,446.3107,279.9905
2443,0.53,-2.3868,+0.1194,-8.2367,5.8500,24.7219,+7.2337,332.5959,252.4829
2444,0.52,-2.0930,-0.5363,-8.2422,6.1492,43.5607,+6.0717,353.8500,264.5007
2445,0.52,-2.2312,-0.3418,-8.2333,6.0021,24.3065,+6.3940,258.9694,258.5456
2446,0.54,-2.5919,-0.0541,-8.2415,5.6495,4.6597,+9.1548,184.0015,245.5298
2447,0.51,-1.9795,+0.0815,-8.2268,6.2473,3.3467,+2.5056,130.9728,270.6164
2448,0.52,-1.5110,+0.2115,-8.2435,6.7326,6.0962,+17.1046,430.4987,310.3657
2449,0.52,-1.8938,-0.0235,-8.2282,6.3344,5.2493,+5.4952,295.5257,280.7595
2450,0.53,-1.6720,+0.0683,-8.2237,6.5517,9.4810,+7.1589,330.4145,299.7583
2451,0.54,-1.8552,-0.2177,-8.2316,6.3764,4.2867,+18.2137,547.8256,303.2039
2452,0.51,-2.1678,+0.0077,-8.2728,6.1050,6.4459,-4.2226,200.9511,259.4240
2453,0.53,-2.1212,-0.0212,-8.2958,6.1746,3.6833,+20.7868,533.7599,293.0477
2454,0.52,-2.5917,-0.2487,-8.2688,5.6771,5.8614,+1.0834,166.8036,233.5321
2455,0.54,-2.1579,+0.0013,-8.2663,6.1084,4.3322,+17.1638,428.5023,270.7703
2456,0.51,-2.0428,-0.0763,-8.2386,6.1958,14.6397,+0.7426,350.6937,268.0534
2457,0.54,-2.2876,-0.3741,-8.2509,5.9633,7.0529,+12.1987,297.0822,259.6948
2458,0.53,-1.6937,-0.1577,-8.2378,6.5441,5.9012,-1.1965,237.4242,281.4309
2459,0.53,-1.9957,+0.3812,-8.2494,6.2537,4.6384,+16.3138,385.4557,285.9564
2460,0.52,-2.0117,-0.0829,-8.2506,6.2390,7.6868,-2.3199,229.5135,257.0801
2461,0.53,-2.1323,+0.2301,-8.2574,6.1251,4.4066,+17.3164,393.9144,282.8019
2462,0.53,-1.8533,-0.0488,-8.2305,6.3773,4.4767,-4.6484,182.0205,279.1644
2463,0.54,-2.1743,+0.3152,-8.2387,6.0645,3.1890,+16.4974,378.1681,285.9014
2464,0.53,-1.9050,+0.3455,-8.2470,6.3419,4.3034,-1.0023,220.5686,275.8099
2465,0.54,-2.3437,+0.0411,-8.2425,5.8989,4.9125,+13.1943,307.7771,266.0979
2466,0.53,-2.2994,+0.0550,-8.2365,5.9371,6.2396,+2.0106,300.3465,261.7874
2467,0.50,-2.2373,-0.0013,-8.2492,6.0119,5.3011,-0.2107,119.9392,254.4035
2468,0.52,-1.6120,+0.2738,-8.2152,6.6033,8.0218,+19.3204,510.9594,318.8221
2469,0.52,-2.2326,+0.0313,-8.2520,6.0194,7.1076,-1.1271,105.5195,250.5560
2470,0.53,-2.2288,+0.1698,-8.2380,6.0092,3.7843,+17.9089,391.3676,280.2753
2471,0.52,-2.2637,+0.0338,-8.2370,5.9733,5.7415,-4.8714,162.6285,243.0001
2472,0.53,-2.4445,-0.1182,-8.2313,5.7868,3.9611,+16.0482,348.4636,255.8470
2473,0.53,-2.0935,-0.4552,-8.2251,6.1316,3.4124,-2.3665,142.4763,253.8659
2474,0.53,-1.9418,+0.1034,-8.2512,6.3094,3.8835,+19.8883,476.5383,281.6113
2475,0.53,-2.6630,-0.1037,-8.2686,5.6056,5.0998,-2.7144,116.0833,218.9744
2476,0.54,-2.3100,+0.0483,-8.2727,5.9627,7.1363,+19.5027,517.4940,279.1274
2477,0.54,-2.3987,-0.1268,-8.2740,5.8753,4.2686,-1.6112,136.0054,238.5451
2478,0.55,-2.0789,+0.3360,-8.2705,6.1915,3.5286,+20.5387,534.7347,297.7929
2479,0.53,-2.6154,-0.2869,-8.2782,5.6628,4.6625,-4.2291,196.8327,230.4395
2480,0.53,-2.3976,-0.0241,-8.2597,5.8622,4.2443,+19.9259,498.8881,277.6886
2481,0.54,-2.5210,-0.1476,-8.2539,5.7329,2.7528,-4.2825,196.1582,240.1245
2482,0.53,-2.4334,+0.0693,-8.2790,5.8456,4.8618,+17.1041,402.5992,264.0976
2483,0.53,-2.3515,+0.0556,-8.2713,5.9199,9.5660,+1.2915,241.4087,249.1880
2484,0.54,-2.8042,-0.1732,-8.2805,5.4764,3.0268,+14.5187,329.7369,239.4954
2485,0.54,-1.8334,+0.1587,-8.3113,6.4779,7.9577,+9.7373,419.9470,286.1617
2486,0.52,-2.4177,-0.2188,-8.3203,5.9026,9.1633,+12.3042,314.5006,262.9140
2487,0.53,-2.6400,+0.0110,-8.3176,5.6775,5.8317,+5.5709,160.4534,239.8605
2488,0.55,-2.6488,-0.0303,-8.2611,5.6123,4.1981,+13.8806,297.0040,236.8387
2489,0.56,-2.5893,-0.2713,-8.2867,5.6973,4.2750,-2.0490,122.9155,223.9275
2490,0.55,-2.3801,-0.2008,-8.2708,5.8907,4.4507,+15.6076,443.5728,258.6907
2491,0.57,-2.9887,+0.0679,-8.2756,5.2869,6.1297,+0.1096,155.7132,209.5766
2492,0.55,-2.1202,-0.0497,-8.2788,6.1586,4.2520,+16.9921,482.6078,287.1452
2493,0.53,-2.5428,+0.0276,-8.2667,5.7239,4.9129,+8.8270,236.1751,242.0463
2494,0.55,-2.5131,-0.1512,-8.2830,5.7699,3.8612,+12.2392,347.1080,250.7848
2495,0.55,-2.4744,+0.1327,-8.3104,5.8360,4.1389,+9.8180,291.8709,253.3680
2496,0.52,-2.3876,-0.2076,-8.3205,5.9330,5.0886,+9.6956,370.8103,262.4527
2497,0.55,-2.3748,+0.0753,-8.3096,5.9348,5.0011,+13.7524,340.7716,266.6034
2498,0.54,-1.9809,+0.0737,-8.3153,6.3344,16.8955,-1.5126,241.8644,264.1956
2499,0.53,-2.5406,-0.1913,-8.3049,5.7643,7.6254,+10.8020,300.0700,253.1314
2500,0.53,-2.2565,-0.1406,-8.3032,6.0467,25.5152,+4.8575,309.6040,258.9634
2501,0.53,-2.9115,-0.1088,-8.2872,5.3757,35.6358,+9.1875,288.1750,232.8434
2502,0.54,-2.4466,-0.0974,-8.3269,5.8803,47.8652,+7.9303,318.1331,259.9995
2503,0.51,-3.0652,+0.2655,-8.3173,5.2521,52.7569,+8.6725,283.0298,230.2598
2504,0.53,-2.5162,+0.3020,-8.3074,5.7912,26.8335,+6.3927,263.2094,255.3292
2505,0.54,-3.6034,+0.2551,-8.2871,4.6837,146.6424,+3.6606,96.2304,173.1399
2506,0.52,-2.9755,-0.1508,-8.2824,5.3069,5.1866,+6.7459,220.3037,228.6654
2507,0.54,-2.6050,-0.2620,-8.2806,5.6756,8.6193,+0.1772,213.8028,231.6498
2508,0.54,-2.7068,-0.0184,-8.3069,5.6001,4.9452,+11.9729,243.2385,243.9228
2509,0.55,-2.4004,+0.0031,-8.2936,5.8932,4.9511,+0.1152,146.2082,250.8860
2510,0.54,-2.3734,+0.0333,-8.3033,5.9299,3.8393,+16.7598,381.9346,274.0966
2511,0.54,-1.9542,-0.0405,-8.2966,6.3423,5.0850,-4.3991,161.7517,276.6973
2512,0.55,-2.2280,+0.1747,-8.2956,6.0676,4.1884,+19.3693,468.3108,280.6044
2513,0.53,-2.2904,+0.5794,-8.2987,6.0083,5.1462,-1.4478,186.7567,247.0971
2514,0.54,-2.9470,+0.1337,-8.3268,5.3798,10.5103,+8.3819,190.7747,222.6400
2515,0.53,-2.7920,+0.2264,-8.3521,5.5600,5.9077,+10.3361,219.7538,248.7717
2516,0.55,-2.9638,+0.0607,-8.3547,5.3909,5.7469,+0.5394,120.5799,212.5499
2517,0.54,-2.5119,-0.1203,-8.3218,5.8100,9.6036,+19.8992,517.7350,260.9339
2518,0.53,-2.5156,+0.2871,-8.3052,5.7895,23.1838,-1.3201,284.2527,238.3779
2519,0.55,-3.0233,+0.1032,-8.3239,5.3006,4.3369,+7.9296,163.9700,222.9224
2520,0.54,-2.5384,+0.1151,-8.3179,5.7795,10.0298,+7.9135,252.2331,245.1039
2521,0.54,-2.7094,+0.2031,-8.3105,5.6011,4.5489,+5.1309,159.4987,231.5095
2522,0.54,-2.4942,-0.2235,-8.3095,5.8152,4.5855,+14.2847,324.3287,264.9634
2523,0.54,-2.5245,+0.0049,-8.3053,5.7808,4.0024,+1.6331,142.3800,241.1364
2524,0.55,-3.0428,+0.2972,-8.3229,5.2801,4.3371,+14.5952,305.5857,236.3867
2525,0.55,-2.7030,+0.0990,-8.3113,5.6084,4.4744,-0.9119,155.9833,234.0700
2526,0.56,-2.9195,+0.2394,-8.2920,5.3725,3.7278,+8.0568,236.1121,220.4513
2527,0.54,-2.5239,-0.1447,-8.2972,5.7733,20.0267,+14.0397,330.3613,260.3255
2528,0.54,-3.0059,-0.0647,-8.2930,5.2871,6.1176,+10.5814,236.2290,229.4258
2529,0.55,-2.5010,-0.2147,-8.3040,5.8030,4.4627,-4.4856,178.6565,231.9592
2530,0.55,-2.7687,-0.3421,-8.3266,5.5579,6.0058,+13.4800,262.5050,236.1643
2531,0.53,-2.8917,-0.2160,-8.3444,5.4527,4.1854,+5.9356,160.5952,225.6608
2532,0.54,-2.2175,+0.0844,-8.3207,6.1032,6.3698,+11.2133,308.9471,268.2995
2533,0.55,-2.8645,+0.0149,-8.3166,5.4521,12.1671,+2.3236,182.8141,218.5839
2534,0.53,-2.7412,+0.0629,-8.3369,5.5957,12.5100,+10.2537,278.5990,240.8429
2535,0.53,-2.7182,-0.1066,-8.3200,5.6018,8.3555,+3.7197,174.8952,230.8773
2536,0.55,-2.7369,+0.1141,-8.2979,5.5610,4.6168,+9.3174,209.5465,238.8840
2537,0.54,-2.3975,+0.1916,-8.3064,5.9089,7.0074,+8.8482,321.4725,266.9399
2538,0.54,-2.9569,-0.1559,-8.3129,5.3560,9.7053,+4.3783,178.0942,227.1558
2539,0.56,-2.9804,+0.0346,-8.3249,5.3445,6.4045,+13.0374,293.4675,235.3348
2540,0.56,-2.9283,+0.1122,-8.3055,5.3772,4.7074,+4.8715,191.8301,213.4402
2541,0.55,-2.7829,+0.1495,-8.3040,5.5212,3.1666,+2.2107,167.8381,224.8560
2542,0.56,-2.4821,-0.0597,-8.3087,5.8266,7.8353,+13.2192,344.5687,264.0320
2543,0.55,-2.9586,+0.0566,-8.3457,5.3871,3.8477,+6.3454,205.5074,225.2078
2544,0.53,-2.0828,-0.2566,-8.3358,6.2530,9.7279,-0.1075,372.2850,282.3779
2545,0.54,-3.0645,+0.1831,-8.3183,5.2538,5.1418,+11.8152,271.7933,232.1995
2546,0.53,-2.8352,+0.0601,-8.3467,5.5115,5.8248,+0.0143,164.0197,230.1296
2547,0.53,-2.5942,-0.1451,-8.3390,5.7447,3.3783,+16.9205,395.4407,268.2328
2548,0.55,-2.1571,-0.1107,-8.3186,6.1616,8.6807,-1.7327,233.9305,258.9465
2549,0.54,-2.8768,-0.2444,-8.3373,5.4604,3.6454,+16.5790,352.0491,253.8055
2550,0.54,-2.3758,-0.0089,-8.3339,5.9581,13.4024,-3.5370,319.1375,248.3023
2551,0.56,-2.5900,-0.0979,-8.3475,5.7575,7.7142,+15.2738,362.3142,257.0264
2552,0.55,-2.7226,+0.1629,-8.3455,5.6229,6.6743,-2.9852,131.6901,227.8737
2553,0.54,-2.7865,+0.1668,-8.3271,5.5407,3.1936,+14.1352,264.6876,245.3501
2554,0.53,-2.8921,-0.0456,-8.3005,5.4085,5.2785,-1.4018,145.4819,208.1649
2555,0.55,-2.8807,+0.2150,-8.3139,5.4332,3.1098,+13.0828,283.0048,239.2619
2556,0.55,-2.4575,-0.0165,-8.3146,5.8570,4.9296,-6.5188,172.6958,238.9815
2557,0.54,-2.9765,+0.0036,-8.3454,5.3689,4.2045,+15.6652,353.5825,240.0901
2558,0.56,-2.3405,-0.3067,-8.3397,5.9992,18.4768,+0.4985,260.4226,255.8157
2559,0.56,-2.8304,+0.1536,-8.3301,5.4998,3.9843,+15.5789,337.4610,243.7098
2560,0.54,-2.6817,+0.0817,-8.3214,5.6397,9.6424,-2.0991,172.8756,234.1177
2561,0.55,-3.0239,-0.3117,-8.3642,5.3403,9.1801,+9.8475,234.4017,236.6067
2562,0.52,-2.8547,-0.1831,-8.3421,5.4874,3.8835,+2.0786,89.2035,228.9295
2563,0.55,-2.7137,+0.0983,-8.3587,5.6450,3.3386,+16.0803,360.9151,261.8769
2564,0.54,-2.6228,+0.2227,-8.3357,5.7129,5.9183,-2.1500,117.1329,230.1190
2565,0.55,-2.7929,+0.1908,-8.3435,5.5506,6.7615,+14.7241,311.1941,251.5609
2566,0.56,-3.2104,-0.0553,-8.3391,5.1287,5.8403,+1.1074,97.3725,209.5835
2567,0.56,-2.8663,-0.0876,-8.3871,5.5208,5.8064,+14.3997,333.8555,249.6107
2568,0.55,-3.0757,-0.1242,-8.3880,5.3122,4.7718,+2.6230,153.2036,204.5878
2569,0.55,-2.9285,+0.0445,-8.3936,5.4651,3.6667,+15.3818,345.3734,246.0756
2570,0.54,-2.6095,-0.1501,-8.3861,5.7765,8.8219,+4.2490,281.0053,238.6149
2571,0.53,-2.8952,+0.1033,-8.3984,5.5032,15.2110,+5.5190,284.4254,232.6363
2572,0.54,-2.6848,-0.0082,-8.3764,5.6916,15.6167,+8.0322,253.1289,243.6535
2573,0.54,-2.9051,-0.0034,-8.3899,5.4848,7.1722,+7.3547,173.9885,241.5078
2574,0.53,-3.1516,+0.1609,-8.4083,5.2567,6.3705,+5.7176,148.6616,217.5246
2575,0.53,-2.8470,-0.1381,-8.4188,5.5719,7.5039,+8.0422,168.1448,233.1796
2576,0.53,-3.0338,-0.0923,-8.4172,5.3834,7.5663,+4.5258,125.3180,217.8552
2577,0.55,-2.7757,+0.1187,-8.4229,5.6472,4.5074,+13.6319,264.5688,253.1310
2578,0.53,-2.9366,-0.0616,-8.4233,5.4867,4.0982,+0.8448,128.9119,224.1424
2579,0.54,-2.8822,+0.1554,-8.4129,5.5308,6.0928,+13.6150,328.2914,242.8665
2580,0.53,-3.0790,-0.2576,-8.4207,5.3417,4.8168,+7.7618,215.0989,223.5824
2581,0.53,-2.9801,+0.2525,-8.3977,5.4176,4.5368,+0.2092,182.3179,224.0342
2582,0.56,-2.7326,+0.0262,-8.3778,5.6452,4.2757,+13.3052,254.8660,252.7229
2583,0.54,-3.1650,-0.2929,-8.4120,5.2470,3.1096,+3.4764,129.6363,210.0972
2584,0.55,-2.9106,-0.0403,-8.4209,5.5103,5.9098,+14.5212,342.2166,248.7587
2585,0.54,-2.9328,+0.0563,-8.3994,5.4665,12.5022,+2.5371,178.9626,226.9674
2586,0.54,-2.7478,+0.0560,-8.4152,5.6675,21.2997,+6.3963,190.6197,243.6581
2587,0.55,-2.7074,+0.0004,-8.4009,5.6935,25.2212,+6.5328,185.5577,240.8652
2588,0.53,-2.7017,+0.0400,-8.3953,5.6937,30.9538,+2.5403,209.2909,239.0809
2589,0.54,-3.2910,-0.1358,-8.3807,5.0897,4.9006,+5.6052,116.9934,211.6973
2590,0.55,-2.8186,-0.2800,-8.3695,5.5509,25.4296,+9.9244,297.8322,247.8845
2591,0.54,-2.7739,-0.7066,-8.3766,5.6027,47.0515,+7.2160,273.5482,247.8570
2592,0.54,-3.0364,-0.1465,-8.3942,5.3579,39.1587,+7.4083,232.6012,231.7228
2593,0.56,-2.7195,+0.0253,-8.4087,5.6893,63.6122,+8.8804,227.8642,271.3549
2594,0.55,-3.1139,+0.2612,-8.3972,5.2833,8.8400,+10.5125,214.9429,241.4805
2595,0.55,-3.0194,+0.0522,-8.4235,5.4041,5.3538,+2.6352,93.5632,228.3638
2596,0.56,-2.8345,-0.5101,-8.4402,5.6057,10.4566,+7.7051,153.7563,241.0588
2597,0.54,-2.6563,-0.2131,-8.4441,5.7878,31.9164,+4.6693,118.1602,237.3320
2598,0.52,-2.7660,-0.0600,-8.4532,5.6872,11.2718,+4.2976,183.2536,238.0967
2599,0.52,-3.1340,-0.2920,-8.4462,5.3122,9.5754,+4.0594,133.9305,223.4570
2600,0.52,-3.0982,+0.1634,-8.4502,5.3519,4.8254,+4.9161,111.9767,222.8930
2601,0.55,-2.5669,-0.0358,-8.4832,5.9163,5.8727,+15.6756,358.0760,266.3224
2602,0.53,-2.7209,-0.0312,-8.4744,5.7535,19.8354,+0.3230,227.3969,246.8268
2603,0.53,-3.2542,-0.1991,-8.4546,5.2004,4.0240,+9.3693,205.2980,222.1147
2604,0.53,-1.6392,-0.1058,-8.4664,6.8272,8.0331,-9.9112,315.4053,303.6183
2605,0.54,-3.0952,-0.0209,-8.4519,5.3567,2.8098,+12.8306,267.2039,232.3498
2606,0.53,-2.3134,-0.2001,-8.4570,6.1436,6.4852,-7.2842,229.9216,254.0912
2607,0.56,-2.7961,+0.1822,-8.4654,5.6692,7.8979,+15.9938,415.6425,252.0581
2608,0.54,-3.0808,-0.0788,-8.4744,5.3936,4.6777,+4.3159,150.4101,217.4331
2609,0.56,-3.0017,-0.1325,-8.4661,5.4644,3.1871,+10.4912,283.3789,236.1942
2610,0.54,-2.2779,-0.1119,-8.4497,6.1718,6.9071,-8.7189,231.3161,255.4515
2611,0.55,-3.0321,-0.0977,-8.4571,5.4249,3.6180,+13.0677,286.2802,233.5218
2612,0.55,-2.7961,+0.0803,-8.4464,5.6503,6.5194,-0.8628,187.2153,216.5788
2613,0.55,-2.8220,+0.3288,-8.4433,5.6213,3.2094,+14.5693,307.9245,242.9888
2614,0.52,-2.7982,+0.1397,-8.4509,5.6526,7.0282,-4.6107,272.6821,227.2190
2615,0.56,-2.8509,+0.0633,-8.4645,5.6136,3.0924,+12.6001,257.3258,247.5130
2616,0.53,-2.5005,+0.1448,-8.4374,5.9369,3.9363,-5.7188,183.4804,242.7001
2617,0.56,-2.9393,+0.2145,-8.4556,5.5164,3.6619,+15.9112,345.9030,249.2930
2618,0.54,-2.6628,-0.3477,-8.4572,5.7944,2.4310,-5.0801,139.3057,234.1427
2619,0.55,-2.9158,-0.0732,-8.4665,5.5507,3.3961,+12.3299,264.7532,236.9324
2620,0.55,-2.9247,+0.0286,-8.4372,5.5125,2.7038,-1.6370,139.3424,225.3271
2621,0.56,-2.6795,-0.1956,-8.4701,5.7905,2.6913,+16.5189,380.8774,262.4193
2622,0.54,-2.8559,+0.0604,-8.4797,5.6238,4.2377,-0.4791,186.4297,220.3919
2623,0.57,-3.1387,+0.1513,-8.4650,5.3263,5.1016,+13.4885,265.8077,238.6474
2624,0.58,-3.2198,-0.0283,-8.4908,5.2711,3.7785,+5.8739,131.0898,215.2730
2625,0.55,-3.2109,+0.0359,-8.4542,5.2433,3.6933,+14.7492,342.2888,229.2582
2626,0.55,-3.0877,+0.3137,-8.4436,5.3559,3.4104,+4.5820,171.4716,210.4521
2627,0.55,-2.9147,+0.0211,-8.4352,5.5205,3.2031,+8.5125,182.3203,230.4530
2628,0.55,-2.6788,-0.2676,-8.4293,5.7505,5.2671,+2.4612,278.8077,239.2973
2629,0.53,-2.7938,+0.4213,-8.4454,5.6517,8.1600,+3.6163,261.1373,239.5178
2630,0.55,-2.9771,-0.0827,-8.4467,5.4696,3.8622,+11.0591,235.4175,227.6016
2631,0.56,-2.9001,-0.1160,-8.4395,5.5393,8.7851,+5.3803,232.8633,234.1613
2632,0.53,-3.4388,+0.1141,-8.4457,5.0070,6.2120,+9.3342,190.9632,198.6856
2633,0.54,-2.8532,+0.1771,-8.4573,5.6041,86.4037,+4.5785,217.7967,256.4357
2634,0.55,-3.1092,+0.0545,-8.4620,5.3528,14.5818,+3.6961,167.8851,230.6393
2635,0.55,-3.3127,-0.0068,-8.4714,5.1587,13.8584,+8.9693,215.8288,219.1229
2636,0.55,-2.9352,-0.4226,-8.4875,5.5522,13.6622,+12.1238,299.6716,238.4779
2637,0.56,-3.1569,-0.0292,-8.4707,5.3138,7.3977,+3.5970,118.2643,217.4752
2638,0.53,-3.1492,+0.0829,-8.4600,5.3108,5.7572,+9.6662,186.9921,225.8941
2639,0.55,-2.8966,+0.0626,-8.4646,5.5680,9.6787,+0.8932,164.5131,219.4866
2640,0.54,-3.1634,+0.0293,-8.4700,5.3066,16.7974,+8.7613,233.8718,230.5155
2641,0.55,-3.3510,+0.0116,-8.4854,5.1344,12.9584,+4.1233,142.6177,207.6151
2642,0.56,-3.1261,+0.1407,-8.4635,5.3373,14.2753,+11.7784,299.5220,236.5107
2643,0.55,-3.0616,+0.0068,-8.4492,5.3876,8.0643,+1.7829,125.7968,223.1542
2644,0.54,-2.6124,+0.0399,-8.4764,5.8640,76.8833,+11.9640,448.8939,279.7416
2645,0.54,-3.1055,+0.1033,-8.4867,5.3811,26.9331,+10.0603,263.3522,235.8289
2646,0.56,-2.9271,-0.1457,-8.4744,5.5472,17.0635,+10.6374,266.4411,244.8829
2647,0.54,-2.8340,+0.0105,-8.4772,5.6432,32.0404,+7.5967,242.9231,254.1720
2648,0.54,-3.0678,+0.1481,-8.4841,5.4162,31.2726,+8.8664,316.1690,233.2170
2649,0.53,-3.0815,-0.0251,-8.4629,5.3815,40.4906,+5.5662,273.0264,227.0314
2650,0.54,-3.2226,-0.1761,-8.4589,5.2363,45.9538,+5.9021,230.3680,218.1187
2651,0.56,-3.1776,-0.2840,-8.4606,5.2830,27.1473,+7.0762,258.1980,224.2398
2652,0.53,-3.1201,+0.0591,-8.4475,5.3273,40.2871,+6.3939,310.9738,232.0366
2653,0.57,-3.0019,-0.0489,-8.4750,5.4732,45.3214,+8.7718,305.6276,233.9444
2654,0.53,-2.6906,-0.0899,-8.4717,5.7812,38.0563,+9.3160,271.2082,255.2651
2655,0.55,-2.6869,-0.0517,-8.4654,5.7785,48.7121,+10.2224,356.5287,256.5304
2656,0.55,-2.7747,+0.1368,-8.4601,5.6854,47.5427,+8.5626,322.8848,247.6840
2657,0.54,-3.0332,+0.1508,-8.4636,5.4305,33.6587,+6.6699,232.4798,226.5236
2658,0.54,-2.8074,-0.1385,-8.4984,5.6911,74.7627,+11.2290,411.6237,258.0270
2659,0.54,-2.9732,-0.0771,-8.4885,5.5153,26.9070,+7.7843,207.3570,238.4707
2660,0.53,-3.2257,+0.2792,-8.4695,5.2438,2.5237,+7.3810,169.8175,227.4467
2661,0.53,-2.2569,+0.2400,-8.4642,6.2074,4.7703,-5.9813,186.7734,270.8025
2662,0.53,-2.9378,+0.2988,-8.4514,5.5136,2.8973,+14.9811,312.2087,246.4955
2663,0.53,-2.9018,+0.0821,-8.4374,5.5356,4.4972,+6.4555,231.2715,239.4152
2664,0.55,-2.9984,+0.0337,-8.4636,5.4652,3.2992,+12.8659,292.6983,237.0674
2665,0.52,-2.5453,+0.1547,-8.4602,5.9149,5.2981,-3.7120,208.7433,242.9685
2666,0.54,-2.8800,+0.4134,-8.4663,5.5863,9.8193,+13.8593,348.3704,250.2076
2667,0.53,-3.2948,-0.1503,-8.4666,5.1718,4.1461,+9.2553,189.9088,216.2079
2668,0.54,-3.0002,+0.1437,-8.4802,5.4800,4.2313,-2.1984,183.4819,224.2367
2669,0.54,-3.1706,-0.0519,-8.4833,5.3127,3.5978,+9.8291,215.7235,226.0237
2670,0.56,-2.6656,+0.1699,-8.4755,5.8099,4.8978,+5.2608,206.2167,249.4583
2671,0.53,-2.9509,-0.2291,-8.4790,5.5281,4.4537,+11.0427,303.7367,242.9505
2672,0.54,-3.0467,-0.3490,-8.4642,5.4175,11.1613,+9.6838,315.8070,235.5076
2673,0.54,-3.1256,+0.1259,-8.4631,5.3375,5.3301,+4.0709,186.8792,225.7539
2674,0.54,-3.0395,+0.1131,-8.4807,5.4412,5.9934,+12.5083,259.9722,235.1036
2675,0.55,-3.2245,+0.1981,-8.4884,5.2639,2.6082,+4.5879,140.8533,214.4466
2676,0.56,-2.8335,+0.0210,-8.4830,5.6495,7.2230,+10.7713,254.8939,254.8246
2677,0.54,-3.3254,+0.0870,-8.4890,5.1636,8.1535,+0.0256,157.0622,208.1094
2678,0.55,-3.1635,-0.2086,-8.4848,5.3213,3.3102,+12.6052,238.1532,230.2496
2679,0.54,-2.9477,+0.0115,-8.4810,5.5333,4.7665,-4.6913,113.3214,229.5676
2680,0.55,-3.0061,-0.2952,-8.4787,5.4726,3.1066,+17.9268,406.1963,250.7504
2681,0.56,-2.9784,+0.2608,-8.4598,5.4813,4.3436,-1.3842,125.3731,225.2382
2682,0.56,-2.9705,+0.1808,-8.4476,5.4771,3.7646,+15.2238,320.6801,242.8467
2683,0.54,-3.1747,-0.2464,-8.4726,5.2979,5.0581,-0.8553,161.9480,217.6642
2684,0.56,-3.1434,+0.3061,-8.4787,5.3353,6.2353,+8.6579,193.3141,216.0758
2685,0.56,-2.8608,+0.0093,-8.4976,5.6369,8.1246,+10.7239,383.2429,238.8426
2686,0.56,-3.1524,-0.1041,-8.4875,5.3351,16.3149,+8.4711,244.6415,227.8398
2687,0.56,-2.9229,-0.2952,-8.4843,5.5614,15.5619,+8.0595,309.7962,255.3764
2688,0.55,-3.4129,-0.2985,-8.5001,5.0872,5.4468,+7.9781,187.0271,213.9290
2689,0.55,-3.0515,+0.0194,-8.5060,5.4545,7.1468,+5.9160,193.2553,220.9056
2690,0.56,-3.1908,-0.2694,-8.5013,5.3105,4.0535,+12.2455,320.7814,239.0119
2691,0.54,-3.1870,-0.1109,-8.5004,5.3134,4.0544,-0.4064,133.9496,213.4822
2692,0.55,-2.4708,+0.0803,-8.5240,6.0532,3.7536,+17.8971,430.9778,281.6036
2693,0.55,-2.9434,-0.0771,-8.5423,5.5990,2.9865,-3.4309,122.4046,233.4116
2694,0.56,-3.0090,-0.0163,-8.5434,5.5344,3.9099,+14.9504,317.8222,253.3668
2695,0.54,-3.2244,-0.0649,-8.5317,5.3074,6.8671,-0.8284,149.8322,211.1548
2696,0.53,-3.0802,-0.0430,-8.5399,5.4597,5.3352,+15.5970,347.8522,250.7814
2697,0.56,-2.7378,-0.2474,-8.5464,5.8087,3.3855,-2.5549,129.6848,249.3348
2698,0.54,-2.9997,+0.2396,-8.5414,5.5416,2.1939,+17.7923,394.3673,264.9981
2699,0.54,-3.0221,-0.2983,-8.5373,5.5152,6.2126,-1.6946,146.0362,224.8981
2700,0.56,-2.9571,-0.3522,-8.5293,5.5722,2.8353,+15.4025,339.6282,244.5002
2701,0.54,-2.9274,-0.1058,-8.5240,5.5965,2.8193,-0.5678,107.3840,225.2441
2702,0.54,-3.0387,-0.2019,-8.5353,5.4966,5.0991,+17.1376,387.3918,255.1028
2703,0.56,-3.3234,-0.0945,-8.5072,5.1838,8.3436,-0.1258,125.7772,199.6207
2704,0.56,-3.1617,-0.1441,-8.5390,5.3773,3.5044,+16.2574,380.4346,244.6576
2705,0.56,-2.9354,+0.0108,-8.5331,5.5977,14.4287,+0.6683,232.7742,232.0872
2706,0.54,-3.5763,+0.1047,-8.5535,4.9772,6.5499,+9.8915,212.3402,211.8089
2707,0.55,-3.3727,-0.1345,-8.5330,5.1603,3.3301,+6.3085,93.6475,218.0684
2708,0.57,-2.9564,-0.0356,-8.5166,5.5603,2.6013,+12.2840,273.0667,239.6010
2709,0.55,-3.1789,-0.0025,-8.5259,5.3470,2.9121,-3.5061,88.5221,205.1668
2710,0.56,-3.0010,-0.0698,-8.4996,5.4985,2.6235,+16.4678,347.2614,248.3674
2711,0.55,-3.2045,-0.0745,-8.5262,5.3217,2.7828,+0.7763,105.6783,218.1148
2712,0.55,-2.4334,+0.0313,-8.5156,6.0821,4.4912,+21.3550,524.4941,287.3603
2713,0.55,-3.3479,-0.2808,-8.5410,5.1931,3.6296,-0.3069,109.5877,204.2670
2714,0.55,-2.7004,-0.0624,-8.5246,5.8242,3.2745,+20.8732,525.4055,281.8665
2715,0.56,-3.3758,+0.0230,-8.5196,5.1438,8.9779,-0.3625,197.3055,212.0395
2716,0.56,-3.0575,+0.0765,-8.5256,5.4681,6.2440,+10.5583,223.2607,234.0967
2717,0.55,-3.5446,-0.0529,-8.5200,4.9753,5.2716,+4.1269,112.9416,191.0870
2718,0.53,-3.1254,+0.2896,-8.5107,5.3852,7.2990,+7.1173,268.2832,228.4302
2719,0.56,-3.4496,-0.0290,-8.4956,5.0460,4.3740,+0.1530,127.0150,195.7131
2720,0.53,-3.0951,-0.0485,-8.5020,5.4068,6.1115,+14.2761,314.0102,234.2328
2721,0.54,-2.8727,-0.0976,-8.5134,5.6406,5.4470,+0.5955,148.8535,222.4298
2722,0.56,-3.2192,-0.0924,-8.5191,5.2999,3.2608,+10.5402,199.7846,218.0338
2723,0.55,-3.1554,-0.0145,-8.5171,5.3617,3.8429,+2.4740,205.3536,221.0002
2724,0.56,-3.3432,-0.3017,-8.5450,5.2018,5.9025,+5.0603,138.3979,208.8900
2725,0.56,-3.1928,-0.0169,-8.5506,5.3577,1.9225,+9.9170,189.3762,227.8736
2726,0.57,-3.2679,-0.0357,-8.5392,5.2712,4.5217,+1.8256,130.4463,213.0477
2727,0.56,-3.6834,-0.2029,-8.5156,4.8322,10.4044,+8.6750,159.4332,188.0891
2728,0.56,-3.2736,+0.0116,-8.5166,5.2430,8.1170,+7.0142,190.1052,212.3448
2729,0.57,-3.2181,-0.1148,-8.5283,5.3102,5.5632,+15.0583,348.3680,227.6038
2730,0.54,-2.9359,-0.0447,-8.5457,5.6099,36.4470,-0.9042,312.1490,232.5611
2731,0.55,-3.5502,-0.1649,-8.5214,4.9712,2.4506,+6.7126,153.9191,202.5534
2732,0.55,-3.4205,-0.1075,-8.5176,5.0971,2.9023,+7.0334,129.2408,201.8993
2733,0.56,-2.9226,-0.0460,-8.5042,5.5816,3.3188,-1.4222,123.5366,219.9654
2734,0.59,-3.1745,-0.2570,-8.5180,5.3436,4.3744,+13.0951,286.0378,237.6703
2735,0.55,-2.8956,+0.1342,-8.5164,5.6207,3.6501,-4.4529,121.3343,229.0523
2736,0.55,-2.8449,-0.0371,-8.5136,5.6687,2.8342,+17.0591,380.7154,268.8280
2737,0.54,-3.0602,+0.0600,-8.5234,5.4632,2.9010,-4.9583,155.1905,207.9405
2738,0.56,-3.2852,-0.0381,-8.5169,5.2317,1.8951,+15.0493,333.8662,226.0829
2739,0.56,-3.0353,+0.1096,-8.4936,5.4583,6.5153,-2.2546,173.4861,218.6311
2740,0.55,-2.9385,+0.0360,-8.5007,5.5622,2.4879,+18.0641,434.6831,258.8597
2741,0.54,-3.1455,-0.1854,-8.4818,5.3363,3.3217,+0.4345,170.8869,220.1712
2742,0.58,-3.0722,+0.1221,-8.5162,5.4440,2.7958,+14.7767,372.5066,252.0547
2743,0.55,-3.1298,+0.0963,-8.4867,5.3570,4.2702,+4.7790,174.8796,233.9844
2744,0.55,-3.1219,-0.0663,-8.4910,5.3691,4.6759,+9.9477,266.4707,231.5017
2745,0.54,-3.7483,-0.1453,-8.5068,4.7585,7.5173,+8.7211,160.8327,185.0099
2746,0.57,-3.3749,-0.2554,-8.5038,5.1289,2.3244,+9.5624,192.9647,209.4186
2747,0.57,-3.2568,+0.2862,-8.5120,5.2553,6.9989,+15.0638,354.4836,237.5907
2748,0.54,-3.4300,-0.0416,-8.5007,5.0707,3.4030,+1.4981,118.0964,208.1273
2749,0.56,-2.7703,+0.1732,-8.5263,5.7559,3.7913,+10.1068,259.2759,259.0248
2750,0.52,-3.3953,+0.0174,-8.5338,5.1385,1.9408,+6.6728,126.4466,207.3824
2751,0.55,-3.0597,+0.1327,-8.5331,5.4735,8.0457,+10.3606,270.9377,240.4786
2752,0.55,-3.4550,+0.2594,-8.5203,5.0654,7.2372,+8.2732,193.2681,219.4142
2753,0.55,-3.3846,-0.0324,-8.5116,5.1270,4.0977,+2.2135,208.0328,212.2486
2754,0.55,-3.0779,+0.1629,-8.5153,5.4374,13.5312,+14.6159,367.4499,242.2993
2755,0.57,-3.3984,+0.1665,-8.5399,5.1415,8.0888,+2.9834,206.0824,209.1506
2756,0.55,-3.3023,-0.0665,-8.5445,5.2423,6.7774,+7.8864,185.5030,229.6104
2757,0.55,-3.2977,-0.2483,-8.5553,5.2576,4.4241,+7.6805,188.5872,236.1100
2758,0.57,-2.9879,+0.0331,-8.5732,5.5853,4.2610,+10.7122,233.3257,238.4695
2759,0.57,-2.9653,-0.0221,-8.5656,5.6002,7.9153,+6.7378,170.2928,223.9022
2760,0.55,-3.5446,-0.0892,-8.5512,5.0066,5.6936,+6.3813,182.2677,200.3707
2761,0.56,-3.4769,-0.2704,-8.5604,5.0835,3.6507,+6.5874,175.6403,210.6561
2762,0.56,-3.4972,+0.1406,-8.5489,5.0517,5.3826,+2.8922,132.7861,206.5144
2763,0.57,-3.7095,-0.0270,-8.5635,4.8539,2.6237,+12.4073,244.7847,212.0154
2764,0.56,-3.5441,+0.0098,-8.5761,5.0319,2.4155,-0.2521,83.1060,203.0722
2765,0.55,-3.2769,-0.0918,-8.5565,5.2796,4.2476,+16.4361,372.6763,243.2380
2766,0.56,-3.2094,+0.1540,-8.5559,5.3465,4.5990,+1.3737,132.6838,221.2133
2767,0.57,-3.0677,+0.0094,-8.5547,5.4870,36.2146,+12.6725,391.3273,239.8936
2768,0.58,-3.3632,+0.0119,-8.5449,5.1817,15.0082,+11.9881,326.7945,213.6271
2769,0.56,-2.8538,+0.0339,-8.5271,5.6733,38.9675,+4.6148,284.6418,240.7873
2770,0.55,-2.6041,+0.3364,-8.5197,5.9155,112.1900,+8.2553,302.3197,270.3376
2771,0.57,-3.3717,-0.3866,-8.5294,5.1576,8.6669,+6.7747,223.8953,208.4805
2772,0.56,-3.1533,-0.2711,-8.5480,5.3947,13.1207,+8.5367,208.9845,226.6342
2773,0.55,-3.5551,+0.0862,-8.5491,4.9940,13.1629,+6.3717,185.1319,212.9128
2774,0.56,-3.1627,-0.1057,-8.5575,5.3948,10.9886,+7.2898,194.2100,232.4526
2775,0.56,-3.3215,+0.0396,-8.5668,5.2453,11.6651,+0.1552,175.7261,216.5478
2776,0.55,-3.1618,+0.1173,-8.5477,5.3859,29.0486,+3.6856,227.1132,229.2199
2777,0.55,-3.2173,-0.1110,-8.5546,5.3373,18.0673,+8.6336,261.4657,234.9731
2778,0.55,-3.2575,-0.0953,-8.5782,5.3206,34.8543,+10.2883,288.8408,239.6334
2779,0.54,-3.1255,-0.0428,-8.5788,5.4533,31.2325,+9.5376,265.9936,244.8819
2780,0.55,-3.4744,+0.1271,-8.5659,5.0915,26.2638,+9.2029,269.0812,226.9501
2781,0.55,-3.2801,-0.1220,-8.5611,5.2810,34.5410,+8.0693,310.9990,233.3607
2782,0.55,-3.4112,-0.1243,-8.5870,5.1758,42.3950,+6.6821,305.8109,227.0684
2783,0.54,-3.0919,+0.1262,-8.5820,5.4902,50.3046,+9.1605,332.9308,249.8662
2784,0.56,-3.3505,-0.0868,-8.5730,5.2225,33.8207,+8.2252,337.7295,227.6110
2785,0.53,-3.2147,-0.1508,-8.5948,5.3801,40.9066,+6.4792,294.4672,235.7782
2786,0.53,-3.4114,-0.0722,-8.5940,5.1827,16.1277,+7.1890,249.1300,226.1692
2787,0.55,-3.1872,-0.0007,-8.6014,5.4142,38.9505,+7.4441,287.1169,231.4526
2788,0.55,-3.2742,+0.1748,-8.5944,5.3202,37.1985,+7.3494,273.7351,229.3669
2789,0.54,-3.3920,+0.1768,-8.5937,5.2017,25.8096,+6.5859,283.8024,208.0120
2790,0.55,-3.1946,+0.0228,-8.5844,5.3897,49.6722,+5.4240,294.4905,223.1212
2791,0.54,-3.0219,-0.1464,-8.5756,5.5536,58.5211,+5.0485,261.8841,234.8367
2792,0.54,-3.2825,-0.0641,-8.5687,5.2862,72.1422,+6.3255,296.8307,214.2872
2793,0.55,-3.1067,-0.0572,-8.5774,5.4707,55.2192,+9.1318,412.0359,235.7439
2794,0.54,-3.3392,+0.1004,-8.5837,5.2445,23.3123,+6.2986,229.7926,218.0029
2795,0.53,-3.1621,-0.1641,-8.5825,5.4204,22.1057,+6.0340,213.3438,234.4692
2796,0.54,-3.4344,-0.1540,-8.5478,5.1134,14.3390,+6.5142,214.8047,218.8658
2797,0.55,-3.3876,-0.1587,-8.5578,5.1702,29.0356,+3.2501,214.3173,214.9763
2798,0.55,-3.5477,-0.0639,-8.5559,5.0082,5.8935,+6.0008,186.0492,204.1730
2799,0.55,-2.9926,-0.0631,-8.5637,5.5711,34.5349,+9.7790,343.5436,246.1350
2800,0.55,-3.1460,+0.0178,-8.5777,5.4317,52.9147,+7.2357,304.0516,238.2829
2801,0.50,-2.9787,+0.2920,-8.5471,5.5683,48.7647,+6.7238,331.6894,245.2757
2802,0.51,-3.1064,+0.0913,-8.5585,5.4521,44.4551,+6.3680,297.5369,241.6309
2803,0.50,-3.2011,+0.2768,-8.5673,5.3662,33.8081,+5.7545,240.3032,234.2968
2804,0.52,-3.3959,+0.1404,-8.5776,5.1818,40.0832,+6.8565,260.1288,224.9144
2805,0.51,-3.2236,+0.1073,-8.5787,5.3551,43.0947,+6.2233,237.4626,230.2594
2806,0.51,-3.2760,+0.0931,-8.5813,5.3053,14.8761,+9.4625,251.4416,233.9507
2807,0.50,-3.2817,+0.0668,-8.5666,5.2849,26.3543,+5.9269,249.4781,239.0263
2808,0.48,-3.0145,+0.1340,-8.5772,5.5627,43.9900,+6.7620,326.8388,251.5626
2809,0.49,-3.2460,+0.1133,-8.5714,5.3254,47.3979,+4.2654,272.9894,236.8094
2810,0.51,-3.0498,-0.0271,-8.5653,5.5154,43.6863,+3.6063,257.8383,248.4260
2811,0.49,-3.4033,-0.1764,-8.5824,5.1790,51.4431,+5.2807,271.8084,220.8278
2812,0.52,-3.3026,-0.3990,-8.6028,5.3002,43.1201,+4.6676,231.1027,219.7098
2813,0.50,-3.2647,-0.0624,-8.5939,5.3292,58.8957,+6.7053,290.7909,222.9335
2814,0.51,-3.1781,+0.3403,-8.6026,5.4245,29.7087,+7.7632,268.4750,224.6163
2815,0.50,-3.5421,+0.0264,-8.5929,5.0508,11.1956,+5.7039,177.4624,214.0709
2816,0.50,-3.1256,+0.2666,-8.5932,5.4677,54.6885,+2.8204,250.5699,228.4957
2817,0.52,-3.3909,+0.1016,-8.6083,5.2174,16.5725,+5.5057,155.0216,210.8043
2818,0.52,-3.3026,-0.1151,-8.6026,5.3000,33.6281,+10.0032,283.5755,235.6635
2819,0.50,-3.2047,+0.0417,-8.6051,5.4004,37.9505,+8.1899,291.7595,233.6488
2820,0.50,-3.3479,+0.0087,-8.6040,5.2561,38.8236,+7.0411,260.4085,227.3855
2821,0.51,-3.3307,+0.0748,-8.6028,5.2722,56.8110,+8.4534,281.7944,219.8960
2822,0.49,-3.2279,+0.2025,-8.5938,5.3659,29.3691,+9.2932,269.7229,237.3030
2823,0.50,-3.2660,+0.3203,-8.6077,5.3417,22.1090,+9.6914,356.2628,235.0318
2824,0.50,-3.0007,-0.2246,-8.6000,5.5993,36.3860,+1.4744,339.4734,241.9270
2825,0.51,-2.8066,-0.0426,-8.5941,5.7875,46.2861,+6.4114,336.0684,260.0667
2826,0.50,-3.3709,+0.1808,-8.6010,5.2301,55.3691,+8.8213,323.1306,220.9636
2827,0.50,-2.8458,+0.0114,-8.6039,5.7581,37.4563,+7.0128,300.3719,251.2306
2828,0.51,-3.1515,+0.1043,-8.5889,5.4374,33.8242,+6.1645,224.6727,229.3993
2829,0.50,-3.6430,+0.3506,-8.5900,4.9470,18.0789,+5.0197,184.2408,203.5438
2830,0.50,-3.3435,-0.0607,-8.5820,5.2385,6.2512,+3.8995,122.9566,215.4221
2831,0.51,-3.1736,-0.3501,-8.6078,5.4343,4.5655,+16.1598,348.2430,250.0631
2832,0.50,-3.0006,+0.2168,-8.6066,5.6060,5.5507,-4.0030,133.9397,218.5265
2833,0.50,-3.3584,-0.0677,-8.6158,5.2573,8.4565,+16.5897,349.5569,240.4598
2834,0.52,-3.1716,-0.0132,-8.6119,5.4403,4.1715,-1.2272,115.5255,220.8365
2835,0.53,-3.2460,-0.1240,-8.5981,5.3522,9.5652,+12.5112,295.8967,226.0218
2836,0.50,-3.4219,-0.1816,-8.5978,5.1759,4.2665,+6.0756,144.4924,207.8077
2837,0.50,-3.1353,+0.0218,-8.5949,5.4596,2.9731,+13.3293,260.7936,249.0281
2838,0.51,-3.3190,+0.0654,-8.5788,5.2598,4.2475,-0.0474,155.6809,220.6703
2839,0.52,-3.0937,-0.2484,-8.5839,5.4901,8.5856,+15.3542,337.6278,254.9978
2840,0.51,-3.3242,-0.2027,-8.5740,5.2498,5.9367,+2.5941,168.3394,215.1141
2841,0.52,-3.4180,-0.1213,-8.5931,5.1751,6.2060,+9.0649,178.9879,221.8529
2842,0.51,-3.4808,-0.1882,-8.5955,5.1146,3.8937,-1.6662,96.3394,201.6474
2843,0.53,-2.7420,-0.2011,-8.5941,5.8521,6.4710,+18.7883,424.7275,271.3974
2844,0.49,-3.7580,-0.0831,-8.5880,4.8300,7.7273,-0.0275,69.3789,183.5232
2845,0.52,-3.2700,-0.0630,-8.5834,5.3134,4.7961,+14.6926,321.5898,235.3607
2846,0.50,-3.6200,-0.0423,-8.5906,4.9706,4.1296,+1.0570,119.6474,183.5066
2847,0.52,-3.4441,-0.2843,-8.5914,5.1474,2.4310,+10.0102,192.8595,209.8511
2848,0.50,-3.0924,+0.1382,-8.5749,5.4825,3.1192,+4.1403,179.2822,229.3096
2849,0.52,-3.4834,+0.0605,-8.5833,5.0998,3.0499,+8.9993,195.8948,215.2542
2850,0.50,-3.0662,-0.0926,-8.6083,5.5421,3.9275,-2.7220,239.0720,219.3955
2851,0.52,-3.3608,-0.0839,-8.6036,5.2428,3.3842,+13.8411,298.7442,231.0814
2852,0.51,-2.9657,+0.2786,-8.5958,5.6301,5.2902,+0.7647,196.0154,237.5691
2853,0.51,-3.6348,+0.1594,-8.5984,4.9636,5.5280,+8.2329,151.9466,199.2813
2854,0.53,-3.5105,+0.3260,-8.6126,5.1021,3.6091,+6.7045,196.6461,207.3703
2855,0.52,-3.5508,-0.0621,-8.6096,5.0588,3.7125,+13.4264,268.0832,217.4948
2856,0.51,-3.6259,+0.0487,-8.5936,4.9677,4.0628,+5.9737,150.9766,200.2335
2857,0.51,-3.2148,+0.1254,-8.6059,5.3911,5.5184,+14.7369,314.3898,236.0161
2858,0.51,-3.5723,-0.0405,-8.6215,5.0492,2.6557,+5.8542,138.3183,199.8343
2859,0.53,-3.4244,+0.1144,-8.5993,5.1750,4.9120,+2.9165,85.3883,209.4511
2860,0.52,-3.7907,+0.2342,-8.5864,4.7957,7.8062,+10.9877,207.6889,202.5629
2861,0.52,-3.4922,+0.3422,-8.6168,5.1246,3.4542,+10.6666,203.2406,213.0795
2862,0.51,-3.1896,+0.0792,-8.6044,5.4148,4.7157,+12.1693,282.9996,241.6478
2863,0.53,-3.8185,+0.1078,-8.6188,4.8003,3.5508,+6.3384,182.5949,189.4684
2864,0.51,-3.1485,+0.1008,-8.6231,5.4746,4.4450,+13.2031,302.0627,227.9973
2865,0.51,-3.3460,+0.1628,-8.6237,5.2777,4.1226,-3.2139,118.1571,205.6635
2866,0.52,-3.3423,+0.3617,-8.6243,5.2820,3.5066,+16.9504,364.9799,234.7472
2867,0.51,-3.2707,+0.0083,-8.6076,5.3369,5.2131,-1.3686,201.0346,221.0632
2868,0.53,-3.3965,+0.0884,-8.6143,5.2177,2.8272,+15.5182,331.4698,234.6993
2869,0.53,-3.3990,+0.1722,-8.6311,5.2322,15.0273,-0.2668,200.4614,202.8422
2870,0.51,-3.7900,-0.0016,-8.6193,4.8293,5.0274,+4.0242,129.8092,194.0267
2871,0.51,-3.4541,+0.0140,-8.6264,5.1723,5.2395,+4.8773,96.6578,200.5734
2872,0.53,-3.4991,+0.1443,-8.6248,5.1258,4.0647,+6.1900,186.2260,208.9997
2873,0.51,-3.5391,+0.0604,-8.6470,5.1079,6.4666,+7.1035,190.7130,212.0520
2874,0.52,-3.0926,-0.0934,-8.6596,5.5670,5.2120,+0.9437,135.5694,222.1934
2875,0.52,-3.7601,-0.1198,-8.6762,4.9162,2.9913,+13.0690,268.2303,204.5027
2876,0.53,-3.3022,+0.0132,-8.6642,5.3620,5.4087,-3.6105,150.7453,212.9482
2877,0.51,-3.5838,-0.2062,-8.6666,5.0829,3.2110,+6.6718,134.1734,201.3601
2878,0.52,-3.5264,+0.0468,-8.6731,5.1467,5.7066,+5.2429,173.1335,211.5023
2879,0.51,-3.7046,-0.0436,-8.6924,4.9878,3.2055,+7.8785,144.1590,203.7193
2880,0.50,-3.5101,-0.2956,-8.6947,5.1846,5.4495,-2.0734,115.3059,211.2256
2881,0.53,-3.4156,+0.1449,-8.6773,5.2617,2.5065,+16.8506,371.8175,245.5204
2882,0.52,-3.3592,+0.2280,-8.6500,5.2908,2.4102,-5.3715,122.5125,210.9799
2883,0.53,-3.2528,-0.0975,-8.6421,5.3893,2.4153,+17.8062,382.0934,250.8618
2884,0.53,-3.6670,-0.0680,-8.6356,4.9686,3.1679,+1.3706,106.6378,192.1906
2885,0.53,-3.1830,-0.0229,-8.6210,5.4380,3.4564,+15.0736,349.2067,243.6152
2886,0.51,-3.7322,-0.0664,-8.6359,4.9037,5.3232,-1.5453,131.1100,191.1057
2887,0.52,-3.7845,+0.0875,-8.6347,4.8502,2.2562,+9.0901,164.1824,196.5334
2888,0.52,-3.7198,-0.5625,-8.6491,4.9294,3.4298,+1.8420,136.7650,186.2343
2889,0.52,-3.4464,+0.1013,-8.6307,5.1843,16.1531,+2.5697,147.1146,193.0915
2890,0.52,-3.3242,+0.1705,-8.6415,5.3173,11.9630,+7.5070,156.3284,208.9848
2891,0.52,-2.9783,-0.5241,-8.6517,5.6734,27.5257,+5.0485,306.9986,240.7197
2892,0.50,-3.4190,-0.2249,-8.6385,5.2195,9.2586,+4.6248,202.5940,211.1926
2893,0.52,-3.6427,+0.0862,-8.6528,5.0101,4.7959,+8.9476,177.5029,202.6780
2894,0.50,-3.1828,+0.0921,-8.6470,5.4641,8.0106,+0.6414,188.6920,222.6990
2895,0.51,-3.5679,+0.1335,-8.6363,5.0683,13.6415,+10.8003,241.5002,208.8712
2896,0.51,-3.5226,-0.0265,-8.6419,5.1193,4.7908,+7.0802,155.1788,213.9031
2897,0.51,-3.6485,-0.1369,-8.6518,5.0032,4.5118,+3.2835,121.5898,192.8803
2898,0.52,-3.5968,-0.0417,-8.6564,5.0595,2.6643,+5.0573,86.2375,202.5111
2899,0.49,-3.4135,-0.0112,-8.6626,5.2491,6.0299,+6.3734,175.9878,214.1743
2900,0.52,-3.4469,+0.1117,-8.6854,5.2385,8.8629,+11.2906,276.5034,225.7483
2901,0.52,-3.6049,-0.1581,-8.7008,5.0959,2.9601,+7.9904,156.4919,214.6818
2902,0.50,-3.1577,+0.0032,-8.6988,5.5411,2.8214,-4.2235,134.8883,232.7854
2903,0.51,-3.3604,-0.2474,-8.6992,5.3389,2.9434,+12.6594,260.5022,220.4816
2904,0.52,-3.2559,+0.0852,-8.6967,5.4407,4.1047,-6.2508,121.5712,212.9948
2905,0.54,-3.8056,+0.2040,-8.6941,4.8885,12.4887,+14.4205,286.1145,209.5241
2906,0.50,-3.7480,-0.1724,-8.6712,4.9232,3.3668,+1.1221,100.0193,187.1921
2907,0.52,-3.3873,-0.1547,-8.6762,5.2889,3.1789,+13.8229,289.9077,229.3275
2908,0.51,-3.6632,+0.1364,-8.6871,5.0239,4.0964,-1.3582,159.8396,195.7851
2909,0.52,-3.7134,-0.0807,-8.6903,4.9769,8.6208,+12.9336,276.5789,217.6000
2910,0.53,-3.5596,+0.1414,-8.6952,5.1356,2.2685,-5.6420,135.7424,203.1743
2911,0.50,-3.1989,-0.0327,-8.6858,5.4868,2.0573,+15.4432,304.1691,260.4565
2912,0.51,-3.5848,-0.1574,-8.6790,5.0941,3.0040,-0.3154,139.7115,208.3570
2913,0.51,-3.2580,+0.0352,-8.6736,5.4156,2.8997,+12.2478,266.2295,241.7294
2914,0.53,-3.7266,+0.3139,-8.6881,4.9614,2.5111,+5.9984,130.3761,193.1131
2915,0.53,-3.2736,-0.1086,-8.6851,5.4115,2.1357,+14.4770,260.0848,233.0150
2916,0.54,-3.2983,+0.0018,-8.7121,5.4139,2.5127,-5.6203,119.5287,208.1035
2917,0.54,-3.6752,-0.1110,-8.6928,5.0177,1.8793,+13.9620,258.8257,208.1763
2918,0.51,-3.2524,-0.0752,-8.6832,5.4308,2.7774,-5.8456,153.0640,208.0329
2919,0.53,-3.5742,-0.1924,-8.6762,5.1020,1.9602,+11.9112,217.1640,214.0042
2920,0.54,-3.5709,+0.0949,-8.6679,5.0970,3.7757,-2.1448,130.1745,198.1495
2921,0.53,-3.7216,+0.1785,-8.6654,4.9438,3.1743,+13.1708,288.0248,212.7038
2922,0.53,-3.7815,-0.0617,-8.6511,4.8696,3.6293,+3.9036,196.8648,185.9414
2923,0.52,-3.7530,+0.0919,-8.6648,4.9118,4.4288,+7.7718,128.6421,197.8965
2924,0.52,-3.4664,-0.0248,-8.6522,5.1859,5.8806,+0.1743,123.4139,205.1834
2925,0.55,-3.8342,-0.0511,-8.6445,4.8103,2.9335,+11.2267,204.6389,206.9746
2926,0.54,-3.7531,+0.0982,-8.6664,4.9133,4.5098,+0.1038,109.3110,190.5906
2927,0.53,-3.7451,-0.1585,-8.6613,4.9162,9.5268,+10.8812,299.1467,208.5656
2928,0.51,-3.5827,+0.1666,-8.6799,5.0971,31.8572,+4.7069,226.8001,214.8825
2929,0.52,-3.5520,+0.0856,-8.6699,5.1180,37.8784,+11.4930,357.9886,222.3180
2930,0.52,-3.5343,-0.1199,-8.6835,5.1492,12.5517,+8.4456,222.5295,219.5263
2931,0.52,-3.8396,+0.0300,-8.6894,4.8498,16.8115,+6.2949,222.9927,196.9547
2932,0.51,-3.6569,-0.1894,-8.6857,5.0288,37.7655,+5.9807,208.4538,202.6068
2933,0.52,-3.4558,-0.1003,-8.6968,5.2411,35.1450,+7.4761,206.6858,222.8152
2934,0.51,-3.7374,+0.1630,-8.6930,4.9556,10.4955,+6.0566,144.4549,203.1547
2935,0.51,-3.6142,-0.0023,-8.6919,5.0777,8.2587,+5.5998,148.2674,205.0844
2936,0.52,-3.2574,-0.7773,-8.6854,5.4279,85.0620,+6.9096,116.0830,203.3958
2937,0.53,-3.6141,-0.1032,-8.6697,5.0556,3.9467,+6.3405,140.7366,206.0339
2938,0.53,-3.4754,-0.2441,-8.6593,5.1840,3.1796,+3.9865,78.7017,204.3606
2939,0.54,-3.6571,+0.1303,-8.6929,5.0358,2.2363,+13.5073,238.8948,217.3131
2940,0.51,-3.2659,+0.3960,-8.7035,5.4376,3.5110,-3.8585,158.7067,226.7628
2941,0.53,-3.5577,-0.1328,-8.6979,5.1402,6.5178,+15.1075,307.9097,225.7750
2942,0.52,-3.8769,+0.1386,-8.6906,4.8137,5.1524,+5.0415,124.8374,190.1720
2943,0.52,-3.8790,-0.0820,-8.6762,4.7972,2.4932,+12.1938,222.0544,208.5445
2944,0.49,-3.4523,+0.0077,-8.6732,5.2209,5.3636,-1.7818,113.3101,217.8075
2945,0.54,-3.7065,+0.2215,-8.6946,4.9881,3.5098,+13.5517,254.0778,225.1623
2946,0.52,-3.5034,-0.1274,-8.7011,5.1977,5.7291,+1.7066,137.5730,215.2996
2947,0.51,-3.8503,-0.1664,-8.6950,4.8447,5.5949,+13.7150,291.0009,206.4008
2948,0.52,-3.9030,+0.1306,-8.7019,4.7989,3.6376,+1.1258,103.3957,180.8813
2949,0.55,-3.6038,+0.2658,-8.7047,5.1009,2.2681,+17.2675,364.9320,231.8206
2950,0.52,-3.6473,+0.1029,-8.7044,5.0571,3.0127,-4.5062,145.0816,204.4318
2951,0.55,-3.5844,-0.0574,-8.7033,5.1189,2.0693,+16.1228,354.4736,233.2290
2952,0.53,-3.6571,-0.4133,-8.7089,5.0518,3.0727,+2.8315,191.5048,209.7500
2953,0.51,-3.7479,+0.0783,-8.7371,4.9892,3.1284,+14.1630,317.2634,211.0450
2954,0.52,-3.9484,-0.2019,-8.7407,4.7923,7.2668,+3.9148,106.9695,183.3247
2955,0.53,-3.7220,-0.0009,-8.7119,4.9900,3.6019,+14.0559,288.3003,222.0862
2956,0.52,-3.4433,-0.1177,-8.7228,5.2795,7.6795,+10.9820,299.4445,225.7603
2957,0.51,-3.4082,-0.3222,-8.7068,5.2986,12.5482,+5.2559,172.6534,217.4014
2958,0.50,-4.0200,-0.2997,-8.7173,4.6974,2.9676,+6.8233,119.2301,189.6562
2959,0.52,-3.6912,-0.1814,-8.7191,5.0279,2.0498,+9.9502,214.3317,219.5886
2960,0.52,-3.7288,+0.1779,-8.7259,4.9971,4.4893,-0.1183,176.9785,203.9438
2961,0.52,-3.5983,+0.3013,-8.7270,5.1287,3.6785,+13.1813,240.0292,227.1516
2962,0.51,-3.6056,-0.0694,-8.7196,5.1140,4.5466,+2.8012,95.4294,204.6590
2963,0.54,-3.4388,-0.1248,-8.7217,5.2829,2.5743,+16.7592,389.9426,231.5241
2964,0.52,-3.5370,-0.1418,-8.7211,5.1841,3.8463,-3.5321,91.0793,198.9950
2965,0.52,-3.6565,+0.0019,-8.7158,5.0593,2.6201,+17.4790,378.6295,229.1261
2966,0.53,-3.4021,+0.1814,-8.7282,5.3261,7.2982,-2.3565,182.4376,211.8075
2967,0.51,-3.7511,+0.1827,-8.7341,4.9830,14.2522,+9.4875,252.2669,214.6647
2968,0.53,-3.4408,+0.1244,-8.7376,5.2968,26.6307,+8.3008,263.7947,229.2442
2969,0.50,-3.9116,-0.0625,-8.7479,4.8363,4.9198,+5.2115,83.0294,193.0310
2970,0.53,-3.6345,+0.0601,-8.7518,5.1173,3.1585,+15.3267,303.3391,227.5514
2971,0.51,-3.7021,-0.0575,-8.7481,5.0460,3.7818,-1.8490,72.5907,199.2436
2972,0.52,-3.6179,-0.0191,-8.7475,5.1296,1.9354,+15.8123,317.3425,226.4171
2973,0.53,-3.5386,-0.2109,-8.7372,5.1986,3.1772,-5.2942,142.9353,203.1549
2974,0.55,-3.5734,+0.1490,-8.7422,5.1689,3.9214,+16.0868,385.0725,239.4993
2975,0.52,-3.6241,+0.1072,-8.7255,5.1014,6.8767,-1.9385,143.9670,198.7602
2976,0.54,-3.6068,+0.2414,-8.7292,5.1223,2.9292,+15.7261,312.6508,229.7400
2977,0.51,-3.3413,+0.6656,-8.7393,5.3980,7.5238,-3.5295,219.1403,226.4638
2978,0.52,-3.5322,-0.0632,-8.7284,5.1962,14.0934,-2.2029,249.5640,212.1030
2979,0.52,-3.9804,+0.0089,-8.7202,4.7398,2.7110,+3.0982,111.2074,190.3995
2980,0.55,-3.7965,+0.0143,-8.7308,4.9343,2.7195,+7.1393,142.8966,206.9492
2981,0.53,-3.5671,+0.0419,-8.7229,5.1558,4.8779,-1.3537,110.2998,199.7706
2982,0.53,-3.6264,-0.0377,-8.7311,5.1047,7.9843,+14.0776,313.0817,222.1007
2983,0.52,-3.7761,-0.0052,-8.7181,4.9420,11.1163,+4.2144,156.9222,201.0715
2984,0.51,-3.6906,+0.0681,-8.7151,5.0245,9.0012,+13.8350,313.2247,219.6526
2985,0.50,-3.8358,-0.3208,-8.6967,4.8609,3.1955,+0.1303,129.5774,187.7695
2986,0.49,-3.4846,+0.1469,-8.7023,5.2176,4.5698,+12.3357,290.9256,230.9594
2987,0.51,-3.5999,+0.1901,-8.7193,5.1194,11.0242,+1.1082,158.9905,207.4639
2988,0.51,-3.8006,+0.2088,-8.7257,4.9251,2.4991,+9.1018,143.2498,218.7897
2989,0.51,-3.4812,+0.0452,-8.7180,5.2369,3.7211,-5.6437,111.0320,205.3481
2990,0.51,-3.8841,+0.2439,-8.7238,4.8397,2.3899,+12.6046,248.1136,216.7425
2991,0.53,-3.5245,-0.0607,-8.7093,5.1848,2.8652,+7.3216,195.4451,229.2676
2992,0.53,-3.7816,+0.0007,-8.7088,4.9272,5.2619,+8.7647,180.9427,207.1943
2993,0.51,-3.8280,+0.0668,-8.7269,4.8989,3.6409,+7.3420,110.3331,199.8520
2994,0.51,-3.8743,-0.1541,-8.7361,4.8618,2.7316,+11.4674,215.9093,208.9408
2995,0.53,-3.8048,-0.1264,-8.7157,4.9109,4.3225,-2.7120,132.1467,190.8774
2996,0.52,-3.9329,-0.1374,-8.6917,4.7588,3.3762,+9.5675,162.2949,195.4836
2997,0.53,-3.7621,+0.1163,-8.6996,4.9375,4.3096,+2.6035,105.2278,190.9910
2998,0.53,-3.5519,+0.1455,-8.7156,5.1636,3.0013,+7.8703,176.9478,230.0351
2999,0.54,-3.8729,+0.3990,-8.7243,4.8514,6.2874,+8.8029,252.4744,217.4641
3000,0.52,-3.7379,-0.3025,-8.7091,4.9712,2.4136,+5.1101,147.8830,208.7596
3001,0.53,-3.7428,-0.2827,-8.7132,4.9704,3.5451,+13.4106,276.8929,222.2526
3002,0.51,-3.6726,+0.3376,-8.7300,5.0574,3.2865,-1.3063,112.2692,197.2644
3003,0.55,-3.8053,+0.1481,-8.7331,4.9278,4.0698,+11.8547,244.5351,210.8425
3004,0.54,-3.9509,-0.2207,-8.7238,4.7729,3.3906,+4.5090,109.1942,193.4099
3005,0.52,-3.6085,+0.1864,-8.7185,5.1101,2.5911,+15.1778,308.2487,225.7121
3006,0.53,-4.0098,+0.0627,-8.7335,4.7238,4.0444,-4.3732,123.6356,167.7091
3007,0.52,-3.7721,+0.0918,-8.7086,4.9365,2.3102,+14.9291,294.3653,216.9445
3008,0.52,-3.8826,+0.0864,-8.7062,4.8236,6.9329,-2.6805,200.0736,186.3491
3009,0.54,-3.8507,+0.1093,-8.7267,4.8760,2.2112,+13.4966,266.2413,209.5195
3010,0.54,-3.8230,-0.0333,-8.7311,4.9081,3.7286,+1.3847,116.5593,195.3894
3011,0.54,-3.8267,+0.0414,-8.7325,4.9059,3.2215,+14.3162,281.2393,215.2845
3012,0.53,-3.8566,-0.0189,-8.7469,4.8903,3.0283,+2.8525,128.0646,195.7010
3013,0.55,-4.0181,-0.2480,-8.7200,4.7019,2.9741,+11.4722,198.3354,199.7266
3014,0.53,-3.9870,-0.0182,-8.7175,4.7305,4.1812,-0.9687,67.2677,184.0598
3015,0.54,-3.8524,+0.0451,-8.7281,4.8757,3.7636,+11.7316,226.3545,218.9723
3016,0.53,-3.7732,+0.2221,-8.7364,4.9632,3.7264,+5.0035,157.5944,209.9366
3017,0.53,-3.6563,-0.2644,-8.7464,5.0901,3.8008,+12.7630,255.1331,220.1740
3018,0.52,-3.4733,+0.1850,-8.7576,5.2843,43.7928,+5.1717,265.4835,229.0741
3019,0.51,-3.7475,-0.0331,-8.7305,4.9831,14.0842,+8.8797,229.7864,224.3305
3020,0.53,-3.7960,+0.0628,-8.7394,4.9434,15.3866,+8.5561,229.3830,217.8246
3021,0.55,-3.5430,+0.0684,-8.7424,5.1993,36.2600,+11.8555,339.0912,240.7079
3022,0.54,-3.6165,-0.2006,-8.7299,5.1134,28.4535,+11.5147,323.1331,232.5350
3023,0.53,-3.8758,+0.0966,-8.7468,4.8710,9.7944,+10.3772,248.6828,221.2412
3024,0.53,-3.6091,-0.0697,-8.7469,5.1378,18.2158,+6.9337,218.3186,222.9474
3025,0.54,-3.6996,+0.0190,-8.7553,5.0557,37.2504,+7.1237,284.8978,220.1866
3026,0.53,-3.6499,+0.1686,-8.7534,5.1035,37.6806,+7.4641,279.8670,222.1278
3027,0.50,-4.1119,-0.2990,-8.7711,4.6593,9.2845,+6.6973,149.3799,192.9425
3028,0.53,-4.0849,-0.0885,-8.7602,4.6753,4.4261,+5.9676,97.8108,192.8386
3029,0.51,-3.8460,-0.1152,-8.7591,4.9131,11.0614,+8.1680,204.1178,199.3363
3030,0.51,-3.7073,-0.3472,-8.7379,5.0306,16.6200,+4.3924,202.5802,204.6873
3031,0.51,-4.0312,+0.0763,-8.7439,4.7127,4.3930,+4.3330,111.4273,185.6608
3032,0.54,-3.4265,-0.0240,-8.7610,5.3345,40.2345,+11.6307,343.1577,240.7672
3033,0.55,-3.6608,-0.2267,-8.7575,5.0967,28.0849,+5.1864,216.4671,216.2538
3034,0.52,-3.8685,-0.1066,-8.7527,4.8842,20.5081,+5.4401,160.6324,201.8630
3035,0.52,-3.6751,-0.0873,-8.7491,5.0741,39.7343,+7.7247,234.5217,221.6620
3036,0.51,-3.7791,-0.2113,-8.7462,4.9671,68.1883,+10.0077,385.8117,216.7756
3037,0.53,-3.8482,-0.1933,-8.7587,4.9105,26.9182,+9.9227,279.2578,216.7872
3038,0.52,-3.5591,-0.3517,-8.7586,5.1995,49.4491,+8.9366,294.5813,234.1116
3039,0.52,-3.6102,-0.0285,-8.7351,5.1249,22.6324,+6.7920,219.0049,215.5936
3040,0.53,-3.8280,-0.2221,-8.7450,4.9170,25.3768,+6.2640,199.4583,205.5282
3041,0.51,-3.5586,-0.3516,-8.7424,5.1838,34.0676,+8.0700,312.0466,228.1444
3042,0.51,-3.6758,-0.0450,-8.7354,5.0596,26.8048,+7.1860,237.3516,212.1848
3043,0.51,-3.8276,-0.2678,-8.7266,4.8989,30.3993,+6.3786,222.0828,205.3117
3044,0.53,-3.5508,-0.0849,-8.7366,5.1859,42.0442,+7.0720,295.9591,226.4013
3045,0.53,-4.0259,+0.0998,-8.7371,4.7112,33.7395,+6.6044,222.6885,187.6431
3046,0.53,-3.7182,+0.1727,-8.7413,5.0231,32.1014,+5.7475,241.9686,214.2637
3047,0.53,-3.5915,+0.5127,-8.7337,5.1421,55.9659,+9.6556,453.7611,228.3119
3048,0.53,-3.5529,+0.1142,-8.7369,5.1840,47.2963,+6.6284,356.3994,229.7057
3049,0.52,-3.3544,-0.1301,-8.7563,5.4019,42.9739,+7.3571,400.6649,248.8407
3050,0.54,-3.2256,+0.2022,-8.7591,5.5335,78.2680,+7.8026,395.8110,264.9150
3051,0.53,-3.5880,-0.3839,-8.7507,5.1627,34.2287,+1.3580,319.3739,227.3329
3052,0.53,-3.4588,-0.0149,-8.7427,5.2838,49.5380,+3.2794,328.2946,229.5038
3053,0.51,-3.6205,+0.2522,-8.7117,5.0912,31.5576,+5.8039,269.2056,224.4541
3054,0.53,-3.5687,-0.2176,-8.7424,5.1736,45.1996,+8.4006,431.1885,242.8623
3055,0.52,-3.8319,+0.2067,-8.7368,4.9049,43.1470,+9.6258,399.3883,230.7488
3056,0.52,-3.4157,+0.1051,-8.7358,5.3201,59.4403,+9.9169,451.2861,257.1524
3057,0.53,-3.5279,-0.0738,-8.7412,5.2133,52.8004,+9.4936,517.8628,249.2432
3058,0.53,-3.6632,-0.0157,-8.7530,5.0897,52.9635,+8.7471,419.4598,235.5087
3059,0.52,-3.3729,+0.1913,-8.7287,5.3558,60.7553,+9.8973,521.1152,259.6549
3060,0.52,-3.9836,-0.1649,-8.7406,4.7570,31.0188,+8.8119,312.8785,210.3624
3061,0.52,-3.6690,-0.1117,-8.7385,5.0695,46.0810,+8.6622,384.4334,238.9442
3062,0.52,-3.6272,-0.0188,-8.7475,5.1203,36.3648,+7.8716,338.2716,234.9072
3063,0.52,-3.7937,-0.1592,-8.7378,4.9441,40.3053,+7.1373,294.2462,215.4024
3064,0.51,-3.7843,-0.3333,-8.7383,4.9540,55.3329,+9.2054,399.1246,223.1264
3065,0.53,-3.4162,+0.1184,-8.7159,5.2997,94.1767,+6.9443,336.8031,241.0776
3066,0.54,-3.7401,-0.1649,-8.7344,4.9943,18.2000,+6.4332,224.7443,211.7391
3067,0.53,-3.7318,-0.0187,-8.7390,5.0073,18.5713,+4.2718,268.6884,215.0444
3068,0.52,-3.6919,-0.1276,-8.7251,5.0333,12.6159,+4.3940,178.3624,212.1947
3069,0.52,-4.3640,-0.1378,-8.7231,4.3591,71.7194,+5.2009,356.6669,162.3760
3070,0.51,-3.9016,-0.0106,-8.7548,4.8532,9.9143,+6.8284,125.6430,200.4530
3071,0.52,-3.8447,+0.1356,-8.7371,4.8924,10.4575,+4.8665,127.0515,197.2427
3072,0.53,-3.6950,-0.0081,-8.7256,5.0305,3.3641,+10.0196,165.9691,218.3516
3073,0.51,-3.7168,-0.0055,-8.7316,5.0147,3.0410,+7.0448,115.5033,214.0044
3074,0.52,-3.6790,-0.0474,-8.7442,5.0651,3.8077,+13.5696,264.3675,220.8208
3075,0.53,-3.9075,-0.1719,-8.7388,4.8313,3.3876,+2.7192,118.1837,192.9124
3076,0.53,-3.2328,-0.0417,-8.7430,5.5102,3.7511,+19.2031,492.7986,266.1059
3077,0.52,-3.7395,+0.0596,-8.7405,5.0011,2.9910,+3.4307,141.2444,203.1162
3078,0.55,-3.6483,-0.1701,-8.7426,5.0943,6.9849,+13.3042,328.8264,227.1468
3079,0.52,-3.9064,+0.2644,-8.7289,4.8225,2.9476,+2.9048,129.2319,188.3698
3080,0.52,-3.9935,+0.0143,-8.7341,4.7406,3.7481,+5.0535,96.1890,183.7027
3081,0.53,-3.7970,-0.1416,-8.7411,4.9441,1.9410,+12.9513,249.4561,211.3314
3082,0.55,-3.3747,-0.0331,-8.7369,5.3622,2.6525,-4.1147,132.1492,222.8514
3083,0.54,-3.5404,-0.1803,-8.7256,5.1852,4.1736,+17.1047,434.6222,232.5935
3084,0.53,-3.7568,+0.5201,-8.7203,4.9634,7.2992,+4.5246,182.6767,211.7633
3085,0.54,-3.7680,+0.0189,-8.7356,4.9676,3.9688,+7.3011,176.8080,201.3376
3086,0.52,-4.1151,-0.3060,-8.7367,4.6216,3.9849,+8.3900,162.8354,193.6268
3087,0.53,-3.5511,+0.1708,-8.7448,5.1937,3.8751,-2.4735,160.3116,200.0514
3088,0.54,-3.9178,-0.0839,-8.7184,4.8007,1.9708,+10.6960,166.0789,195.9504
3089,0.51,-3.5397,-0.0534,-8.7238,5.1840,2.5517,+3.1391,188.5964,206.3805
3090,0.53,-3.8908,-0.0659,-8.7333,4.8425,3.1128,+11.0368,228.3777,209.1987
3091,0.50,-3.5970,-0.0028,-8.7398,5.1428,4.1965,+1.1692,224.9812,210.8192
3092,0.52,-3.8014,+0.0210,-8.7508,4.9493,2.1735,+11.9192,224.6779,217.6597
3093,0.52,-3.6414,+0.1391,-8.7496,5.1082,11.5671,-3.8589,170.1297,208.8651
3094,0.55,-4.0615,+0.2562,-8.7698,4.7083,6.4402,+9.5803,171.3743,209.1414
3095,0.52,-4.0922,+0.1774,-8.7588,4.6667,3.2273,+6.3339,108.5046,191.0653
3096,0.52,-3.9120,+0.0967,-8.7582,4.8462,1.8658,+7.2950,126.4694,201.0713
3097,0.52,-3.9053,+0.1632,-8.7528,4.8475,2.6875,+1.4475,93.9528,194.2289
3098,0.54,-3.6375,-0.0927,-8.7563,5.1188,2.5732,+17.1829,386.8690,242.6514
3099,0.52,-3.6289,+0.1327,-8.7473,5.1184,4.5184,-2.3603,148.0367,207.6482
3100,0.52,-3.5350,+0.2286,-8.7503,5.2153,3.8825,+16.1099,355.4557,238.6745
3101,0.53,-3.9268,+0.0075,-8.7485,4.8217,3.9467,-0.7623,112.8699,190.2236
3102,0.53,-3.5552,-0.2872,-8.7511,5.1959,2.2076,+16.0440,369.7227,236.4087
3103,0.52,-3.7363,-0.1745,-8.7657,5.0294,3.0643,-1.7454,149.2711,202.5442
3104,0.54,-3.4338,-0.1974,-8.7737,5.3398,2.0422,+16.5409,350.7628,250.5501
3105,0.55,-3.7628,+0.1916,-8.7777,5.0149,4.5480,-2.5622,114.6244,200.3575
3106,0.56,-3.7391,+0.1611,-8.7761,5.0370,3.4304,+12.6834,271.4141,226.0781
3107,0.51,-3.7654,+0.0197,-8.7788,5.0134,4.6079,-3.5783,112.4676,194.7849
3108,0.52,-3.6294,-0.0671,-8.7837,5.1543,17.1197,+15.7027,378.3320,242.4572
3109,0.55,-3.8700,+0.0863,-8.7578,4.8878,2.7996,+9.9812,208.9390,212.4465
3110,0.52,-3.4816,-0.1067,-8.7705,5.2888,14.5122,-4.9113,194.0800,225.2892
3111,0.52,-3.8835,-0.2445,-8.7687,4.8852,12.7776,+11.4772,253.4808,219.9547
3112,0.53,-3.9345,-0.1155,-8.7615,4.8270,3.5005,+2.1413,83.0379,197.3235
3113,0.54,-3.6057,-0.0199,-8.7555,5.1498,3.0676,+16.7234,389.6630,240.4431
3114,0.53,-3.7196,-0.1443,-8.7641,5.0444,5.9046,+2.6869,151.3265,212.0462
3115,0.52,-3.9397,-0.2616,-8.7533,4.8136,4.7905,+8.7786,155.4094,202.6900
3116,0.53,-3.8361,+0.1146,-8.7443,4.9082,2.2788,+1.2136,97.4399,194.9929
3117,0.54,-3.7897,+0.1415,-8.7462,4.9565,2.1643,+16.4492,327.4162,237.8060
3118,0.53,-3.8341,-0.1382,-8.7533,4.9192,1.9519,-1.2087,106.5819,199.0047
3119,0.52,-3.7573,-0.0454,-8.7449,4.9876,1.7947,+16.9931,353.2470,234.6362
3120,0.52,-3.8332,+0.0006,-8.7474,4.9142,2.4077,-2.7629,122.8311,193.1003
3121,0.53,-3.3637,-0.2775,-8.7497,5.3860,5.4831,+19.1681,497.4713,269.1025
3122,0.54,-4.0083,-0.1352,-8.7512,4.7429,1.7189,+5.3501,108.4862,193.7421
3123,0.55,-4.1661,+0.2082,-8.7583,4.5921,2.8994,+8.7891,150.4287,192.1971
3124,0.54,-4.0766,-0.0240,-8.7697,4.6931,3.4911,-2.4065,94.3925,186.1954
3125,0.56,-3.7320,-0.1900,-8.7690,5.0370,2.3683,+17.8044,382.5055,240.5479
3126,0.54,-3.6975,-0.1130,-8.7634,5.0660,7.3787,-2.7407,143.2274,208.7900
3127,0.53,-3.9933,-0.0186,-8.7613,4.7680,4.2029,+13.5013,288.1479,212.0235
3128,0.54,-4.1476,-0.0968,-8.7441,4.5966,2.9317,+0.9602,144.0493,183.2658
3129,0.55,-4.1286,+0.1800,-8.7481,4.6195,1.9271,+12.2765,221.6635,202.8289
3130,0.53,-4.0691,+0.0335,-8.7483,4.6791,2.5226,-0.7329,105.9041,180.0082
3131,0.55,-3.7760,+0.1379,-8.7381,4.9620,2.2588,+16.3688,369.7047,235.5975
3132,0.55,-4.0339,-0.2179,-8.7396,4.7057,2.7807,-4.5894,128.0479,191.1595
3133,0.53,-3.9285,-0.0178,-8.7374,4.8089,1.7676,+13.0301,242.7422,214.8656
3134,0.53,-3.7620,-0.1430,-8.7440,4.9820,2.9280,-3.1452,119.9570,191.0523
3135,0.54,-4.0257,+0.0396,-8.7401,4.7143,5.1708,+17.6580,387.0105,221.8806
3136,0.56,-4.2568,-0.0150,-8.7387,4.4819,3.4433,+2.1022,129.2802,177.1068
3137,0.54,-3.3525,-0.2302,-8.7409,5.3885,11.9085,+16.6532,475.5200,247.2010
3138,0.54,-3.5228,+0.1948,-8.7410,5.2182,12.7856,+1.0530,204.9550,214.0628
3139,0.54,-4.2216,-0.4233,-8.7371,4.5156,2.6761,+9.8521,193.7520,182.3541
3140,0.54,-3.8541,-0.0065,-8.7501,4.8960,8.4092,+1.6611,143.3243,200.9793
3141,0.53,-4.0366,-0.0311,-8.7313,4.6947,13.9087,+8.5073,190.3016,191.0495
3142,0.53,-4.0288,+0.0960,-8.7296,4.7007,6.1504,+10.7131,254.6038,198.2339
3143,0.53,-4.0611,-0.0380,-8.7311,4.6700,4.7213,+0.7260,147.2802,188.9384
3144,0.56,-3.8655,-0.1113,-8.7299,4.8644,3.8893,+8.1210,160.7315,203.8001
3145,0.52,-3.8751,-0.1183,-8.7319,4.8568,9.2879,+7.9273,189.2373,204.4606
3146,0.53,-3.5880,+0.1107,-8.7359,5.1479,23.5597,+7.7341,186.1584,211.1817
3147,0.55,-3.8904,-0.0771,-8.7531,4.8627,2.1831,+2.9545,76.3391,198.4571
3148,0.53,-4.0666,-0.0810,-8.7758,4.7092,4.7025,+4.9049,94.4422,193.8185
3149,0.53,-4.1755,-0.1298,-8.7893,4.6138,2.1682,+6.1988,90.1526,189.6284
3150,0.53,-3.8764,-0.0326,-8.7759,4.8995,3.8963,+4.5295,117.4498,199.3622
3151,0.55,-3.9605,+0.1164,-8.7759,4.8154,5.5355,+15.6891,317.6436,225.4872
3152,0.54,-4.2396,-0.1018,-8.7771,4.5375,3.0945,+1.1286,146.8217,177.6709
3153,0.53,-3.6984,-0.1236,-8.7652,5.0669,3.6966,+13.8141,311.6566,241.1170
3154,0.52,-4.0702,+0.0459,-8.7876,4.7173,6.1114,-1.0440,100.0443,189.0155
3155,0.54,-4.1069,+0.1000,-8.8017,4.6948,3.2791,+9.4861,168.5145,201.5295
3156,0.54,-3.8893,+0.0999,-8.8014,4.9121,2.6706,+1.1027,127.0725,194.4775
3157,0.54,-3.9667,-0.0752,-8.7848,4.8182,2.8338,+10.6933,207.5918,205.7267
3158,0.54,-4.2686,+0.0648,-8.8006,4.5320,2.7985,+1.7829,91.7038,183.9815
3159,0.52,-4.2541,+0.0191,-8.7901,4.5360,3.0778,+6.0717,154.7910,185.5696
3160,0.54,-3.8266,+0.0046,-8.7953,4.9687,3.3587,+16.1435,373.0868,228.7002
3161,0.54,-3.8894,-0.0668,-8.8060,4.9165,4.9608,+3.2629,136.2349,200.5579
3162,0.54,-4.0230,-0.1102,-8.8034,4.7804,3.2675,+12.2197,213.0707,214.2155
3163,0.53,-3.7702,+0.2782,-8.7975,5.0272,9.5150,-3.8181,130.8898,198.6640
3164,0.54,-4.2197,-0.1265,-8.8101,4.5904,2.3353,+9.8757,189.1738,193.9442
3165,0.55,-4.0138,+0.1174,-8.8096,4.7958,2.7843,+1.6894,84.4865,195.5077
3166,0.55,-4.2361,-0.2997,-8.7809,4.5449,2.2487,+13.2329,244.4673,200.0296
3167,0.53,-3.7216,-0.0343,-8.7764,5.0548,3.9329,-1.5423,114.1203,193.3283
3168,0.54,-4.1388,+0.0070,-8.7632,4.6244,2.5725,+10.5963,183.5944,195.6220
3169,0.54,-4.1095,-0.4175,-8.7642,4.6547,3.3314,+6.2426,144.1030,193.4405
3170,0.56,-4.0126,+0.1977,-8.7448,4.7322,3.1886,+3.1240,91.8400,183.2564
3171,0.54,-3.9045,+0.0266,-8.7595,4.8550,3.4855,+4.6080,145.1307,203.4736
3172,0.54,-3.7984,-0.1468,-8.7623,4.9639,3.2708,+9.9603,215.4637,210.9555
3173,0.52,-4.0988,+0.0089,-8.7482,4.6494,5.1550,-0.1260,118.6057,186.5468
3174,0.54,-4.0951,-0.0035,-8.7809,4.6857,2.5658,+15.3421,299.2831,208.5622
3175,0.53,-4.0343,+0.1191,-8.7796,4.7453,3.1453,+0.5806,110.1493,191.1135
3176,0.55,-4.0120,-0.0066,-8.7602,4.7482,2.4339,+17.1606,384.3469,222.0853
3177,0.54,-3.8340,+0.0488,-8.7659,4.9318,3.3790,+5.1474,121.2500,213.0601
3178,0.53,-4.2079,+0.2014,-8.7615,4.5536,2.6821,+11.9217,238.0879,197.1107
3179,0.53,-3.5067,+0.2543,-8.7539,5.2472,3.2941,-5.3326,197.6948,217.1585
3180,0.54,-4.2322,-0.0069,-8.7779,4.5457,3.5333,+11.0941,206.3906,194.9917
3181,0.54,-3.8092,-0.1220,-8.7724,4.9632,5.2979,-1.2816,125.8592,200.3137
3182,0.52,-3.7778,+0.2184,-8.7828,5.0050,4.3890,+17.2470,391.9004,239.0618
3183,0.54,-4.1990,-0.1521,-8.7743,4.5752,4.6785,+2.1640,105.3514,180.4748
3184,0.55,-3.8414,+0.1268,-8.7648,4.9235,17.3420,+15.1343,382.9010,226.9302
3185,0.55,-4.0279,+0.3985,-8.7602,4.7324,18.1618,+3.9336,201.8308,202.0764
3186,0.54,-3.8321,+0.2122,-8.7544,4.9224,22.7186,+3.8271,212.0366,207.7511
3187,0.53,-3.9235,+0.1882,-8.7464,4.8229,36.1650,+9.5063,285.2405,208.6640
3188,0.55,-3.9084,+0.0054,-8.7458,4.8375,25.7059,+9.9968,269.8540,213.5821
3189,0.54,-3.9695,+0.0830,-8.7529,4.7834,38.6971,+9.7008,324.7859,204.1061
3190,0.54,-3.9686,-0.0664,-8.7772,4.8086,25.0243,+6.9682,238.5944,204.2424
3191,0.53,-3.8135,-0.3709,-8.7840,4.9705,30.1054,+6.1524,205.8397,204.7603
3192,0.53,-3.8199,+0.2214,-8.7796,4.9596,21.4771,+7.3994,252.4190,213.7050
3193,0.52,-3.9357,-0.0760,-8.7937,4.8580,33.9652,+6.8693,213.3943,215.0153
3194,0.53,-4.0829,+0.2822,-8.7945,4.7116,18.2293,+6.5950,265.8367,208.8512
3195,0.51,-4.0469,+0.0095,-8.7814,4.7346,4.8401,+3.7774,139.6903,200.8063
3196,0.53,-3.9162,-0.1462,-8.7651,4.8489,5.9516,+4.3923,100.3854,205.4936
3197,0.54,-3.8056,+0.0602,-8.7665,4.9609,2.0232,+3.2706,93.2378,204.6972
3198,0.53,-3.8860,+0.1939,-8.7606,4.8746,2.6456,+12.5892,236.1721,204.3862
3199,0.54,-3.9801,+0.4436,-8.7845,4.8044,3.0253,+2.4258,165.8329,196.7745
3200,0.52,-3.9427,+0.0680,-8.7852,4.8424,6.6450,+6.1192,197.9889,199.3108
3201,0.54,-3.8805,-0.0910,-8.7835,4.9030,4.0160,+6.8706,179.8917,210.7748
3202,0.54,-4.1800,+0.0294,-8.7794,4.5994,2.5922,+7.1751,159.3625,198.6026
3203,0.52,-3.9925,+0.0591,-8.7740,4.7816,4.1605,+3.1046,113.2513,196.4429
3204,0.53,-4.1342,-0.1781,-8.7894,4.6552,2.9522,+4.4615,118.9096,200.4290
3205,0.54,-3.8363,+0.1452,-8.8082,4.9719,2.3976,+15.8217,332.4910,239.9965
3206,0.54,-4.1936,-0.2162,-8.8046,4.6110,2.3553,+6.8848,103.0411,193.3651
3207,0.56,-3.7397,+0.0414,-8.7983,5.0586,9.8866,+3.0202,137.7059,207.4999
3208,0.55,-3.9779,+0.1534,-8.7884,4.8105,2.0278,+15.7598,316.4626,219.1570
3209,0.53,-3.5901,+0.2482,-8.7960,5.2058,3.5690,+3.0507,188.4652,223.7007
3210,0.53,-3.9381,+0.2037,-8.8002,4.8622,3.3132,+10.3817,264.1589,206.4962
3211,0.53,-4.1426,+0.2119,-8.7830,4.6403,3.1398,+5.5251,123.3471,188.7792
3212,0.54,-4.1349,+0.0017,-8.7851,4.6502,3.6228,+11.7936,234.7375,201.4483
3213,0.54,-3.8791,-0.1132,-8.7950,4.9159,2.9809,+10.3923,265.0492,218.1996
3214,0.54,-3.7197,+0.3679,-8.7836,5.0639,3.4532,+3.8369,185.9902,217.5683
3215,0.55,-4.2625,-0.1821,-8.7826,4.5201,3.0190,+5.0665,153.2162,181.6401
3216,0.53,-3.7946,-0.1066,-8.7808,4.9862,3.8942,+4.4412,181.3661,208.8040
3217,0.54,-3.9150,-0.1275,-8.7903,4.8753,1.8515,+7.9109,139.0762,204.9722
3218,0.54,-4.0681,-0.2102,-8.7753,4.7072,1.5465,+12.2683,215.3269,212.0138
3219,0.53,-3.7355,-0.1431,-8.7719,5.0364,2.6707,-2.6599,127.3666,193.1673
3220,0.54,-4.0440,-0.0455,-8.7688,4.7247,3.8809,+12.9772,234.2710,203.2112
3221,0.55,-4.0945,-0.0611,-8.7884,4.6939,2.6255,+5.5731,133.9931,186.7709
3222,0.56,-3.9007,-0.2856,-8.7765,4.8758,4.0827,+10.1236,192.7350,208.9068
3223,0.53,-3.8411,+0.1634,-8.8071,4.9661,2.3292,-2.0694,116.2052,189.6122
3224,0.53,-3.8807,-0.0324,-8.8021,4.9214,3.9841,+14.7127,313.5660,223.6205
3225,0.54,-4.2098,-0.0456,-8.8149,4.6052,3.2940,-0.9470,62.5573,181.4724
3226,0.54,-4.0025,+0.4331,-8.8273,4.8248,2.3384,+17.0136,380.2981,213.6973
3227,0.54,-4.1144,-0.0227,-8.8201,4.7056,3.7170,+3.5009,170.6347,188.0205
3228,0.53,-4.0867,-0.0190,-8.8161,4.7293,2.2159,+1.7432,97.1243,187.6133
3229,0.54,-3.9844,-0.0452,-8.8178,4.8334,2.0010,+12.9270,232.3892,209.8792
3230,0.52,-3.8299,+0.0799,-8.8353,5.0054,2.1902,-5.2574,100.4332,190.2879
3231,0.51,-3.9954,+0.1008,-8.8230,4.8276,1.7806,+14.5083,283.3218,211.0529
3232,0.54,-3.8196,+0.1300,-8.8015,4.9820,3.9887,-0.2128,106.7232,204.4171
3233,0.53,-3.9263,+0.0371,-8.7899,4.8636,2.1501,+14.9210,289.3558,216.8394
3234,0.54,-4.1996,-0.0375,-8.7850,4.5854,2.4565,-0.9847,93.3596,172.1186
3235,0.54,-4.1157,+0.0140,-8.7828,4.6671,2.6379,+13.0362,238.4022,209.1979
3236,0.55,-3.7482,-0.0275,-8.7680,5.0198,3.4970,-5.8618,167.1666,201.8953
3237,0.53,-3.9690,-0.2339,-8.7783,4.8092,2.2469,+15.0873,311.7980,220.3932
3238,0.54,-4.0564,+0.0895,-8.7819,4.7256,3.3441,-0.9110,118.7693,192.2642
3239,0.55,-4.0206,+0.1741,-8.7645,4.7439,3.0412,+11.8184,276.8916,218.2008
3240,0.55,-3.6901,-0.0804,-8.7758,5.0857,9.8669,-2.2979,171.0749,215.8607
3241,0.55,-3.8930,+0.0945,-8.7786,4.8856,12.2324,+9.4177,282.5826,219.4649
3242,0.53,-3.6909,+0.2618,-8.7652,5.0743,22.9521,+1.5115,172.1063,224.5997
3243,0.53,-4.3711,+0.1348,-8.7467,4.3756,2.6719,+7.8692,141.6964,188.1812
3244,0.53,-4.0198,-0.3422,-8.7570,4.7371,12.4262,+6.1891,200.8264,200.8011
3245,0.54,-3.8331,-0.0837,-8.7722,4.9390,9.8071,+6.8770,218.4387,211.7992
3246,0.54,-3.6233,+0.1037,-8.7798,5.1565,27.5141,+9.2594,388.4129,237.6174
3247,0.56,-3.8594,-0.0353,-8.7739,4.9145,10.8580,+9.1235,202.6702,209.8691
3248,0.54,-4.1352,+0.2254,-8.7912,4.6560,5.4651,+8.8955,198.6257,202.9175
3249,0.54,-3.7338,-0.3902,-8.8110,5.0772,4.8173,+8.6098,182.0312,220.9000
3250,0.54,-3.4727,-0.0594,-8.8039,5.3311,11.7353,+10.9660,228.0807,229.1598
3251,0.54,-4.1102,+0.0349,-8.7963,4.6862,4.1922,+3.2152,67.8935,180.1677
3252,0.54,-4.2057,-0.0655,-8.7747,4.5689,2.7441,+9.2563,165.5206,189.4958
3253,0.55,-3.8389,-0.0400,-8.7983,4.9593,4.6522,-1.2604,133.4778,217.8032
3254,0.53,-3.9476,+0.2410,-8.8050,4.8574,6.5765,+11.9093,260.5832,214.2673
3255,0.51,-3.8293,+0.0413,-8.8082,4.9788,3.6737,-2.7306,146.1178,202.8820
3256,0.53,-4.0099,+0.0402,-8.8216,4.8117,6.2691,+11.1282,247.3611,206.0507
3257,0.55,-4.1930,+0.2265,-8.8228,4.6298,3.5939,+4.1683,115.4805,188.1317
3258,0.52,-4.1893,+0.1764,-8.8112,4.6218,3.7013,+6.6286,162.1732,193.8546
3259,0.51,-3.7729,-0.2641,-8.8074,5.0345,6.1864,+7.1264,219.3598,209.8104
3260,0.52,-3.9695,+0.1559,-8.8137,4.8442,3.2124,+3.6414,121.8688,186.9295
3261,0.53,-3.9849,-0.0762,-8.8141,4.8292,2.1085,+9.9166,177.1491,199.4831
3262,0.52,-4.1248,-0.0406,-8.8198,4.6950,5.1965,+1.2887,95.6839,190.6043
3263,0.54,-4.1092,-0.0704,-8.8089,4.6997,1.6652,+13.5026,257.6248,213.7978
3264,0.54,-3.5716,+0.1746,-8.8191,5.2475,4.1825,-3.0256,200.3965,232.9416
3265,0.53,-4.1312,+0.0892,-8.8222,4.6909,2.1406,+10.1471,172.6085,199.0104
3266,0.54,-3.9023,+0.1411,-8.8233,4.9210,1.8986,-2.7689,95.3958,200.4851
3267,0.56,-3.8640,-0.0594,-8.8162,4.9522,2.7098,+16.7279,364.1856,236.6866
3268,0.53,-3.6930,+0.0045,-8.8287,5.1356,7.7141,-4.4955,193.9505,206.3018
3269,0.55,-4.0890,-0.0917,-8.8354,4.7464,1.7880,+11.4567,203.7072,209.8648
3270,0.52,-3.9885,+0.1413,-8.8383,4.8499,4.7670,-4.1141,86.1000,191.2957
3271,0.53,-4.1829,+0.0070,-8.8215,4.6386,1.8564,+13.0142,220.4630,204.6658
3272,0.54,-4.1392,-0.0475,-8.8198,4.6806,3.3745,-1.5934,101.1391,185.5857
3273,0.55,-4.1743,-0.0876,-8.8017,4.6274,2.6667,+8.4847,165.4263,195.8759
3274,0.52,-4.1808,-0.2726,-8.8051,4.6243,6.5275,+3.8365,182.8198,189.8092
3275,0.54,-4.1973,-0.2430,-8.8101,4.6128,2.5346,+5.9374,115.2944,187.4627
3276,0.53,-3.9599,-0.2722,-8.8111,4.8511,2.9667,+6.8054,134.2695,202.1337
3277,0.54,-3.8496,-0.0015,-8.8153,4.9657,1.9081,-5.0782,131.5244,195.7968
3278,0.53,-3.8665,+0.1068,-8.8283,4.9619,3.1883,+11.3625,237.2638,217.5691
3279,0.53,-3.9755,-0.0538,-8.8169,4.8414,2.5107,-2.5500,109.0291,192.4285
3280,0.53,-4.0594,+0.1216,-8.8133,4.7539,3.7058,+14.7882,280.4615,204.2494
3281,0.55,-4.0066,-0.0647,-8.7972,4.7906,1.8330,-2.5328,101.0218,184.6970
3282,0.54,-4.2897,-0.1162,-8.7973,4.5076,1.8285,+10.0591,146.9733,176.8366
3283,0.54,-3.8631,+0.0506,-8.8141,4.9510,1.6677,-0.5948,118.5865,195.0208
3284,0.54,-4.1549,-0.0523,-8.7902,4.6353,2.0572,+13.0513,232.3264,203.1940
3285,0.54,-4.0866,+0.3228,-8.7938,4.7072,6.8791,+3.9880,128.1124,188.1823
3286,0.54,-4.0567,+0.0096,-8.7930,4.7363,2.2849,+5.5860,108.3955,202.4498
3287,0.56,-3.9212,+0.0004,-8.7966,4.8753,3.0806,+13.1050,312.6478,219.0969
3288,0.56,-4.2243,+0.1501,-8.8037,4.5794,2.4346,+2.0336,108.3764,185.6393
3289,0.56,-4.0253,-0.0352,-8.7855,4.7602,2.0819,+17.1669,352.6331,222.8689
3290,0.53,-4.1139,-0.1126,-8.7962,4.6823,3.2292,+2.1623,114.8282,183.2776
3291,0.56,-4.0877,-0.0825,-8.7826,4.6949,1.6558,+13.3929,236.3284,203.7444
3292,0.53,-4.1871,-0.1490,-8.7917,4.6046,9.2610,-0.1791,192.3605,178.9295
3293,0.55,-4.1255,+0.2830,-8.7988,4.6733,13.0779,+1.4945,200.9988,189.0433
3294,0.54,-4.0034,-0.1237,-8.8009,4.7976,3.7352,+13.2089,338.8064,212.7358
3295,0.53,-3.8689,+0.0793,-8.8094,4.9405,16.8919,+1.9925,178.6331,205.2127
3296,0.56,-4.2870,+0.0113,-8.7921,4.5051,3.1026,+9.5602,141.5553,193.5107
3297,0.54,-4.1855,-0.0818,-8.8010,4.6155,2.7316,+0.2903,62.3012,174.6956
3298,0.54,-4.0196,+0.0949,-8.8093,4.7897,2.3068,+14.7799,326.6806,213.6616
3299,0.54,-3.7093,-0.0363,-8.7972,5.0879,2.1099,-1.8414,124.3926,204.0226
3300,0.54,-3.9880,-0.0014,-8.7843,4.7963,2.6471,+13.2401,246.8386,209.4288
3301,0.53,-3.9290,-0.0901,-8.7891,4.8601,1.5173,-1.0432,73.6010,187.1683
3302,0.55,-3.7711,-0.2496,-8.8007,5.0295,2.2052,+17.6966,363.5033,232.8727
3303,0.55,-4.0409,-0.0652,-8.8071,4.7662,5.3854,+2.4440,98.6104,184.3112
3304,0.55,-3.9622,+0.0245,-8.8061,4.8438,2.2509,+14.1125,280.8840,230.4289
3305,0.54,-3.9623,-0.0716,-8.8088,4.8465,1.9827,-2.4039,75.3090,182.9975
3306,0.54,-4.0729,-0.0593,-8.8091,4.7362,1.9825,+14.3252,264.5578,220.4087
3307,0.56,-4.1231,+0.1837,-8.7939,4.6708,2.0967,-5.4839,110.7308,182.0352
3308,0.55,-4.0238,+0.0016,-8.7860,4.7623,1.9037,+15.3583,283.5684,218.1618
3309,0.54,-4.2435,+0.0563,-8.7768,4.5332,2.6639,-1.1407,95.3016,179.6425
3310,0.53,-3.9815,-0.0078,-8.7979,4.8165,2.3684,+14.3021,262.9754,221.5807
3311,0.53,-4.4178,-0.2943,-8.8061,4.3884,2.8833,+3.1429,92.0074,172.2535
3312,0.56,-4.1831,-0.0782,-8.8088,4.6257,3.7140,+11.8380,242.2595,195.2197
3313,0.53,-4.1564,+0.0921,-8.8253,4.6689,9.1103,-1.7192,176.8630,185.4806
3314,0.54,-3.9338,-0.1044,-8.8253,4.8915,25.2158,+11.2294,295.9977,221.0282
3315,0.53,-4.1452,+0.0757,-8.8480,4.7028,15.1949,+3.7259,177.1696,194.0013
3316,0.54,-4.1336,+0.0357,-8.8464,4.7128,27.4663,+6.9942,274.6967,201.3828
3317,0.54,-4.1441,+0.0213,-8.8278,4.6837,20.1588,+7.6109,219.3123,200.3071
3318,0.53,-4.0981,-0.1438,-8.8388,4.7407,46.4945,+8.1676,274.9555,198.0345
3319,0.54,-4.0287,-0.0941,-8.8268,4.7981,26.9249,+8.6814,309.1291,205.5070
3320,0.54,-3.8340,-0.1314,-8.8114,4.9774,44.1331,+9.5989,320.8312,210.6942
3321,0.54,-4.0981,-0.2186,-8.8143,4.7162,26.3311,+7.2038,179.2060,193.3503
3322,0.54,-4.1473,-0.1309,-8.8174,4.6700,30.5676,+6.7866,227.4978,195.7897
3323,0.53,-4.0873,+0.1102,-8.8298,4.7426,23.0872,+6.9613,212.2996,196.3116
3324,0.53,-3.9958,-0.0865,-8.8079,4.8121,15.9517,+7.6382,201.7522,207.3443
3325,0.55,-4.0319,-0.0799,-8.8180,4.7861,35.9235,+7.9990,264.1666,201.0747
3326,0.55,-3.9907,-0.1893,-8.7984,4.8078,27.3977,+6.3442,206.1339,202.7728
3327,0.55,-4.0589,-0.1788,-8.8124,4.7535,30.2692,+4.4645,160.5094,189.5278
3328,0.53,-3.9380,+0.0460,-8.8056,4.8676,33.2899,+5.6315,215.7886,197.0543
3329,0.54,-4.0967,+0.0808,-8.8221,4.7255,30.7569,+6.1183,168.5090,190.9149
3330,0.54,-4.1588,+0.1218,-8.8142,4.6554,34.8536,+6.1370,168.8581,192.2321
3331,0.52,-4.0353,-0.0714,-8.8187,4.7834,38.8111,+7.2436,198.5477,205.3478
3332,0.53,-4.1007,+0.0699,-8.8247,4.7239,34.5802,+7.8144,193.9345,205.0027
3333,0.54,-3.9197,-0.0036,-8.8191,4.8994,39.8967,+9.3282,285.4656,217.9024
3334,0.54,-3.8525,-0.1601,-8.8059,4.9533,46.8878,+8.0128,159.8931,194.3862
3335,0.53,-4.4493,-0.0061,-8.8141,4.3648,2.1033,+6.2751,119.2860,182.6360
3336,0.54,-4.1183,+0.0506,-8.8257,4.7074,1.9954,+5.8877,158.4106,195.2817
3337,0.52,-4.1620,+0.0806,-8.8403,4.6783,2.0441,+1.7568,62.4705,192.9319
3338,0.53,-3.8769,+0.0637,-8.8434,4.9665,2.1654,+13.4669,240.9403,232.1742
3339,0.54,-4.1372,-0.0472,-8.8431,4.7059,2.7036,+2.4490,129.5209,203.1301
3340,0.54,-4.4297,-0.0387,-8.8514,4.4217,3.6326,+7.1047,120.1477,190.9795
3341,0.53,-4.3061,-0.0066,-8.8541,4.5480,5.1204,+9.8160,198.9050,202.2901
3342,0.54,-4.1737,-0.0466,-8.8369,4.6632,3.1149,-0.7057,101.9702,195.0853
3343,0.54,-3.9036,-0.0059,-8.8331,4.9295,5.2127,+16.0780,345.1870,234.4067
3344,0.54,-4.3824,-0.2008,-8.8253,4.4429,4.9265,+1.7337,105.7945,174.4233
3345,0.56,-3.7870,+0.1274,-8.8055,5.0185,2.1863,+16.1163,340.7760,223.4024
3346,0.56,-3.7315,+0.2830,-8.8146,5.0831,16.6469,+12.0711,386.3490,222.9451
3347,0.53,-3.9909,+0.1203,-8.8140,4.8231,27.2356,+8.2189,291.1016,210.2428
3348,0.55,-4.1318,+0.0052,-8.8214,4.6896,14.4262,+6.0023,164.3204,191.6361
3349,0.53,-4.1812,+0.0106,-8.8261,4.6449,29.1770,+7.0891,200.8401,190.3741
3350,0.53,-3.9931,-0.0346,-8.8140,4.8209,33.8800,+7.6566,262.7609,209.3027
3351,0.52,-4.0874,+0.0274,-8.8198,4.7324,23.9362,+6.1674,201.3069,201.9896
3352,0.53,-4.3075,+0.1376,-8.8167,4.5092,3.0591,+6.6679,151.3437,186.2727
3353,0.55,-3.8937,-0.0934,-8.8124,4.9187,2.7347,-2.3890,108.0335,193.3466
3354,0.54,-4.0030,+0.1742,-8.8089,4.8060,1.8167,+15.2431,288.4572,207.4821
3355,0.55,-3.9768,+0.3123,-8.8216,4.8448,5.9682,-2.0023,107.3348,190.0602
3356,0.55,-4.2866,+0.0186,-8.8212,4.5345,3.3915,+1.6203,132.7666,172.4390
3357,0.51,-4.3664,+0.0066,-8.8482,4.4819,3.6679,+6.6973,96.2383,172.5583
3358,0.54,-4.0909,-0.0170,-8.8340,4.7431,2.1097,+5.7080,107.3607,184.6871
3359,0.54,-4.2715,-0.1175,-8.8228,4.5514,1.7714,+11.0132,200.7629,184.6638
3360,0.55,-4.2563,+0.0835,-8.8088,4.5524,3.6877,+6.2695,131.9028,180.5744
3361,0.54,-4.0746,+0.0344,-8.8171,4.7424,1.6502,+2.8459,120.8496,182.4014
3362,0.55,-3.9390,-0.2517,-8.8423,4.9033,3.6926,+18.7609,435.5699,225.3369
3363,0.54,-4.1487,-0.0288,-8.8347,4.6860,2.0824,+0.5492,84.3730,180.5820
3364,0.53,-4.0479,+0.0096,-8.8341,4.7862,2.6818,+14.7111,322.2822,206.3328
3365,0.52,-4.0179,-0.3432,-8.8215,4.8035,6.7905,-1.0114,196.0646,185.8141
3366,0.53,-3.8284,-0.1903,-8.8317,5.0033,16.3061,+7.4419,260.0472,220.8129
3367,0.55,-4.1324,-0.2178,-8.8102,4.6778,4.4501,+5.5587,115.0611,197.0781
3368,0.54,-4.1306,-0.0020,-8.8088,4.6782,2.4685,+5.4783,126.3664,195.5311
3369,0.53,-3.8933,-0.1906,-8.8171,4.9238,6.9129,+2.9280,163.0344,200.4939
3370,0.53,-4.0861,+0.0038,-8.8295,4.7433,13.7442,+8.7327,238.8113,211.2111
3371,0.53,-4.2183,+0.0926,-8.8300,4.6117,5.2530,+3.3532,125.2396,185.6626
3372,0.54,-4.2749,-0.1278,-8.8346,4.5597,3.4179,+7.7169,153.6497,189.9573
3373,0.56,-4.1859,-0.0114,-8.8282,4.6423,2.5867,+3.6884,122.4603,201.8720
3374,0.54,-4.1663,+0.1100,-8.8423,4.6759,1.9725,+9.6785,187.4759,202.0845
3375,0.53,-4.1934,+0.0238,-8.8463,4.6529,1.8991,+1.1782,60.3322,192.6898
3376,0.54,-4.0989,-0.1382,-8.8523,4.7534,2.9116,+13.7895,271.8799,214.5584
3377,0.53,-4.4367,+0.2738,-8.8615,4.4248,2.7687,+3.5313,79.0996,170.6555
3378,0.53,-4.0693,-0.1401,-8.8497,4.7803,5.4633,+6.1360,129.0719,196.2440
3379,0.53,-4.1026,-0.3565,-8.8518,4.7492,9.0444,+4.9614,139.8984,191.3442
3380,0.54,-4.2662,+0.0017,-8.8144,4.5481,5.5031,+3.2885,109.7373,179.1276
3381,0.55,-4.0620,-0.1012,-8.8277,4.7658,2.5741,+7.8375,175.5947,191.3102
3382,0.54,-4.1911,-0.0300,-8.8258,4.6347,3.7061,+8.7289,183.8753,201.3509
3383,0.53,-4.1408,-0.2407,-8.8335,4.6927,2.5503,+8.8681,172.9414,196.3561
3384,0.54,-4.2532,+0.0670,-8.8485,4.5954,2.2908,+1.1558,118.7243,178.7992
3385,0.54,-4.0246,+0.2378,-8.8598,4.8352,2.9411,+11.7935,213.9548,212.2448
3386,0.54,-4.1225,-0.1010,-8.8436,4.7211,3.5467,+3.8529,173.5200,197.2032
3387,0.54,-4.2909,-0.1242,-8.8640,4.5731,4.6522,+5.1052,172.0611,188.1962
3388,0.54,-4.0674,-0.0267,-8.8683,4.8009,12.2105,+7.6116,211.5978,204.0243
3389,0.53,-4.1609,+0.1016,-8.8560,4.6951,5.7472,+3.5880,137.7062,188.2386
3390,0.54,-4.2462,+0.0506,-8.8574,4.6112,2.4913,+4.9019,94.3527,191.8996
3391,0.54,-4.0757,+0.0752,-8.8541,4.7784,2.0753,+3.5875,83.1107,199.5258
3392,0.56,-3.9306,-0.0160,-8.8369,4.9062,1.9376,+12.3142,228.2055,221.1573
3393,0.55,-3.8616,-0.1857,-8.8497,4.9881,2.4394,-5.6183,105.6151,196.5963
3394,0.54,-3.9673,+0.1768,-8.8640,4.8967,2.1823,+14.5849,273.0875,222.8286
3395,0.53,-4.1066,+0.0913,-8.8955,4.7889,3.5082,-0.1288,99.0458,190.3780
3396,0.53,-4.4165,-0.1159,-8.8945,4.4780,2.0696,+7.7305,114.9578,187.4181
3397,0.54,-3.9699,+0.3890,-8.8776,4.9077,4.0376,+3.0665,143.3395,201.8636
3398,0.54,-4.2546,+0.0253,-8.8678,4.6132,1.6347,+10.9488,211.3292,201.1091
3399,0.53,-4.1890,+0.0654,-8.8605,4.6715,2.6295,+3.5493,74.6810,189.2509
3400,0.54,-4.1856,+0.1068,-8.8807,4.6951,12.7886,+4.2977,490.3267,175.5702
3401,0.54,-4.1761,+0.0286,-8.8706,4.6945,2.3611,+8.4784,148.5243,189.9644
3402,0.54,-4.1930,-0.2182,-8.8625,4.6694,2.2365,+3.8391,118.4870,185.7300
3403,0.53,-4.3665,+0.1204,-8.8456,4.4790,2.1888,+8.5911,137.9033,176.1494
3404,0.54,-4.4195,-0.2737,-8.8724,4.4529,2.6226,+3.9533,143.8482,175.2777
3405,0.55,-4.1386,-0.1114,-8.8558,4.7172,8.2107,+5.8683,186.5964,186.2117
3406,0.54,-4.5676,+0.1087,-8.8814,4.3137,2.7501,+4.8741,86.8274,172.6783
3407,0.54,-4.2546,+0.3179,-8.8758,4.6211,4.1168,+6.1778,93.5971,177.8445
3408,0.56,-4.1499,+0.0815,-8.8899,4.7401,2.8458,+6.3618,110.7523,190.7608
3409,0.55,-4.1499,-0.2800,-8.8595,4.7097,4.5328,+8.3511,178.1606,201.0932
3410,0.55,-4.3136,-0.1039,-8.8651,4.5514,3.5119,+11.7528,232.3936,187.1434
3411,0.53,-4.2388,-0.0135,-8.8745,4.6357,3.3144,+2.6542,158.5526,180.8477
3412,0.52,-4.2081,+0.0373,-8.8641,4.6560,2.1261,+11.4608,206.2445,202.0557
3413,0.53,-3.9540,+0.1197,-8.8704,4.9164,19.3474,-1.2306,172.5063,197.7585
3414,0.54,-4.1422,-0.1007,-8.8488,4.7066,19.5024,+10.3919,255.2515,206.9746
3415,0.53,-4.2842,-0.2238,-8.8710,4.5868,13.4209,+6.2368,161.7383,195.5551
3416,0.55,-3.9749,+0.0410,-8.8747,4.8998,26.9189,+9.6325,251.0018,214.0193
3417,0.54,-4.1081,-0.1136,-8.8835,4.7754,23.4638,+10.2511,271.1111,205.6765
3418,0.54,-4.2024,-0.1151,-8.8794,4.6770,6.8955,+8.9946,181.0465,205.1219
3419,0.54,-4.2906,+0.2455,-8.8732,4.5826,10.4572,+5.8364,190.0955,198.1910
3420,0.53,-4.1789,-0.0353,-8.8829,4.7040,12.3174,+5.3546,163.3071,200.7293
3421,0.56,-4.1287,-0.0278,-8.8730,4.7444,5.8782,+6.2761,116.3414,198.0740
3422,0.52,-4.0007,-0.2070,-8.8754,4.8747,3.9248,+3.3694,83.7954,193.1869
3423,0.55,-3.9666,+0.1736,-8.8724,4.9058,2.4759,+11.5234,223.1905,218.3986
3424,0.53,-4.1084,+0.0194,-8.8618,4.7534,2.3169,+1.3626,91.0489,187.6992
3425,0.53,-3.8944,+0.0759,-8.8719,4.9775,2.4253,+12.3612,218.2000,210.3792
3426,0.54,-4.0576,-0.2965,-8.8662,4.8086,2.0402,-2.8424,81.0723,190.4256
3427,0.52,-4.3082,+0.1341,-8.8629,4.5547,1.8376,+13.0673,229.4751,197.4073
3428,0.52,-4.2067,-0.0348,-8.8795,4.6727,2.4172,+0.3933,105.8108,172.7013
3429,0.54,-4.1321,-0.0367,-8.8689,4.7368,2.2546,+12.7747,263.2964,202.8466
3430,0.54,-4.0657,+0.1028,-8.8784,4.8127,3.7106,-3.4421,169.7627,192.3426
3431,0.55,-4.3474,-0.0550,-8.8748,4.5274,2.9301,+8.9242,144.0672,188.3888
3432,0.55,-4.2847,+0.2072,-8.8768,4.5921,3.9629,+2.5538,150.7896,176.0236
3433,0.54,-4.1085,+0.1030,-8.8811,4.7726,25.8991,+2.4107,186.7079,189.9845
3434,0.56,-4.1805,+0.1080,-8.8814,4.7009,26.6357,+7.4167,257.1393,196.3788
3435,0.52,-4.1369,+0.1511,-8.8881,4.7512,32.1084,+5.8299,233.1163,200.0941
3436,0.54,-4.0925,-0.0441,-8.8959,4.8035,68.3714,+5.6101,279.7637,209.7430
3437,0.53,-4.1374,-0.0654,-8.8582,4.7208,34.0628,+6.8845,243.5468,205.3372
3438,0.55,-4.2227,+0.0449,-8.8686,4.6459,33.7731,+6.0204,241.0520,206.9067
3439,0.54,-4.0473,-0.1179,-8.8703,4.8231,36.5771,+8.2785,381.9398,226.9291
3440,0.53,-3.8929,+0.0211,-8.8699,4.9770,44.7136,+5.6246,255.3887,218.2765
3441,0.52,-4.5606,+0.1932,-8.8828,4.3222,2.5592,+6.6880,143.4049,174.4063
3442,0.54,-4.5118,-0.0173,-8.8789,4.3671,2.9654,+6.2508,143.2694,177.7150
3443,0.53,-4.3878,-0.0102,-8.8883,4.5005,2.9808,+7.6655,125.1327,177.9123
3444,0.54,-4.4281,+0.2823,-8.9068,4.4786,3.1587,+3.3695,119.2243,179.6456
3445,0.55,-4.5465,+0.0349,-8.8818,4.3353,2.6024,+8.2108,133.3724,169.6389
3446,0.56,-4.4414,+0.0147,-8.8977,4.4563,3.0491,-1.9579,145.2466,170.1839
3447,0.54,-4.2182,-0.0503,-8.9093,4.6911,2.4041,+8.5164,187.2670,196.5160
3448,0.54,-4.5023,+0.2373,-8.9050,4.4027,2.8134,+0.9858,79.7946,175.7723
3449,0.54,-4.3771,-0.0901,-8.9007,4.5236,2.7120,+11.6054,221.3998,197.2137
3450,0.55,-4.2596,+0.0899,-8.9085,4.6489,2.7057,-1.3154,142.8642,177.6543
3451,0.56,-4.4276,+0.0774,-8.9019,4.4743,2.8033,+15.0096,317.2872,205.7694
3452,0.53,-4.4012,+0.0959,-8.9015,4.5004,2.9051,-0.1714,136.1742,171.0598
3453,0.54,-4.5370,-0.1286,-8.8850,4.3481,2.4546,+7.6018,121.9800,171.9466
3454,0.56,-4.2199,+0.0332,-8.8958,4.6759,2.1465,+5.7889,108.7521,187.9157
3455,0.55,-4.2421,-0.0552,-8.9069,4.6649,3.2640,+13.1443,258.4726,207.4273
3456,0.52,-4.4113,+0.0488,-8.8913,4.4800,2.1267,+1.7025,67.6723,173.5451
3457,0.54,-4.2076,+0.2656,-8.8931,4.6854,3.5513,+13.4800,274.6343,204.9852
3458,0.56,-3.9170,-0.0373,-8.8869,4.9700,14.6735,+4.1466,295.3145,209.0791
3459,0.53,-4.1357,+0.4103,-8.8895,4.7538,18.4914,+3.5881,209.4182,193.3745
3460,0.53,-4.4249,+0.0415,-8.8836,4.4586,2.0474,+3.3850,93.2794,173.3157
3461,0.54,-4.1576,-0.1047,-8.8865,4.7289,3.8724,+12.7335,256.6830,217.4744
3462,0.54,-4.1599,-0.0537,-8.8811,4.7212,4.2630,+0.4886,147.7094,202.3909
3463,0.57,-3.7123,+0.4445,-8.8755,5.1632,177.8617,+4.3186,191.3307,280.3327
3464,0.52,-4.2529,+0.0984,-8.8828,4.6300,6.9551,+3.7958,131.7759,209.8582
3465,0.54,-4.4241,-0.0868,-8.8669,4.4428,2.7713,+3.0358,82.1256,182.1251
3466,0.55,-4.4359,+0.2502,-8.8750,4.4391,2.3465,+10.8300,171.2992,195.1808
3467,0.55,-4.1781,-0.0882,-8.8804,4.7023,2.0607,-3.8694,111.5802,185.6469
3468,0.54,-4.1269,+0.0077,-8.9068,4.7799,1.7831,+15.3776,293.9990,225.9923
3469,0.54,-4.3956,-0.0729,-8.8964,4.5008,2.2044,-1.8946,74.2690,174.3279
3470,0.55,-4.3446,-0.0045,-8.8876,4.5430,2.9625,+14.7637,283.0552,205.5468
3471,0.54,-4.2908,-0.0189,-8.8789,4.5881,2.6151,-0.9651,78.3289,186.7909
3472,0.56,-4.1948,+0.0216,-8.8883,4.6935,2.0529,+16.7748,349.1768,216.6527
3473,0.55,-4.7414,+0.1114,-8.9125,4.1711,3.9424,+0.5808,67.5068,161.1502
3474,0.54,-4.2335,+0.0982,-8.9035,4.6700,2.8624,+17.5590,391.7833,220.2555
3475,0.56,-4.4298,+0.0167,-8.9052,4.4754,1.9897,+1.1091,99.2786,177.2243
3476,0.57,-4.1636,-0.0587,-8.9019,4.7383,2.9583,+16.8118,415.6143,213.6128
3477,0.53,-4.3954,-0.2383,-8.8755,4.4801,4.2354,-0.7555,178.4813,176.2470
3478,0.55,-4.4135,+0.1078,-8.8713,4.4578,5.6111,+5.4350,148.1490,191.0400
3479,0.56,-4.3117,-0.0628,-8.8648,4.5531,10.5890,+10.6326,236.6819,198.9583
3480,0.54,-4.5636,-0.0546,-8.8656,4.3020,4.6374,+6.8512,142.4746,184.7620
3481,0.54,-4.5606,-0.0728,-8.8584,4.2979,4.4411,+4.6301,126.5189,178.3861
3482,0.53,-4.5033,-0.0771,-8.8643,4.3610,2.3714,+12.3732,223.8005,186.7475
3483,0.55,-4.4038,+0.0225,-8.8673,4.4635,3.3950,-1.2039,90.2760,171.0737
3484,0.55,-4.2099,-0.2284,-8.8643,4.6544,2.4272,+16.2542,332.0870,222.6708
3485,0.56,-4.4456,-0.4736,-8.8882,4.4426,3.6148,+11.9259,205.9575,187.6380
3486,0.54,-4.3365,-0.1529,-8.8902,4.5538,2.6218,+4.0965,118.5423,178.6301
3487,0.56,-4.0482,-0.1155,-8.8853,4.8371,3.0004,+5.4162,136.3595,189.2089
3488,0.55,-4.1739,+0.0442,-8.8876,4.7137,3.7812,-0.2259,112.0228,180.1190
3489,0.53,-4.2645,-0.1361,-8.8765,4.6120,1.9420,+8.0748,164.2635,188.1178
3490,0.55,-4.2298,+0.0054,-8.8785,4.6487,1.6856,-1.5940,84.0414,178.8563
3491,0.55,-4.1640,-0.2480,-8.9081,4.7442,1.6336,+13.8758,258.3481,214.1305
3492,0.55,-4.4248,+0.2412,-8.9127,4.4879,4.1814,+4.4389,124.8640,195.7473
3493,0.55,-4.3323,+0.0673,-8.9097,4.5774,2.6161,+12.4661,273.6190,212.2711
3494,0.54,-4.2619,+0.0047,-8.8921,4.6301,3.0151,-1.6632,112.5785,190.8259
3495,0.55,-4.2741,+0.0574,-8.8873,4.6132,1.8977,+13.4034,253.0899,209.2082
3496,0.53,-4.2529,-0.0680,-8.8801,4.6272,2.9354,-2.2144,117.9214,183.6739
3497,0.55,-4.1718,-0.0049,-8.8753,4.7035,15.4184,+11.3932,278.9517,216.8163
3498,0.55,-4.3746,-0.2227,-8.8886,4.5140,18.6900,+7.3695,194.3188,199.4002
3499,0.53,-4.0531,+0.0964,-8.8860,4.8329,28.7895,+8.2390,293.8898,216.8117
3500,0.55,-4.3045,-0.1376,-8.8995,4.5950,33.1648,+6.6090,257.1778,202.8038
3501,0.54,-4.5081,+0.0998,-8.8869,4.3788,11.7279,+7.0245,199.4317,179.4020
3502,0.53,-4.3529,+0.0747,-8.8762,4.5233,35.5514,+4.6911,243.5783,192.6539
3503,0.54,-4.0778,+0.1467,-8.8752,4.7973,35.2471,+7.6337,268.4337,218.4796
3504,0.55,-4.2521,-0.0044,-8.8741,4.6220,16.6764,+6.3296,220.8192,197.8711
3505,0.54,-4.2198,-0.2977,-8.8545,4.6348,47.0648,+5.8202,253.3932,205.3121
3506,0.52,-4.0300,+0.0634,-8.8573,4.8273,78.3872,+5.6691,383.1497,223.2928
3507,0.55,-4.1535,+0.0719,-8.8544,4.7008,24.8359,+5.8369,254.3486,210.4169
3508,0.55,-4.1896,+0.0031,-8.8341,4.6445,33.0909,+5.9396,260.7690,202.0231
3509,0.54,-4.2353,+0.0624,-8.8435,4.6083,54.3851,+6.6141,297.3098,206.2574
3510,0.54,-4.3530,-0.0120,-8.8479,4.4948,12.3028,+7.8080,174.8812,185.8635
3511,0.55,-4.5426,-0.0997,-8.8472,4.3046,2.8322,+6.5207,98.7904,176.7052
3512,0.55,-4.3307,-0.0078,-8.8525,4.5219,2.0681,+7.5246,114.8616,187.7204
3513,0.54,-4.3785,-0.1597,-8.8353,4.4568,3.7287,+8.3398,133.9324,194.1075
3514,0.56,-4.4590,+0.2931,-8.8205,4.3615,4.0500,+5.4373,111.6589,172.5449
3515,0.55,-4.1908,-0.0762,-8.8193,4.6285,4.2960,+7.8046,142.0781,193.0135
3516,0.55,-4.1998,+0.1737,-8.8250,4.6252,3.6409,+10.2777,215.1503,204.5648
3517,0.54,-4.5585,+0.0917,-8.8347,4.2761,1.5690,+5.1833,83.4318,168.4805
3518,0.55,-4.0058,+0.1373,-8.8308,4.8250,1.9848,+15.0243,294.9283,208.2370
3519,0.55,-4.4471,-0.0633,-8.8418,4.3947,2.9927,+3.9768,113.1006,176.0072
3520,0.56,-3.9552,+0.2029,-8.8427,4.8875,6.0458,+16.3895,392.9377,236.9770
3521,0.55,-4.7088,-0.0544,-8.8484,4.1396,3.1536,+3.1345,87.9800,161.9813
3522,0.54,-4.0753,+0.1272,-8.8777,4.8024,2.5867,+16.5454,340.3273,230.6758
3523,0.54,-4.3892,-0.1482,-8.8711,4.4820,2.1647,+5.9951,129.2827,189.8084
3524,0.54,-3.7559,-0.3703,-8.8745,5.1187,7.4467,+13.9142,378.4387,229.1667
3525,0.55,-4.5407,-0.1414,-8.8708,4.3301,4.5711,+10.3346,199.4589,190.8896
3526,0.55,-4.4400,+0.0583,-8.8731,4.4331,13.6683,+5.9623,145.8020,180.9389
3527,0.54,-4.4077,+0.1483,-8.8720,4.4643,11.7171,+5.4359,166.1580,188.5616
3528,0.55,-4.1139,+0.0649,-8.8763,4.7624,32.8362,+6.9708,260.0522,206.2831
3529,0.53,-4.1109,-0.0583,-8.8698,4.7589,45.8811,+5.9868,228.2655,203.5449
3530,0.55,-4.1109,-0.0327,-8.8820,4.7711,41.4006,+6.9958,248.8113,206.5189
3531,0.54,-4.0549,+0.0280,-8.8681,4.8131,40.3564,+6.9743,241.1811,209.9461
3532,0.54,-4.0738,+0.1349,-8.8699,4.7961,30.8691,+8.7596,248.2876,211.2727
3533,0.57,-4.1154,+0.3337,-8.8571,4.7417,48.9329,+9.0058,327.9255,204.9514
3534,0.55,-4.1446,+0.3814,-8.8764,4.7317,27.8427,+7.8476,233.5737,199.0011
3535,0.56,-3.9574,+0.0752,-8.8783,4.9209,53.1734,+5.5703,341.2780,204.9662
3536,0.54,-4.2020,+0.0644,-8.8619,4.6600,33.0756,+7.2224,244.9158,195.3188
3537,0.55,-4.3076,+0.0957,-8.8479,4.5403,33.8443,+6.6526,246.3536,192.2570
3538,0.56,-4.1802,-0.1350,-8.8490,4.6688,39.1042,+7.9354,319.4902,206.2335
3539,0.54,-4.1658,+0.1305,-8.8582,4.6924,33.1539,+4.8517,207.0719,196.0991
3540,0.54,-4.1068,+0.0184,-8.8451,4.7383,39.6965,+6.2237,266.6256,208.8595
3541,0.55,-4.2373,+0.0491,-8.8405,4.6032,35.7395,+5.2904,240.3705,196.3630
3542,0.54,-4.1946,+0.1464,-8.8500,4.6554,37.2319,+6.2185,269.1392,202.2451
3543,0.55,-4.1482,-0.0207,-8.8402,4.6920,44.0455,+6.3361,255.2425,206.5816
3544,0.53,-3.8072,-0.6055,-8.8431,5.0359,70.1573,+7.2215,313.8962,215.5248
3545,0.55,-4.2349,-0.0499,-8.8583,4.6233,23.9324,+3.9469,178.0569,193.6496
3546,0.53,-4.2227,-0.0816,-8.8505,4.6278,38.2638,+4.7096,183.9611,190.7964
3547,0.55,-4.1729,-0.0689,-8.8460,4.6731,36.0245,+7.1945,267.9650,199.1708
3548,0.55,-4.2672,+0.0340,-8.8535,4.5863,29.5864,+6.6733,239.9670,196.5316
3549,0.53,-4.2420,-0.1260,-8.8677,4.6257,34.3882,+7.1897,237.8387,193.8594
3550,0.55,-4.2184,-0.0794,-8.8431,4.6247,46.6937,+7.6783,268.4913,205.3451
3551,0.54,-3.9460,+0.0156,-8.8431,4.8971,48.3360,+8.0723,304.1518,223.8742
3552,0.55,-4.1435,-0.0063,-8.8599,4.7164,39.4319,+7.4016,320.2246,215.3834
3553,0.55,-4.1822,+0.0477,-8.8564,4.6742,40.4924,+8.1049,267.0150,214.0500
3554,0.55,-4.1176,-0.0501,-8.8330,4.7154,36.1934,+8.8019,281.3958,216.3767
3555,0.57,-4.1240,-0.0269,-8.8296,4.7055,41.3221,+7.4971,347.1707,219.5667
3556,0.54,-4.0894,-0.2094,-8.8359,4.7466,42.5114,+7.8643,318.1278,217.6928
3557,0.56,-3.9640,-0.0440,-8.8467,4.8827,48.6919,+8.2934,342.3523,226.2157
3558,0.54,-4.0326,+0.0021,-8.8405,4.8079,53.2315,+8.7119,294.6165,217.5757
3559,0.55,-4.1023,-0.0320,-8.8507,4.7485,42.2249,+8.5404,296.2118,210.2470
3560,0.55,-4.0180,-0.0335,-8.8399,4.8220,41.8535,+6.6118,299.7699,218.0885
3561,0.54,-4.1557,-0.0091,-8.8426,4.6869,35.6865,+6.9367,277.1682,207.3208
3562,0.54,-4.2217,+0.1259,-8.8544,4.6327,39.2185,+7.5375,281.3839,203.9311
3563,0.53,-4.2295,+0.1506,-8.8522,4.6227,33.8232,+7.5827,272.8790,200.7878
3564,0.54,-4.0980,+0.0753,-8.8553,4.7573,71.3845,+9.1549,352.3184,219.0754
3565,0.55,-4.1594,+0.0720,-8.8505,4.6911,34.3836,+8.8043,354.6061,209.5201
3566,0.53,-4.0250,-0.0135,-8.8323,4.8073,36.3778,+6.9377,255.8608,210.4284
3567,0.55,-4.2332,+0.0942,-8.8315,4.5982,35.4230,+4.5644,232.2912,193.9101
3568,0.54,-4.5547,+0.0984,-8.8284,4.2738,32.9469,+4.2254,230.7252,165.4561
3569,0.54,-4.2743,+0.0174,-8.8339,4.5596,28.7592,+5.1935,220.6415,190.4757
3570,0.55,-4.2002,+0.0468,-8.8180,4.6178,60.2975,+5.3865,233.6182,190.6861
3571,0.55,-3.8816,-0.1102,-8.8453,4.9637,60.1508,+7.7059,283.0963,213.1289
3572,0.53,-4.0538,+0.0255,-8.8659,4.8121,49.0735,+6.9871,261.6798,201.7980
3573,0.56,-4.3734,+0.0303,-8.8566,4.4832,27.1318,+8.1277,243.7442,184.2622
3574,0.55,-4.1196,-0.0372,-8.8573,4.7377,44.4351,+5.0144,238.1351,200.5804
3575,0.55,-4.2898,-0.0422,-8.8574,4.5676,27.7092,+4.1703,213.1385,187.9065
3576,0.55,-4.0911,+0.0769,-8.8431,4.7520,34.4582,+6.9338,253.2919,205.4406
3577,0.53,-3.9310,+0.2822,-8.8452,4.9142,39.2286,+6.5163,283.7278,209.5553
3578,0.54,-4.3582,-0.1483,-8.8430,4.4848,37.1094,+5.8442,239.5179,181.2705
3579,0.53,-4.1261,-0.1444,-8.8447,4.7187,30.0985,+3.2697,236.2376,190.8186
3580,0.54,-4.0001,+0.1004,-8.8511,4.8510,85.9531,+3.9590,310.2981,210.1526
3581,0.55,-4.3357,+0.1331,-8.8456,4.5098,30.6017,+4.4324,236.7847,194.4183
3582,0.53,-4.1286,-0.0912,-8.8524,4.7238,38.9111,+5.4637,258.8535,198.0065
3583,0.55,-4.1354,+0.1572,-8.8467,4.7113,44.9789,+5.0773,303.2042,196.0583
3584,0.54,-3.9426,+0.0498,-8.8354,4.8927,68.0482,+4.5553,234.8301,201.9979
3585,0.55,-4.0547,-0.0148,-8.8308,4.7762,26.7634,+5.3464,152.4131,197.9668
3586,0.56,-4.1807,-0.0534,-8.8190,4.6383,28.9212,+4.5947,173.2818,189.4466
3587,0.54,-4.2315,-0.0323,-8.8265,4.5950,29.2962,+5.4967,215.6759,184.8550
3588,0.55,-4.1786,-0.1759,-8.8464,4.6678,39.2655,+5.4932,234.5397,189.9286
3589,0.56,-4.0053,+0.0682,-8.8572,4.8520,63.6536,+5.2161,293.2183,208.2987
3590,0.55,-4.0497,-0.1686,-8.8472,4.7975,37.0011,+6.1402,231.9386,199.9007
3591,0.54,-4.0066,+0.0701,-8.8626,4.8561,44.9502,+6.7435,265.8452,206.4312
3592,0.54,-4.0487,-0.0233,-8.8713,4.8226,29.3976,+7.3908,321.1465,208.5681
3593,0.55,-4.1532,-0.1858,-8.8599,4.7067,20.9490,+6.7816,258.4563,197.8299
3594,0.54,-3.9694,+0.0599,-8.8544,4.8850,72.9439,+7.8911,331.1656,216.5547
3595,0.56,-3.9597,-0.0604,-8.8357,4.8759,75.6119,+8.6418,317.4769,220.9969
3596,0.55,-4.1996,+0.2045,-8.8198,4.6202,63.5523,+8.3642,375.5750,205.2842
3597,0.55,-4.1699,-0.1718,-8.8272,4.6573,39.4973,+6.7801,305.2375,201.8181
3598,0.54,-3.9856,-0.0822,-8.8305,4.8449,46.5322,+7.5262,337.4353,220.8591
3599,0.55,-3.8953,+0.2347,-8.8378,4.9425,56.0711,+7.7500,348.1508,216.0576
3600,0.56,-4.1015,+0.0454,-8.8281,4.7266,34.9665,+7.2496,267.9551,204.0223
3601,0.54,-4.1486,+0.2184,-8.8183,4.6697,40.0698,+6.4616,236.5792,192.3608
3602,0.54,-4.0563,+0.0772,-8.8176,4.7613,43.1409,+6.5940,278.4896,207.3071
3603,0.53,-4.1869,-0.0319,-8.8289,4.6420,33.3541,+6.9599,254.6795,201.9707
3604,0.55,-4.1725,+0.0913,-8.8280,4.6556,39.3050,+8.7707,302.0959,209.7417
3605,0.55,-4.1168,+0.1385,-8.8341,4.7174,39.8930,+6.1514,238.8888,200.0382
3606,0.54,-4.1216,-0.0069,-8.8427,4.7211,35.5893,+6.6032,229.3638,195.2471
3607,0.53,-4.0042,+0.0513,-8.8308,4.8266,48.6017,+6.8347,229.2446,205.2840
3608,0.54,-4.2272,-0.0357,-8.8400,4.6128,45.7309,+8.4264,248.1165,191.2593
3609,0.55,-4.1755,-0.1266,-8.8315,4.6560,48.4320,+5.6485,232.7691,195.8818
3610,0.54,-3.8975,-0.0701,-8.8361,4.9386,26.6631,+6.3373,185.4460,212.9329
3611,0.54,-4.0534,-0.2197,-8.8371,4.7836,38.3483,+6.4972,212.9296,205.0397
3612,0.55,-4.1732,+0.0025,-8.8246,4.6514,38.9017,+5.6107,207.9943,197.8334
3613,0.55,-4.0560,+0.0675,-8.8195,4.7635,23.8882,+7.7594,232.5823,196.2933
3614,0.53,-3.9780,+0.3434,-8.8113,4.8333,51.9887,+6.7410,319.2047,209.3849
3615,0.53,-4.0266,-0.1121,-8.8253,4.7987,29.1733,+7.7123,233.5377,207.0358
3616,0.54,-4.1178,+0.0326,-8.8393,4.7215,45.5766,+8.7567,329.8266,203.5189
3617,0.53,-3.9280,+0.0312,-8.8150,4.8870,18.8718,+7.9737,235.9766,217.5511
3618,0.54,-4.1148,-0.0013,-8.8177,4.7029,34.6662,+6.8912,218.5639,203.2885
3619,0.53,-4.1307,+0.0345,-8.8197,4.6890,46.1264,+8.0900,283.0475,201.9802
3620,0.54,-4.0431,+0.0316,-8.8238,4.7807,34.6707,+7.0853,293.8508,211.6451
3621,0.53,-4.1292,+0.0322,-8.8257,4.6965,39.1298,+6.8407,316.3405,199.4878
3622,0.53,-3.9380,-0.0663,-8.8109,4.8728,51.2904,+7.5812,342.7552,217.0796
3623,0.56,-4.2130,-0.0256,-8.8032,4.5902,29.5920,+6.7747,224.8983,195.8809
3624,0.53,-4.2281,+0.2301,-8.7956,4.5675,35.0797,+7.5381,251.7778,198.1621
3625,0.53,-4.0857,+0.0409,-8.8158,4.7301,46.9821,+6.6583,267.8749,213.1341
3626,0.52,-3.7004,-0.0902,-8.8409,5.1406,81.6101,+7.6597,310.6908,232.6071
3627,0.55,-4.5300,+0.1095,-8.8441,4.3141,2.8495,+6.9304,224.1211,190.8508
3628,0.54,-4.0682,+0.1543,-8.8507,4.7825,36.1238,+5.4113,235.8683,208.2538
3629,0.54,-3.9595,-0.0833,-8.8311,4.8716,40.8997,+9.6301,335.3021,220.8445
3630,0.52,-4.1143,+0.2540,-8.8508,4.7365,32.9540,+9.1648,334.7628,209.3831
3631,0.54,-4.2513,-0.0518,-8.8474,4.5961,26.3390,+6.0371,217.3410,194.0444
3632,0.55,-3.9972,+0.1578,-8.8416,4.8443,32.7278,+7.0850,236.7996,209.0533
3633,0.54,-3.9157,-0.0712,-8.8254,4.9097,41.6648,+7.8618,279.1831,211.3069
3634,0.53,-3.7606,-0.0057,-8.8338,5.0731,141.8438,+7.3236,307.6896,216.2418
3635,0.54,-3.9967,+0.0203,-8.8398,4.8431,33.9476,+8.2287,269.9156,211.6378
3636,0.53,-3.9587,-0.0069,-8.8270,4.8684,37.2079,+7.4651,271.9233,202.7952
3637,0.51,-4.0626,+0.0463,-8.8360,4.7734,51.0241,+7.0685,272.1205,200.1840
3638,0.53,-3.8409,-0.0528,-8.8279,4.9870,67.4193,+5.1788,232.0061,203.3896
3639,0.53,-3.9522,-0.2236,-8.8288,4.8766,33.0919,+3.6058,221.2945,197.6030
3640,0.55,-3.9593,+0.0273,-8.8196,4.8604,47.8174,+4.9944,204.4676,202.3799
3641,0.53,-3.9170,-0.0250,-8.8114,4.8944,36.3021,+6.0480,232.5443,207.1927
3642,0.53,-3.9220,+0.0870,-8.8014,4.8794,40.2672,+6.2468,224.4476,209.7990
3643,0.54,-3.6203,+0.1495,-8.7996,5.1793,53.6156,+7.9432,309.8330,221.9091
3644,0.54,-4.1548,-0.0139,-8.7966,4.6418,38.0589,+6.2799,231.3727,187.7254
3645,0.55,-3.9519,-0.1577,-8.8012,4.8493,17.0370,+6.4216,159.4828,198.7867
3646,0.53,-4.0780,-0.0507,-8.7814,4.7034,26.9636,+6.9033,201.3483,199.2717
3647,0.55,-3.9630,-0.0041,-8.7733,4.8103,36.1730,+8.0236,262.2551,206.9657
3648,0.56,-3.9866,+0.1559,-8.7754,4.7888,36.8495,+7.3759,232.5465,196.1201
3649,0.56,-4.0241,-0.1101,-8.8017,4.7776,32.2829,+7.8728,252.7413,199.8247
3650,0.51,-4.1293,-0.0239,-8.7915,4.6622,41.2979,+7.7566,259.5613,195.5702
3651,0.53,-3.8260,+0.1532,-8.7848,4.9588,46.7254,+7.9857,314.4036,218.2444
3652,0.54,-3.9151,+0.0868,-8.8026,4.8875,43.1563,+7.3990,284.3780,214.1946
3653,0.56,-4.2198,+0.1940,-8.8026,4.5828,42.9467,+7.6077,237.0656,196.0704
3654,0.53,-4.2202,-0.3033,-8.8117,4.5915,44.9712,+9.9191,293.4895,196.1886
3655,0.55,-3.9932,+0.0692,-8.7997,4.8065,34.3292,+7.9995,240.6380,202.2847
3656,0.52,-3.9379,-0.0419,-8.7964,4.8585,36.1710,+10.0525,291.3539,210.1618
3657,0.56,-3.8378,-0.0431,-8.8038,4.9660,34.6324,+9.1905,287.4107,211.5295
3658,0.52,-3.8029,+0.1632,-8.8096,5.0067,47.9686,+10.0696,351.3739,208.1255
3659,0.53,-4.1127,-0.1637,-8.7982,4.6855,24.0132,+7.6242,241.6641,186.8926
3660,0.54,-3.8718,-0.1616,-8.7863,4.9145,47.4771,+8.1957,249.8963,210.9845
3661,0.54,-4.2189,-0.2055,-8.7980,4.5791,16.5827,+9.0706,208.5716,195.2341
3662,0.53,-4.1089,+0.1665,-8.7877,4.6788,18.8904,+7.2573,210.7732,196.4019
3663,0.53,-4.0931,+0.0928,-8.7606,4.6675,19.6696,+4.5043,170.4162,191.8095
3664,0.52,-4.1260,+0.3374,-8.7746,4.6486,24.9845,+5.7659,208.6932,189.0242
3665,0.52,-4.0785,-0.0335,-8.7787,4.7002,13.7744,+3.0186,155.2166,187.9149
3666,0.54,-3.9895,+0.1062,-8.7708,4.7814,11.1071,+4.3744,138.6904,194.9031
3667,0.52,-3.8832,+0.0956,-8.7838,4.9006,16.8488,+7.0197,160.1798,201.7679
3668,0.52,-3.8724,-0.2299,-8.7928,4.9204,22.1108,+4.4367,147.7232,198.3817
3669,0.54,-3.7854,+0.2454,-8.7929,5.0076,42.3636,+9.0145,234.3765,205.6707
3670,0.55,-3.8244,+0.0744,-8.7813,4.9569,10.4133,+8.6160,176.7551,213.8038
3671,0.54,-3.8620,-0.0889,-8.7800,4.9180,36.1703,+5.1882,155.0782,207.5025
3672,0.53,-3.8995,-0.1759,-8.7726,4.8731,33.6018,+6.5327,177.9644,201.2452
3673,0.52,-3.7871,-0.0144,-8.7656,4.9785,58.9833,+7.2381,168.6257,228.5574
3674,0.53,-3.9529,-0.2317,-8.7697,4.8168,36.3739,+6.7878,223.0704,212.4129
3675,0.53,-3.5671,+0.0050,-8.7882,5.2211,95.0392,+7.7592,312.6698,242.5110
3676,0.54,-4.0615,+0.3238,-8.7919,4.7304,23.7051,+6.8358,267.5341,203.1410
3677,0.52,-3.7920,+0.0114,-8.7985,5.0065,35.8878,+7.3750,257.0340,230.7686
3678,0.52,-3.4032,-0.5686,-8.7915,5.3883,147.2903,+6.7507,214.2098,243.1849
3679,0.54,-3.4471,-0.0937,-8.7792,5.3322,198.0770,+7.8156,319.8890,244.1319
3680,0.53,-3.6334,-0.1761,-8.7890,5.1555,38.9016,+7.0997,268.0325,234.2142
3681,0.53,-3.9979,+0.0997,-8.7784,4.7805,12.9544,+4.1733,145.0237,207.4042
3682,0.52,-4.1084,-0.0617,-8.7753,4.6669,15.2050,+9.2403,210.4452,204.3058
3683,0.54,-3.7433,-0.0969,-8.7857,5.0424,39.3675,+8.3434,297.0257,224.9282
3684,0.53,-3.3562,-0.1174,-8.7882,5.4320,148.6182,+8.2765,412.6033,251.2917
3685,0.53,-3.7975,+0.0910,-8.7832,4.9856,21.0599,+6.7296,198.3733,220.6483
3686,0.52,-3.8648,-0.0476,-8.7700,4.9052,17.1512,+8.1057,228.9441,220.4168
3687,0.53,-4.3129,+0.0381,-8.7824,4.4695,3.8654,+6.8944,131.9872,187.2384
3688,0.54,-4.0337,+0.1333,-8.7844,4.7507,3.2803,+7.3673,156.5157,203.6910
3689,0.54,-4.0044,-0.1257,-8.7954,4.7910,2.2994,+1.6799,98.5027,191.3644
3690,0.53,-3.7227,+0.1803,-8.7821,5.0593,2.5717,+14.7106,286.4162,232.1732
3691,0.52,-3.9372,+0.2377,-8.7932,4.8560,3.4976,-2.8761,93.8019,200.3107
3692,0.55,-4.0872,+0.2576,-8.7965,4.7094,2.4814,+11.2975,185.3136,204.8714
3693,0.55,-4.2231,-0.0434,-8.7857,4.5626,2.0840,+3.7722,69.1539,187.6486
3694,0.53,-4.0219,+0.0016,-8.7947,4.7728,1.9473,+15.3139,296.0522,222.8749
3695,0.55,-3.9715,-0.2686,-8.8014,4.8299,13.0169,+1.2402,129.6494,198.7172
3696,0.56,-4.1291,-0.1417,-8.7800,4.6509,1.8597,+4.3717,71.5316,188.2814
3697,0.54,-4.0527,+0.0232,-8.7834,4.7307,2.4660,+8.5780,145.5014,207.5741
3698,0.53,-3.7487,+0.0728,-8.7768,5.0281,10.6071,+4.0163,184.5722,214.5208
3699,0.54,-3.9693,+0.0084,-8.7746,4.8052,4.6919,+8.2637,239.1376,212.2337
3700,0.54,-4.5270,+0.4936,-8.7800,4.2531,38.8413,+4.2597,144.9533,164.2726
3701,0.55,-3.8022,-0.1178,-8.7936,4.9913,25.8192,+4.2337,239.1852,214.9813
3702,0.53,-3.8883,+0.2734,-8.8015,4.9132,27.4272,+4.9030,219.7892,210.2382
3703,0.53,-4.0624,+0.0281,-8.7885,4.7261,4.5381,+6.0854,176.7106,201.9641
3704,0.53,-3.5530,+0.0329,-8.7931,5.2401,13.8896,-0.5078,199.4490,229.1559
3705,0.51,-3.4250,+0.1166,-8.7769,5.3519,94.5180,+5.1237,384.4788,245.8560
3706,0.52,-2.1130,-0.4992,-8.7590,6.6460,1153.1793,+4.8564,350.9621,345.4321
3707,0.53,-4.0544,+0.0745,-8.7616,4.7072,24.1539,+7.0851,214.6354,199.1203
3708,0.53,-4.1493,+0.1000,-8.7586,4.6093,6.6917,+9.1040,197.5435,200.1830
3709,0.52,-3.9974,+0.0203,-8.7814,4.7839,5.9276,+4.3198,135.6061,204.9028
3710,0.51,-3.9861,+0.0768,-8.7812,4.7951,1.8019,+14.3447,280.8013,219.6893
3711,0.51,-3.8532,+0.0623,-8.7868,4.9336,3.8576,-6.3009,169.0977,201.8052
3712,0.53,-4.2775,-0.1222,-8.7757,4.4982,8.4641,+13.8864,248.1068,201.6374
3713,0.53,-4.3715,+0.0093,-8.7823,4.4108,1.7379,+9.7093,152.1399,185.2344
3714,0.52,-3.9770,+0.0114,-8.7817,4.8047,2.4666,-2.3124,119.0655,194.2361
3715,0.55,-3.9959,+0.2904,-8.7982,4.8023,2.5268,+11.3564,262.5444,213.8500
3716,0.51,-4.2388,-0.0391,-8.7675,4.5287,3.8201,+0.2769,118.5205,181.9394
3717,0.54,-3.9591,+0.1849,-8.7685,4.8093,2.1274,+13.3855,275.9705,227.2892
3718,0.53,-4.0421,-0.0169,-8.7625,4.7204,2.3231,+0.0403,146.6731,200.0936
3719,0.54,-3.9200,-0.0228,-8.7540,4.8340,3.1741,+4.5495,137.7770,196.1128
3720,0.55,-4.1816,-0.0658,-8.7600,4.5784,2.1037,+10.1341,189.2612,199.0683
3721,0.54,-3.6664,+0.2257,-8.7604,5.0940,10.9321,+7.8410,339.0863,233.2905
3722,0.55,-4.0619,+0.1119,-8.7431,4.6812,16.4036,+4.5199,178.6728,197.0872
3723,0.53,-3.9587,+0.0931,-8.7566,4.7979,16.4774,+8.4611,194.2455,209.7737
3724,0.55,-4.2170,+0.2166,-8.7600,4.5429,3.8525,+9.8576,213.8355,194.1384
3725,0.54,-4.4172,-0.2494,-8.7710,4.3539,9.0325,+5.0602,99.6850,177.7940
3726,0.54,-4.1302,+0.0069,-8.7762,4.6460,3.0905,+5.3290,105.7650,191.8729
3727,0.54,-4.1472,+0.3315,-8.7602,4.6131,2.6513,+8.1927,155.2079,189.0534
3728,0.54,-4.0324,+0.0261,-8.7687,4.7363,13.7404,+9.0196,161.4081,205.7740
3729,0.53,-3.8203,-0.0890,-8.7853,4.9650,75.2677,+7.7162,304.5951,228.0758
3730,0.52,-4.2603,+0.0088,-8.7849,4.5247,21.1001,+8.6470,229.1814,206.6891
3731,0.53,-4.2645,+0.1549,-8.7865,4.5220,33.6843,+9.8732,301.8945,206.4684
3732,0.54,-3.9957,+0.0544,-8.7930,4.7973,33.3011,+9.4799,324.5631,220.1100
3733,0.54,-3.8519,+0.1329,-8.7872,4.9353,19.9554,+7.9590,230.0414,226.6375
3734,0.54,-4.0715,+0.1086,-8.7761,4.7046,40.0780,+8.2688,283.2509,209.8549
3735,0.54,-4.1306,+0.1119,-8.7979,4.6673,6.9765,+8.9510,235.5323,209.3242
3736,0.54,-4.1274,-0.1233,-8.7713,4.6439,11.6500,+7.2635,220.1979,202.9928
3737,0.54,-4.1277,+0.0502,-8.7835,4.6558,18.0394,+6.5620,174.4266,199.3964
3738,0.54,-3.9495,+0.1200,-8.8039,4.8544,29.1638,+4.5993,177.3910,206.8495
3739,0.54,-4.3632,+0.0812,-8.8205,4.4573,5.5219,+5.9301,185.8671,191.2793
3740,0.54,-4.0068,-0.0266,-8.8233,4.8165,6.7889,+0.2374,183.1824,204.4797
3741,0.53,-3.9978,+0.2802,-8.8332,4.8354,21.2906,+7.0710,210.0825,211.4352
3742,0.53,-4.0562,+0.2348,-8.8065,4.7503,9.9224,+7.1231,181.2771,204.8878
3743,0.53,-3.9614,-0.1095,-8.8128,4.8514,5.2928,+5.8403,130.0956,213.0731
3744,0.52,-3.7979,+0.2071,-8.8242,5.0263,132.3334,+7.6038,353.4005,224.6421
3745,0.54,-4.0194,-0.0887,-8.8289,4.8096,28.0203,+7.6381,247.7642,211.7721
3746,0.54,-4.2355,+0.1901,-8.8211,4.5857,11.2230,+7.2574,158.7451,199.8094
3747,0.53,-4.0815,+0.0106,-8.8095,4.7280,7.8295,+8.5796,182.2580,208.9362
3748,0.54,-3.8885,+0.1518,-8.8281,4.9396,20.9621,+6.3547,177.2132,216.4115
3749,0.53,-3.9880,+0.0010,-8.8251,4.8370,6.9629,+6.1923,130.9336,209.3327
3750,0.54,-3.7765,-0.0926,-8.8339,5.0575,29.8421,+8.2792,249.4331,239.1031
3751,0.53,-3.9556,+0.1275,-8.8371,4.8815,27.9494,+5.3549,188.1270,218.5738
3752,0.52,-4.2503,-0.0303,-8.8364,4.5862,4.8669,+7.8074,168.5364,205.0281
3753,0.50,-4.3633,+0.0704,-8.8533,4.4900,3.1514,+5.7884,132.1003,191.4574
3754,0.54,-4.1443,-0.0378,-8.8436,4.6993,10.4024,+3.1552,127.8257,204.2394
3755,0.53,-4.3429,-0.1908,-8.8287,4.4858,2.9984,+11.0158,185.7632,202.9888
3756,0.54,-4.2806,+0.0206,-8.8456,4.5650,3.8469,+11.3187,220.1112,199.6295
3757,0.53,-4.0693,-0.2015,-8.8511,4.7818,8.6420,+0.0129,156.1651,188.1529
3758,0.53,-4.1996,+0.2263,-8.8467,4.6470,19.0715,+8.4211,280.9295,206.0657
3759,0.53,-4.3460,+0.0369,-8.8525,4.5065,12.4300,+3.8987,143.0092,186.4153
3760,0.54,-4.5803,-0.2076,-8.8380,4.2577,3.0318,+5.5076,124.2910,163.5424
3761,0.51,-3.9883,-0.0618,-8.8416,4.8534,6.2416,+5.5080,167.2546,202.8863
3762,0.54,-4.0236,-0.1855,-8.8360,4.8124,15.8258,+1.2528,153.2577,204.6782
3763,0.53,-4.1321,+0.1318,-8.8337,4.7016,40.8962,+3.8670,227.9236,194.4639
3764,0.52,-4.1864,+0.1227,-8.8193,4.6329,10.4787,+4.7062,134.4136,190.8186
3765,0.52,-4.0578,+0.1503,-8.8344,4.7766,27.1405,+6.7063,197.8464,206.8568
3766,0.54,-3.6310,-0.3743,-8.8318,5.2008,76.6271,+5.6857,202.1825,227.8226
3767,0.52,-4.1317,-0.1952,-8.8460,4.7143,46.2679,+7.6964,290.6450,196.3288
3768,0.52,-3.5512,-0.0272,-8.8464,5.2951,47.9122,+8.3101,264.6690,229.5447
3769,0.53,-3.4517,-0.1074,-8.8535,5.4017,139.6974,+9.4597,438.9345,247.3046
3770,0.51,-4.0600,-0.2169,-8.8509,4.7909,19.5316,+8.0266,233.5958,202.5563
3771,0.52,-3.9364,-0.1664,-8.8328,4.8964,38.9248,+9.2374,317.3765,211.9459
3772,0.54,-3.9677,+0.3259,-8.8333,4.8656,47.4890,+7.2176,254.7751,207.8533
3773,0.54,-4.1657,+0.0670,-8.8417,4.6760,13.4472,+7.4961,195.0674,198.6807
3774,0.55,-4.0465,+0.0690,-8.8500,4.8035,37.3676,+6.1881,230.9577,206.2570
3775,0.52,-4.2145,+0.0399,-8.8329,4.6184,15.3338,+6.8289,186.7842,199.2020
3776,0.53,-3.9084,+0.0145,-8.8174,4.9090,39.4881,+7.8952,279.4788,224.0360
3777,0.53,-3.8167,-0.1534,-8.8212,5.0045,30.4490,+6.3750,242.3848,230.2306
3778,0.52,-3.9348,-0.1002,-8.8135,4.8787,36.3185,+7.5063,248.4417,218.1684
3779,0.53,-3.9735,+0.2085,-8.8077,4.8342,46.8375,+8.7748,270.8799,213.1804
3780,0.54,-4.0176,-0.0666,-8.8226,4.8050,68.1640,+9.7788,351.6810,220.0236
3781,0.53,-3.9894,+0.2605,-8.8288,4.8394,35.3360,+8.9107,310.5749,215.2625
3782,0.52,-4.0118,+0.1945,-8.8155,4.8037,36.3449,+7.6066,247.2414,202.4954
3783,0.53,-3.8646,+0.0007,-8.8141,4.9496,26.2961,+8.6853,276.4229,216.4136
3784,0.53,-3.9154,-0.0089,-8.8067,4.8913,30.3462,+5.2018,183.5771,199.6148
3785,0.53,-3.6691,+0.5285,-8.8149,5.1457,92.4167,+7.0141,296.1996,221.2961
3786,0.53,-3.9556,+0.0915,-8.7939,4.8382,39.5676,+6.0518,233.7257,211.8913
3787,0.52,-3.9699,-0.1384,-8.8237,4.8538,34.0599,+7.3139,251.0570,206.9216
3788,0.54,-4.1919,+0.3397,-8.8271,4.6351,11.0188,+7.8232,212.4270,188.6968
3789,0.53,-4.1134,+0.3809,-8.8225,4.7092,8.4271,+7.9820,222.0391,194.7627
3790,0.52,-4.2582,+0.0284,-8.8184,4.5602,3.2911,+4.0610,116.9112,182.8506
3791,0.52,-4.1907,-0.1335,-8.8015,4.6108,4.9532,+8.7654,179.3493,205.6284
3792,0.52,-4.2690,+0.0187,-8.8202,4.5511,4.3309,+4.1788,170.2568,187.5169
3793,0.52,-3.8162,+0.0077,-8.8231,5.0069,6.1128,+3.3402,90.2529,207.4950
3794,0.52,-4.0093,-0.0682,-8.8133,4.8039,10.9466,+6.2582,167.9814,202.2581
3795,0.54,-3.9074,+0.0124,-8.8235,4.9161,13.5825,+9.9866,221.1942,212.7887
3796,0.53,-3.8979,+0.0995,-8.8156,4.9177,43.0294,+7.2791,263.3259,212.1618
3797,0.54,-3.9689,+0.0056,-8.8061,4.8372,35.8408,+4.9544,239.1580,203.3432
3798,0.54,-3.8816,+0.2494,-8.7950,4.9135,30.2475,+6.4467,389.9557,211.7346
3799,0.55,-3.7938,+0.0426,-8.7974,5.0036,53.2923,+7.6457,296.4477,220.3083
3800,0.54,-3.9086,+0.0458,-8.8091,4.9005,39.9073,+7.9055,261.1530,209.4238
3801,0.54,-4.0000,-0.0979,-8.8057,4.8056,16.8020,+6.5347,198.0264,198.4790
3802,0.53,-4.2811,+0.0238,-8.8113,4.5302,4.7439,+6.1375,138.5211,187.2553
3803,0.53,-3.8481,+0.0024,-8.7936,4.9456,12.0108,+9.8789,227.9820,210.6782
3804,0.54,-4.2713,+0.1469,-8.8095,4.5382,5.7082,+4.3967,141.4729,187.3809
3805,0.53,-4.1204,+0.0898,-8.8143,4.6939,3.2944,+9.8831,163.4380,205.4438
3806,0.53,-4.1376,+0.0570,-8.8404,4.7028,2.3541,-2.1144,88.4839,188.3474
3807,0.53,-3.7678,-0.1741,-8.8449,5.0772,2.3132,+19.0004,410.0127,249.7441
3808,0.52,-4.2150,+0.0380,-8.8360,4.6210,6.4657,-2.5637,141.4278,176.5300
3809,0.54,-4.2248,+0.2365,-8.8302,4.6054,1.6931,+12.3608,259.3894,201.6743
3810,0.53,-4.0564,-0.1867,-8.8404,4.7840,2.1338,-2.9054,98.1426,194.6973
3811,0.53,-3.8540,+0.1370,-8.8243,4.9704,2.0664,+18.7068,411.3661,239.5384
3812,0.53,-4.0154,-0.0697,-8.8165,4.8011,3.8050,-1.4157,91.8583,191.0751
3813,0.55,-3.9155,-0.0903,-8.8130,4.8975,1.5956,+16.3533,333.4017,229.4744
3814,0.54,-3.9930,+0.2199,-8.8122,4.8192,2.7736,-4.8204,163.8163,191.9055
3815,0.56,-4.3155,+0.0027,-8.8141,4.4986,3.4144,+10.4435,177.8399,194.1715
3816,0.53,-4.3505,-0.1645,-8.8232,4.4727,3.8748,+1.1736,117.0244,178.7422
3817,0.53,-3.9589,+0.0158,-8.8309,4.8720,1.7575,+14.0212,285.9762,222.5437
3818,0.54,-4.0424,+0.0138,-8.8287,4.7863,2.7889,-5.1595,97.0160,184.0474
3819,0.53,-3.8325,+0.2086,-8.8330,5.0005,2.2571,+16.5407,341.7788,237.3547
3820,0.54,-4.0235,+0.0612,-8.8334,4.8099,3.2331,-3.5763,154.0736,185.0973
3821,0.55,-4.2727,+0.1138,-8.8422,4.5695,2.3196,+13.7163,259.4729,205.4453
3822,0.53,-3.9575,-0.1796,-8.8347,4.8772,1.9170,-5.4950,101.4212,194.4988
3823,0.54,-3.9061,-0.0543,-8.8406,4.9345,2.6100,+14.0619,259.9245,223.0624
3824,0.53,-4.0789,+0.1035,-8.8264,4.7475,2.0614,+1.1518,84.8129,192.1269
3825,0.53,-3.8875,-0.0362,-8.8200,4.9325,1.5900,+17.3577,350.7806,229.0831
3826,0.53,-4.1115,-0.0699,-8.8221,4.7105,3.3712,-2.9067,126.7763,183.4732
3827,0.55,-4.1054,+0.2063,-8.8471,4.7416,2.7237,+14.2749,308.5181,217.3121
3828,0.54,-4.0372,-0.1022,-8.8381,4.8009,3.6060,-0.2265,163.3177,190.3746
3829,0.53,-4.0630,-0.0310,-8.8456,4.7825,3.4432,+13.7772,282.0185,225.7049
3830,0.52,-4.1725,-0.0098,-8.8389,4.6664,2.4885,-1.7567,101.9468,190.8159
3831,0.54,-3.9492,+0.1695,-8.8505,4.9013,3.8710,+13.7876,257.7040,228.7820
3832,0.54,-4.4288,-0.1004,-8.8365,4.4077,2.3866,+0.8563,62.6512,163.1942
3833,0.54,-4.1604,-0.0571,-8.8253,4.6649,1.7588,+15.4273,295.9804,213.3847
3834,0.54,-4.5095,+0.0870,-8.8225,4.3130,1.9112,+3.2713,94.8564,172.6480
3835,0.54,-4.3878,+0.0120,-8.8288,4.4410,3.8135,+8.8750,184.1165,186.7444
3836,0.55,-4.0895,+0.0374,-8.8393,4.7498,1.9318,+3.3744,113.3620,203.1919
3837,0.55,-4.5505,+0.2794,-8.8499,4.2993,2.3154,+7.4264,111.5032,175.9861
3838,0.56,-4.2703,-0.0858,-8.8455,4.5752,2.0874,+11.5997,233.0733,206.3067
3839,0.52,-4.5252,+0.0920,-8.8432,4.3181,3.8270,+6.7685,162.0761,186.3009
3840,0.52,-4.1804,-0.0123,-8.8518,4.6715,2.2109,+9.8433,194.5073,198.1369
3841,0.56,-4.1838,-0.0882,-8.8572,4.6734,2.7801,+3.8118,157.1793,188.7460
3842,0.55,-3.9741,+0.0598,-8.8567,4.8825,2.8403,+15.0150,307.3940,234.1637
3843,0.54,-4.3519,+0.0135,-8.8597,4.5078,1.7777,-1.1834,87.4537,177.4180
3844,0.55,-4.1081,+0.0744,-8.8485,4.7404,7.8144,+10.8473,223.3048,204.9496
3845,0.54,-4.3099,+0.0169,-8.8348,4.5249,4.4875,+4.2269,134.7223,192.3311
3846,0.53,-4.1837,+0.0657,-8.8246,4.6409,5.2928,+1.6138,102.7736,181.1719
3847,0.56,-4.0268,-0.0591,-8.8243,4.7975,3.1302,+11.5431,206.0657,214.0623
3848,0.53,-4.0875,+0.2204,-8.8272,4.7397,4.0991,-1.3607,124.2193,193.5687
3849,0.54,-4.1108,-0.1950,-8.8269,4.7162,8.8329,+8.8875,203.8031,201.8696
3850,0.54,-4.0330,+0.0932,-8.8207,4.7876,8.2238,+8.2940,197.4476,212.3174
3851,0.54,-3.8763,-0.0453,-8.8283,4.9520,39.4539,+7.4434,264.0009,217.9254
3852,0.53,-4.3621,-0.0042,-8.8306,4.4685,1.6676,+7.3008,117.6355,183.1441
3853,0.52,-4.0961,+0.0249,-8.8536,4.7575,1.9387,+0.1480,56.6662,181.0909
3854,0.54,-4.1688,+0.0234,-8.8583,4.6895,2.6471,+15.4685,297.7798,220.0965
3855,0.55,-4.2730,-0.0342,-8.8344,4.5614,3.1176,+0.4034,95.0485,184.7145
3856,0.51,-4.2065,+0.0261,-8.8479,4.6414,1.8406,+14.1325,262.3090,217.9193
3857,0.55,-4.1331,-0.0326,-8.8525,4.7194,2.4390,-2.3240,126.1973,201.5802
3858,0.54,-4.2781,+0.0379,-8.8655,4.5874,3.1524,+12.0146,224.2170,195.7425
3859,0.55,-4.4405,-0.0133,-8.8613,4.4207,3.1903,+7.9005,149.0748,188.0120
3860,0.54,-4.5467,-0.0666,-8.8763,4.3297,1.8926,+6.5815,117.1442,173.4067
3861,0.56,-4.2404,+0.1328,-8.8677,4.6273,1.8755,+10.0984,160.9075,194.6422
3862,0.54,-4.2422,+0.1700,-8.8689,4.6267,3.0452,+9.9435,196.7316,187.2289
3863,0.55,-4.2925,-0.0001,-8.8537,4.5612,2.3166,+6.3390,102.5422,183.3933
3864,0.54,-4.4808,+0.1752,-8.8414,4.3606,1.9734,+9.9139,162.5412,182.9929
3865,0.53,-4.1098,+0.2850,-8.8473,4.7375,1.5446,+0.1843,105.3480,185.7058
3866,0.55,-3.8257,+0.1709,-8.8524,5.0267,2.2842,+19.5175,472.9714,255.6563
3867,0.55,-4.1638,+0.0831,-8.8272,4.6634,3.4909,+2.1664,192.7415,186.9993
3868,0.56,-4.3864,+0.0614,-8.8330,4.4467,5.9956,+10.5302,202.0228,196.7454
3869,0.56,-4.6103,+0.0601,-8.8545,4.2442,6.3787,+2.8719,139.2890,158.9434
3870,0.55,-4.3626,+0.1556,-8.8612,4.4987,3.6932,+7.1591,161.3939,185.4743
3871,0.54,-4.1411,+0.1413,-8.8591,4.7180,2.2145,+1.5411,78.4031,196.4547
3872,0.56,-3.7973,-0.1967,-8.8589,5.0616,5.5746,+17.5283,448.3849,241.8343
3873,0.53,-4.0675,+0.1200,-8.8498,4.7823,7.1410,+0.1476,135.9807,194.9243
3874,0.53,-4.2172,-0.0442,-8.8486,4.6313,2.2507,+13.4044,246.3489,217.3779
3875,0.54,-4.0799,+0.1894,-8.8502,4.7703,3.9815,-0.2919,130.0834,198.7402
3876,0.55,-4.3816,-0.0008,-8.8753,4.4936,2.0420,+11.7060,210.0851,197.3052
3877,0.54,-3.8357,-0.1394,-8.8654,5.0297,5.2316,-6.5295,149.2919,205.5555
3878,0.54,-4.3451,+0.0736,-8.8564,4.5112,1.9735,+12.3967,200.0269,206.1053
3879,0.56,-4.2033,+0.0281,-8.8470,4.6437,2.0249,+1.1986,85.8526,181.2306
3880,0.55,-4.4448,-0.1370,-8.8382,4.3934,3.1028,+11.2394,198.0340,185.2734
3881,0.57,-4.4079,+0.0931,-8.8309,4.4231,2.8543,-1.9259,148.2687,171.8839
3882,0.54,-4.4296,-0.0053,-8.8429,4.4133,2.2079,+10.7320,196.9395,188.1893
3883,0.54,-4.3399,-0.2323,-8.8431,4.5032,3.1790,-0.9380,113.2572,173.4216
3884,0.56,-4.3237,-0.0671,-8.8296,4.5059,2.1423,+13.8065,261.5105,202.6913
3885,0.54,-4.3473,-0.1540,-8.8415,4.4942,2.1084,+3.9131,100.8157,180.3452
3886,0.55,-4.3742,+0.1523,-8.8464,4.4722,6.3427,+9.9653,197.7693,188.1875
3887,0.55,-4.4137,+0.0985,-8.8507,4.4370,1.9324,+0.6694,68.8284,188.0475
3888,0.54,-4.4565,+0.1085,-8.8455,4.3890,2.6011,+14.0771,266.2972,194.7310
3889,0.54,-4.5035,+0.0101,-8.8544,4.3509,2.4115,-0.9631,123.9397,164.6887
3890,0.55,-4.2071,-0.0158,-8.8711,4.6640,2.3551,+15.7059,325.3385,209.2735
3891,0.54,-4.3285,+0.4567,-8.8724,4.5440,9.2077,-2.5679,114.4028,179.0582
3892,0.55,-4.3660,+0.0248,-8.8769,4.5109,2.1653,+3.2665,98.2922,190.2332
3893,0.54,-4.4617,+0.0665,-8.8589,4.3972,1.8598,+10.3075,168.4335,191.0904
3894,0.56,-4.7599,-0.2354,-8.8486,4.0887,2.5017,+6.9874,134.6736,172.3855
3895,0.57,-4.4515,-0.1164,-8.8616,4.4101,2.3030,+6.1272,135.2949,184.2353
3896,0.56,-4.3515,-0.0079,-8.8634,4.5119,17.1085,+6.9768,236.4998,199.9038
3897,0.56,-4.2817,+0.1426,-8.8863,4.6046,23.6542,+7.5436,249.1406,205.5399
3898,0.56,-4.1971,-0.0157,-8.8733,4.6762,23.5239,+11.2274,345.9302,211.3808
3899,0.56,-4.4329,-0.2338,-8.8716,4.4386,4.8880,+6.6283,200.9001,187.5038
3900,0.54,-4.6150,+0.0407,-8.8636,4.2486,2.4328,+2.0298,59.8242,166.6800
3901,0.54,-4.4275,+0.0075,-8.8468,4.4193,2.0669,+13.7993,251.8005,196.9176
3902,0.56,-4.3812,-0.0814,-8.8551,4.4740,2.6231,+2.7591,158.7903,185.2601
3903,0.56,-4.2959,-0.0755,-8.8612,4.5654,2.2456,+14.3085,274.5319,202.8870
3904,0.56,-4.3393,-0.0204,-8.8675,4.5282,3.3937,+0.4022,139.0627,184.5556
3905,0.55,-4.2243,+0.0575,-8.8791,4.6547,5.3347,+13.3363,255.7135,210.6584
3906,0.55,-4.3701,-0.0720,-8.8768,4.5067,1.6425,+2.3997,52.0670,187.1230
3907,0.53,-4.0645,-0.1030,-8.8672,4.8027,1.7034,+17.0020,374.4117,238.1435
3908,0.53,-4.2713,-0.0191,-8.8920,4.6207,2.3960,-1.2432,142.7851,192.6406
3909,0.55,-4.5812,-0.1397,-8.9009,4.3197,2.3799,+12.1755,214.1702,203.8927
3910,0.53,-4.3817,-0.0409,-8.8822,4.5005,1.7763,-4.0358,92.0158,181.8744
3911,0.56,-4.4170,+0.0460,-8.8838,4.4668,1.6792,+15.6151,303.8438,211.3201
3912,0.55,-4.5804,+0.0231,-8.8866,4.3062,1.7928,-2.4524,57.1985,171.4260
3913,0.56,-4.2563,-0.0245,-8.9042,4.6479,1.1785,+14.5475,273.2878,221.7286
3914,0.55,-4.3295,+0.1518,-8.9109,4.5814,3.2445,-1.1374,142.8966,194.6674
3915,0.55,-4.2993,+0.0511,-8.8885,4.5892,5.8141,+14.6912,343.6458,218.4956
3916,0.53,-4.2913,-0.1277,-8.8832,4.5919,16.9688,+1.6993,189.3695,192.2804
3917,0.55,-4.8046,+0.0554,-8.8917,4.0871,5.6940,+7.3878,139.2427,172.0675
3918,0.55,-4.3398,-0.0523,-8.8923,4.5525,10.0004,+4.3259,220.4272,192.6347
3919,0.55,-4.3290,+0.1501,-8.8911,4.5621,5.7662,+6.1089,141.1525,192.0894
3920,0.56,-4.4367,+0.2678,-8.8748,4.4381,1.9969,+3.7202,76.7156,179.1127
3921,0.56,-4.4369,+0.3155,-8.8949,4.4579,2.9696,+10.9737,205.0483,195.0473
3922,0.54,-4.3828,+0.1159,-8.8782,4.4954,3.3976,-0.5532,98.3522,180.3437
3923,0.55,-4.1854,-0.0693,-8.8821,4.6966,2.1347,+9.6331,151.2627,209.3288
3924,0.54,-4.5295,-0.0425,-8.8827,4.3532,2.4781,+2.3018,80.5603,175.6754
3925,0.55,-4.1515,+0.0086,-8.8929,4.7415,2.5518,+14.5382,293.6828,213.7659
3926,0.55,-4.5188,-0.2509,-8.9210,4.4022,3.2683,-0.4323,64.3022,172.2182
3927,0.55,-4.3762,+0.2633,-8.9207,4.5445,4.0747,+9.1635,142.2917,189.6288
3928,0.53,-4.3210,-0.0605,-8.9256,4.6046,2.3765,+9.5800,163.4949,193.3412
3929,0.55,-4.5489,+0.0545,-8.9259,4.3770,2.7725,+8.2444,160.0445,192.0240
3930,0.54,-4.3131,+0.1273,-8.9399,4.6268,1.8520,+0.1753,108.0153,192.4538
3931,0.56,-4.4296,+0.1115,-8.9315,4.5019,4.8696,+8.3636,159.5373,194.9423
3932,0.56,-4.4425,-0.1136,-8.9352,4.4926,1.8258,+3.8472,72.3556,183.3460
3933,0.55,-4.4290,-0.0120,-8.9424,4.5135,1.9050,+11.7056,215.8480,199.3054
3934,0.55,-4.3795,+0.0319,-8.9283,4.5488,1.8653,-2.1718,90.6884,175.8470
3935,0.56,-4.2390,+0.0851,-8.9218,4.6827,1.9888,+12.1560,210.6046,206.6126
3936,0.54,-4.3082,-0.1328,-8.9251,4.6168,2.5220,-4.2193,88.6050,174.2172
3937,0.56,-4.5068,-0.3023,-8.9164,4.4096,2.1456,+10.4664,164.3891,189.3559
3938,0.54,-4.1425,+0.1371,-8.9058,4.7633,1.7057,-6.0909,137.0681,188.9234
3939,0.55,-4.2140,+0.0293,-8.8956,4.6816,1.7077,+13.7344,245.3957,215.2514
3940,0.55,-4.2980,+0.1513,-8.9171,4.6191,2.2473,+1.2860,154.3534,192.4894
3941,0.53,-4.4710,+0.1428,-8.9140,4.4430,2.9865,+10.2287,185.7141,191.0664
3942,0.54,-4.5276,+0.1766,-8.9239,4.3962,1.4652,+13.0499,245.8997,203.6820
3943,0.55,-4.2628,-0.1323,-8.9250,4.6622,3.1257,+9.7285,234.4774,217.7271
3944,0.53,-4.3700,+0.0099,-8.9285,4.5585,4.0523,-1.5784,142.0419,184.4068
3945,0.54,-4.3998,-0.0844,-8.9280,4.5282,1.7421,+13.4709,242.6123,213.7469
3946,0.53,-4.1998,-0.0176,-8.9251,4.7253,2.2905,-0.4648,91.3445,188.8158
3947,0.55,-4.2768,+0.0712,-8.9132,4.6364,2.4908,+15.9899,331.9617,218.6175
3948,0.54,-4.4515,+0.0685,-8.9271,4.4757,1.8132,-0.4498,143.7449,185.9179
3949,0.54,-4.5993,+0.2144,-8.9265,4.3272,4.3523,+8.1811,127.4379,190.8571
3950,0.56,-4.3672,+0.0202,-8.9443,4.5771,2.2156,+8.1921,140.4674,209.3557
3951,0.54,-4.4775,+0.1120,-8.9599,4.4824,2.4364,+8.3287,147.6931,191.9939
3952,0.53,-4.2246,-0.1904,-8.9528,4.7282,4.4837,+0.4007,210.2056,206.4706
3953,0.54,-4.5574,+0.1447,-8.9508,4.3934,2.3230,+7.9776,133.6115,190.8080
3954,0.55,-4.5758,-0.0557,-8.9418,4.3659,1.9872,-0.7290,120.9173,172.0656
3955,0.56,-4.3311,+0.0910,-8.9527,4.6216,1.4024,+15.2880,285.5177,213.3748
3956,0.55,-4.1567,-0.0918,-8.9419,4.7852,3.0094,+0.7069,105.8501,193.5864
3957,0.55,-4.7179,+0.1379,-8.9435,4.2255,1.8797,+7.7337,127.9267,172.9577
3958,0.54,-4.5048,+0.0402,-8.9323,4.4276,2.1094,-0.7040,95.2131,177.2931
3959,0.54,-4.6102,+0.0581,-8.9303,4.3200,1.7182,+11.7513,200.1480,197.7725
3960,0.56,-4.4740,+0.0065,-8.9237,4.4497,2.8376,+1.2844,94.9301,186.2264
3961,0.55,-4.5481,-0.0577,-8.9207,4.3726,9.0090,+2.9757,147.0951,179.8904
3962,0.54,-4.6114,-0.3803,-8.9331,4.3216,1.4689,+7.4617,219.0235,187.3737
3963,0.55,-4.5555,-0.1359,-8.9386,4.3831,1.6220,+5.4861,92.3800,187.9037
3964,0.56,-4.4463,-0.0245,-8.9475,4.5011,2.2413,+12.8019,225.0236,209.7551
3965,0.56,-4.5635,+0.0592,-8.9418,4.3784,2.6054,-1.5759,89.7275,168.8345
3966,0.56,-4.6908,+0.0163,-8.9353,4.2445,6.4215,+11.4131,213.0016,176.5215
3967,0.55,-4.5675,+0.0385,-8.9529,4.3853,2.6177,+10.2364,173.1047,188.6979
3968,0.55,-4.3940,-0.2513,-8.9439,4.5499,2.7884,+0.2003,70.6972,184.2305
3969,0.55,-4.2750,-0.0435,-8.9472,4.6723,4.0912,+15.4913,367.4722,221.6848
3970,0.54,-4.4320,+0.0069,-8.9589,4.5269,3.2368,-0.9060,98.7043,181.6167
3971,0.54,-4.3924,-0.1031,-8.9580,4.5656,2.6136,+10.9909,182.0609,196.6371
3972,0.55,-4.7328,+0.0122,-8.9685,4.2356,1.7843,+2.9191,60.4757,171.4500
3973,0.56,-4.2657,+0.1428,-8.9463,4.6807,1.7999,+16.8318,341.1640,221.2508
3974,0.56,-4.5182,-0.1352,-8.9339,4.4157,2.4113,-0.7748,127.5314,168.2285
3975,0.57,-4.5306,-0.1297,-8.9313,4.4006,2.5773,+6.9590,104.2357,174.5321
3976,0.55,-4.4322,-0.0026,-8.9533,4.5211,2.7109,+6.6899,107.0818,181.6556
3977,0.56,-4.4146,+0.1233,-8.9553,4.5407,2.3330,+6.5371,137.1413,191.7564
3978,0.55,-4.5166,+0.2093,-8.9440,4.4274,2.4544,+9.7611,201.0220,203.4073
3979,0.56,-4.3259,+0.0151,-8.9544,4.6286,2.1183,+2.5469,73.5658,195.8811
3980,0.56,-4.5603,+0.0008,-8.9379,4.3775,2.7523,+7.0655,116.3830,175.9118
3981,0.54,-4.5747,+0.1309,-8.9459,4.3711,2.5121,+5.3791,107.3899,183.1181
3982,0.56,-4.2073,-0.2811,-8.9551,4.7478,4.0290,+16.3261,341.6050,223.1915
3983,0.56,-4.4987,+0.0987,-8.9583,4.4595,2.0579,+5.2906,84.1403,187.6253
3984,0.54,-4.3945,-0.1284,-8.9547,4.5602,1.9702,+12.8012,245.5716,207.1611
3985,0.55,-4.5072,+0.0485,-8.9566,4.4494,2.3132,-2.1017,82.8622,173.0313
3986,0.56,-4.4189,+0.1394,-8.9654,4.5465,1.0536,+14.6384,267.5790,210.6887
3987,0.56,-4.4923,-0.0244,-8.9568,4.4645,2.3626,-1.5462,117.2279,179.1334
3988,0.55,-4.2987,+0.0269,-8.9715,4.6729,1.2719,+15.3945,296.1288,218.3259
3989,0.55,-4.3523,+0.0773,-8.9598,4.6075,1.8169,+0.4577,103.0037,177.0129
3990,0.55,-4.5279,+0.0985,-8.9753,4.4474,1.3819,+13.2543,226.5407,194.7845
3991,0.55,-4.4488,-0.1785,-8.9628,4.5140,1.5563,+0.0068,73.2157,185.9055
3992,0.56,-4.2779,+0.1436,-8.9579,4.6800,1.6765,+17.0431,360.9620,214.3071
3993,0.56,-4.6994,+0.0521,-8.9410,4.2415,1.6533,+0.9240,115.8256,167.4615
3994,0.56,-4.3931,+0.0612,-8.9409,4.5478,1.4643,+15.4807,286.1060,206.8077
3995,0.56,-4.4286,-0.0613,-8.9439,4.5153,3.8990,-4.8134,173.4570,176.5865
3996,0.56,-4.4288,+0.1792,-8.9333,4.5046,2.6366,+12.8171,269.0252,195.2928
3997,0.54,-4.3160,-0.1586,-8.9333,4.6173,2.4234,-2.2929,117.5532,177.5925
3998,0.55,-4.5050,+0.0544,-8.9362,4.4312,1.1802,+11.0902,191.5900,182.8823
3999,0.54,-4.4634,-0.0627,-8.9411,4.4776,2.5137,-4.0335,113.0315,171.9888
4000,0.57,-4.4841,+0.0281,-8.9653,4.4812,1.5795,+14.2935,272.2148,204.7264
4001,0.56,-4.5919,-0.0066,-8.9600,4.3681,3.3788,-3.9004,158.8073,163.4511
4002,0.57,-4.5216,+0.0392,-8.9687,4.4471,1.5039,+12.7376,215.5876,187.0999
4003,0.55,-4.2323,-0.1381,-8.9719,4.7396,1.8241,-2.1571,171.8819,197.5252
4004,0.56,-4.6364,+0.0833,-8.9746,4.3382,1.4094,+13.1339,232.1290,199.0796
4005,0.56,-4.5835,-0.0843,-8.9729,4.3894,2.2968,+1.0794,81.6179,174.1510
4006,0.57,-4.2028,+0.0866,-8.9808,4.7779,1.8033,+17.1110,374.5477,228.0617
4007,0.55,-4.5218,+0.1150,-8.9719,4.4501,1.8224,-0.5207,79.5797,164.1806
4008,0.55,-4.3937,-0.0670,-8.9513,4.5576,1.3206,+15.5746,313.6985,198.2790
4009,0.56,-4.5039,+0.1401,-8.9305,4.4266,2.3371,-2.7356,105.7119,168.7878
4010,0.57,-4.6023,-0.0659,-8.9333,4.3311,2.1508,+12.8081,237.4689,195.5308
4011,0.55,-4.4608,+0.0645,-8.9411,4.4803,5.5898,+4.9046,161.5776,185.5244
4012,0.56,-4.1816,-0.0064,-8.9481,4.7665,26.2068,+8.7343,305.8806,209.1449
4013,0.55,-4.3097,+0.0671,-8.9668,4.6570,50.2211,+7.9575,296.1326,206.5110
4014,0.55,-4.5204,-0.0881,-8.9515,4.4310,11.0738,+6.6573,195.0477,185.4452
4015,0.53,-4.8509,+0.0337,-8.9580,4.1071,5.2343,+5.7471,98.4000,163.1795
4016,0.55,-4.7712,-0.1726,-8.9443,4.1731,2.2996,+5.3787,116.1592,171.1344
4017,0.56,-4.5100,+0.0624,-8.9499,4.4399,2.3518,-1.0070,103.4067,173.3384
4018,0.55,-4.3340,-0.0509,-8.9735,4.6395,1.8950,+14.4523,288.7480,211.9047
4019,0.55,-4.5728,+0.0718,-8.9684,4.3956,3.1237,+0.7218,77.4999,182.4284
4020,0.56,-4.5851,-0.0612,-8.9799,4.3948,2.3995,+15.1685,299.2097,209.1108
4021,0.54,-4.6374,-0.1779,-8.9644,4.3270,3.1414,-2.7365,109.9504,167.7833
4022,0.58,-4.7276,+0.2094,-8.9663,4.2387,1.7236,+7.8764,137.0955,179.8574
4023,0.56,-4.6833,-0.2056,-8.9817,4.2984,2.6699,+4.1831,106.9008,173.1266
4024,0.57,-4.5498,-0.0471,-8.9638,4.4140,1.7153,+12.2011,229.6256,198.9293
4025,0.56,-4.4018,+0.1198,-8.9763,4.5746,1.4450,-1.9152,102.4827,183.3717
4026,0.57,-4.5498,+0.0860,-8.9668,4.4171,2.8348,+15.9755,337.1558,200.2050
4027,0.55,-4.3368,+0.0650,-8.9698,4.6330,4.4796,-0.8739,123.0455,190.9789
4028,0.56,-4.5655,+0.0870,-8.9666,4.4010,1.7319,+10.1633,157.4229,184.6734
4029,0.55,-4.6537,-0.0840,-8.9697,4.3160,3.7696,+6.2017,123.3144,175.3988
4030,0.56,-4.4010,-0.4331,-8.9639,4.5629,17.2781,+9.1461,284.4090,206.1730
4031,0.57,-4.3780,-0.0195,-8.9704,4.5925,20.9039,+1.6898,206.2674,196.3736
4032,0.55,-4.6978,-0.2812,-8.9707,4.2728,8.8144,+3.0219,109.4448,180.2646
4033,0.54,-4.7099,+0.0040,-8.9738,4.2639,6.4979,+3.6475,78.7031,171.9184
4034,0.56,-4.7249,-0.0939,-8.9636,4.2387,1.1793,+8.9124,136.8459,183.9036
4035,0.56,-4.5978,+0.1104,-8.9680,4.3701,1.8397,+2.8354,89.4701,178.6753
4036,0.56,-4.6488,-0.0862,-8.9667,4.3179,2.6750,+12.8979,221.0771,196.4966
4037,0.56,-4.6487,-0.0468,-8.9525,4.3038,2.0268,-0.0511,66.3104,179.6519
4038,0.56,-4.5659,+0.2410,-8.9561,4.3903,1.3380,+14.2612,275.8675,205.5072
4039,0.58,-4.6931,+0.0886,-8.9590,4.2659,1.8744,-0.3003,76.5755,161.8526
4040,0.56,-4.3592,-0.0843,-8.9447,4.5855,4.0262,+16.9082,377.2828,226.7919
4041,0.55,-4.7235,-0.0070,-8.9514,4.2279,2.2755,+3.6854,130.0197,174.0158
4042,0.53,-4.7470,-0.0190,-8.9454,4.1984,2.7912,+3.6966,85.7718,164.6066
4043,0.56,-4.5762,+0.0137,-8.9317,4.3555,3.4257,+14.3829,301.9756,193.8784
4044,0.55,-4.4234,+0.5076,-8.9324,4.5090,14.6825,-2.2429,150.6100,183.2657
4045,0.53,-4.8321,-0.0198,-8.9582,4.1261,2.1358,+1.1025,77.1506,159.7897
4046,0.55,-4.5146,+0.0630,-8.9575,4.4429,3.7834,+14.3476,292.8604,197.1696
4047,0.56,-4.7315,-0.1604,-8.9556,4.2240,2.4590,+5.3861,142.6171,172.5714
4048,0.57,-4.6505,-0.0645,-8.9510,4.3005,2.4953,+4.2584,123.1445,178.3810
4049,0.56,-4.8118,+0.2658,-8.9485,4.1367,2.6119,+12.8212,220.9220,189.0422
4050,0.56,-4.7306,+0.0506,-8.9583,4.2277,6.0800,+5.5333,164.2749,173.2461
4051,0.55,-4.3720,-0.0257,-8.9678,4.5958,5.8350,+6.4291,128.9359,192.9897
4052,0.54,-4.9062,-0.0055,-8.9641,4.0579,2.6288,+5.7171,90.0878,163.0276
4053,0.56,-4.6957,+0.0630,-8.9622,4.2665,2.2385,-0.4040,72.6784,167.7216
4054,0.57,-4.2734,-0.0148,-8.9561,4.6827,2.8129,+17.9919,434.5077,225.3896
4055,0.54,-4.4449,+0.1642,-8.9691,4.5242,7.8069,+1.4657,262.4896,192.0486
4056,0.56,-4.2780,-0.0133,-8.9616,4.6836,32.1102,+3.4236,290.3456,207.0474
4057,0.56,-4.2064,-0.1010,-8.9501,4.7437,54.2237,+9.2666,339.7541,218.9090
4058,0.54,-4.3495,+0.0826,-8.9634,4.6139,33.8255,+8.0248,292.3547,214.5929
4059,0.55,-4.6929,+0.1236,-8.9589,4.2660,13.8910,+8.1485,215.8049,183.0924
4060,0.55,-4.5984,+0.0912,-8.9505,4.3521,3.3077,+9.6875,229.9236,193.0011
4061,0.55,-4.7500,+0.2776,-8.9547,4.2047,1.8967,+0.9571,68.9611,169.8352
4062,0.55,-4.6356,-0.0180,-8.9613,4.3257,1.6904,+8.8214,148.6416,199.6031
4063,0.56,-4.4915,-0.1476,-8.9664,4.4749,4.4106,+1.5749,114.8195,189.7958
4064,0.55,-4.4061,-0.1275,-8.9483,4.5422,1.7644,+12.3890,228.3451,205.1832
4065,0.55,-4.2683,-0.0527,-8.9444,4.6761,2.2367,-5.9132,97.1955,179.6000
4066,0.56,-4.5699,-0.0865,-8.9624,4.3925,2.0457,+14.1359,244.4592,198.1332
4067,0.53,-4.5088,+0.1568,-8.9755,4.4667,1.3788,-4.1934,64.2852,171.5970
4068,0.56,-4.5407,-0.0057,-8.9598,4.4191,1.6141,+15.0622,295.7712,204.1852
4069,0.56,-4.4459,-0.0828,-8.9707,4.5248,2.5965,-2.8673,74.2091,173.7811
4070,0.56,-4.6635,+0.1373,-8.9751,4.3116,1.4306,+12.7831,239.6968,187.3025
4071,0.55,-4.6484,+0.1000,-8.9727,4.3243,1.8248,-0.2736,61.6796,160.8782
4072,0.56,-4.7699,+0.2103,-8.9659,4.1960,2.0806,+11.3023,205.6341,177.9349
4073,0.56,-4.5536,-0.0279,-8.9647,4.4110,1.6375,-2.9530,88.7656,166.8722
4074,0.57,-4.6529,+0.2511,-8.9575,4.3045,1.9257,+12.9092,230.0453,191.2796
4075,0.56,-4.4260,+0.1035,-8.9675,4.5415,1.9487,-5.5941,106.0592,171.7501
4076,0.56,-4.6584,+0.1565,-8.9542,4.2959,1.4326,+10.8381,197.5784,183.4870
4077,0.58,-4.4436,+0.0239,-8.9644,4.5207,12.9063,+1.8349,192.5608,186.0708
4078,0.57,-4.9506,-0.1431,-8.9516,4.0010,14.8542,+5.7346,107.6510,152.6130
4079,0.55,-4.6620,+0.1555,-8.9660,4.3040,3.2050,+6.9877,139.6902,175.8329
4080,0.56,-4.4230,+0.0875,-8.9849,4.5619,5.1323,-0.0532,72.4740,180.5051
4081,0.56,-4.8353,+0.1412,-8.9862,4.1510,2.3464,+7.2899,106.6338,170.0312
4082,0.54,-4.5342,+0.0112,-8.9848,4.4506,2.0460,+6.1817,87.7450,180.0553
4083,0.54,-4.5973,+0.0283,-8.9929,4.3956,1.9796,+2.9123,58.6390,183.1164
4084,0.54,-4.5283,+0.3711,-8.9987,4.4704,1.6006,+12.2235,198.2302,194.1574
4085,0.55,-4.6971,-0.0043,-8.9967,4.2996,1.5130,+4.1242,86.4590,173.8334
4086,0.55,-4.5759,-0.1677,-8.9809,4.4050,1.7092,+1.0986,80.4365,173.9099
4087,0.56,-4.3977,+0.2620,-8.9868,4.5891,3.1089,+17.3336,387.4401,217.9786
4088,0.57,-4.5980,-0.1659,-8.9852,4.3872,4.5498,-0.2398,136.7994,172.9389
4089,0.57,-4.4372,+0.0297,-8.9843,4.5471,2.1643,+6.6188,154.0042,199.5376
4090,0.56,-4.8513,-0.0207,-8.9706,4.1193,2.1134,+5.9884,88.8811,161.5936
4091,0.57,-4.6228,+0.2229,-8.9662,4.3434,1.9867,+8.4443,150.5966,181.3485
4092,0.56,-4.6656,-0.0490,-8.9936,4.3280,1.1964,+2.8132,67.1024,168.5218
4093,0.58,-4.5662,+0.1943,-8.9675,4.4012,2.5600,+12.1248,280.7274,185.9476
4094,0.58,-4.6036,-0.0302,-8.9738,4.3702,3.7252,+2.2742,136.7699,179.4818
4095,0.56,-4.7675,-0.1200,-8.9600,4.1924,2.8831,+6.7861,105.7942,172.5260
4096,0.57,-4.6885,-0.1526,-8.9704,4.2819,2.0414,+5.8657,128.1037,173.0706
4097,0.56,-4.6012,-0.1514,-8.9842,4.3830,1.8677,+5.8336,105.5114,179.8298
4098,0.56,-4.2597,-0.0500,-8.9967,4.7370,8.7940,+5.7881,106.0919,199.6221
4099,0.56,-4.7629,-0.0210,-8.9902,4.2273,1.9654,+6.8915,97.4888,164.8140
4100,0.57,-4.6941,+0.0899,-8.9931,4.2990,2.1158,+2.0129,86.5680,157.8550
4101,0.53,-4.5641,-0.1284,-8.9890,4.4249,3.6623,+16.3361,327.1143,211.1965
4102,0.54,-4.6872,+0.1709,-8.9997,4.3125,1.4490,+1.1046,120.5721,171.3886
4103,0.53,-4.5510,+0.1069,-8.9937,4.4427,6.9073,+14.4380,324.6934,207.8410
4104,0.53,-5.0063,+0.3105,-8.9987,3.9925,5.1797,+2.6604,76.4506,152.3202
4105,0.54,-4.7750,+0.1259,-8.9860,4.2110,1.4415,+8.7561,162.5210,179.5546
4106,0.53,-4.3774,+0.2324,-8.9825,4.6051,12.7522,+9.9338,245.8989,196.3546
4107,0.53,-4.6802,-0.1194,-8.9829,4.3027,2.1734,+1.5041,90.1929,164.6542
4108,0.52,-4.6093,+0.0569,-8.9814,4.3722,1.4385,+4.7072,79.1582,175.1548
4109,0.52,-4.5621,+0.2010,-8.9604,4.3983,6.6049,+11.5682,214.3942,194.2949
4110,0.53,-4.5238,-0.1917,-8.9777,4.4538,39.6038,+4.5792,157.7171,182.6950
4111,0.51,-4.5920,-0.1473,-8.9971,4.4051,4.5133,+2.4741,171.5904,183.3031
4112,0.51,-4.0128,-0.0653,-8.9719,4.9591,27.6875,+9.3631,352.8559,233.2796
4113,0.50,-4.5972,-0.2351,-8.9648,4.3675,3.1632,+5.8215,126.2950,191.3111
4114,0.51,-4.6751,+0.0476,-8.9696,4.2945,2.3078,+3.3756,78.6708,171.0370
4115,0.54,-4.3587,+0.2396,-8.9712,4.6125,2.5075,+16.5198,330.1964,223.7518
4116,0.51,-4.7019,-0.0292,-8.9744,4.2725,2.8176,+5.1647,93.9256,175.2103
4117,0.52,-4.5065,-0.0203,-8.9742,4.4677,2.6045,+8.5285,180.8102,181.8394
4118,0.52,-4.3943,-0.0995,-8.9711,4.5768,2.2890,+0.2177,167.2393,180.6724
4119,0.52,-4.5457,+0.0875,-8.9770,4.4313,1.7515,+12.5011,234.5354,194.7574
4120,0.51,-4.5641,-0.0838,-8.9785,4.4144,2.3866,-0.9218,84.7787,171.1340
4121,0.52,-4.6033,-0.0239,-8.9842,4.3809,1.1917,+13.1558,225.8974,196.0739
4122,0.50,-4.6130,+0.0314,-8.9808,4.3678,1.8029,-3.9013,99.7596,162.3157
4123,0.53,-4.6018,+0.0565,-8.9686,4.3668,1.6261,+11.3305,186.3947,190.1105
4124,0.51,-4.3161,-0.0516,-8.9775,4.6615,1.7907,-3.1868,85.2669,191.3875
4125,0.50,-4.5672,-0.2011,-8.9838,4.4165,1.6113,+10.0847,153.7195,195.1177
4126,0.53,-4.0202,-0.1377,-8.9857,4.9656,29.5219,-2.2119,239.9692,223.0925
4127,0.53,-4.6061,+0.0978,-8.9862,4.3801,3.7887,+2.7262,93.7801,177.6685
4128,0.51,-4.6531,+0.0701,-8.9937,4.3406,1.2924,+10.0740,169.7153,188.0503
4129,0.54,-4.8039,+0.1609,-8.9930,4.1891,41.2667,+4.6417,132.5500,145.8770
4130,0.54,-4.5655,-0.1445,-8.9964,4.4309,2.0790,+6.7003,99.0719,187.0839
4131,0.53,-4.7048,-0.0477,-8.9956,4.2908,2.8015,+9.1272,162.1192,190.4063
4132,0.53,-4.8331,+0.0397,-8.9993,4.1661,2.5427,+9.6857,169.7184,179.9962
4133,0.52,-4.5372,+0.1382,-9.0070,4.4698,3.5070,-4.8009,137.5720,179.7581
4134,0.53,-4.8741,+0.2170,-9.0158,4.1417,2.1336,+11.6889,220.8377,174.7982
4135,0.52,-4.6311,-0.0124,-9.0050,4.3739,2.2436,+0.8440,92.8985,175.4076
4136,0.52,-4.4911,+0.0745,-8.9962,4.5051,1.6234,+12.3346,203.8048,196.7561
4137,0.52,-4.7020,+0.1053,-9.0182,4.3162,2.9345,+0.6880,106.1852,177.7452
4138,0.52,-4.8258,+0.1514,-9.0015,4.1757,1.4443,+6.8435,115.1035,177.0862
4139,0.53,-4.4127,-0.1209,-9.0106,4.5979,2.5412,+16.1608,331.6549,223.4845
4140,0.51,-4.7665,-0.0031,-8.9926,4.2261,1.9145,+7.1043,136.7508,177.1697
4141,0.51,-4.8636,-0.0038,-9.0091,4.1455,3.9989,+3.3507,157.1857,168.3948
4142,0.52,-4.6527,+0.1711,-9.0039,4.3512,1.5542,+1.3652,83.4464,175.1059
4143,0.54,-4.4518,+0.0792,-8.9926,4.5408,1.9227,+10.6563,167.2241,200.3087
4144,0.51,-4.7889,-0.0410,-8.9834,4.1945,1.3495,+0.6278,73.8624,173.3766
4145,0.53,-4.5102,+0.0019,-8.9654,4.4552,3.3739,+12.7810,257.2968,208.6319
4146,0.51,-4.5423,-0.0478,-8.9753,4.4329,8.8652,+1.0162,148.7503,185.9890
4147,0.52,-4.4772,-0.2875,-8.9686,4.4913,35.7382,+4.1189,212.7718,181.5570
4148,0.54,-4.5555,-0.0865,-8.9776,4.4220,23.3523,+6.1338,166.6896,180.2461
4149,0.53,-4.1927,+0.0109,-8.9925,4.7998,135.6751,+7.1827,294.4212,207.5295
4150,0.53,-4.6912,+0.1402,-9.0054,4.3142,10.1650,+6.6002,133.4879,178.5907
4151,0.53,-4.7592,-0.1526,-9.0248,4.2656,2.3344,+3.3906,79.1797,170.3627
4152,0.52,-4.5209,+0.2614,-9.0098,4.4889,4.2535,+6.4216,133.3647,180.1097
4153,0.52,-4.6930,-0.0362,-9.0070,4.3139,3.0538,+7.2012,173.3680,182.3051
4154,0.50,-3.2308,-1.5066,-9.0102,5.7795,759.9783,+5.9580,226.6545,286.5898
4155,0.50,-4.8565,+0.0767,-9.0075,4.1510,2.4698,+4.2489,82.9871,176.5097
4156,0.52,-4.6247,-0.2295,-9.0125,4.3878,10.0640,+10.9391,261.8230,195.1418
4157,0.53,-4.6656,+0.0455,-9.0070,4.3414,6.2506,+4.7050,137.8818,185.4713
4158,0.51,-4.8360,-0.0632,-8.9906,4.1547,2.0213,+3.4261,67.5701,167.3031
4159,0.51,-4.5215,+0.0381,-8.9849,4.4634,1.6947,+7.3163,116.8864,184.2508
4160,0.53,-4.4330,+0.1616,-8.9744,4.5414,1.8968,-1.4628,61.6382,182.8339
4161,0.52,-4.7406,-0.0036,-8.9845,4.2438,2.5312,+9.2049,147.6165,178.2293
4162,0.50,-4.1471,+0.1528,-9.0000,4.8530,1.9707,-5.2610,94.3949,188.1131
4163,0.53,-4.7191,-0.0466,-8.9953,4.2762,2.0533,+12.5608,195.0768,183.1733
4164,0.51,-4.4416,-0.0004,-9.0206,4.5791,1.4758,-4.2166,109.3623,173.9203
4165,0.54,-4.6769,+0.1821,-9.0145,4.3376,1.5878,+13.4601,231.3228,188.1966
4166,0.51,-4.5187,-0.0184,-9.0220,4.5033,4.0454,-1.3226,110.2250,183.8129
4167,0.53,-4.9278,+0.0058,-9.0325,4.1047,1.5088,+5.2703,90.7591,163.2599
4168,0.54,-4.8180,-0.1454,-9.0200,4.2020,1.7894,+10.2724,168.1854,182.2336
4169,0.52,-4.7458,-0.0659,-9.0190,4.2732,2.6915,+2.3053,79.7855,172.9335
4170,0.51,-4.7262,-0.1134,-9.0184,4.2922,3.0747,+7.9780,148.2427,192.4525
4171,0.52,-4.5615,+0.3438,-8.9942,4.4326,2.0849,-3.1013,106.3810,179.5166
4172,0.52,-4.7754,+0.0037,-8.9982,4.2228,0.9854,+9.8306,138.0273,184.6398
4173,0.51,-4.5828,+0.0491,-9.0057,4.4229,2.7604,+0.4636,96.2274,179.9971
4174,0.52,-4.5924,+0.0244,-9.0000,4.4076,1.6385,+11.6306,196.4520,196.2160
4175,0.53,-4.5731,-0.1304,-9.0007,4.4277,1.7420,-2.6442,105.6570,181.2975
4176,0.52,-4.7456,-0.0278,-8.9982,4.2526,2.1064,+11.1175,197.9942,191.6439
4177,0.53,-4.8181,-0.2281,-9.0051,4.1870,2.1165,+1.0366,57.2943,169.4680
4178,0.53,-4.4664,-0.1342,-9.0145,4.5480,1.7116,+16.9224,353.1445,219.8203
4179,0.53,-4.5469,-0.1584,-9.0179,4.4710,19.2870,-1.5004,160.7693,182.9133
4180,0.52,-4.7361,+0.1720,-9.0182,4.2821,13.2253,+6.0927,161.1205,177.5965
4181,0.52,-4.5391,-0.0146,-9.0068,4.4678,22.9389,+7.3767,212.5409,189.0568
4182,0.53,-4.5206,-0.0476,-9.0115,4.4909,29.6203,+9.8313,270.6100,200.3459
4183,0.53,-4.5902,-0.0543,-9.0006,4.4104,14.5845,+10.5959,275.2164,196.9364
4184,0.50,-4.5732,-0.1929,-9.0274,4.4543,19.3683,+2.6880,197.9024,186.8669
4185,0.51,-4.3270,-0.1230,-9.0283,4.7013,42.9172,+5.5683,298.8740,211.0251
4186,0.51,-4.6020,+0.0009,-9.0215,4.4195,17.8537,+6.4453,189.2979,193.8109
4187,0.52,-4.6145,+0.0065,-9.0127,4.3982,26.2366,+6.4998,210.8431,188.2657
4188,0.52,-4.3668,-0.1588,-9.0029,4.6361,51.4679,+10.2289,336.4937,216.0196
4189,0.53,-4.4735,+0.1260,-8.9995,4.5259,17.7721,+10.3802,294.3435,204.0606
4190,0.50,-4.6490,-0.1726,-9.0118,4.3628,9.9559,+5.9353,159.1892,189.1623
4191,0.52,-4.6259,+0.1277,-9.0324,4.4065,2.7761,+6.8250,136.0176,189.5255
4192,0.51,-4.7130,+0.0427,-9.0175,4.3045,3.4546,+1.1643,66.1440,174.4755
4193,0.54,-4.6384,-0.0650,-9.0218,4.3834,1.5746,+11.6122,188.7866,196.9315
4194,0.51,-4.5132,+0.0679,-9.0140,4.5007,2.9691,+3.6605,83.2424,185.9646
4195,0.51,-4.7818,+0.0320,-9.0147,4.2329,1.1694,+4.4889,73.5555,173.8436
4196,0.53,-4.3649,+0.0234,-9.0135,4.6486,2.7068,+14.8924,280.8284,220.4136
4197,0.52,-4.5432,-0.2360,-9.0161,4.4730,2.2571,+0.1593,70.1124,194.6074
4198,0.51,-4.5026,+0.0123,-9.0284,4.5258,3.1178,+13.5756,239.9883,220.7332
4199,0.53,-4.5821,+0.1141,-9.0131,4.4309,2.9537,-1.4231,98.6022,194.6601
4200,0.52,-4.3413,+0.0308,-9.0045,4.6631,1.6101,+14.0983,242.2880,216.7652
4201,0.51,-4.6362,+0.0247,-9.0139,4.3777,2.0538,+1.9961,89.0449,181.2667
4202,0.51,-4.5546,+0.1676,-9.0158,4.4612,1.7167,+10.3896,185.4865,211.9201
4203,0.51,-4.6028,-0.0781,-9.0363,4.4334,1.4472,-0.5598,104.5910,181.5869
4204,0.53,-4.7026,+0.1209,-9.0380,4.3354,1.5599,+12.6732,224.6727,200.9871
4205,0.51,-4.4064,+0.2546,-9.0448,4.6384,2.5148,-1.4326,146.2518,199.8508
4206,0.52,-4.8388,+0.1412,-9.0409,4.2021,1.6925,+8.5572,151.0404,179.0618
4207,0.50,-4.7876,+0.0079,-9.0292,4.2416,3.4439,-1.6782,117.8432,173.2021
4208,0.52,-4.7768,+0.0751,-9.0230,4.2463,1.7545,+12.1952,193.3470,194.0329
4209,0.52,-4.5172,-0.0058,-9.0378,4.5206,3.1118,+3.0143,106.3993,186.2932
4210,0.51,-4.7559,-0.2151,-9.0360,4.2801,2.0686,+8.6330,147.8206,185.6693
4211,0.53,-4.7048,+0.1611,-9.0405,4.3356,1.2924,+0.7061,94.6519,176.7924
4212,0.52,-4.8169,-0.0010,-9.0456,4.2286,1.5350,+8.2378,135.4446,192.0429
4213,0.53,-4.6496,-0.0925,-9.0557,4.4061,1.7539,+7.6974,131.0929,191.0862
4214,0.53,-4.6048,+0.0099,-9.0467,4.4419,1.9439,+10.7712,220.7768,195.0176
4215,0.51,-4.6571,+0.1429,-9.0496,4.3925,2.3151,-0.3627,66.1581,181.5203
4216,0.52,-4.6129,-0.1797,-9.0523,4.4394,1.6251,+13.1718,227.7672,201.8836
4217,0.52,-4.4996,+0.0697,-9.0550,4.5554,3.6750,-1.4239,99.8348,184.0597
4218,0.50,-4.7526,+0.0993,-9.0549,4.3024,1.4279,+10.4168,161.7518,192.8099
4219,0.53,-4.6453,-0.1642,-9.0466,4.4013,6.8093,+0.1493,88.5116,182.4973
4220,0.52,-4.7440,+0.0500,-9.0368,4.2928,1.9593,+9.7763,155.1295,191.6213
4221,0.53,-5.0256,-0.0451,-9.0398,4.0142,2.3266,+5.4269,112.2377,160.2872
4222,0.54,-4.9239,-0.0111,-9.0135,4.0896,4.8902,+6.5524,134.0341,159.5932
4223,0.52,-4.4566,+0.0970,-9.0173,4.5607,1.9748,+7.6427,136.2768,206.4456
4224,0.54,-4.8099,-0.0665,-9.0326,4.2226,1.3626,+10.1205,145.8285,187.2828
4225,0.52,-4.8823,-0.0920,-9.0326,4.1503,2.8561,+5.2598,94.8627,168.8019
4226,0.54,-4.7002,-0.0069,-9.0314,4.3313,2.7350,+7.1299,136.0969,184.4962
4227,0.51,-4.6106,-0.0321,-9.0396,4.4290,2.4413,+5.1639,94.1989,180.1206
4228,0.51,-4.7317,+0.2575,-9.0331,4.3014,5.5346,+4.9706,158.5509,176.5487
4229,0.51,-4.8847,-0.0017,-9.0370,4.1523,3.1607,+6.5966,129.3200,171.2186
4230,0.53,-4.7549,+0.0531,-9.0230,4.2681,4.2921,+4.0509,104.6567,179.3795
4231,0.52,-4.6639,+0.0804,-9.0254,4.3616,8.0678,+5.5871,194.6534,194.1834
4232,0.50,-4.8182,-0.0313,-9.0329,4.2146,6.2405,-0.0911,69.1213,174.8758
4233,0.52,-4.9253,-0.3393,-9.0438,4.1186,3.5139,+8.9847,138.4235,165.8803
4234,0.54,-4.7853,-0.0330,-9.0404,4.2551,5.5324,+7.8334,189.7195,180.4306
4235,0.51,-4.6801,-0.0728,-9.0376,4.3575,9.8090,+2.6735,143.0537,179.3095
4236,0.49,-4.7514,-0.1053,-9.0345,4.2831,16.3102,+3.3324,131.1215,176.1289
4237,0.52,-4.4081,+0.0628,-9.0258,4.6177,31.7865,+10.3528,253.1159,206.8752
4238,0.51,-4.4904,-0.0124,-9.0340,4.5436,20.8557,+10.8169,255.3756,210.5448
4239,0.52,-4.3560,+0.2193,-9.0411,4.6851,30.4176,+9.4065,227.9739,206.3943
4240,0.53,-4.6990,-0.1208,-9.0286,4.3296,21.8224,+6.4442,182.8863,187.9783
4241,0.52,-4.6226,-0.2156,-9.0276,4.4050,29.0331,+5.6268,194.8600,191.1757
4242,0.54,-4.6409,-0.0927,-9.0307,4.3897,34.0352,+7.6695,230.7417,189.3396
4243,0.52,-4.5470,-0.0025,-9.0353,4.4883,29.7707,+8.7697,245.5073,198.6719
4244,0.52,-4.6129,+0.0381,-9.0221,4.4092,36.9136,+8.3633,236.6375,189.9264
4245,0.52,-4.5824,-0.0619,-9.0212,4.4388,38.1201,+8.7057,281.4825,195.0806
4246,0.50,-4.5533,-0.0384,-9.0264,4.4730,39.9260,+8.3504,281.7054,195.2412
4247,0.53,-4.5104,-0.0182,-9.0421,4.5317,33.3330,+7.5471,276.5673,205.9944
4248,0.53,-4.4956,-0.0379,-9.0458,4.5502,37.3676,+7.2480,276.9767,198.4281
4249,0.53,-4.5478,+0.0139,-9.0508,4.5030,43.8008,+5.6294,254.6649,198.0161
4250,0.52,-4.4532,-0.0081,-9.0536,4.6004,32.8525,+6.1156,256.2855,199.2987
4251,0.51,-4.5992,-0.1270,-9.0415,4.4423,45.6873,+6.4808,287.9535,197.3755
4252,0.51,-4.6901,+0.1873,-9.0342,4.3441,44.4777,+6.7296,290.2212,186.5803
4253,0.51,-4.5400,+0.0207,-9.0189,4.4789,29.3643,+6.7347,252.7883,195.8111
4254,0.51,-3.7963,-0.0644,-9.0306,5.2343,254.1991,+7.3141,446.6730,243.1832
4255,0.53,-4.5311,+0.0443,-9.0305,4.4994,32.8740,+7.1105,260.4045,204.1884
4256,0.52,-4.5505,+0.1286,-9.0232,4.4727,39.5543,+7.0517,293.1035,197.0923
4257,0.51,-4.2705,-0.0273,-9.0161,4.7455,56.0552,+7.0068,346.3424,214.4573
4258,0.51,-4.3861,-0.0319,-9.0102,4.6240,47.2700,+6.1355,296.0394,191.8831
4259,0.52,-4.5518,-0.1065,-9.0193,4.4675,39.8406,+5.2321,219.2601,181.8848
4260,0.51,-4.4307,-0.1351,-9.0183,4.5876,41.3319,+8.0987,327.9307,206.6136
4261,0.52,-4.4561,-0.1338,-9.0183,4.5621,44.2200,+6.5043,252.4938,189.4693
4262,0.54,-4.6583,+0.0182,-9.0178,4.3594,26.1860,+6.1466,188.5738,191.8461
4263,0.52,-4.4280,+0.0734,-9.0239,4.5959,15.1167,+6.0845,157.8725,208.0740
4264,0.52,-4.5551,-0.1154,-9.0375,4.4824,31.9260,+5.7118,207.0725,196.7938
4265,0.51,-4.5625,-0.0764,-9.0280,4.4656,27.9388,+5.7887,194.7576,197.1376
4266,0.51,-4.4282,-0.1486,-9.0243,4.5960,36.8018,+6.0076,257.4097,212.8297
4267,0.51,-4.5060,-0.0375,-9.0181,4.5121,32.4991,+4.7532,248.0735,205.5388
4268,0.52,-4.5724,+0.0173,-8.9980,4.4256,32.7517,+6.9324,279.8505,193.6964
4269,0.52,-4.5366,-0.0694,-9.0129,4.4763,35.6561,+6.5935,251.3257,196.3923
4270,0.52,-4.6408,-0.2813,-9.0121,4.3713,26.2079,+6.1026,194.0312,181.6456
4271,0.51,-4.6166,-0.0277,-9.0114,4.3949,32.0895,+6.1049,182.6752,183.2476
4272,0.51,-4.5939,-0.0395,-9.0144,4.4205,29.6633,+7.0927,167.2790,187.6884
4273,0.53,-4.7035,+0.0835,-9.0167,4.3133,26.5200,+6.9803,190.8711,179.4337
4274,0.51,-4.6060,+0.2080,-9.0132,4.4072,29.4879,+7.4243,280.5754,189.1074
4275,0.52,-4.5674,+0.1453,-9.0313,4.4639,31.2747,+5.9967,241.3737,196.7174
4276,0.51,-4.5361,-0.0687,-9.0414,4.5053,33.7106,+6.3465,233.6425,193.4832
4277,0.50,-4.4970,+0.0379,-9.0276,4.5306,40.3388,+5.4452,255.6384,200.8869
4278,0.51,-4.6700,+0.2040,-9.0416,4.3717,32.8751,+5.3965,235.8507,189.7915
4279,0.52,-4.6175,-0.0118,-9.0368,4.4192,32.1101,+6.0139,231.1215,198.6992
4280,0.53,-4.5005,+0.0134,-9.0420,4.5415,47.9452,+5.6933,236.2079,193.3175
4281,0.51,-4.4466,-0.1437,-9.0481,4.6015,32.6741,+6.3741,202.0280,197.4813
4282,0.53,-4.7207,+0.2126,-9.0579,4.3372,37.1842,+6.7147,215.5630,189.6532
4283,0.52,-4.5990,-0.2940,-9.0287,4.4297,31.7518,+9.7674,327.9300,202.2249
4284,0.51,-4.6719,-0.0618,-9.0510,4.3791,20.8960,+6.6604,247.1292,193.7212
4285,0.50,-4.6937,-0.0050,-9.0410,4.3474,32.1458,+4.7321,185.9784,185.4950
4286,0.53,-4.7087,-0.0190,-9.0406,4.3319,26.1099,+4.9386,176.3757,183.0113
4287,0.51,-4.4215,-0.0599,-9.0372,4.6157,29.9886,+6.1640,204.3580,197.2299
4288,0.52,-4.6305,-0.1271,-9.0366,4.4061,36.1839,+5.9464,225.6651,186.4627
4289,0.53,-4.6219,+0.0607,-9.0489,4.4270,33.6937,+7.0500,240.8964,191.6811
4290,0.51,-4.5660,-0.1877,-9.0308,4.4648,32.6823,+6.7443,225.1037,187.0850
4291,0.53,-4.5709,-0.0310,-9.0203,4.4494,35.6249,+5.3989,201.6064,188.3768
4292,0.49,-4.5711,+0.0252,-9.0289,4.4578,34.5311,+6.1247,223.3554,182.2274
4293,0.51,-4.5025,+0.1562,-9.0239,4.5214,34.5211,+8.2748,277.7188,196.9943
4294,0.51,-4.5463,-0.0012,-9.0238,4.4776,40.5828,+6.2909,247.8471,187.1593
4295,0.54,-4.5433,+0.0461,-9.0074,4.4641,31.2112,+5.6568,203.9794,191.0300
4296,0.52,-4.5995,+0.1533,-8.9994,4.4000,39.6824,+7.2036,227.2597,191.9837
4297,0.51,-4.6257,+0.1238,-9.0212,4.3955,30.1723,+6.1700,218.8947,185.0703
4298,0.51,-4.6641,-0.1808,-9.0058,4.3417,45.4032,+6.7139,234.7336,184.5589
4299,0.52,-4.6261,+0.0371,-9.0123,4.3862,38.5159,+6.8500,225.2659,180.9105
4300,0.52,-4.6285,+0.0815,-9.0021,4.3736,35.9470,+7.8469,229.7465,191.1850
4301,0.54,-4.4455,+0.0061,-9.0124,4.5669,37.6253,+7.3406,247.8763,197.4563
4302,0.51,-4.6469,-0.0047,-9.0152,4.3683,31.8652,+6.4698,200.1647,177.9128
4303,0.51,-4.3907,-0.0675,-9.0192,4.6286,48.5046,+7.1847,235.1497,199.0451
4304,0.50,-4.5884,+0.1526,-9.0192,4.4308,40.8981,+7.6685,239.2278,193.2527
4305,0.52,-4.5494,-0.0793,-9.0339,4.4845,41.5753,+7.7596,233.2872,196.0307
4306,0.51,-4.3232,-0.0356,-9.0291,4.7059,43.5059,+10.3103,339.7509,211.9516
4307,0.52,-4.5415,+0.1970,-9.0073,4.4659,34.5242,+7.1417,225.3024,186.3956
4308,0.54,-4.6320,+0.1583,-9.0151,4.3831,21.9665,+7.3955,195.3520,184.2539
4309,0.51,-4.5763,-0.1559,-9.0152,4.4389,20.3962,+5.4347,192.8575,185.8134
4310,0.52,-4.5188,-0.1487,-9.0279,4.5090,11.1776,+4.5432,183.4294,187.2210
4311,0.52,-4.2360,+0.1563,-9.0412,4.8052,36.5018,+7.2519,302.8075,218.2321
4312,0.51,-4.3898,-0.2271,-9.0376,4.6479,30.7804,+7.0680,253.1967,205.4945
4313,0.51,-4.8273,+0.4016,-9.0222,4.1949,70.5726,+5.6985,220.9261,168.7231
4314,0.52,-4.9960,+0.0012,-9.0207,4.0247,2.7995,+5.9529,95.5369,162.7761
4315,0.50,-4.5969,+0.1354,-9.0275,4.4306,1.6526,+0.5097,78.8546,177.2890
4316,0.52,-4.6325,-0.1902,-9.0307,4.3982,3.8446,+16.5074,321.3790,200.8449
4317,0.53,-4.8643,-0.0622,-9.0414,4.1770,1.1825,+9.4288,166.1396,180.7899
4318,0.53,-4.9173,-0.0817,-9.0297,4.1124,2.2668,+5.0972,87.5954,160.7285
4319,0.51,-4.5337,-0.1012,-9.0257,4.4920,2.4765,+14.0980,248.2951,206.9252
4320,0.53,-4.8438,+0.1042,-9.0240,4.1801,2.1873,-0.4141,124.9044,161.7201
4321,0.51,-4.6249,+0.2590,-9.0253,4.4004,2.8016,+12.8175,227.2339,195.5270
4322,0.51,-4.7593,+0.1979,-9.0157,4.2564,1.9012,+3.5687,80.1461,170.9365
4323,0.52,-4.4620,+0.0538,-9.0244,4.5624,1.4894,+16.1623,313.4986,218.4140
4324,0.52,-4.5300,+0.0410,-9.0214,4.4915,2.5793,-1.6424,95.7720,179.8152
4325,0.52,-4.3769,-0.0380,-9.0330,4.6561,3.2986,+16.5549,380.3914,229.6464
4326,0.49,-5.0226,-0.0273,-9.0174,3.9948,2.2223,+1.5542,101.8882,158.2273
4327,0.51,-4.6264,-0.3167,-9.0080,4.3816,2.1193,+2.0529,80.8642,177.7808
4328,0.54,-4.4394,+0.0897,-9.0103,4.5709,2.8835,+16.0943,355.5638,219.7889
4329,0.52,-4.3829,-0.1398,-8.9935,4.6106,2.5529,+1.7689,103.4449,201.7225
4330,0.52,-4.5700,+0.1348,-8.9983,4.4283,3.2370,+7.0540,106.4987,187.4707
4331,0.52,-4.6691,+0.0351,-8.9988,4.3296,12.9447,-0.1775,122.5570,176.3201
4332,0.53,-4.7092,+0.0684,-9.0072,4.2980,12.4683,+4.8627,148.1092,183.7466
4333,0.52,-4.6634,-0.1055,-9.0034,4.3400,5.9247,+3.8881,132.0790,188.8631
4334,0.55,-4.7367,+0.0379,-9.0283,4.2916,13.8531,+6.2190,154.1669,186.0346
4335,0.52,-4.7439,+0.1553,-9.0451,4.3012,6.6748,+7.0245,162.9041,185.2827
4336,0.51,-4.7327,-0.1322,-9.0551,4.3224,1.9881,+5.4381,102.2780,182.9996
4337,0.50,-4.6340,-0.0130,-9.0396,4.4056,2.2191,+5.3343,111.1383,189.3360
4338,0.52,-4.7184,-0.1305,-9.0593,4.3410,3.3706,+12.5905,220.6170,189.0000
4339,0.53,-4.7741,+0.1063,-9.0645,4.2904,1.6397,+1.5001,78.5231,171.0833
4340,0.53,-4.6363,-0.0669,-9.0576,4.4213,1.1418,+13.1615,224.9081,197.5323
4341,0.52,-4.5490,-0.0529,-9.0685,4.5195,2.0057,-0.5660,61.7962,181.1814
4342,0.51,-4.4840,+0.0703,-9.0597,4.5757,3.0638,+14.1692,271.3383,214.0634
4343,0.52,-4.7695,-0.0068,-9.0620,4.2924,1.6334,-0.7380,61.5115,182.3016
4344,0.53,-4.6838,-0.0533,-9.0470,4.3633,1.5397,+15.9920,294.1952,210.7702
4345,0.54,-4.7296,+0.2776,-9.0261,4.2966,1.8176,+1.3067,104.8075,188.5396
4346,0.51,-4.7659,-0.1578,-9.0164,4.2505,1.6449,+8.6470,156.5285,192.1838
4347,0.52,-4.7140,+0.0096,-9.0279,4.3139,2.0363,-0.9060,114.4174,180.4314
4348,0.54,-4.6310,+0.0383,-9.0291,4.3981,1.7513,+13.6264,253.3621,210.9682
4349,0.50,-4.7609,-0.1222,-9.0261,4.2652,1.8480,+1.5058,123.7939,168.0047
4350,0.54,-4.6803,-0.2656,-9.0180,4.3377,1.5638,+7.0813,140.0932,188.5956
4351,0.52,-4.4428,-0.2428,-9.0412,4.5984,1.4741,-2.3219,105.5589,183.2362
4352,0.51,-4.8663,-0.0603,-9.0388,4.1725,2.9747,+7.9031,156.3636,175.0812
4353,0.51,-4.7818,-0.2089,-9.0330,4.2512,1.9902,+8.1054,131.0560,186.8236
4354,0.52,-5.0493,-0.1533,-9.0079,3.9587,2.3621,+6.9769,124.1037,158.1339
4355,0.52,-4.8962,+0.0490,-9.0251,4.1289,1.6677,+5.1554,101.8763,161.7134
4356,0.53,-4.7308,+0.0617,-9.0243,4.2935,1.0631,+9.6811,135.3971,179.1272
4357,0.54,-4.6658,+0.0564,-9.0404,4.3746,2.3991,+6.6459,135.4813,185.0627
4358,0.53,-4.6404,+0.0563,-9.0088,4.3683,2.2333,+5.8314,103.3527,175.0148
4359,0.53,-4.7336,+0.0799,-9.0165,4.2829,2.3456,+11.3387,188.4892,188.6028
4360,0.51,-4.8401,-0.0389,-9.0250,4.1849,6.1505,+6.4372,162.6264,179.6269
4361,0.53,-4.5593,+0.3181,-9.0334,4.4741,2.9526,+12.3473,294.0290,204.1455
4362,0.50,-4.5255,+0.0920,-9.0416,4.5161,5.2965,-1.1257,137.0142,189.9118
4363,0.53,-4.6652,+0.1143,-9.0483,4.3831,1.8499,+13.1004,240.6772,183.2058
4364,0.50,-4.6968,+0.2684,-9.0614,4.3646,1.7154,-3.4830,71.5618,167.7730
4365,0.52,-4.7447,+0.0257,-9.0605,4.3158,1.1647,+12.2193,197.3248,193.6857
4366,0.52,-4.7171,-0.0277,-9.0492,4.3321,1.9225,+9.1613,164.2701,180.0064
4367,0.51,-4.8353,+0.1513,-9.0431,4.2078,1.8137,+2.6403,65.1710,168.9823
4368,0.53,-4.7335,+0.0790,-9.0574,4.3240,1.6865,+14.7651,283.4659,200.2322
4369,0.51,-4.4854,+0.1177,-9.0471,4.5617,1.8625,-5.5209,90.3832,176.0582
4370,0.53,-4.6650,+0.0223,-9.0504,4.3854,1.6430,+11.3843,186.1436,191.8609
4371,0.53,-4.8632,+0.0026,-9.0609,4.1977,1.1429,+0.5210,72.4792,160.1117
4372,0.53,-4.7802,+0.0317,-9.0646,4.2844,1.7057,+13.6181,248.8626,194.9192
4373,0.51,-4.3383,-0.1396,-9.0687,4.7304,4.2785,-3.0958,177.7695,190.1961
4374,0.52,-4.6967,+0.1204,-9.0523,4.3555,2.4550,+10.8621,184.1142,187.4552
4375,0.50,-4.7210,-0.1893,-9.0425,4.3215,1.6323,+5.3805,105.7068,176.9236
4376,0.53,-4.5090,+0.0815,-9.0663,4.5573,14.2820,+8.2156,200.3725,205.3245
4377,0.52,-5.0144,-0.1727,-9.0778,4.0634,3.1946,+5.5529,78.6835,157.9332
4378,0.51,-5.0010,-0.0657,-9.0639,4.0629,3.9742,+4.2848,95.3257,168.4875
4379,0.52,-4.5614,+0.0643,-9.0683,4.5069,1.8501,+12.7948,254.3442,206.0641
4380,0.52,-4.6640,+0.0010,-9.0731,4.4090,2.6022,-3.0351,109.6839,174.6248
4381,0.52,-4.5684,+0.1963,-9.0704,4.5020,3.3014,+13.7491,253.3403,207.8149
4382,0.53,-4.7534,+0.0156,-9.0662,4.3128,2.4778,+5.8842,112.9588,180.5753
4383,0.54,-4.7134,+0.0282,-9.0730,4.3596,2.1533,+8.0570,132.7552,192.4660
4384,0.52,-4.9185,+0.0051,-9.0732,4.1546,1.5031,+1.7397,79.0375,170.8302
4385,0.52,-4.5653,+0.0466,-9.0715,4.5062,1.7787,+15.3920,293.2959,207.2540
4386,0.54,-4.6610,+0.0749,-9.0670,4.4060,2.7500,+0.0336,112.1213,181.7554
4387,0.52,-4.8885,+0.2155,-9.0480,4.1595,2.1243,+3.1780,70.5876,171.4740
4388,0.53,-4.7398,-0.0459,-9.0443,4.3045,1.7068,+11.3632,194.4560,202.3117
4389,0.52,-4.9162,+0.0068,-9.0493,4.1330,1.7624,+6.7210,127.5012,182.6580
4390,0.51,-4.8601,-0.1165,-9.0704,4.2104,8.7829,+5.2007,94.8303,193.3237
4391,0.52,-4.9983,-0.0502,-9.0682,4.0699,3.3980,+8.7343,158.1878,178.0553
4392,0.51,-4.6132,-0.1103,-9.0602,4.4471,4.3913,-0.1194,85.2325,180.7948
4393,0.52,-4.6326,-0.0204,-9.0614,4.4288,6.1919,+11.7455,205.7132,195.9817
4394,0.50,-4.5042,+0.0191,-9.0584,4.5542,5.1345,-1.0759,110.8729,197.5522
4395,0.51,-4.9250,+0.0635,-9.0572,4.1322,1.5704,+5.1790,77.4811,173.7547
4396,0.51,-4.5336,-0.1443,-9.0508,4.5172,1.9709,+11.7091,200.8010,220.0404
4397,0.52,-4.8410,-0.0497,-9.0375,4.1966,2.8858,+0.2624,77.0164,173.2414
4398,0.54,-4.6365,-0.0931,-9.0411,4.4047,4.1545,+9.5412,171.4972,198.0797
4399,0.53,-4.7975,-0.0136,-9.0432,4.2457,2.1214,+5.4807,125.3442,183.6006
4400,0.52,-4.9290,-0.0088,-9.0517,4.1227,2.3305,+7.6592,113.3966,181.6119
4401,0.52,-4.8625,+0.1522,-9.0334,4.1710,2.1387,+5.3993,110.3189,183.1926
4402,0.53,-4.7669,+0.0411,-9.0616,4.2948,2.5754,+7.3462,127.7182,186.6612
4403,0.53,-4.8931,-0.2278,-9.0585,4.1654,3.4174,+4.9607,129.1398,182.7318
4404,0.51,-4.8331,-0.0145,-9.0590,4.2259,2.5875,+4.3398,114.0112,179.7569
4405,0.52,-4.6672,+0.0882,-9.0668,4.3996,2.4068,+7.8273,128.5861,193.5973
4406,0.51,-4.7737,+0.0910,-9.0693,4.2956,1.9060,+3.4790,81.6407,182.9569
4407,0.53,-4.8232,-0.0388,-9.0735,4.2503,1.4207,+12.6041,212.4160,199.8911
4408,0.51,-4.6974,-0.1123,-9.0748,4.3774,1.3342,+0.1513,47.7922,183.1202
4409,0.54,-4.6369,+0.0432,-9.0604,4.4234,1.3751,+16.5644,326.0471,217.9820
4410,0.53,-4.5904,-0.2078,-9.0601,4.4697,1.8286,-3.0764,81.9395,184.8916
4411,0.52,-4.7661,+0.1835,-9.0373,4.2712,1.5327,+16.7934,331.6447,206.2507
4412,0.53,-4.8447,-0.0538,-9.0613,4.2165,2.0656,+0.2472,68.5840,170.1780
4413,0.53,-4.6872,+0.2108,-9.0659,4.3787,2.5764,+19.0275,444.7552,220.7217
4414,0.53,-4.6967,-0.1903,-9.0589,4.3622,1.5103,+1.5150,69.9997,178.2678
4415,0.51,-4.7599,-0.0920,-9.0598,4.2999,1.7715,+6.0796,100.5708,187.5588
4416,0.53,-4.8483,-0.0654,-9.0634,4.2151,6.3038,+6.0606,183.5534,174.7979
4417,0.53,-5.0262,-0.0058,-9.0567,4.0306,3.6022,+3.6708,73.1882,159.5340
4418,0.57,-4.6657,-0.0782,-9.0385,4.3728,2.3495,+12.5592,253.2482,204.2701
4419,0.51,-5.0270,-0.0103,-9.0410,4.0140,2.2607,+0.6713,84.6577,154.9209
4420,0.55,-4.5051,+0.1135,-9.0294,4.5243,4.1138,+14.6673,288.5627,228.6249
4421,0.54,-4.7908,+0.0471,-9.0383,4.2475,1.3411,+1.9528,55.3496,172.6260
4422,0.53,-4.8882,+0.0078,-9.0492,4.1610,2.4882,+11.7911,196.4401,188.4629
4423,0.53,-4.7309,-0.0050,-9.0404,4.3095,2.1292,+7.2058,164.3606,191.6448
4424,0.53,-4.6329,-0.1052,-9.0297,4.3968,3.5137,+12.5358,269.0927,209.2865
4425,0.52,-4.8774,-0.1510,-9.0378,4.1604,1.9721,-1.4092,83.0902,168.7644
4426,0.53,-4.8091,+0.1491,-9.0418,4.2326,2.5523,+12.0841,218.5335,194.7946
4427,0.53,-4.5063,+0.1623,-9.0578,4.5515,3.8031,-2.2879,118.9343,188.8302
4428,0.53,-4.8799,-0.1591,-9.0615,4.1815,1.8940,+10.0815,174.3161,187.5822
4429,0.52,-4.8805,+0.1161,-9.0624,4.1820,3.0277,-0.7694,79.0103,170.2206
4430,0.53,-4.6786,-0.0263,-9.0505,4.3718,2.9488,+12.0071,248.2411,208.7688
4431,0.54,-4.6507,-0.1176,-9.0585,4.4079,7.6897,+9.4037,247.8019,202.4138
4432,0.52,-4.9551,-0.0906,-9.0674,4.1123,3.7398,+1.5728,113.1344,170.6384
4433,0.52,-4.8094,+0.0426,-9.0649,4.2555,5.1619,+8.2312,184.6748,190.5810
4434,0.52,-4.6899,+0.0346,-9.0631,4.3732,9.9750,+8.2458,186.7738,199.2906
4435,0.52,-5.0597,-0.1144,-9.0722,4.0125,2.8252,+7.2258,134.6781,173.4366
4436,0.52,-4.6987,-0.0805,-9.0871,4.3884,9.0922,+2.5155,138.5363,185.9293
4437,0.53,-4.8036,-0.0110,-9.0865,4.2829,1.8052,+10.0706,171.6685,194.6501
4438,0.51,-4.9016,-0.1596,-9.0923,4.1908,1.8189,+2.8527,61.6213,171.3051
4439,0.53,-4.4849,+0.0724,-9.0710,4.5861,1.2716,+16.9071,360.4971,219.5732
4440,0.52,-4.6212,+0.1003,-9.0804,4.4592,2.3559,-2.6212,82.8787,185.8286
4441,0.52,-4.8273,+0.0414,-9.0727,4.2454,1.5221,+14.1761,249.5023,196.5042
4442,0.52,-4.8302,-0.0138,-9.0524,4.2221,1.9708,+1.7088,82.3472,176.4167
4443,0.51,-4.4845,-0.0662,-9.0580,4.5736,1.8174,+15.3229,292.6290,207.8644
4444,0.52,-4.9660,-0.0734,-9.0736,4.1075,2.6417,+4.4681,97.0520,153.2568
4445,0.54,-4.8219,-0.0790,-9.0619,4.2400,2.0523,+7.1295,121.5538,171.5495
4446,0.52,-4.0433,-0.0273,-9.0617,5.0184,77.3190,+4.4304,135.6837,190.0943
4447,0.53,-4.5792,-0.0935,-9.0714,4.4922,9.5322,+3.4858,125.9213,186.8798
4448,0.51,-4.7957,+0.0860,-9.0839,4.2882,15.6307,+6.7909,136.4266,187.7047
4449,0.51,-4.6722,-0.0948,-9.0970,4.4248,29.1362,+8.3269,220.9732,194.1394
4450,0.53,-4.8975,-0.2950,-9.1052,4.2077,6.6430,+3.1321,90.2314,166.7895
4451,0.50,-4.5361,-0.2481,-9.0863,4.5502,12.5983,+10.7934,191.3393,198.9626
4452,0.51,-4.7988,+0.0367,-9.0836,4.2848,2.8821,+1.7416,66.5594,173.2893
4453,0.51,-4.6981,-0.0056,-9.0683,4.3703,7.4501,+6.3629,146.7529,188.6381
4454,0.53,-4.7808,-0.2310,-9.0794,4.2986,5.5038,+7.0766,153.3665,189.8696
4455,0.51,-4.6391,-0.0155,-9.0695,4.4304,6.6261,+10.9687,252.1480,197.8277
4456,0.50,-4.6217,+0.2285,-9.0733,4.4516,8.8274,+7.1469,248.7496,207.8602
4457,0.50,-4.6778,-0.0239,-9.0819,4.4041,8.3490,+2.3649,180.9586,191.7897
4458,0.52,-4.8087,-0.3385,-9.0786,4.2698,31.0799,+4.0488,258.1614,181.1518
4459,0.52,-4.7815,-0.0196,-9.0875,4.3060,4.8197,+7.9088,179.5365,190.7018
4460,0.53,-4.8586,-0.0614,-9.0847,4.2261,2.6372,+2.6126,68.7884,174.0650
4461,0.52,-4.5462,-0.1025,-9.0843,4.5381,8.0018,+8.5077,190.3412,202.8433
4462,0.51,-4.7651,+0.1503,-9.0780,4.3129,4.1915,+7.2602,153.8511,188.0822
4463,0.50,-4.9159,+0.1487,-9.0699,4.1540,7.0854,+4.0374,139.6398,176.5504
4464,0.51,-4.8422,-0.0974,-9.0855,4.2433,3.4483,+2.8582,108.1944,174.3729
4465,0.50,-4.5676,+0.0192,-9.0988,4.5312,6.7516,+3.8927,164.8433,191.5371
4466,0.49,-4.5559,-0.1758,-9.1133,4.5573,18.4935,+9.8500,221.8114,205.6913
4467,0.52,-4.6115,+0.0597,-9.1062,4.4947,18.5701,+7.1870,182.7502,190.5879
4468,0.50,-4.9462,+0.1851,-9.0999,4.1537,2.0954,+7.2528,118.0745,179.9773
4469,0.52,-4.7050,-0.2230,-9.0997,4.3946,2.6800,+7.4964,117.2252,182.3565
4470,0.52,-4.6668,+0.0895,-9.0906,4.4238,1.9751,+9.8114,194.6918,195.6769
4471,0.52,-4.5911,+0.0972,-9.1081,4.5170,2.7516,+0.1872,109.6574,176.8829
4472,0.53,-4.6543,+0.0924,-9.0900,4.4357,1.8815,+11.0578,186.1545,195.0793
4473,0.52,-4.5425,-0.0215,-9.0827,4.5402,2.7611,-2.2597,113.2759,181.4576
4474,0.53,-4.6166,-0.1270,-9.0931,4.4765,2.0578,+12.4890,221.4288,203.2431
4475,0.53,-4.8016,+0.1871,-9.0813,4.2798,3.7126,+0.8940,88.6868,173.0000
4476,0.52,-4.8868,+0.0432,-9.0797,4.1929,10.0777,+11.1712,222.4040,182.9196
4477,0.50,-4.9113,-0.0004,-9.0744,4.1630,1.3652,+7.8698,125.9050,175.7409
4478,0.51,-4.7443,+0.0651,-9.0747,4.3304,2.4320,-0.9914,120.3035,169.1690
4479,0.53,-4.6005,+0.0011,-9.0635,4.4630,2.3446,+15.7122,329.6187,214.2914
4480,0.52,-4.7432,-0.1803,-9.0594,4.3163,3.6982,+0.3486,165.9028,172.4409
4481,0.52,-4.4564,-0.0457,-9.0681,4.6117,5.5697,-0.4336,195.5494,188.8305
4482,0.53,-4.8588,+0.0585,-9.0726,4.2138,1.6048,+5.9966,99.9266,177.6450
4483,0.52,-4.9550,-0.0565,-9.0823,4.1273,1.6094,+0.1273,66.2610,161.7465
4484,0.52,-4.6690,-0.0263,-9.0909,4.4220,1.5452,+9.8313,148.3484,201.2204
4485,0.51,-4.7170,-0.0742,-9.1025,4.3856,1.3038,-1.9055,68.3456,178.1924
4486,0.53,-4.7198,-0.1112,-9.0745,4.3547,1.9670,+14.4998,275.8193,206.6074
4487,0.51,-4.9476,-0.0784,-9.0912,4.1436,2.9131,-0.3660,84.6274,161.3626
4488,0.53,-4.8356,+0.1374,-9.0823,4.2467,3.9369,+12.9227,224.7951,191.9201
4489,0.53,-4.8366,+0.2357,-9.0881,4.2515,1.8305,+3.2805,113.2437,179.4650
4490,0.53,-5.0595,+0.0955,-9.0764,4.0169,3.8167,+7.6556,131.8419,175.7826
4491,0.52,-4.9793,+0.1166,-9.0776,4.0983,2.3293,+8.7178,151.9324,180.0897
4492,0.52,-4.6906,+0.1749,-9.0952,4.4046,2.0228,+1.2646,60.6473,187.8860
4493,0.50,-4.6599,+0.2878,-9.0955,4.4356,4.0490,+10.3398,199.3801,198.5064
4494,0.53,-4.9243,-0.0562,-9.0831,4.1588,2.1984,-1.4248,50.8226,164.8744
4495,0.51,-5.0896,+0.1593,-9.1023,4.0127,0.9576,+9.6056,163.4091,184.5775
4496,0.51,-4.8464,-0.0533,-9.1087,4.2623,10.3714,-0.7633,134.9978,191.5602
4497,0.53,-4.7129,+0.1776,-9.0938,4.3809,13.7298,+9.3169,222.6293,201.5004
4498,0.51,-4.8878,+0.0731,-9.0966,4.2089,20.2730,+7.4014,224.4185,195.6396
4499,0.51,-4.6374,+0.1493,-9.1037,4.4663,42.9002,+4.7023,208.5831,213.1310
4500,0.53,-4.6494,-0.0617,-9.1013,4.4519,24.2345,+5.1302,180.3293,201.4833
4501,0.50,-4.8642,-0.1781,-9.0856,4.2214,11.5222,+7.0067,159.6926,194.5618
4502,0.52,-4.7485,+0.1127,-9.0767,4.3281,18.6595,+8.0209,212.6602,197.8925
4503,0.53,-4.5814,+0.2203,-9.0543,4.4729,48.1044,+6.5240,250.0108,211.9550
4504,0.51,-4.7738,-0.1357,-9.0451,4.2713,29.3841,+4.5170,196.3212,195.4524
4505,0.51,-5.1102,+0.1408,-9.0625,3.9523,1.2909,+5.9954,94.4908,174.3231
4506,0.52,-4.8392,-0.0923,-9.0713,4.2321,2.0022,+5.6869,113.7850,197.5790
4507,0.53,-4.9927,+0.0193,-9.0843,4.0916,1.4011,+8.4653,134.2411,188.4335
4508,0.51,-4.6773,+0.1511,-9.0884,4.4111,1.5031,+9.9863,176.5034,210.4185
4509,0.54,-4.8774,-0.0602,-9.0792,4.2018,2.6406,+4.8182,140.1344,179.5879
4510,0.52,-4.8309,+0.2242,-9.0833,4.2523,3.5110,+1.3476,80.2595,174.2381
4511,0.53,-4.8019,+0.0134,-9.0771,4.2752,2.0508,+8.0313,140.0852,182.9232
4512,0.52,-4.8021,-0.1449,-9.0770,4.2749,1.7008,-5.1447,107.5018,173.8752
4513,0.54,-4.8190,-0.0788,-9.0751,4.2561,1.2798,+13.3095,237.9788,204.0599
4514,0.51,-4.7008,+0.2405,-9.0674,4.3666,1.2089,-3.4158,62.6165,181.3977
4515,0.53,-4.8988,-0.0919,-9.0691,4.1703,1.9743,+14.3614,281.0638,194.2983
4516,0.53,-4.6274,-0.0240,-9.0747,4.4473,1.1904,-4.8940,85.6912,186.3283
4517,0.53,-4.6599,-0.0615,-9.0753,4.4154,1.5958,+12.4659,216.2197,198.1575
4518,0.51,-5.0739,+0.0114,-9.0748,4.0009,1.7041,+3.2232,79.0234,162.9429
4519,0.52,-4.8856,+0.0005,-9.0819,4.1963,2.0419,+7.7167,187.4753,178.0474
4520,0.52,-4.7554,+0.2513,-9.0680,4.3126,2.7676,-2.1368,111.3461,172.8086
4521,0.52,-4.7726,-0.0175,-9.0690,4.2963,2.8360,-2.0006,58.9187,168.7739
4522,0.54,-4.8288,+0.0710,-9.0658,4.2371,1.4499,+12.9419,225.7738,197.0014
4523,0.51,-4.9221,+0.1604,-9.0729,4.1508,2.5513,+4.6943,118.2911,171.4878
4524,0.52,-4.9384,-0.0845,-9.0991,4.1607,1.3252,+7.3485,157.3158,182.9941
4525,0.53,-4.5268,-0.0928,-9.0723,4.5455,3.6851,+14.0516,319.0688,223.9370
4526,0.54,-4.9200,-0.0315,-9.0816,4.1616,1.4581,-0.1245,63.8581,172.1113
4527,0.53,-4.7782,-0.1369,-9.1011,4.3229,1.7897,+17.1892,366.6299,220.3629
4528,0.52,-5.0663,+0.0804,-9.1022,4.0359,2.1323,+0.8551,86.5929,160.9446
4529,0.51,-4.8390,-0.0006,-9.0935,4.2545,4.1266,+9.2515,217.7456,190.7512
4530,0.52,-4.8749,-0.0284,-9.1000,4.2252,5.3140,-3.6061,132.3271,171.8896
4531,0.54,-5.0225,+0.0613,-9.1033,4.0808,3.8839,+9.3916,160.9038,182.5251
4532,0.52,-5.1067,+0.0822,-9.0981,3.9914,1.7155,+1.4449,83.5831,155.4120
4533,0.53,-4.5702,-0.0854,-9.0877,4.5175,6.8766,+13.1378,295.1585,211.2167
4534,0.52,-4.8866,+0.0642,-9.0768,4.1903,2.8513,+7.4384,139.6349,183.7145
4535,0.53,-5.0060,+0.2017,-9.0890,4.0830,3.5610,+8.1905,131.8501,170.4710
4536,0.53,-5.1402,-0.1626,-9.0899,3.9498,2.1735,+2.0700,83.4333,150.6263
4537,0.53,-5.0604,+0.1445,-9.0869,4.0265,2.2669,+7.1874,139.3046,165.6523
4538,0.51,-4.7975,-0.0078,-9.0776,4.2801,2.4387,+4.3949,129.5739,177.6680
4539,0.54,-4.6162,-0.0002,-9.0867,4.4706,1.8959,+12.6164,213.0883,202.4196
4540,0.52,-4.9171,-0.0575,-9.1126,4.1955,1.7631,+3.3427,87.3993,165.0934
4541,0.54,-4.8877,+0.1428,-9.0837,4.1960,1.9295,-2.2343,95.0157,162.2747
4542,0.53,-4.9367,+0.2088,-9.0998,4.1631,1.5464,+13.7095,256.1216,189.2033
4543,0.53,-4.7319,+0.0194,-9.1135,4.3816,18.6015,+1.2365,134.2824,182.8701
4544,0.52,-4.8327,+0.1486,-9.1079,4.2752,37.6368,+6.7135,161.6347,173.9267
4545,0.51,-5.0858,+0.0108,-9.1065,4.0207,2.4298,+5.5723,86.6954,159.2800
4546,0.54,-4.8356,+0.0526,-9.1027,4.2671,9.0667,+11.6608,284.1017,191.5706
4547,0.53,-4.9448,+0.0647,-9.1061,4.1612,2.1678,+0.4922,66.6320,168.9232
4548,0.52,-4.6667,-0.0802,-9.1060,4.4393,1.5067,+11.2344,195.7484,206.1263
4549,0.52,-5.1005,+0.1572,-9.1221,4.0216,1.9291,+0.8429,63.8659,165.9888
4550,0.52,-4.6784,+0.0981,-9.1117,4.4333,1.5749,+15.2210,294.6072,207.3061
4551,0.53,-4.9387,-0.0220,-9.1286,4.1899,1.9003,-0.6607,51.5255,172.8419
4552,0.53,-4.8196,-0.0129,-9.1204,4.3009,0.9874,+14.0894,254.5457,203.8298
4553,0.52,-5.1642,+0.0288,-9.1142,3.9500,1.9642,+1.6937,69.0608,155.0351
4554,0.54,-4.8412,-0.0009,-9.1139,4.2727,1.8636,+14.5438,291.3049,202.0280
4555,0.53,-4.8847,-0.0125,-9.0927,4.2079,1.4282,-1.1044,58.1618,160.8776
4556,0.53,-4.7181,+0.1077,-9.0789,4.3607,1.9146,+14.5801,282.6222,194.5067
4557,0.51,-4.8370,+0.0058,-9.0982,4.2612,1.9212,-0.7724,68.2441,169.7615
4558,0.52,-4.7441,+0.0528,-9.1230,4.3789,2.3513,+13.7102,245.0874,199.7182
4559,0.51,-4.7694,+0.0821,-9.1212,4.3518,2.2082,-2.2935,139.6627,174.1430
4560,0.53,-5.1258,-0.0094,-9.1117,3.9858,1.6901,+8.7904,128.1854,169.9991
4561,0.54,-4.8768,+0.1797,-9.1250,4.2482,2.1948,+4.7663,125.0717,184.8058
4562,0.52,-5.0875,+0.1291,-9.1255,4.0381,1.6251,+5.4606,98.7651,168.5169
4563,0.54,-4.9603,+0.0159,-9.1383,4.1780,2.0050,+4.4020,116.1610,173.2461
4564,0.51,-4.8631,-0.1408,-9.1176,4.2545,1.9325,+9.6775,167.5534,181.6995
4565,0.54,-4.7473,-0.0082,-9.1272,4.3798,1.8757,+5.4149,106.1959,185.2978
4566,0.52,-4.9374,-0.0705,-9.1199,4.1825,2.4105,+5.6599,95.5619,181.3431
4567,0.53,-4.9925,+0.1487,-9.1240,4.1315,1.6953,+7.1209,129.8074,175.0503
4568,0.52,-4.8195,-0.0118,-9.1304,4.3109,6.6003,+9.1349,192.7000,197.7150
4569,0.53,-4.9358,-0.0573,-9.1304,4.1946,1.9258,+9.7386,170.3127,190.4610
4570,0.52,-4.7042,-0.3286,-9.1020,4.3978,14.0578,+8.9929,179.0971,192.5727
4571,0.51,-4.7106,+0.0201,-9.0974,4.3868,5.9851,+4.6277,175.2675,188.4577
4572,0.50,-5.1033,+0.0052,-9.0996,3.9963,1.3693,+2.2395,57.0382,157.2344
4573,0.53,-4.6069,+0.1854,-9.0900,4.4830,2.3295,+14.7517,271.4963,211.4253
4574,0.52,-4.8948,-0.0517,-9.0748,4.1801,1.5459,-0.2278,82.0669,170.4597
4575,0.52,-4.9310,+0.0134,-9.0738,4.1428,2.2593,+7.3304,101.6246,172.3396
4576,0.52,-4.8371,+0.0122,-9.0842,4.2471,3.7312,+2.4519,93.6322,182.6459
4577,0.52,-4.9939,+0.0240,-9.1022,4.1083,1.5832,+13.3288,261.5429,187.9351
4578,0.53,-4.9076,+0.0647,-9.1052,4.1975,1.2427,-1.4574,81.1607,173.5310
4579,0.53,-4.7964,-0.1096,-9.1214,4.3250,2.2498,+12.3129,236.7961,202.0262
4580,0.52,-4.9261,-0.0064,-9.1294,4.2033,1.5810,-2.3518,79.1230,175.5287
4581,0.54,-4.8554,-0.0530,-9.1295,4.2741,1.2115,+14.7773,269.2642,216.4992
4582,0.54,-5.0693,+0.0178,-9.1383,4.0691,1.7846,+3.7858,81.0553,177.3188
4583,0.52,-4.8989,-0.1479,-9.1285,4.2297,2.4391,+13.6808,266.9556,206.1898
4584,0.53,-5.0184,-0.0230,-9.1297,4.1113,1.7826,-1.4885,95.9222,165.3454
4585,0.52,-4.8743,+0.0591,-9.1369,4.2626,2.9095,+12.5750,231.6089,194.0082
4586,0.53,-5.0506,-0.0537,-9.1269,4.0763,2.2837,+3.2217,84.0952,167.3821
4587,0.53,-4.9412,+0.0392,-9.1188,4.1776,2.5129,+9.9526,180.7937,184.8629
4588,0.52,-5.0705,+0.0724,-9.1319,4.0615,4.4215,+4.3796,73.4185,161.3711
4589,0.53,-4.9338,-0.2253,-9.1378,4.2040,2.3786,+14.3977,289.1341,197.3700
4590,0.54,-5.0079,+0.0717,-9.1429,4.1350,3.2774,+3.6929,88.8007,165.1978
4591,0.53,-5.1677,-0.1516,-9.1376,3.9699,1.7147,+8.4897,136.8247,170.3699
4592,0.54,-5.0046,-0.0721,-9.1466,4.1420,2.4157,+6.6719,127.5697,176.1920
4593,0.53,-5.1035,+0.1258,-9.1401,4.0366,1.4728,+10.8510,174.7325,178.2917
4594,0.53,-4.7649,-0.1306,-9.1277,4.3629,1.9690,+9.6897,178.3159,191.1859
4595,0.54,-5.1110,+0.1203,-9.1307,4.0197,4.1805,+2.0983,92.6247,154.4741
4596,0.53,-4.8375,+0.1336,-9.1089,4.2714,6.9338,+8.1457,145.7674,180.4039
4597,0.53,-5.1917,-0.0392,-9.1120,3.9204,6.4595,+6.4896,132.7674,159.9359
4598,0.54,-4.8786,+0.1313,-9.1126,4.2340,4.4870,+8.8954,173.7100,186.5199
4599,0.53,-4.8782,-0.0638,-9.1050,4.2268,1.6898,+1.2539,72.3311,178.4231
4600,0.54,-4.8244,-0.0123,-9.1068,4.2824,7.6084,+4.8846,105.7545,169.9424
4601,0.54,-4.8093,+0.0745,-9.1018,4.2925,6.1149,+4.0630,96.2488,180.6624
4602,0.51,-4.9358,-0.1000,-9.0966,4.1608,22.9146,+4.1668,149.4322,173.5467
4603,0.53,-4.8236,+0.0719,-9.1173,4.2937,12.2471,+4.2324,139.9364,184.5156
4604,0.53,-4.7091,+0.0842,-9.1305,4.4213,21.8697,+5.4081,191.6945,186.2081
4605,0.51,-4.4699,-0.0889,-9.1320,4.6620,72.4270,+6.1723,293.6760,216.0159
4606,0.52,-4.5568,-0.0117,-9.1268,4.5700,35.0375,+6.1635,258.5835,209.1713
4607,0.50,-4.6559,+0.1135,-9.1408,4.4849,42.2443,+7.0193,325.2182,204.7251
4608,0.54,-4.5510,-0.1174,-9.1305,4.5796,44.0177,+6.4276,266.2349,211.3550
4609,0.53,-4.7604,+0.1243,-9.1349,4.3745,38.4477,+6.2279,238.2091,201.8268
4610,0.52,-4.8292,+0.0029,-9.1369,4.3078,30.2024,+7.2662,251.2954,203.3308
4611,0.53,-4.8343,+0.1514,-9.1178,4.2835,28.2361,+7.4982,249.0644,196.0700
4612,0.51,-4.7531,+0.1099,-9.1155,4.3624,52.3641,+6.5015,271.2813,194.6597
4613,0.53,-4.6084,+0.1156,-9.1046,4.4962,58.3924,+7.7451,303.3260,202.9628
4614,0.53,-4.7074,+0.0414,-9.1137,4.4063,29.6558,+7.4972,223.5427,199.1996
4615,0.53,-4.7402,+0.0574,-9.1135,4.3733,38.6869,+7.7537,255.6268,200.9361
4616,0.55,-4.8371,+0.0072,-9.1138,4.2767,52.4116,+8.5895,333.0558,198.8465
4617,0.52,-4.7939,-0.2610,-9.1242,4.3303,29.4187,+8.3158,308.3750,202.0149
4618,0.53,-4.9460,+0.0654,-9.1174,4.1714,5.0647,+5.5620,154.0713,186.8699
4619,0.51,-4.9575,+0.0939,-9.1263,4.1688,19.5108,+7.5644,246.3588,190.5603
4620,0.52,-4.8231,-0.0946,-9.1244,4.3013,20.0514,+7.0005,204.5833,193.6998
4621,0.52,-4.5978,+0.0292,-9.1197,4.5218,34.7090,+6.3796,215.2320,201.2923
4622,0.53,-4.7634,-0.1346,-9.1017,4.3382,31.7303,+4.3939,169.6059,180.3456
4623,0.51,-4.7930,+0.0837,-9.1282,4.3352,32.3230,+7.3328,210.4183,182.8408
4624,0.54,-4.7480,+0.0597,-9.1275,4.3795,27.6033,+7.5915,237.1340,194.3598
4625,0.53,-4.7332,+0.0231,-9.1172,4.3840,38.0169,+6.5759,198.0180,192.8484
4626,0.52,-4.4749,+0.0347,-9.1119,4.6369,38.8722,+6.6139,231.5983,203.1001
4627,0.51,-4.8199,+0.1038,-9.1164,4.2965,34.4858,+5.7511,211.3757,176.7111
4628,0.53,-4.8525,-0.1517,-9.1347,4.2822,14.7081,+5.7206,159.7019,186.4412
4629,0.52,-4.8094,-0.6587,-9.1410,4.3316,34.8165,+7.5895,253.2372,193.6376
4630,0.53,-4.7901,+0.0355,-9.1388,4.3487,3.7771,+7.0002,127.7365,189.5584
4631,0.53,-5.0424,-0.0069,-9.1274,4.0850,1.7348,+2.5294,59.8469,166.2253
4632,0.51,-4.5126,+0.0006,-9.1220,4.6094,3.3246,+16.1808,318.7448,227.8279
4633,0.52,-5.0155,-0.0394,-9.1501,4.1346,2.5690,+2.7512,86.5157,166.5818
4634,0.52,-5.1053,-0.0976,-9.1453,4.0400,1.6664,+8.9832,140.0173,184.0773
4635,0.53,-4.8199,-0.1204,-9.1446,4.3246,1.3567,+5.1444,114.8439,198.3254
4636,0.51,-5.0734,+0.0977,-9.1472,4.0738,3.2781,+12.1398,203.7736,187.8924
4637,0.53,-4.8263,+0.1931,-9.1453,4.3190,1.8248,+5.9348,99.0666,182.0315
4638,0.53,-4.5367,-0.0766,-9.1330,4.5963,6.2351,+8.0079,215.6183,211.3628
4639,0.53,-4.8790,+0.0854,-9.1227,4.2437,1.8022,+5.6910,96.9337,192.9223
4640,0.51,-4.9874,-0.0121,-9.1259,4.1385,1.7379,+9.4892,139.2018,196.4487
4641,0.52,-5.1333,-0.0309,-9.1318,3.9985,3.3542,+8.7591,172.8015,172.5950
4642,0.54,-4.9633,+0.0977,-9.1257,4.1624,1.6345,-0.0825,100.4466,161.0063
4643,0.52,-4.8806,+0.1988,-9.1238,4.2432,1.6184,+10.6718,183.4213,183.7267
4644,0.52,-4.7036,+0.1880,-9.1253,4.4217,3.5841,-0.2471,103.7919,186.5865
4645,0.53,-4.9224,+0.1996,-9.1170,4.1946,1.3903,+5.8455,86.3752,177.8933
4646,0.54,-4.8689,+0.0410,-9.1143,4.2455,1.2206,+3.8719,56.4804,174.5454
4647,0.52,-4.8972,-0.0560,-9.1079,4.2107,1.5736,+11.7591,199.2527,189.2858
4648,0.53,-5.0471,-0.1029,-9.1307,4.0836,2.0697,+1.1565,77.7681,165.9891
4649,0.53,-4.9466,+0.2848,-9.1240,4.1774,2.1065,+5.9688,95.4236,175.5753
4650,0.55,-4.7864,+0.0022,-9.1178,4.3314,1.7438,-0.0266,87.1134,186.1741
4651,0.53,-4.9919,-0.0059,-9.1226,4.1307,1.6553,+8.0879,110.0346,175.2170
4652,0.55,-4.9563,+0.1534,-9.1218,4.1656,1.5203,+3.5012,89.1449,178.6688
4653,0.51,-4.9916,-0.0669,-9.1184,4.1268,1.9609,+8.1574,135.4994,172.5356
4654,0.52,-4.8985,+0.0930,-9.1270,4.2285,12.3207,+1.4107,135.9651,175.4571
4655,0.52,-5.3894,+0.1240,-9.1313,3.7419,9.2346,+7.0406,112.3888,144.3809
4656,0.53,-4.9181,+0.0232,-9.1177,4.1996,4.1424,+3.1417,90.9995,172.3190
4657,0.54,-4.8841,+0.2264,-9.1196,4.2355,12.2652,+6.4413,180.2855,179.3435
4658,0.53,-4.8175,+0.0281,-9.1036,4.2861,22.6924,+4.9696,197.4599,181.7096
4659,0.52,-5.0293,-0.0025,-9.1084,4.0791,1.8429,+4.1214,78.2197,175.1991
4660,0.51,-4.8135,-0.1132,-9.1243,4.3107,4.0329,+8.6395,141.3943,192.9750
4661,0.51,-4.8505,+0.0870,-9.1221,4.2717,1.9999,+3.2371,76.2014,184.4962
4662,0.52,-4.9833,-0.0469,-9.1250,4.1417,2.2537,+8.0083,105.3470,175.5855
4663,0.52,-5.0008,-0.0337,-9.1265,4.1258,2.1538,-0.5242,75.1534,162.0004
4664,0.52,-4.7578,+0.0429,-9.1357,4.3779,2.0764,+13.2538,258.0791,202.8687
4665,0.54,-4.9644,+0.0223,-9.1168,4.1524,1.3891,+1.4797,113.7339,167.2312
4666,0.53,-4.9294,-0.0687,-9.1345,4.2051,2.3519,+10.2020,186.9608,186.6663
4667,0.51,-5.1283,-0.0162,-9.1389,4.0106,2.4545,+4.0593,86.1755,156.8237
4668,0.53,-4.7104,+0.0054,-9.1442,4.4338,3.4488,-1.7404,140.0961,182.8923
4669,0.53,-4.9854,-0.0893,-9.1365,4.1511,1.1751,+9.7690,154.4908,189.2987
4670,0.53,-4.7195,-0.0155,-9.1287,4.4092,1.7373,-4.2418,73.0948,176.2065
4671,0.53,-4.8578,+0.1170,-9.1400,4.2822,1.4760,+13.6833,245.2723,207.3587
4672,0.54,-4.8334,+0.0100,-9.1367,4.3033,3.3422,-3.5267,109.5818,177.9612
4673,0.54,-5.0243,+0.0051,-9.1341,4.1098,1.3662,+10.9076,178.8701,194.7687
4674,0.52,-4.8390,+0.0586,-9.1395,4.3005,1.7777,+3.1674,107.5188,184.9880
4675,0.53,-4.9392,+0.0450,-9.1560,4.2168,1.3569,+7.3558,126.6811,183.5866
4676,0.52,-4.9229,-0.0944,-9.1628,4.2398,2.6972,-2.2693,81.8919,174.0038
4677,0.54,-5.0214,+0.0303,-9.1524,4.1311,1.2542,+11.4178,191.7732,181.9304
4678,0.53,-4.8748,-0.1301,-9.1458,4.2710,1.8732,+0.8143,75.3644,181.6037
4679,0.54,-4.8729,+0.0280,-9.1346,4.2617,1.6135,+11.0042,184.1553,191.6742
4680,0.52,-4.9382,-0.1049,-9.1472,4.2091,2.5823,-1.3198,69.3240,164.8832
4681,0.54,-4.9575,+0.1178,-9.1621,4.2045,2.6189,+13.8016,251.9788,199.0974
4682,0.54,-4.9724,+0.0282,-9.1398,4.1674,1.3405,+2.0988,57.9342,171.7178
4683,0.53,-4.9430,-0.0890,-9.1356,4.1926,1.5608,+10.6481,187.5686,186.2338
4684,0.51,-4.8500,-0.0538,-9.1305,4.2804,1.3448,-0.9178,73.9723,174.4333
4685,0.54,-4.7899,-0.1708,-9.1167,4.3268,1.2426,+15.1920,276.9168,202.9462
4686,0.54,-5.0099,+0.0206,-9.1241,4.1142,1.3706,+0.2943,59.1638,166.4140
4687,0.54,-5.1980,-0.1028,-9.1306,3.9327,1.5087,+8.8882,156.7602,169.0678
4688,0.53,-4.9869,+0.1038,-9.1381,4.1511,1.6658,-1.0780,114.1899,166.7192
4689,0.53,-4.7039,+0.0929,-9.1353,4.4314,1.2923,+15.0957,289.7885,215.2450
4690,0.51,-4.9845,-0.0551,-9.1191,4.1346,2.5600,-2.7172,91.6148,162.9864
4691,0.53,-4.9144,+0.0433,-9.1329,4.2184,1.3646,+12.6693,230.4356,191.6103
4692,0.52,-4.9750,-0.2591,-9.1254,4.1504,1.6004,-0.9216,68.4243,166.1144
4693,0.53,-5.0040,+0.0686,-9.1305,4.1265,1.8618,+14.2715,260.8139,189.2406
4694,0.54,-5.0759,-0.1350,-9.1431,4.0672,1.6427,+4.7102,113.2930,169.5377
4695,0.54,-4.9835,-0.0358,-9.1413,4.1578,3.2799,+13.0151,272.9099,197.2571
4696,0.54,-4.9520,+0.1170,-9.1448,4.1929,3.0075,+0.2642,84.5265,170.2719
4697,0.53,-4.6515,-0.0521,-9.1504,4.4989,4.6091,+12.2669,235.6284,206.1686
4698,0.53,-5.1388,+0.0786,-9.1542,4.0154,2.1507,+2.7616,85.6992,161.2782
4699,0.53,-4.8853,-0.0137,-9.1404,4.2551,2.2760,+15.7341,299.3260,197.0940
4700,0.51,-5.0974,+0.1352,-9.1360,4.0387,2.3909,+2.7646,104.0954,165.2025
4701,0.53,-4.9472,-0.0253,-9.1402,4.1930,2.8832,+9.9878,159.3294,186.5858
4702,0.52,-5.0333,-0.1984,-9.1470,4.1137,2.6806,+4.6739,81.3135,174.5864
4703,0.53,-4.8444,-0.1264,-9.1447,4.3003,5.1464,+10.5291,185.8456,198.0393
4704,0.51,-5.1508,-0.0109,-9.1354,3.9846,2.6588,+10.3560,160.7758,169.4781
4705,0.54,-5.0120,-0.0629,-9.1442,4.1322,2.6977,+7.8539,154.2414,174.6125
4706,0.52,-5.0773,+0.1151,-9.1416,4.0642,3.0469,-1.7669,61.3425,156.7601
4707,0.54,-4.7911,-0.0118,-9.1352,4.3441,1.6401,+14.2841,292.3786,208.5906
4708,0.52,-5.0789,-0.0508,-9.1511,4.0721,1.9317,-0.4073,49.5292,163.0966
4709,0.52,-4.7717,-0.1019,-9.1332,4.3616,1.3034,+16.7007,328.0220,211.3985
4710,0.53,-5.0868,+0.0516,-9.1488,4.0620,1.8661,-0.1363,79.9040,160.5334
4711,0.53,-4.9229,+0.2285,-9.1464,4.2235,2.0765,+14.3310,259.8865,198.2581
4712,0.53,-4.9861,-0.0339,-9.1570,4.1709,1.4782,+2.5052,74.8690,171.2460
4713,0.55,-4.9388,-0.0333,-9.1654,4.2267,2.5138,+15.0265,298.0004,199.5780
4714,0.53,-5.0122,+0.0257,-9.1502,4.1381,1.6262,-0.2517,72.7838,169.7802
4715,0.55,-4.9794,-0.1110,-9.1556,4.1762,1.2916,+15.1566,273.2505,190.6301
4716,0.51,-4.8840,+0.0071,-9.1496,4.2657,2.1250,-0.7085,118.1452,174.7144
4717,0.54,-4.9256,-0.0365,-9.1496,4.2239,3.0836,+15.7001,324.8416,206.2718
4718,0.53,-4.9800,+0.0466,-9.1449,4.1649,2.1739,+1.1418,110.7148,182.0668
4719,0.55,-5.1029,-0.0519,-9.1421,4.0392,2.2751,+11.0945,213.4650,176.2736
4720,0.54,-4.9853,+0.0089,-9.1407,4.1554,1.7617,+1.1578,51.2249,164.9583
4721,0.50,-4.9020,-0.0621,-9.1571,4.2552,1.3964,+14.1470,253.8434,203.5833
4722,0.52,-4.8989,+0.0089,-9.1644,4.2654,4.8140,-1.9046,119.5791,174.7943
4723,0.54,-5.1955,+0.0021,-9.1712,3.9757,5.7825,+9.8465,163.7964,179.9652
4724,0.51,-4.9142,+0.0235,-9.1716,4.2574,6.7595,+7.8474,166.9523,181.0692
4725,0.53,-5.0889,-0.1205,-9.1693,4.0804,1.7979,+3.5560,70.7973,164.7369
4726,0.52,-4.9679,-0.0506,-9.1691,4.2012,1.6009,+7.3559,109.3361,187.7013
4727,0.52,-4.9650,-0.1662,-9.1800,4.2150,1.2834,+5.0834,106.5446,182.7001
4728,0.52,-4.9504,+0.0080,-9.1769,4.2265,1.5429,+6.0186,115.4573,188.0613
4729,0.54,-4.9770,-0.1697,-9.1735,4.1965,2.3341,+1.1627,76.6191,173.5755
4730,0.54,-5.0866,-0.1567,-9.1640,4.0774,1.3539,+10.1238,151.2495,171.6605
4731,0.54,-5.0273,+0.1335,-9.1638,4.1365,2.9307,+1.6545,81.2671,156.4639
4732,0.54,-5.0256,-0.0079,-9.1768,4.1512,1.2208,+10.1082,164.2309,178.3239
4733,0.52,-5.0867,+0.1696,-9.1729,4.0861,2.1309,+2.5732,97.5998,167.3440
4734,0.52,-5.2404,+0.1463,-9.1668,3.9264,2.3555,+8.9535,160.8446,169.1121
4735,0.52,-5.1690,-0.1351,-9.1704,4.0015,1.6505,-0.1213,53.0712,164.9134
4736,0.54,-5.1360,-0.0218,-9.1699,4.0339,1.3107,+11.3603,183.2210,182.2969
4737,0.54,-5.0318,-0.1445,-9.1744,4.1427,1.8063,+0.5111,104.8394,167.6309
4738,0.53,-5.0036,-0.0042,-9.1696,4.1660,1.2676,+11.6277,222.2498,186.3649
4739,0.52,-4.9335,+0.0287,-9.1612,4.2277,2.1948,-0.3461,102.2062,170.9257
4740,0.54,-4.8544,-0.0053,-9.1579,4.3035,6.1751,+11.7694,266.6932,201.2783
4741,0.54,-5.2957,-0.0932,-9.1580,3.8623,1.3226,+3.5636,63.5141,153.7300
4742,0.53,-5.0235,-0.0910,-9.1718,4.1483,0.7746,+8.0862,103.1702,177.7747
4743,0.53,-5.0242,-0.0187,-9.1543,4.1301,1.4023,+7.9827,113.2275,172.4296
4744,0.54,-4.9728,+0.0305,-9.1527,4.1798,1.5789,+6.9923,108.0033,188.8185
4745,0.52,-5.0459,+0.2010,-9.1612,4.1153,1.4280,+9.1910,157.4771,182.8639
4746,0.53,-5.0546,+0.0419,-9.1682,4.1136,1.1286,-0.1120,61.2367,161.6667
4747,0.54,-4.7702,+0.1749,-9.1778,4.4076,0.8663,+15.0210,300.2458,211.1163
4748,0.54,-4.8893,-0.0429,-9.1705,4.2812,1.9369,+7.7918,130.3203,189.9584
4749,0.52,-5.1169,-0.0996,-9.1602,4.0433,2.5069,+4.5768,99.7581,168.3877
4750,0.54,-4.9741,-0.0652,-9.1660,4.1919,10.2733,+4.7482,138.2482,178.0689
4751,0.54,-4.7410,+0.0252,-9.1724,4.4314,22.0125,+6.5460,173.9352,193.8591
4752,0.54,-4.8580,-0.0632,-9.1680,4.3100,28.5321,+5.5763,199.6008,187.0120
4753,0.54,-4.8930,+0.1304,-9.1690,4.2760,26.5904,+6.6589,218.9815,187.0709
4754,0.53,-4.9598,-0.0826,-9.1593,4.1995,31.6773,+7.6212,238.3734,186.2842
4755,0.54,-4.8375,+0.1855,-9.1607,4.3232,33.1623,+6.9622,215.1116,191.2669
4756,0.55,-4.7455,+0.0257,-9.1550,4.4096,32.8401,+7.2563,259.0563,203.6605
4757,0.53,-4.8838,-0.1175,-9.1494,4.2656,47.9530,+5.7378,258.8690,201.5289
4758,0.52,-4.7280,-0.5166,-9.1430,4.4150,29.4447,+6.6909,239.0472,195.0372
4759,0.54,-4.8158,+0.0017,-9.1524,4.3366,32.8852,+5.3933,199.6319,187.5687
4760,0.52,-4.6782,-0.0750,-9.1670,4.4888,53.2102,+7.1530,254.6041,197.7122
4761,0.53,-4.7812,-0.0197,-9.1667,4.3855,32.8646,+5.5720,211.9102,193.7109
4762,0.53,-4.7391,-0.0356,-9.1689,4.4298,41.5542,+6.6128,233.4865,195.9926
4763,0.54,-4.8019,+0.0791,-9.1614,4.3596,33.0357,+7.0713,239.4312,197.0191
4764,0.53,-4.8913,-0.1521,-9.1673,4.2760,23.8178,+7.6408,252.3901,192.3123
4765,0.55,-4.5587,-0.0300,-9.1679,4.6091,56.0951,+7.3448,300.4109,214.7619
4766,0.51,-4.7763,+0.0253,-9.1728,4.3966,38.3425,+6.3752,259.8277,202.1063
4767,0.52,-4.7961,+0.0205,-9.1689,4.3728,33.0263,+7.1030,263.4937,190.7015
4768,0.53,-4.6140,+0.0602,-9.1707,4.5567,35.8174,+5.6032,264.3009,203.5652
4769,0.52,-4.7962,-0.0706,-9.1648,4.3687,31.0691,+6.3928,258.6450,194.0800
4770,0.51,-4.6413,-0.1337,-9.1654,4.5241,40.0387,+7.9561,311.3224,220.5765
4771,0.54,-4.8021,+0.2478,-9.1568,4.3547,47.9787,+7.6431,286.5274,203.9801
4772,0.52,-4.4468,-0.1579,-9.1463,4.6995,53.0905,+8.4541,344.0341,223.8922
4773,0.54,-4.6784,-0.0013,-9.1553,4.4769,72.5433,+6.5898,322.9939,206.8717
4774,0.52,-4.6639,-0.0157,-9.1542,4.4903,50.6990,+7.2945,300.3402,207.8201
4775,0.53,-5.0061,-0.1886,-9.1616,4.1555,19.9298,+6.5404,197.1435,175.1625
4776,0.54,-4.9710,-0.2634,-9.1560,4.1850,8.6462,+7.2639,176.9323,181.2835
4777,0.53,-4.5276,-0.0364,-9.1625,4.6350,42.0641,+8.5914,329.8882,216.2000
4778,0.52,-4.6449,-0.2420,-9.1578,4.5129,38.9658,+8.1563,287.9901,207.9412
4779,0.51,-5.1427,-0.0073,-9.1585,4.0157,3.5131,+7.5853,128.7889,173.7149
4780,0.53,-5.0157,+0.0241,-9.1562,4.1405,1.8489,+10.6901,199.4335,185.5930
4781,0.51,-4.9805,+0.0847,-9.1595,4.1790,2.7583,+6.1892,114.4077,182.6599
4782,0.53,-5.0053,-0.0281,-9.1647,4.1594,2.0111,+6.6316,111.3990,179.8905
4783,0.55,-4.9516,+0.0921,-9.1569,4.2053,2.2849,+4.2403,78.2827,184.0368
4784,0.54,-4.7880,-0.2513,-9.1553,4.3672,3.9334,+12.1987,264.9106,202.1609
4785,0.51,-4.9162,-0.1119,-9.1564,4.2402,2.4880,+2.5955,126.9968,176.3466
4786,0.52,-4.8838,-0.0886,-9.1677,4.2840,1.4661,+5.4574,82.0378,185.7194
4787,0.52,-4.9336,+0.0505,-9.1621,4.2285,1.8411,+6.1244,100.4635,197.4899
4788,0.53,-4.8641,-0.0523,-9.1583,4.2942,1.2690,+9.5509,137.2141,190.6499
4789,0.54,-4.7985,+0.1651,-9.1565,4.3580,7.5822,+1.6162,129.9831,183.3237
4790,0.52,-5.1592,+0.1079,-9.1640,4.0048,10.2210,+5.8160,124.8782,168.1896
4791,0.53,-5.0396,-0.0687,-9.1639,4.1243,1.8013,+8.7081,143.5436,173.1480
4792,0.53,-5.0202,+0.0807,-9.1555,4.1353,1.7770,+5.3961,104.1286,168.6057
4793,0.52,-5.0106,-0.0494,-9.1683,4.1578,2.6248,+6.7483,132.4946,181.8780
4794,0.52,-4.8501,-0.0516,-9.1642,4.3141,3.5276,+9.2734,157.9120,192.3879
4795,0.54,-5.0481,-0.0616,-9.1680,4.1199,2.0803,+3.7500,110.1750,167.9338
4796,0.52,-4.6110,-0.2680,-9.1634,4.5524,22.3203,+0.1543,206.0558,197.1642
4797,0.54,-4.6381,+0.0125,-9.1649,4.5268,40.2518,+3.4699,222.4193,196.9436
4798,0.52,-4.6919,+0.0226,-9.1497,4.4578,37.6188,+5.6168,249.1899,200.8930
4799,0.52,-4.7195,-0.0412,-9.1544,4.4349,47.6719,+7.3007,295.5032,206.3690
4800,0.54,-5.1360,+0.1595,-9.1534,4.0174,16.8925,+6.0976,193.6613,178.6325
4801,0.54,-4.8514,-0.0135,-9.1423,4.2910,33.6321,+6.5743,210.9214,189.9376
4802,0.53,-4.7857,-0.0012,-9.1513,4.3656,28.8215,+6.6724,186.4525,187.7786
4803,0.52,-4.7598,+0.3615,-9.1469,4.3871,48.9435,+7.1860,265.0052,189.3584
4804,0.52,-4.6821,-0.0448,-9.1325,4.4505,41.4706,+6.7177,256.2077,197.4888
4805,0.53,-4.7727,-0.0139,-9.1456,4.3730,39.2913,+6.1508,258.2457,201.7446
4806,0.54,-4.7406,-0.0926,-9.1531,4.4125,38.3263,+6.8696,230.1563,202.7782
4807,0.53,-4.8286,+0.1278,-9.1458,4.3171,38.1363,+7.1300,242.2427,199.8012
4808,0.52,-4.7066,-0.1168,-9.1454,4.4388,25.5924,+6.3604,215.2080,209.6655
4809,0.52,-4.8647,+0.0277,-9.1569,4.2922,45.5056,+7.6414,261.7409,195.1864
4810,0.52,-4.6090,-0.1701,-9.1446,4.5356,58.1425,+7.8531,279.9600,212.8024
4811,0.52,-4.9941,-0.0776,-9.1433,4.1492,7.0014,+6.0523,145.3913,174.3420
4812,0.52,-4.6719,-0.1221,-9.1290,4.4571,48.8055,+5.6969,206.7105,192.9513
4813,0.53,-4.6769,+0.0099,-9.1240,4.4471,49.0803,+6.4672,238.4287,199.2634
4814,0.53,-4.7723,+0.0574,-9.1313,4.3590,31.2580,+6.6018,226.1253,199.3507
4815,0.54,-4.7379,+0.0284,-9.1353,4.3974,37.0945,+6.7115,235.8563,202.6136
4816,0.54,-4.6505,+0.0041,-9.1473,4.4968,34.4239,+7.7701,235.2052,207.0891
4817,0.53,-4.5280,-0.2664,-9.1433,4.6153,53.3947,+7.7867,251.3347,198.0716
4818,0.52,-4.7421,-0.0433,-9.1527,4.4107,50.7403,+7.3173,278.6542,203.7523
4819,0.54,-4.6810,-0.1862,-9.1553,4.4742,45.5978,+6.9524,341.3889,210.2698
4820,0.53,-4.7028,-0.0064,-9.1616,4.4588,40.4507,+6.4301,294.2762,212.5591
4821,0.52,-4.7645,-0.0831,-9.1681,4.4036,29.5583,+7.5647,272.2927,212.4824
4822,0.53,-4.9127,-0.4424,-9.1420,4.2293,18.6340,+6.8232,243.2510,202.6723
4823,0.53,-4.7705,-0.0487,-9.1409,4.3703,39.3714,+6.5913,249.8097,203.6857
4824,0.52,-4.7528,+0.0079,-9.1526,4.3998,38.6862,+7.6185,280.3657,210.9325
4825,0.52,-4.9049,-0.1028,-9.1530,4.2481,27.7797,+8.1092,252.2572,196.8604
4826,0.52,-4.7657,-0.2392,-9.1481,4.3824,38.2067,+8.4743,326.8552,198.5880
4827,0.53,-4.8721,-0.1517,-9.1493,4.2772,22.4579,+5.5949,205.6299,186.5105
4828,0.52,-4.7072,+0.0987,-9.1468,4.4396,35.7655,+6.6573,274.8331,197.8700
4829,0.51,-4.8157,+0.1412,-9.1408,4.3251,29.2415,+6.5021,249.0173,201.6133
4830,0.52,-4.7487,+0.0116,-9.1367,4.3880,46.5962,+6.4869,349.3595,208.2219
4831,0.52,-4.5869,+0.1315,-9.1426,4.5557,26.3504,+6.2514,293.5504,214.3650
4832,0.52,-4.9128,+0.1372,-9.1538,4.2410,43.8067,+5.2191,278.7379,193.1776
4833,0.52,-4.5857,+0.2093,-9.1559,4.5702,45.0992,+6.7723,343.3239,224.7287
4834,0.52,-4.7992,+0.1954,-9.1521,4.3529,32.8656,+7.2932,281.3318,209.0205
4835,0.51,-4.8335,+0.1516,-9.1331,4.2996,37.0513,+6.8124,262.1027,200.0799
4836,0.51,-4.6299,+0.0662,-9.1349,4.5050,35.1066,+6.8001,252.9875,201.9540
4837,0.52,-4.8044,+0.0958,-9.1401,4.3357,36.4628,+7.0151,283.2331,198.4591
4838,0.51,-4.6933,+0.1102,-9.1515,4.4582,34.6089,+5.8951,249.2339,206.7410
4839,0.53,-4.8309,-0.1776,-9.1522,4.3213,25.9272,+6.2014,229.6108,198.2775
4840,0.53,-5.0433,-0.0577,-9.1610,4.1177,33.9768,+4.9718,210.6494,174.5735
4841,0.50,-4.8495,+0.0415,-9.1639,4.3144,42.9673,+6.1921,244.1128,186.3022
4842,0.53,-4.8739,-0.2108,-9.1693,4.2955,35.4079,+6.1796,219.8557,187.1537
4843,0.52,-4.7894,-0.2681,-9.1631,4.3737,27.0955,+6.9315,258.2090,192.4569
4844,0.52,-4.7496,-0.1076,-9.1502,4.4006,59.3033,+5.0830,211.2618,189.7686
4845,0.52,-4.6965,-0.0614,-9.1438,4.4473,50.6161,+5.8784,200.2071,197.3531
4846,0.52,-4.6480,+0.1775,-9.1362,4.4882,40.3334,+4.8159,219.1364,193.5709
4847,0.52,-4.7366,-0.1732,-9.1420,4.4054,55.6924,+6.2445,217.8086,191.3569
4848,0.52,-4.6153,+0.0083,-9.1459,4.5306,62.4254,+5.4766,195.5576,194.9170
4849,0.55,-4.7243,+0.2258,-9.1442,4.4199,46.4602,+6.5324,220.6308,191.0849
4850,0.53,-4.6958,-0.1116,-9.1404,4.4446,52.0308,+6.0480,221.7622,197.0516
4851,0.54,-4.7830,+0.2140,-9.1325,4.3495,40.2015,+5.6710,197.7140,190.4678
4852,0.53,-4.8108,-0.0204,-9.1398,4.3290,31.3102,+6.9702,193.6245,198.0902
4853,0.51,-4.6833,+0.0825,-9.1447,4.4614,41.4173,+7.5057,208.8523,195.0944
4854,0.52,-4.8217,+0.0905,-9.1392,4.3175,45.6045,+5.8277,220.5390,194.8748
4855,0.52,-5.0170,+0.0247,-9.1416,4.1246,8.9250,+5.7918,151.9723,176.1142
4856,0.53,-4.8347,-0.0934,-9.1483,4.3136,50.9690,+3.9437,187.7960,186.3122
4857,0.53,-4.6932,+0.1074,-9.1434,4.4502,42.1157,+4.2734,211.0556,194.0483
4858,0.52,-4.6081,+0.0606,-9.1474,4.5392,47.6800,+5.5345,238.7306,206.0971
4859,0.53,-4.9675,+0.1998,-9.1498,4.1823,28.2055,+4.7629,154.1801,180.4879
4860,0.52,-4.7408,+0.1545,-9.1463,4.4055,49.0174,+6.2998,251.5193,193.2955
4861,0.52,-4.6350,-0.0429,-9.1565,4.5215,37.7025,+6.7584,262.8547,211.5827
4862,0.52,-4.8187,-0.0436,-9.1483,4.3295,16.1266,+5.4981,152.6028,189.4326
4863,0.53,-4.8627,-0.0362,-9.1600,4.2973,31.2423,+6.1182,181.4525,196.9537
4864,0.52,-4.7963,+0.0561,-9.1626,4.3664,19.0044,+7.2978,193.8523,198.3343
4865,0.54,-4.7196,-0.0361,-9.1662,4.4466,37.8389,+8.2945,204.2447,204.7820
4866,0.53,-4.6930,+0.1049,-9.1505,4.4575,38.8668,+8.4267,262.3143,213.8962
4867,0.54,-4.7406,+0.0823,-9.1367,4.3961,30.0737,+7.7175,216.6005,203.3564
4868,0.54,-4.6950,-0.0623,-9.1471,4.4521,39.7167,+8.3483,254.3235,206.6043
4869,0.53,-4.7411,-0.0401,-9.1447,4.4036,47.6425,+8.7700,324.1961,219.3081
4870,0.51,-4.8800,+0.1224,-9.1465,4.2665,48.8868,+8.4067,311.6884,203.6596
4871,0.54,-4.7014,-0.2339,-9.1353,4.4339,42.0945,+6.9368,254.6456,208.6150
4872,0.53,-4.6665,-0.1062,-9.1430,4.4765,53.9414,+6.6441,272.9410,209.2020
4873,0.53,-4.8051,-0.0427,-9.1412,4.3362,27.2605,+6.5476,204.6024,191.6836
4874,0.52,-4.7312,-0.0420,-9.1299,4.3987,31.8012,+6.3717,224.2246,197.2515
4875,0.52,-4.7863,-0.6176,-9.1309,4.3446,33.2818,+5.5357,219.5029,183.5269
4876,0.50,-4.6261,+0.0660,-9.1269,4.5008,42.9070,+6.5463,265.8682,202.8667
4877,0.52,-4.9409,+0.0346,-9.1173,4.1764,18.4121,+5.4282,213.6003,181.5245
4878,0.52,-4.7279,+0.0370,-9.1297,4.4018,40.3557,+6.4289,252.4783,198.5935
4879,0.51,-4.6601,+0.1687,-9.1330,4.4729,38.9212,+5.3967,216.1895,198.1387
4880,0.52,-4.5066,-0.3081,-9.1443,4.6377,63.8647,+5.9542,270.4383,206.6886
4881,0.53,-4.6893,+0.1032,-9.1281,4.4388,44.3428,+4.9332,218.9164,197.9184
4882,0.53,-4.7444,-0.0127,-9.1242,4.3797,38.5157,+5.7701,267.4533,192.1893
4883,0.54,-4.5819,-0.0408,-9.1249,4.5429,76.6103,+4.0171,251.4871,208.2017
4884,0.53,-4.6768,-0.0426,-9.1247,4.4479,47.6580,+5.2522,253.5282,199.8197
4885,0.51,-4.7798,-0.0817,-9.1152,4.3354,39.8728,+5.3334,211.1182,200.1086
4886,0.52,-4.7439,-0.0358,-9.1269,4.3831,34.1170,+5.5914,214.4618,196.0891
4887,0.51,-4.6918,-0.0102,-9.1260,4.4342,30.5017,+5.7674,222.2754,198.8463
4888,0.54,-4.7719,+0.1697,-9.1298,4.3580,26.4050,+7.2813,224.0837,192.5466
4889,0.53,-4.5809,-0.1439,-9.1276,4.5466,81.0204,+8.2243,340.3191,206.0588
4890,0.52,-4.4786,+0.0113,-9.1296,4.6511,72.8912,+7.8108,280.5462,209.8419
4891,0.53,-4.7826,-0.1742,-9.1349,4.3523,36.9761,+7.2816,237.4776,191.5932
4892,0.53,-4.7900,+0.0957,-9.1268,4.3368,23.3079,+6.3073,166.3714,184.1668
4893,0.52,-4.6405,-0.0640,-9.1221,4.4817,24.8882,+8.0481,209.2225,205.3174
4894,0.51,-4.5362,-0.0521,-9.1177,4.5815,21.4390,+9.5162,247.6805,207.7717
4895,0.51,-5.0128,-0.0203,-9.1107,4.0979,2.3963,+2.4787,96.5778,170.4313
4896,0.52,-4.6360,-0.1733,-9.1181,4.4821,15.6928,+4.9507,164.1641,194.3324
4897,0.53,-4.9026,+0.0014,-9.1266,4.2240,14.1646,+5.9239,145.9955,176.2338
4898,0.52,-4.8482,-0.0054,-9.1114,4.2632,5.1528,+7.8314,163.7272,184.6285
4899,0.50,-4.7835,+0.1452,-9.1197,4.3362,6.5604,+4.3924,103.9085,183.9383
4900,0.53,-4.9771,-0.1041,-9.1271,4.1500,3.1878,+9.9376,164.5084,177.3135
4901,0.52,-4.4567,+0.2103,-9.1435,4.6869,28.9966,+7.3024,171.8016,205.7214
4902,0.50,-4.7109,+0.1051,-9.1345,4.4236,12.2782,+2.9913,132.5210,191.0191
4903,0.51,-4.7081,+0.0066,-9.1458,4.4377,3.0338,+6.4058,120.5266,198.8354
4904,0.51,-5.2588,+0.0389,-9.1463,3.8875,51.6274,+8.7413,131.2172,174.2386
4905,0.51,-4.7463,-0.0090,-9.1334,4.3872,1.5483,+11.3075,168.9225,209.7484
4906,0.52,-4.8160,-0.0061,-9.1332,4.3172,1.8729,-0.4387,95.1543,192.1301
4907,0.53,-4.7100,-0.0205,-9.1179,4.4079,1.4301,+13.0205,214.8222,206.7675
4908,0.52,-4.9439,+0.0363,-9.1245,4.1806,1.5420,+1.6903,75.8398,172.4076
4909,0.53,-4.4871,+0.0818,-9.1266,4.6396,1.8208,+18.8931,406.9854,227.3976
4910,0.53,-4.8957,+0.1864,-9.1167,4.2210,1.1232,+4.0100,104.2152,175.3444
4911,0.54,-4.9710,+0.0128,-9.1337,4.1627,1.5301,+9.1480,152.9004,187.2420
4912,0.52,-4.7921,+0.0293,-9.1349,4.3428,2.1702,-0.9354,61.7868,175.3500
4913,0.53,-4.5658,+0.1023,-9.1303,4.5645,1.1115,+16.7614,326.0477,222.2155
4914,0.53,-4.8114,+0.0837,-9.1416,4.3303,1.3197,+2.8442,69.7263,177.0661
4915,0.52,-4.7714,-0.0747,-9.1195,4.3481,2.3378,+10.7809,176.5205,191.3683
4916,0.52,-4.8609,+0.0476,-9.1218,4.2610,1.6817,+3.2906,89.4100,177.6234
4917,0.53,-4.7924,+0.0143,-9.1222,4.3298,1.3694,+14.1626,269.9265,208.8132
4918,0.55,-4.8685,+0.1054,-9.1205,4.2520,1.0790,+2.7736,124.0036,185.0564
4919,0.51,-4.8546,+0.0156,-9.1146,4.2601,1.6375,+13.3101,223.7399,200.0370
4920,0.53,-5.0607,-0.1102,-9.1250,4.0643,1.3512,+2.2774,99.6155,171.1147
4921,0.52,-4.7028,+0.0221,-9.1174,4.4146,4.6481,+10.3611,262.6004,200.9553
4922,0.52,-4.9059,+0.0488,-9.1093,4.2034,1.5880,-0.7738,75.4333,176.8177
4923,0.52,-4.6617,+0.0366,-9.1238,4.4621,2.1834,+14.3331,277.9023,216.2163
4924,0.51,-4.9263,+0.0614,-9.1185,4.1922,1.4248,-0.9319,97.2953,169.4323
4925,0.54,-4.9051,-0.0585,-9.1209,4.2158,0.9658,+9.7854,143.6119,188.4896
4926,0.55,-5.0741,-0.1342,-9.1244,4.0502,3.7897,+7.0162,126.8602,181.8705
4927,0.52,-5.0172,-0.1585,-9.1229,4.1058,2.3029,+5.2713,93.5721,174.0049
4928,0.53,-5.0561,+0.0839,-9.1026,4.0464,1.5420,+4.5870,87.9950,168.3828
4929,0.54,-4.8651,-0.0200,-9.1109,4.2457,1.3393,+12.1724,200.9822,198.2846
4930,0.53,-5.0871,-0.0888,-9.1028,4.0158,1.7319,+3.8735,123.0429,170.1315
4931,0.54,-4.8665,+0.0454,-9.1097,4.2432,1.3848,+5.9035,123.6352,189.2163
4932,0.53,-4.8252,-0.0297,-9.1206,4.2955,1.3522,-1.4901,69.8151,182.2740
4933,0.55,-4.9438,-0.0496,-9.1131,4.1693,1.1458,+11.5597,198.8581,191.6739
4934,0.51,-4.9189,+0.0719,-9.1166,4.1977,1.1655,-1.7760,98.0812,180.3774
4935,0.55,-4.8782,-0.0695,-9.1214,4.2431,2.7643,+12.8282,258.7751,200.0210
4936,0.52,-4.6794,+0.0699,-9.1521,4.4727,15.2028,+1.4014,254.1818,190.2287
4937,0.51,-5.2532,+0.4451,-9.1364,3.8832,5.9401,+4.3197,180.8450,150.4760
4938,0.54,-4.8116,-0.1304,-9.1393,4.3277,3.1440,+0.4848,92.1255,186.0347
4939,0.53,-4.6935,-0.0627,-9.1362,4.4427,2.3231,+5.1965,121.1753,206.5798
4940,0.50,-4.8209,-0.1057,-9.1481,4.3273,1.9153,+1.4087,81.0691,183.0150
4941,0.51,-4.6523,-0.1181,-9.1531,4.5008,1.0786,+8.7744,136.8172,216.1352
4942,0.51,-4.8987,+0.1204,-9.1457,4.2470,1.2194,-0.1583,58.4724,173.7885
4943,0.52,-4.8681,-0.0519,-9.1381,4.2700,1.1949,+13.1910,226.8094,201.7894
4944,0.53,-4.9427,+0.0652,-9.1469,4.2042,1.9591,-3.7080,85.5524,165.5455
4945,0.54,-4.7148,-0.0285,-9.1543,4.4394,1.7774,+12.6093,214.1041,211.0106
4946,0.52,-5.1193,+0.1468,-9.1411,4.0218,1.5698,+3.1295,79.0258,171.6994
4947,0.53,-4.9350,+0.0387,-9.1324,4.1974,4.0801,+13.2549,262.3771,196.9286
4948,0.53,-5.0627,+0.0916,-9.1214,4.0587,1.8504,+6.5788,96.2088,169.1278
4949,0.52,-4.9615,+0.1961,-9.1216,4.1601,1.7293,+9.8852,161.6347,188.4617
4950,0.54,-4.9095,-0.0114,-9.1308,4.2213,1.5712,-0.5016,109.9558,172.9282
4951,0.52,-5.0585,+0.1071,-9.1262,4.0677,2.0067,+7.0927,94.7018,173.9032
4952,0.54,-5.0325,+0.0619,-9.1358,4.1033,1.8868,+7.4791,117.0484,186.5867
4953,0.52,-5.0140,-0.1761,-9.1432,4.1293,1.7456,-0.6874,73.7977,166.6559
4954,0.54,-4.8168,-0.0721,-9.1137,4.2969,1.6144,+14.6301,295.8866,220.1876
4955,0.53,-5.1136,-0.0089,-9.1301,4.0165,1.3937,+2.8261,83.7920,175.1589
4956,0.53,-5.0068,-0.1386,-9.1292,4.1224,1.0933,+8.6362,134.3475,186.9594
4957,0.54,-5.0326,-0.0137,-9.1162,4.0835,1.9120,+2.9036,93.3283,172.6291
4958,0.51,-5.0429,+0.0166,-9.1172,4.0743,1.7220,+8.1063,123.4018,182.0271
4959,0.54,-4.8149,-0.0722,-9.1315,4.3166,2.7236,+2.7308,97.2982,183.2082
4960,0.54,-5.0914,-0.0737,-9.1375,4.0462,8.5731,+7.8076,186.9919,170.6145
4961,0.52,-5.1668,+0.1125,-9.1364,3.9696,1.9445,+4.4416,81.8838,167.2408
4962,0.52,-4.8421,-0.0010,-9.1519,4.3098,8.1423,+3.9493,140.7957,189.9365
4963,0.53,-5.0657,-0.0329,-9.1583,4.0926,1.2748,+3.8749,60.5974,174.3647
4964,0.52,-4.8923,-0.0929,-9.1546,4.2623,1.7125,+11.9860,197.7053,203.8118
4965,0.53,-4.8699,+0.0046,-9.1614,4.2915,1.2791,+4.1488,112.2313,187.2897
4966,0.53,-5.0963,+0.0993,-9.1503,4.0539,11.8382,+5.2088,172.0188,179.5832
4967,0.53,-5.1045,-0.1952,-9.1264,4.0219,8.0927,+7.2848,189.0251,185.1444
4968,0.51,-4.9747,+0.0464,-9.1264,4.1517,11.0643,+3.4318,155.5193,179.8352
4969,0.54,-5.1452,-0.0244,-9.1321,3.9869,2.0616,+8.7299,144.1853,181.6247
4970,0.52,-4.9376,+0.0770,-9.1524,4.2148,1.2328,+0.8233,46.4014,176.2902
4971,0.52,-4.8731,-0.0835,-9.1461,4.2730,1.8676,+13.1156,219.5697,199.8879
4972,0.54,-5.2000,-0.1343,-9.1724,3.9724,1.6697,-0.2466,57.3807,160.4758
4973,0.55,-4.6819,-0.1304,-9.1671,4.4851,12.9548,+13.4141,274.4015,220.8488
4974,0.51,-4.9377,-0.0020,-9.1439,4.2062,1.6601,+6.4498,93.2851,188.5446
4975,0.53,-5.1058,+0.0762,-9.1541,4.0482,7.8841,+9.8601,154.6793,180.7881
4976,0.53,-5.1911,-0.0078,-9.1378,3.9467,1.9604,+8.1371,115.0012,169.2611
4977,0.54,-4.8801,+0.1911,-9.1319,4.2518,1.3789,+12.6374,238.9158,203.2137
4978,0.53,-4.7589,+0.2129,-9.1338,4.3749,2.6107,+1.7714,59.7128,183.8819
4979,0.54,-5.1912,+0.1427,-9.1475,3.9563,1.2581,+8.4472,120.8121,173.8146
4980,0.53,-5.0147,+0.0812,-9.1353,4.1207,1.6648,+0.9496,55.8721,169.3365
4981,0.53,-4.9435,+0.0879,-9.1300,4.1865,1.6612,+10.3734,178.9623,194.5273
4982,0.56,-5.0282,-0.0206,-9.1513,4.1231,1.5631,+4.3942,75.4637,178.4349
4983,0.51,-5.0053,+0.0857,-9.1522,4.1469,1.6948,+8.2912,138.8671,189.2963
4984,0.53,-5.2224,+0.1276,-9.1522,3.9299,1.6811,+11.2620,195.8011,177.1614
4985,0.54,-4.9273,+0.0240,-9.1606,4.2332,1.5185,-2.2647,89.8065,173.1626
4986,0.52,-4.9212,-0.0105,-9.1654,4.2442,1.9161,+13.0921,243.0968,198.1021
4987,0.52,-4.8211,+0.0769,-9.1755,4.3544,6.1602,+1.4831,161.3174,190.9965
4988,0.53,-5.0541,+0.0090,-9.1598,4.1057,2.0235,+0.5184,72.0719,158.6349
4989,0.54,-5.2201,+0.2768,-9.1496,3.9295,2.4276,+10.0968,161.6137,177.0294
4990,0.54,-5.0477,-0.0598,-9.1532,4.1054,1.1596,-1.2074,60.8071,170.3081
4991,0.53,-4.9728,+0.1033,-9.1509,4.1781,2.1336,+13.0644,240.4442,196.2103
4992,0.52,-5.0422,+0.1245,-9.1572,4.1150,3.1301,-1.9893,95.9056,170.2896
4993,0.53,-5.1525,-0.0041,-9.1578,4.0053,1.3881,+7.1921,113.4858,177.4153
4994,0.52,-4.9315,+0.0108,-9.1486,4.2172,1.1439,+6.3874,95.7081,189.2798
4995,0.52,-4.8869,-0.2089,-9.1594,4.2725,1.2005,+12.6819,238.6727,206.6304
4996,0.53,-4.9340,-0.1193,-9.1398,4.2057,1.1375,-1.0958,92.7267,178.7505
4997,0.54,-5.0438,-0.1576,-9.1462,4.1024,1.1891,+12.7209,247.9449,188.4157
4998,0.52,-4.9030,+0.0072,-9.1457,4.2427,3.6649,-0.9666,119.9384,173.7261
4999,0.53,-4.7945,+0.0450,-9.1635,4.3690,7.9620,+10.4048,207.2243,204.8507
5000,0.52,-5.0174,-0.0322,-9.1636,4.1462,1.1226,+10.3333,160.5812,190.1205
5001,0.53,-4.9995,+0.0556,-9.1537,4.1542,1.4546,-0.9520,46.2556,171.6979
5002,0.53,-4.9970,-0.1237,-9.1552,4.1582,1.6814,+7.8351,153.3144,181.7791
5003,0.53,-4.8885,-0.1204,-9.1535,4.2650,4.9480,+6.7192,190.2704,192.8037
5004,0.52,-4.9143,+0.0045,-9.1577,4.2434,20.2067,+1.2779,177.8955,186.9667
5005,0.53,-4.9898,+0.1894,-9.1507,4.1609,11.1660,+7.1205,196.3937,183.1722
5006,0.52,-4.9994,+0.0781,-9.1747,4.1753,1.3588,+3.3192,64.4258,180.2864
5007,0.53,-4.9597,+0.2387,-9.1695,4.2098,2.2271,+9.3641,141.2952,186.6739
5008,0.53,-4.7668,-0.0536,-9.1679,4.4010,4.2442,-1.8304,65.2736,180.2429
5009,0.52,-5.2011,+0.0021,-9.1647,3.9636,2.1743,+7.4257,115.8401,169.9456
5010,0.52,-5.1865,-0.0116,-9.1699,3.9833,1.9938,+6.2241,82.0068,172.1090
5011,0.52,-4.9950,-0.0373,-9.1539,4.1588,1.0862,+10.2739,156.4511,193.1050
5012,0.52,-5.2439,+0.1498,-9.1632,3.9193,1.4733,+6.6282,101.1486,170.0197
5013,0.54,-5.2016,+0.0172,-9.1638,3.9621,1.5352,+7.3688,121.0539,175.9798
5014,0.53,-4.9030,+0.0269,-9.1485,4.2455,1.4764,+10.6548,177.1901,187.0912
5015,0.53,-5.0523,-0.1264,-9.1535,4.1012,4.4258,+0.4524,116.4476,175.8461
5016,0.55,-5.1336,-0.1594,-9.1527,4.0192,4.2606,+6.4685,142.5248,179.6223
5017,0.52,-5.0359,+0.0233,-9.1400,4.1041,1.6442,+2.8717,89.7209,174.1643
5018,0.52,-4.9254,+0.0535,-9.1527,4.2273,5.7209,+5.5185,116.5226,191.9824
5019,0.52,-4.9975,+0.3009,-9.1571,4.1595,2.6118,+8.8259,198.1586,192.6727
5020,0.51,-4.7652,+0.2645,-9.1678,4.4026,7.3302,+2.4191,160.0787,198.9417
5021,0.52,-4.8103,+0.0019,-9.1686,4.3583,11.6208,+5.8761,175.5818,204.5840
5022,0.52,-5.4316,+0.2610,-9.1558,3.7242,21.3107,+5.5630,228.9829,159.9970
5023,0.53,-5.0644,-0.1185,-9.1547,4.0902,1.3446,+5.6446,83.0347,189.6704
5024,0.53,-4.9969,+0.0048,-9.1570,4.1602,1.5564,+5.0300,106.6317,184.4128
5025,0.52,-5.0761,-0.0073,-9.1609,4.0847,2.9023,+5.6770,75.8711,181.4119
5026,0.53,-5.1016,+0.0916,-9.1699,4.0683,2.3092,+6.3418,104.0436,182.0777
5027,0.53,-5.0917,-0.0822,-9.1657,4.0740,3.9404,+5.7971,82.0226,174.3292
5028,0.53,-5.3011,-0.1280,-9.1731,3.8719,17.1350,+1.2185,76.7418,152.5353
5029,0.49,-5.1571,-0.0065,-9.1676,4.0106,1.3831,+5.0159,81.8518,169.1211
5030,0.52,-4.7332,-0.1884,-9.1699,4.4367,1.7624,+12.0238,234.4535,220.3236
5031,0.50,-5.2325,-0.0395,-9.1626,3.9301,1.4128,+2.0693,80.3864,173.9361
5032,0.52,-5.0156,-0.0379,-9.1600,4.1444,1.0906,+10.6925,158.5722,190.9196
5033,0.53,-5.1162,-0.0630,-9.1754,4.0592,2.2999,+1.7119,82.0796,167.6794
5034,0.52,-5.1414,-0.0619,-9.1789,4.0374,1.8040,+8.4995,122.2343,166.3739
5035,0.52,-4.9288,+0.0503,-9.1697,4.2409,2.7926,+6.3538,128.0698,179.9313
5036,0.54,-4.7062,+0.0508,-9.1709,4.4647,12.9960,+2.1046,133.8723,185.2170
5037,0.53,-5.1917,-0.0955,-9.1615,3.9698,4.9137,+7.9061,174.7981,175.1589
5038,0.52,-5.1942,-0.0002,-9.1722,3.9780,1.2382,+4.8925,78.8297,169.8063
5039,0.53,-5.0691,+0.0544,-9.1666,4.0975,0.9929,+6.2013,94.9118,182.2755
5040,0.52,-5.2184,-0.2057,-9.1739,3.9556,1.6997,+4.0565,82.2456,175.7978
5041,0.53,-4.9716,-0.2105,-9.1678,4.1962,4.2027,+10.7377,178.1724,194.5366
5042,0.53,-5.2520,-0.0556,-9.1797,3.9276,2.5466,+2.3547,62.8546,161.1818
5043,0.53,-4.8200,-0.1673,-9.1753,4.3553,1.7509,+13.4352,226.1729,212.9154
5044,0.53,-5.0952,-0.1343,-9.1694,4.0742,2.9672,+6.7298,117.6350,182.6906
5045,0.52,-5.0615,-0.4140,-9.1687,4.1072,5.3190,+7.8658,141.4980,182.5068
5046,0.52,-4.7621,-0.1391,-9.1717,4.4096,14.5019,+6.8123,155.7562,192.5170
5047,0.54,-4.9850,-0.0239,-9.1864,4.2014,1.5357,+1.8102,78.3542,174.9036
5048,0.53,-5.0813,+0.0336,-9.1941,4.1128,1.5125,+6.0886,98.7150,183.9028
5049,0.52,-5.1160,+0.0221,-9.1778,4.0617,1.2611,+5.6636,96.5125,177.1387
5050,0.54,-4.8920,+0.1345,-9.1860,4.2940,1.6512,+9.2759,158.2963,199.9709
5051,0.51,-4.9842,+0.0187,-9.2004,4.2161,1.6845,-2.4765,103.0585,175.3724
5052,0.52,-5.1405,+0.2597,-9.2071,4.0666,3.3939,+10.1722,171.8570,186.4085
5053,0.53,-5.0828,+0.1463,-9.2139,4.1312,1.0301,+3.8199,84.4373,176.1381
5054,0.51,-5.0365,+0.1466,-9.2059,4.1694,1.7457,-0.1624,47.9430,181.3320
5055,0.53,-4.7985,-0.0991,-9.1917,4.3931,1.3563,+16.7855,351.0849,230.6269
5056,0.53,-5.0601,+0.1037,-9.1881,4.1280,1.5362,-2.6861,66.5496,169.7728
5057,0.53,-4.8674,-0.2178,-9.1892,4.3218,1.1439,+14.9560,286.5089,215.1358
5058,0.53,-4.9916,+0.0192,-9.1892,4.1976,1.2269,+0.6307,59.6746,180.1490
5059,0.54,-5.0235,+0.2474,-9.1797,4.1563,0.7517,+11.2586,174.7201,193.5413
5060,0.53,-4.9469,-0.1599,-9.1882,4.2414,1.6617,+0.3290,74.3623,172.9637
5061,0.55,-5.0062,+0.1083,-9.1850,4.1788,0.9351,+12.0617,194.6292,190.4825
5062,0.54,-5.1767,+0.0610,-9.1817,4.0050,3.0472,+4.3039,147.9518,164.8324
5063,0.53,-4.7692,-0.0956,-9.1774,4.4082,3.0582,+0.9143,99.7807,181.6379
5064,0.52,-5.0632,+0.1232,-9.1785,4.1153,1.3226,+1.7304,56.4767,178.1435
5065,0.52,-5.0164,+0.1893,-9.1652,4.1488,2.2363,+9.1825,162.2070,193.1665
5066,0.54,-5.0868,-0.0217,-9.1815,4.0947,3.3807,+3.1529,56.1903,170.7602
5067,0.55,-5.3055,-0.0901,-9.1693,3.8638,1.9173,+7.5645,96.7632,164.0950
5068,0.54,-5.0061,-0.1146,-9.1880,4.1819,2.7661,+3.6168,108.4922,177.1228
5069,0.53,-5.0198,-0.0559,-9.1960,4.1762,4.0132,+2.4574,111.3164,170.9127
5070,0.53,-4.9102,+0.0317,-9.1945,4.2843,1.9323,+10.3358,162.3732,197.0911
5071,0.53,-5.1490,-0.0084,-9.1975,4.0485,1.4762,+2.6500,93.7431,171.0503
5072,0.53,-4.9940,-0.0773,-9.1800,4.1860,1.1703,+12.8795,223.1918,197.7538
5073,0.54,-5.0160,+0.1230,-9.1827,4.1667,1.0730,-2.6085,89.1773,170.3936
5074,0.54,-4.9978,+0.1905,-9.1799,4.1821,1.4544,+11.8379,188.3512,192.1651
5075,0.53,-5.0543,+0.2541,-9.1839,4.1296,1.9620,+0.4050,91.5025,178.3342
5076,0.53,-5.0736,-0.1584,-9.1834,4.1098,1.3375,+7.0737,99.3364,179.0097
5077,0.52,-4.9023,+0.0538,-9.2015,4.2992,1.3458,+4.3904,98.1795,185.6359
5078,0.54,-4.9418,-0.0978,-9.2179,4.2760,1.7145,+1.4702,80.0108,172.3511
5079,0.53,-5.0108,-0.0183,-9.2118,4.2010,1.9662,+9.3179,149.2675,187.2666
5080,0.53,-5.0754,-0.0046,-9.2087,4.1333,1.3550,+5.6906,92.0005,177.2247
5081,0.53,-4.9251,+0.0241,-9.1964,4.2713,1.1948,+14.5339,265.0464,198.9362
5082,0.52,-5.0148,+0.0594,-9.2028,4.1880,1.6591,-2.2837,75.2782,176.8149
5083,0.53,-5.1095,-0.0284,-9.2041,4.0946,2.5462,+13.4546,234.8119,187.9356
5084,0.54,-5.1324,+0.1182,-9.2024,4.0699,1.5642,+6.7080,126.9082,176.2637
5085,0.52,-5.0372,+0.0650,-9.1929,4.1557,1.3243,+9.5359,147.3767,194.5858
5086,0.53,-5.2483,+0.0132,-9.2107,3.9624,2.0256,+1.0964,83.6062,162.0724
5087,0.55,-5.2290,+0.1223,-9.1969,3.9679,1.4572,+10.1284,166.4290,182.8915
5088,0.55,-5.1324,+0.2367,-9.1865,4.0540,1.8034,+0.7015,121.2200,174.0100
5089,0.56,-5.2660,+0.0480,-9.1857,3.9197,1.4324,+8.9425,137.8136,176.6532
5090,0.54,-5.1593,-0.0391,-9.1858,4.0264,1.2441,+0.6247,81.8839,172.2864
5091,0.54,-5.0406,-0.0949,-9.1858,4.1453,1.1793,+13.9752,264.8391,203.9808
5092,0.54,-5.0843,-0.0599,-9.1743,4.0900,2.2068,-0.7732,73.3134,164.9301
5093,0.53,-5.2894,-0.0887,-9.1770,3.8877,1.4183,+9.2522,142.9105,165.8261
5094,0.54,-5.1791,+0.1814,-9.1944,4.0153,3.3221,-0.7013,114.1290,165.2329
5095,0.55,-5.2449,+0.2151,-9.1906,3.9456,3.9491,+9.6742,233.4169,174.4655
5096,0.53,-4.6250,+0.0397,-9.1774,4.5524,35.7477,+3.7520,287.0840,209.2259
5097,0.54,-4.9417,-0.0169,-9.1781,4.2364,23.8565,+3.2887,183.9709,182.1153
5098,0.54,-5.4177,+0.0270,-9.1884,3.7708,3.2065,+6.3676,81.2855,158.1579
5099,0.53,-5.1591,+0.0013,-9.1728,4.0137,1.2492,+8.2445,120.1778,175.2701
5100,0.54,-4.9156,+0.1527,-9.1809,4.2653,2.9928,+7.4434,127.0782,172.3019
5101,0.54,-5.0530,+0.0769,-9.1912,4.1383,1.0461,+5.5142,74.7254,175.5705
5102,0.53,-5.1673,-0.1500,-9.1936,4.0264,3.3502,+4.1998,110.7023,167.6862
5103,0.53,-5.0090,-0.0315,-9.2050,4.1960,12.4013,+3.7429,139.9071,185.0767
5104,0.52,-5.2829,-0.1290,-9.2094,3.9265,1.4614,+7.8897,125.1406,165.0741
5105,0.54,-5.2582,+0.0231,-9.2057,3.9475,2.2115,+5.3236,78.8497,171.7471
5106,0.53,-5.0727,-0.0022,-9.2109,4.1382,0.9170,+7.2289,98.5716,185.6477
5107,0.53,-5.1195,+0.1262,-9.2157,4.0963,1.5977,+7.7732,129.8194,191.4183
5108,0.53,-5.1668,+0.0264,-9.2292,4.0625,1.2949,+3.6797,97.0991,174.1581
5109,0.53,-5.0148,+0.0510,-9.2240,4.2093,2.0480,+13.1159,247.4804,204.4694
5110,0.53,-4.9514,+0.0805,-9.2223,4.2709,6.3270,+0.5484,141.0947,186.2418
5111,0.55,-5.0011,+0.1631,-9.2186,4.2176,19.0425,+9.1742,225.5171,191.6945
5112,0.54,-4.8098,-0.0039,-9.2143,4.4044,25.7153,+8.9410,298.2649,213.2039
5113,0.51,-4.7584,-0.1483,-9.2152,4.4568,34.3162,+7.0013,292.1929,207.5277
5114,0.53,-4.9956,+0.3223,-9.2141,4.2185,5.2965,+6.1426,153.4905,189.1707
5115,0.53,-5.0838,+0.2782,-9.2254,4.1417,8.5946,+7.0668,201.2993,190.3506
5116,0.53,-4.9954,+0.2988,-9.2314,4.2359,26.2743,+5.8917,252.6222,195.5712
5117,0.51,-4.6505,+0.0513,-9.2297,4.5792,54.7270,+5.1000,304.9266,214.7607
5118,0.53,-4.8868,+0.0527,-9.2262,4.3394,10.1173,+5.4053,172.5226,200.4088
5119,0.51,-4.6840,+0.0605,-9.2258,4.5419,30.3655,+7.8033,266.4254,225.1161
5120,0.53,-4.6078,-0.0961,-9.2093,4.6016,31.3814,+8.6004,347.5043,225.9366
5121,0.52,-4.8143,-0.0770,-9.2120,4.3978,42.2599,+5.6171,269.3710,199.5845
5122,0.50,-4.7488,-0.0881,-9.2191,4.4702,21.1619,+8.5688,238.7180,211.9094
5123,0.53,-5.0637,+0.1846,-9.2110,4.1473,1.6853,+6.5376,162.5005,183.6098
5124,0.51,-4.9098,+0.1482,-9.2178,4.3080,6.4839,+4.6986,75.5162,195.7574
5125,0.52,-4.9710,+0.1298,-9.2008,4.2298,2.9029,+6.9273,140.7734,192.5400
5126,0.52,-4.7759,-0.0864,-9.2037,4.4278,13.0891,+0.5738,180.5370,193.1552
5127,0.50,-4.5207,-0.0607,-9.2066,4.6859,39.5221,+3.6128,304.5018,212.9304
5128,0.52,-4.8478,-0.1226,-9.1927,4.3449,6.9873,+4.3792,141.4722,191.7814
5129,0.51,-4.9402,+0.0526,-9.1865,4.2462,1.6735,+5.2667,63.5593,185.2814
5130,0.51,-4.8683,-0.0801,-9.1844,4.3161,2.2136,-0.1521,44.3921,178.0394
5131,0.52,-4.7427,+0.1748,-9.1912,4.4486,1.3442,+13.7290,226.4062,206.4569
5132,0.52,-5.0580,-0.0926,-9.1935,4.1356,2.8944,-0.4875,62.6473,169.8769
5133,0.53,-4.7652,+0.1079,-9.1835,4.4183,1.3666,+11.7011,195.4260,214.7175
5134,0.54,-4.8658,+0.1027,-9.1880,4.3222,1.8650,-2.0648,56.9250,186.0784
5135,0.53,-5.0093,+0.0287,-9.1846,4.1753,4.8082,+14.0225,268.0527,192.5892
5136,0.56,-5.1707,-0.0177,-9.1797,4.0090,1.5259,+5.0638,85.7150,173.6149
5137,0.53,-4.8332,-0.1941,-9.1815,4.3483,10.7450,+2.3406,159.9447,187.4480
5138,0.53,-5.0308,-0.0713,-9.1931,4.1623,2.2577,+4.8215,80.3723,183.4104
5139,0.52,-5.0983,+0.0936,-9.1922,4.0939,3.5243,+8.9655,151.9817,185.8048
5140,0.53,-5.1131,+0.1475,-9.2015,4.0884,3.8879,+5.2083,117.6469,178.5687
5141,0.53,-5.0761,+0.0088,-9.1813,4.1052,2.7763,+4.0224,89.5392,180.7234
5142,0.54,-5.1788,-0.0166,-9.1843,4.0055,1.8172,+5.7107,117.5235,170.8749
5143,0.53,-5.1612,+0.0306,-9.2115,4.0502,1.9217,+7.1295,96.4265,187.7752
5144,0.53,-4.8232,-0.2257,-9.2092,4.3860,19.0195,+7.0033,181.8681,210.0014
5145,0.54,-5.0368,-0.0025,-9.1961,4.1592,1.4326,+4.2791,82.7551,179.6390
5146,0.51,-5.0990,-0.0591,-9.2059,4.1069,2.4768,+7.5547,114.3693,179.5699
5147,0.53,-5.2742,+0.0644,-9.2021,3.9279,3.4033,+2.7241,64.8956,166.6797
5148,0.54,-4.9075,-0.4039,-9.2011,4.2936,6.5788,+4.2831,165.7713,195.9649
5149,0.52,-4.6648,-0.1498,-9.1894,4.5246,12.7201,-1.0108,181.3996,210.9823
5150,0.53,-5.1501,-0.0039,-9.1935,4.0433,1.5676,+3.9247,105.4734,183.2623
5151,0.52,-4.8975,-0.2478,-9.1860,4.2885,15.4523,+8.7733,238.7632,206.0331
5152,0.52,-4.8184,-0.4228,-9.1854,4.3670,18.9720,+5.9581,304.7036,198.2536
5153,0.54,-5.2587,+0.1556,-9.1870,3.9283,1.5789,+4.6888,73.2645,167.1230
5154,0.54,-5.0627,-0.0290,-9.1982,4.1355,1.0490,+9.1622,164.9592,189.8712
5155,0.53,-5.0433,+0.0594,-9.1972,4.1538,3.2721,+2.9938,107.7527,174.3405
5156,0.54,-5.0891,-0.0382,-9.2137,4.1246,0.9566,+4.7875,59.2547,178.2678
5157,0.53,-4.9157,-0.0293,-9.2110,4.2953,1.1887,+7.6785,106.2056,198.2699
5158,0.54,-5.1081,-0.0067,-9.2108,4.1026,1.9171,+1.4986,49.2707,182.4948
5159,0.50,-5.1388,+0.0545,-9.2132,4.0745,1.4568,+7.8403,109.6592,186.6894
5160,0.53,-5.0456,+0.1378,-9.2031,4.1575,1.8381,+9.2736,139.7974,185.4365
5161,0.51,-4.9724,+0.0050,-9.2299,4.2574,1.1465,+9.6938,143.0027,200.9156
5162,0.54,-5.0879,+0.1499,-9.2210,4.1331,2.4641,+3.5210,62.8067,172.5766
5163,0.53,-5.0804,+0.1679,-9.2068,4.1263,2.1712,+7.7349,124.1019,187.4182
5164,0.52,-4.9385,-0.1345,-9.2188,4.2803,1.1685,+1.7169,71.6328,178.2874
5165,0.55,-4.5115,-0.1167,-9.2024,4.6909,24.5514,+16.6430,442.8205,238.8204
5166,0.54,-4.9364,-0.0997,-9.2106,4.2742,5.5653,+12.8332,280.3541,204.8141
5167,0.54,-4.9539,+0.0973,-9.2028,4.2490,13.5056,+10.7784,230.4150,201.7328
5168,0.53,-4.9203,-0.0152,-9.2101,4.2898,36.5700,+8.8620,259.2033,204.5602
5169,0.53,-4.8595,-0.0566,-9.2199,4.3605,27.4831,+7.6825,232.4517,209.1879
5170,0.54,-4.9924,-0.0686,-9.2366,4.2443,11.3318,+6.9744,162.6622,193.0609
5171,0.52,-4.4499,-0.3500,-9.2196,4.7697,66.6073,+5.7483,276.7048,222.6357
5172,0.52,-4.4548,-0.3921,-9.2064,4.7516,79.4655,+5.3009,185.5159,228.7466
5173,0.53,-4.5386,-0.0335,-9.2053,4.6667,63.3074,+5.8918,285.8577,228.4547
5174,0.51,-4.9239,-0.1685,-9.1986,4.2747,22.3216,+6.9320,249.7462,213.0704
5175,0.54,-4.7119,-0.0653,-9.1919,4.4800,61.0031,+5.8125,287.3145,217.5163
5176,0.50,-4.2058,+0.3294,-9.2021,4.9963,204.3412,+6.9835,490.3969,239.3478
5177,0.52,-4.8052,-0.1126,-9.1952,4.3900,29.6810,+7.6404,226.4716,204.7767
5178,0.53,-4.5399,+0.2915,-9.1967,4.6568,99.2970,+6.8280,210.4737,214.1145
5179,0.53,-5.1526,+0.0171,-9.1981,4.0456,7.2402,+8.1033,170.6853,184.7591
5180,0.53,-5.1489,+0.0773,-9.2087,4.0598,4.3199,+5.8764,123.8079,178.3560
5181,0.52,-5.1307,+0.3925,-9.2099,4.0792,3.9004,+6.3662,153.2955,180.5706
5182,0.52,-4.7376,-0.2595,-9.2160,4.4783,20.6070,+0.8854,175.6157,202.6851
5183,0.53,-5.1145,+0.1874,-9.2204,4.1059,3.5678,+6.6390,158.8898,190.4532
5184,0.52,-4.7318,-0.1255,-9.2189,4.4871,20.3236,+4.7346,172.3121,209.3014
5185,0.54,-5.2220,+0.2794,-9.2183,3.9964,1.3821,+6.0100,85.1937,182.2111
5186,0.52,-5.0812,-0.1227,-9.2113,4.1301,1.5845,+5.8856,111.9822,188.4760
5187,0.51,-5.0169,-0.0520,-9.2189,4.2020,1.5451,+3.5380,72.7588,186.2215
5188,0.54,-5.0756,+0.0317,-9.2154,4.1398,2.7245,+15.8845,312.1230,205.8316
5189,0.52,-5.2283,+0.0052,-9.2128,3.9845,3.5474,+3.2590,66.0684,168.5635
5190,0.53,-4.9954,-0.1252,-9.2248,4.2294,1.3727,+11.7002,204.2918,187.7454
5191,0.53,-4.9478,-0.0049,-9.2177,4.2699,1.2544,+1.9601,70.3727,183.9546
5192,0.53,-4.8296,-0.0406,-9.2181,4.3885,2.3951,+17.1833,375.0619,235.6705
5193,0.53,-5.0620,+0.0734,-9.2159,4.1539,9.8894,+3.5787,97.5896,179.9411
5194,0.55,-5.0114,-0.0909,-9.2209,4.2095,2.2211,+3.8169,124.5339,187.3961
5195,0.52,-4.9362,-0.0353,-9.2333,4.2972,7.2989,+9.5552,172.4744,217.2948
5196,0.51,-5.2890,-0.0716,-9.2297,3.9407,1.6921,+3.6138,67.7018,169.0123
5197,0.53,-5.0396,+0.0764,-9.2267,4.1872,1.2678,+10.9665,168.7409,195.0010
5198,0.53,-4.8150,-0.0849,-9.2251,4.4101,2.1282,-2.9269,65.4200,182.9093
5199,0.53,-4.7842,+0.2013,-9.2111,4.4269,1.3653,+16.0673,321.8855,217.7786
5200,0.51,-5.1430,-0.1004,-9.2189,4.0759,1.7580,+1.5271,64.3890,169.5255
5201,0.51,-5.0496,-0.0458,-9.2224,4.1728,1.2036,+10.8844,182.5183,184.6621
5202,0.54,-4.6781,-0.1154,-9.2063,4.5282,1.2333,-4.5126,95.3257,197.2889
5203,0.54,-5.1105,+0.2339,-9.2278,4.1173,1.2413,+14.5334,245.0022,197.6656
5204,0.55,-5.1008,-0.0323,-9.2130,4.1122,1.4399,-3.0330,109.7142,168.3074
5205,0.54,-4.9952,+0.0927,-9.1997,4.2045,1.8517,+13.6181,256.7774,210.4122
5206,0.52,-5.0844,-0.0774,-9.1895,4.1051,1.5625,-0.3870,90.6031,171.2385
5207,0.53,-5.1115,+0.1786,-9.1933,4.0818,1.6220,+10.7301,175.1913,194.0349
5208,0.54,-5.0740,-0.1978,-9.2118,4.1377,2.1626,-1.4199,102.1218,179.5323
5209,0.54,-5.1215,+0.0670,-9.2157,4.0942,1.2283,+13.4558,230.9880,205.4564
5210,0.54,-5.0030,-0.1993,-9.2141,4.2112,1.8799,-4.3083,146.7729,178.2697
5211,0.50,-5.2091,+0.1798,-9.2183,4.0092,1.7758,+5.7900,95.8280,167.5793
5212,0.53,-5.3398,-0.0271,-9.2192,3.8794,3.6836,+1.3694,58.5751,161.9306
5213,0.55,-4.9694,+0.2760,-9.2093,4.2399,3.5486,+9.3294,223.5885,199.6773
5214,0.53,-5.0979,+0.0073,-9.2170,4.1191,1.6262,+1.7771,53.7029,169.9394
5215,0.54,-4.8711,-0.0122,-9.2137,4.3427,1.3598,+15.0974,280.8342,213.7609
5216,0.54,-5.0992,+0.0799,-9.2107,4.1115,1.3789,-1.4838,81.7863,168.3465
5217,0.54,-5.0282,-0.0435,-9.2007,4.1725,1.7594,+13.2580,256.9723,200.6900
5218,0.52,-4.8230,-0.2148,-9.2066,4.3835,13.1898,-1.0842,169.4546,179.5845
5219,0.53,-5.0252,+0.1778,-9.2218,4.1966,9.7619,+2.8800,146.2518,182.1094
5220,0.53,-4.6572,+0.0510,-9.2169,4.5597,39.2041,+7.6575,300.4883,231.0379
5221,0.54,-5.1629,-0.2411,-9.2134,4.0505,1.3039,+4.8871,106.0724,178.5503
5222,0.53,-5.0880,-0.0267,-9.2167,4.1286,2.1204,+5.9921,103.3775,182.6273
5223,0.53,-5.1479,+0.0154,-9.2089,4.0610,1.8516,+6.7182,110.8849,179.8657
5224,0.54,-5.1881,+0.0527,-9.2089,4.0208,0.8896,+5.1646,67.2131,175.8369
5225,0.52,-5.2033,-0.0306,-9.2098,4.0064,1.8236,+3.7653,70.8258,169.4709
5226,0.54,-5.2861,+0.0099,-9.2231,3.9370,1.2247,+9.6036,138.2102,179.0835
5227,0.54,-4.9351,+0.0005,-9.2072,4.2721,1.0618,+1.7644,79.5819,174.0008
5228,0.53,-5.1458,-0.1722,-9.2168,4.0710,1.8305,+8.6339,119.8771,179.9552
5229,0.54,-5.1028,-0.0083,-9.2080,4.1052,1.2388,-1.5332,78.9778,170.4916
5230,0.53,-5.0369,+0.0306,-9.2130,4.1761,1.1184,+11.4318,167.7263,199.9632
5231,0.55,-5.0320,-0.0739,-9.2114,4.1794,1.8941,+2.2288,82.6129,176.0121
5232,0.55,-5.1794,+0.0581,-9.2171,4.0377,1.4862,+10.3938,168.9291,192.1118
5233,0.54,-4.9915,-0.1682,-9.2197,4.2282,2.6061,+3.9264,107.9643,185.5004
5234,0.54,-5.2036,+0.1381,-9.2451,4.0415,1.8862,+4.7121,118.2051,175.1332
5235,0.54,-5.1156,-0.1476,-9.2410,4.1254,2.2953,+3.4127,101.0059,185.4166
5236,0.53,-5.0117,-0.1849,-9.2311,4.2193,7.9479,+7.6982,155.9672,193.3876
5237,0.53,-4.9055,+0.0672,-9.2204,4.3149,38.3824,+4.7521,214.6948,193.8933
5238,0.53,-5.0393,+0.1209,-9.2251,4.1859,17.6613,+5.6549,186.0149,188.8880
5239,0.54,-4.9286,+0.1318,-9.2326,4.3040,50.3317,+6.3301,273.7086,203.2439
5240,0.54,-5.0104,-0.1973,-9.2394,4.2289,6.2210,+5.6171,133.2619,197.8030
5241,0.55,-5.2426,-0.0441,-9.2431,4.0005,1.9294,+4.2507,63.2639,183.3328
5242,0.53,-5.2475,+0.0641,-9.2372,3.9897,1.8739,+7.6257,114.3027,188.2775
5243,0.53,-5.1995,+0.1106,-9.2392,4.0398,2.0275,+2.3575,62.3273,179.4990
5244,0.54,-5.2767,-0.1293,-9.2319,3.9551,1.1335,+7.1640,100.3206,174.1732
5245,0.55,-5.1149,-0.0907,-9.2287,4.1138,1.9794,+8.9114,157.7141,190.9583
5246,0.52,-5.1958,-0.0770,-9.2288,4.0330,3.8585,+3.3504,115.7736,167.3764
5247,0.53,-4.9925,+0.0283,-9.2396,4.2471,5.3709,+6.5691,123.4165,194.5193
5248,0.53,-5.1476,-0.0968,-9.2599,4.1124,2.9897,+6.2679,119.0952,186.0617
5249,0.53,-5.1640,-0.0283,-9.2563,4.0923,1.9591,+1.8837,53.0806,176.9774
5250,0.55,-5.1621,-0.0627,-9.2742,4.1121,1.0992,+6.4039,94.4663,184.3745
5251,0.53,-5.1675,+0.2278,-9.2753,4.1079,2.8947,+4.3226,85.2149,188.4615
5252,0.53,-5.2529,+0.1256,-9.2620,4.0092,4.2010,+7.8177,120.7604,186.4854
5253,0.52,-5.2098,-0.0981,-9.2611,4.0514,9.3730,+5.2623,131.7954,187.2936
5254,0.54,-5.0127,-0.0698,-9.2606,4.2479,30.4938,+5.7385,175.4842,190.2981
5255,0.53,-4.6699,+0.0856,-9.2591,4.5892,68.0510,+4.9672,198.3278,206.4518
5256,0.52,-4.6655,+0.0126,-9.2632,4.5977,52.3131,+4.0217,220.3445,209.6352
5257,0.52,-4.9144,+0.1551,-9.2529,4.3384,53.7610,+5.1427,205.1694,186.1532
5258,0.51,-5.0500,+0.0110,-9.2671,4.2171,33.5551,+5.1553,190.7220,195.9263
5259,0.53,-4.8699,-0.1296,-9.2686,4.3987,44.4510,+7.8201,284.5817,211.4041
5260,0.51,-4.9110,-0.0046,-9.2668,4.3558,65.8860,+6.3491,300.6177,216.5151
5261,0.53,-4.8425,+0.0898,-9.2726,4.4301,52.8331,+6.7015,299.5478,218.6596
5262,0.53,-4.8026,-0.0829,-9.2608,4.4582,39.2443,+6.5570,263.1050,212.5683
5263,0.54,-4.8875,+0.2506,-9.2602,4.3728,34.5585,+6.5750,239.9744,208.3621
5264,0.54,-5.0184,-0.2158,-9.2701,4.2518,61.3823,+6.5893,325.1562,205.2390
5265,0.52,-4.8889,+0.0674,-9.2646,4.3757,32.7136,+6.0903,237.4178,203.6093
5266,0.51,-4.6023,-0.6266,-9.2642,4.6620,54.5583,+5.8350,265.2265,225.5691
5267,0.51,-4.9308,-0.1669,-9.2651,4.3343,41.2768,+3.7766,233.5612,199.2145
5268,0.53,-4.8225,+0.0821,-9.2681,4.4456,42.9537,+3.6846,218.6286,207.3315
5269,0.54,-4.7124,-0.0181,-9.2524,4.5400,51.0328,+3.1058,220.4071,209.6913
5270,0.51,-4.7005,+0.0230,-9.2585,4.5580,61.6128,+4.3469,276.1836,222.1745
5271,0.53,-4.8966,+0.1667,-9.2573,4.3607,23.5801,+3.8470,172.7227,197.0697
5272,0.51,-5.2240,+0.0875,-9.2522,4.0281,12.3730,+5.1571,168.6860,175.0275
5273,0.53,-5.0055,-0.2342,-9.2436,4.2382,50.2187,+4.3747,172.1469,184.1828
5274,0.54,-4.8471,+0.1296,-9.2395,4.3925,34.4488,+5.2809,222.2777,202.7390
5275,0.54,-4.9845,+0.3263,-9.2368,4.2524,13.3079,+6.5242,199.0984,207.2803
5276,0.53,-4.9492,-0.0738,-9.2271,4.2779,28.2230,+6.3604,208.3927,199.8790
5277,0.53,-5.1430,+0.2490,-9.2481,4.1052,14.6813,+7.5176,225.6095,194.7696
5278,0.51,-4.8182,+0.0451,-9.2549,4.4367,30.9283,+4.9392,209.5317,206.1613
5279,0.53,-4.2950,+0.3424,-9.2549,4.9599,188.2263,+4.8243,223.8522,217.6105
5280,0.52,-5.2901,+0.1025,-9.2543,3.9641,15.4880,+4.1129,159.6013,180.5101
5281,0.53,-4.9478,+0.0912,-9.2614,4.3136,29.6067,+6.5290,209.3792,197.9919
5282,0.50,-4.8089,+0.0260,-9.2522,4.4434,32.5819,+6.1132,185.3654,200.2007
5283,0.52,-4.8812,+0.0823,-9.2697,4.3885,18.8716,+6.0036,179.7156,203.7194
5284,0.53,-4.7826,+0.0668,-9.2598,4.4772,44.7252,+5.8276,184.2431,201.9285
5285,0.50,-5.0840,+0.0390,-9.2633,4.1793,25.1299,+6.8109,169.5179,184.4782
5286,0.52,-4.8548,+0.0655,-9.2819,4.4270,34.1703,+5.9650,163.7026,205.1337
5287,0.52,-4.8082,+0.0286,-9.2587,4.4505,40.9770,+6.7777,202.7902,204.1560
5288,0.53,-5.0837,+0.0240,-9.2546,4.1710,21.9993,+5.6555,170.9058,178.1753
5289,0.53,-4.8561,-0.0066,-9.2490,4.3928,26.4621,+5.4234,160.7764,192.7386
5290,0.52,-4.8380,-0.3208,-9.2529,4.4149,47.7505,+6.3568,214.5018,197.9496
5291,0.52,-4.8601,-0.1081,-9.2485,4.3884,38.3650,+6.6495,199.3176,196.6182
5292,0.52,-4.7884,+0.1673,-9.2510,4.4626,56.9711,+7.0034,223.5490,208.6577
5293,0.53,-4.8603,+0.2758,-9.2403,4.3800,47.9288,+7.5084,209.8573,205.3833
5294,0.52,-4.7519,+0.2407,-9.2483,4.4964,50.1778,+7.6122,249.8928,212.5881
5295,0.52,-4.8960,-0.0889,-9.2596,4.3636,32.8232,+6.2345,189.3337,203.1089
5296,0.50,-4.6553,-0.0631,-9.2488,4.5935,62.5369,+6.2048,268.5072,213.1651
5297,0.51,-4.8068,+0.1927,-9.2468,4.4399,43.7708,+5.8646,210.2885,202.4624
5298,0.52,-4.7787,+0.1045,-9.2296,4.4509,38.1739,+4.9089,198.8409,206.5677
5299,0.53,-4.7778,-0.0533,-9.2261,4.4483,39.1858,+5.1552,205.6299,197.5445
5300,0.53,-4.7313,-0.2361,-9.2333,4.5021,46.1470,+6.1932,225.8838,203.5526
5301,0.51,-5.0473,-0.0436,-9.2274,4.1801,9.0437,+5.5252,158.8538,179.2383
5302,0.53,-4.9877,-0.0937,-9.2197,4.2320,17.5191,+4.9970,158.7621,178.0178
5303,0.53,-4.8486,+0.0152,-9.2285,4.3799,34.2072,+4.8971,184.4693,193.3273
5304,0.53,-4.7516,-0.0059,-9.2196,4.4680,66.2378,+5.9554,214.2333,200.7736
5305,0.52,-4.9452,-0.1239,-9.2320,4.2868,39.1181,+5.5526,174.7606,181.5098
5306,0.53,-4.7577,+0.0600,-9.2150,4.4573,70.1555,+5.5443,188.3456,194.7118
5307,0.53,-4.6727,+0.3307,-9.2174,4.5448,80.8701,+5.6954,246.6165,203.4685
5308,0.53,-4.9120,-0.1973,-9.2266,4.3146,26.1526,+5.7074,179.2007,187.1751
5309,0.52,-4.7896,-0.3965,-9.2325,4.4428,60.8972,+6.0515,199.3366,204.9137
5310,0.52,-4.8880,+0.0482,-9.2328,4.3449,36.6842,+6.4460,227.7993,196.7581
5311,0.52,-4.7823,-0.1741,-9.2351,4.4528,53.0391,+6.3274,255.4550,206.1541
5312,0.53,-4.8171,+0.2078,-9.2420,4.4249,53.9320,+6.5518,247.1841,210.2935
5313,0.54,-4.9441,+0.0071,-9.2434,4.2992,39.0866,+5.1342,206.7549,193.1425
5314,0.53,-4.8641,-0.1210,-9.2394,4.3754,46.5945,+6.4926,222.6284,199.4906
5315,0.52,-4.8075,+0.0151,-9.2307,4.4232,34.1412,+6.9400,228.7780,210.2051
5316,0.52,-4.8625,-0.0063,-9.2418,4.3793,36.8967,+6.4756,239.2592,204.8826
5317,0.53,-4.8187,+0.1211,-9.2242,4.4054,35.6430,+7.5777,282.9637,205.5454
5318,0.51,-4.9116,+0.0503,-9.2194,4.3078,47.5379,+6.3860,272.0199,198.4703
5319,0.54,-4.9148,-0.2165,-9.2125,4.2976,30.2285,+6.4484,234.5676,194.9046
5320,0.53,-5.0444,-0.0335,-9.2022,4.1579,4.1726,+6.4219,144.6710,176.3094
5321,0.52,-5.1576,-0.1364,-9.2115,4.0539,2.2714,+6.3663,108.4365,176.0941
5322,0.56,-5.0903,-0.0045,-9.2163,4.1260,1.6716,+4.9842,81.7984,171.5725
5323,0.53,-4.7326,-0.0775,-9.2099,4.4772,6.9369,+11.6762,243.5717,226.4092
5324,0.49,-5.1063,+0.0083,-9.2170,4.1107,1.3684,+4.5693,99.2111,185.3937
5325,0.52,-4.9916,-0.0809,-9.2279,4.2364,1.4451,+1.4382,79.1238,187.2767
5326,0.53,-5.0633,-0.0632,-9.2334,4.1701,4.4688,+5.7788,113.0497,192.0935
5327,0.52,-5.3303,-0.0555,-9.2428,3.9125,2.4043,+6.4864,104.1390,173.2130
5328,0.52,-5.1436,+0.0911,-9.2469,4.1033,2.6315,+8.1188,147.3909,194.8202
5329,0.53,-5.1087,-0.0476,-9.2332,4.1244,1.3059,+7.7854,118.1004,183.7173
5330,0.54,-5.1879,+0.0936,-9.2344,4.0465,1.1815,+5.9747,118.4682,186.8907
5331,0.52,-4.7888,+0.1472,-9.2267,4.4379,1.6687,+14.3265,271.9991,228.6145
5332,0.51,-5.0100,-0.0390,-9.2203,4.2103,1.8360,-4.6156,106.0540,181.4921
5333,0.55,-5.0959,-0.0266,-9.1996,4.1037,1.1267,+12.6712,204.2962,196.0728
5334,0.53,-5.1322,-0.0053,-9.2236,4.0914,1.0112,-0.6416,61.6996,177.6452
5335,0.54,-4.8848,+0.0910,-9.2349,4.3501,1.4343,+16.5378,313.6551,219.0746
5336,0.52,-5.0799,-0.1127,-9.2302,4.1503,1.1461,-0.0935,81.4193,177.4071
5337,0.53,-4.7809,-0.0160,-9.2295,4.4486,1.7411,+15.1550,303.0542,224.0734
5338,0.53,-5.0649,-0.1446,-9.2314,4.1664,1.6336,-1.2410,89.3288,179.1521
5339,0.53,-5.1610,+0.0530,-9.2321,4.0711,1.4515,+9.2420,137.1965,188.7101
5340,0.53,-5.2573,-0.0988,-9.2311,3.9737,1.1466,+2.5717,101.6723,167.1560
5341,0.54,-5.1736,+0.0692,-9.2326,4.0590,2.3249,+10.7868,165.5813,185.9724
5342,0.54,-5.1276,+0.0086,-9.2396,4.1119,2.2023,-1.2869,73.2442,173.6086
5343,0.55,-5.1803,+0.0650,-9.2375,4.0571,1.6753,+13.8342,238.2838,198.1376
5344,0.55,-5.3489,+0.1405,-9.2435,3.8946,1.3170,+5.3043,109.5918,164.9831
5345,0.53,-5.1572,+0.0181,-9.2366,4.0794,2.8586,+7.2947,135.0560,190.0576
5346,0.55,-5.1592,-0.0481,-9.2250,4.0658,1.3503,+11.5597,192.2538,189.6190
5347,0.55,-5.1523,-0.0295,-9.2128,4.0605,1.6423,+4.3457,114.2093,176.0157
5348,0.54,-5.2142,+0.1424,-9.2052,3.9910,1.7577,+9.1973,128.9729,181.8274
5349,0.55,-5.1249,+0.2163,-9.2033,4.0784,2.2831,+2.4730,137.9628,168.7951
5350,0.53,-5.1569,-0.2079,-9.2223,4.0653,2.0374,+3.5832,106.5273,174.0728
5351,0.52,-5.1906,+0.1723,-9.2139,4.0233,2.4017,+6.5154,86.1305,171.2883
5352,0.55,-5.1207,+0.0781,-9.2217,4.1010,1.8558,+7.9504,126.2554,186.3520
5353,0.55,-5.1474,-0.0084,-9.2114,4.0640,1.1401,+9.4691,150.9560,192.3589
5354,0.54,-5.1822,-0.0620,-9.2299,4.0477,1.9359,+3.0715,89.0314,173.1299
5355,0.53,-5.1139,+0.1079,-9.2323,4.1184,2.0061,+14.1584,251.3492,195.7578
5356,0.54,-5.1868,-0.0268,-9.2211,4.0343,1.7993,+0.6977,104.9795,172.3528
5357,0.53,-5.3070,-0.0797,-9.2103,3.9034,1.5374,+11.3229,177.9718,182.5613
5358,0.54,-5.0839,+0.0327,-9.2292,4.1452,1.5795,+0.3066,91.9056,168.7968
5359,0.54,-4.9610,+0.0064,-9.2260,4.2650,1.8409,+14.1893,257.4579,215.5804
5360,0.52,-5.1726,+0.0497,-9.2407,4.0681,1.7511,+3.3795,65.2618,168.2510
5361,0.54,-5.1429,+0.0927,-9.2307,4.0878,2.0535,+13.5060,237.4193,201.7703
5362,0.56,-5.3120,-0.1735,-9.2274,3.9153,1.5668,+1.4672,65.5555,157.5526
5363,0.53,-4.9106,-0.1516,-9.2323,4.3217,1.9962,+18.1224,392.6404,228.7633
5364,0.55,-5.1532,+0.1353,-9.2249,4.0718,1.7103,+4.5274,92.6214,177.2110
5365,0.55,-5.0758,-0.0388,-9.2248,4.1490,1.7475,+14.0618,255.1392,197.9072
5366,0.55,-5.2452,+0.0382,-9.2357,3.9906,1.8332,-0.9455,76.1796,164.0100
5367,0.55,-5.0520,-0.1726,-9.2322,4.1802,1.2190,+15.5142,295.4822,203.9780
5368,0.54,-5.0906,-0.0406,-9.2324,4.1418,3.9565,+2.9972,88.2923,174.2827
5369,0.54,-4.8779,+0.0662,-9.2173,4.3393,7.1976,+12.7778,248.8837,203.0964
5370,0.56,-5.3206,-0.1893,-9.2081,3.8875,1.9553,+7.0826,145.5751,167.1454
5371,0.54,-5.2042,-0.0323,-9.2144,4.0102,2.2434,+6.1833,121.3290,175.2088
5372,0.54,-5.0472,+0.1727,-9.2192,4.1720,5.7764,+1.3253,173.6349,178.2486
5373,0.53,-5.1439,-0.0454,-9.2305,4.0866,1.4672,+2.9914,47.5930,170.5820
5374,0.54,-5.0360,+0.0540,-9.2301,4.1941,1.2335,+12.4862,200.7974,202.4501
5375,0.54,-5.1956,-0.0990,-9.2290,4.0334,2.0729,+3.6421,85.5013,164.0276
5376,0.54,-5.0869,+0.0588,-9.2316,4.1447,2.5098,+11.2425,187.3609,194.7104
5377,0.54,-5.2079,-0.0399,-9.2056,3.9977,3.4040,+3.7519,123.1676,170.7298
5378,0.53,-5.0977,+0.0369,-9.2068,4.1091,2.1124,+3.1023,83.0370,181.0970
5379,0.53,-5.1490,-0.0149,-9.2009,4.0519,1.0858,+10.3110,154.0053,184.9636
5380,0.54,-5.2718,+0.0217,-9.1871,3.9153,1.6728,+2.4435,60.1693,159.7226
5381,0.56,-5.0761,+0.0495,-9.2056,4.1295,2.2351,+9.5049,147.3926,187.0487
5382,0.53,-5.2436,+0.0268,-9.2160,3.9725,1.0857,+2.9847,67.9494,165.7905
5383,0.54,-5.2473,-0.0411,-9.2153,3.9680,1.9057,+11.5283,199.7665,190.2351
5384,0.54,-5.1731,+0.0396,-9.2052,4.0321,2.4069,+3.1845,87.1925,170.9899
5385,0.54,-5.0923,+0.0917,-9.2122,4.1199,5.8519,+10.6141,162.2400,199.2644
5386,0.54,-5.2377,+0.1432,-9.2283,3.9905,1.0812,+0.6203,51.6264,162.6999
5387,0.55,-4.9152,-0.0169,-9.2179,4.3027,4.2809,+14.2271,257.5043,199.7523
5388,0.54,-5.2201,+0.0276,-9.2078,3.9878,2.3272,+4.2044,65.6856,164.3993
5389,0.56,-5.0773,-0.2523,-9.2049,4.1276,1.7750,+11.8810,226.4138,186.1749
5390,0.55,-5.0543,+0.0217,-9.2260,4.1717,1.4113,-3.1338,96.6702,168.4995
5391,0.54,-5.3456,-0.0294,-9.2320,3.8863,1.3766,+9.7221,159.8300,182.0211
5392,0.52,-5.3231,-0.0085,-9.2356,3.9126,1.6816,+4.0540,78.8858,164.4345
5393,0.55,-4.9990,+0.2054,-9.2393,4.2403,2.0609,+9.8239,166.9091,207.3438
5394,0.52,-5.0496,-0.0156,-9.2392,4.1895,1.5176,+14.5559,288.1976,219.3320
5395,0.52,-5.2150,-0.0160,-9.2277,4.0127,1.3752,+4.9008,100.6065,175.6825
5396,0.54,-5.1937,-0.1676,-9.2172,4.0235,1.3290,+11.4263,189.6497,191.7855
5397,0.53,-4.9710,+0.1359,-9.2142,4.2432,4.6532,+10.4521,210.2083,202.5851
5398,0.54,-5.2696,+0.0285,-9.2104,3.9408,1.8955,+7.0205,99.6686,171.0945
5399,0.52,-5.1527,+0.0820,-9.2007,4.0480,1.2588,+6.0677,74.9296,175.8318
5400,0.53,-5.0850,+0.0131,-9.2066,4.1216,1.6117,+8.0255,130.0140,186.6558
5401,0.51,-5.1849,+0.0366,-9.2134,4.0284,1.0302,+2.4294,55.8281,171.9038
5402,0.56,-5.0223,+0.0489,-9.2317,4.2094,1.3044,+15.7593,304.3826,215.0533
5403,0.53,-5.3152,-0.2004,-9.2484,3.9332,1.2977,+2.0657,73.2942,165.1867
5404,0.53,-4.8718,+0.1322,-9.2263,4.3545,1.2868,+15.6262,298.2250,213.1781
5405,0.54,-5.3234,+0.0100,-9.2362,3.9128,3.6325,-0.1603,109.5926,172.2271
5406,0.54,-5.1172,-0.0511,-9.2277,4.1105,3.3200,+13.3420,259.7932,204.1132
5407,0.54,-5.2571,+0.1241,-9.2259,3.9688,21.9944,+5.0029,216.2902,183.5130
5408,0.54,-5.0117,+0.1575,-9.2152,4.2034,18.2848,+4.2391,173.9408,189.6728
5409,0.53,-5.1513,+0.0480,-9.2210,4.0697,14.2407,+7.3330,199.1316,192.3185
5410,0.53,-4.7720,+0.2924,-9.2197,4.4477,38.5951,+9.2635,322.2310,217.5155
5411,0.53,-5.0548,+0.0101,-9.2260,4.1712,16.4678,+7.4115,203.0085,193.2857
5412,0.53,-4.9219,+0.0153,-9.2342,4.3122,49.8380,+6.8146,262.5623,208.1955
5413,0.54,-5.0069,+0.1279,-9.2353,4.2285,39.9752,+6.4697,236.7980,206.5303
5414,0.54,-4.9757,+0.0151,-9.2456,4.2699,28.9195,+7.5567,243.0455,203.3923
5415,0.54,-5.0003,-0.0002,-9.2436,4.2433,36.2338,+7.1264,227.0406,200.1364
5416,0.54,-4.9584,+0.0807,-9.2451,4.2868,35.9868,+7.1233,233.2257,206.6642
5417,0.53,-4.9781,-0.0346,-9.2346,4.2564,50.6879,+7.8873,246.0482,196.4028
5418,0.54,-5.1003,+0.0752,-9.2410,4.1407,26.0111,+6.3194,200.7621,191.7032
5419,0.53,-5.0167,+0.0769,-9.2448,4.2281,27.5137,+7.3756,245.3725,191.7660
5420,0.52,-5.0529,-0.0386,-9.2260,4.1731,47.5270,+5.7876,216.6194,194.8486
5421,0.53,-4.8661,+0.0433,-9.2207,4.3546,44.9233,+6.5289,244.2330,209.0966
5422,0.52,-4.8327,+0.0608,-9.2227,4.3901,36.4272,+7.0337,226.1393,207.1606
5423,0.53,-4.8155,-0.0482,-9.2178,4.4023,45.8750,+7.4986,271.4371,209.9370
5424,0.54,-5.0062,+0.0103,-9.2166,4.2105,33.7341,+5.7423,219.2346,193.3345
5425,0.53,-4.9971,+0.0672,-9.2177,4.2206,32.7107,+6.0519,232.9990,196.7137
5426,0.52,-4.8417,-0.0658,-9.2072,4.3655,42.7801,+5.9440,247.3803,203.2620
5427,0.52,-4.9344,+0.0454,-9.2158,4.2814,38.5022,+6.8125,241.5678,198.4419
5428,0.51,-4.9081,+0.1101,-9.2277,4.3196,45.8865,+7.1373,273.7874,200.1796
5429,0.54,-5.2197,+0.1702,-9.2143,3.9946,14.4584,+5.9868,169.1786,183.5525
5430,0.51,-5.3667,+0.2091,-9.2058,3.8391,2.2349,+5.4080,106.3893,174.1252
5431,0.55,-5.2624,-0.2730,-9.2063,3.9440,1.2298,+4.9797,79.5425,180.0337
5432,0.54,-5.1264,+0.0267,-9.2123,4.0860,1.5820,+7.3092,107.0915,183.4263
5433,0.53,-5.3055,-0.0441,-9.2260,3.9204,1.1385,+6.4852,121.7829,169.0524
5434,0.53,-5.1497,-0.1248,-9.2322,4.0825,2.8719,+10.9541,175.1205,188.0749
5435,0.54,-5.2416,-0.0203,-9.2382,3.9966,1.4602,+6.1807,92.1858,173.4780
5436,0.55,-5.2611,-0.0152,-9.2295,3.9683,2.0350,+4.7313,81.3268,179.9833
5437,0.53,-5.1187,+0.0744,-9.2244,4.1057,1.5990,+7.4144,123.2479,193.3505
5438,0.54,-5.3271,-0.0306,-9.2211,3.8939,1.3411,+8.1728,117.8191,180.7861
5439,0.53,-5.2929,-0.0626,-9.2252,3.9323,1.4164,+5.1279,71.9523,167.0524
5440,0.54,-5.2283,-0.0073,-9.2213,3.9930,1.7369,+3.3593,75.6209,167.4884
5441,0.54,-5.0544,-0.1123,-9.2203,4.1659,1.5628,+10.5138,164.1210,182.4750
5442,0.54,-4.9723,+0.0445,-9.2070,4.2347,1.6391,+4.6895,90.9882,181.9275
5443,0.53,-5.2644,+0.1404,-9.2210,3.9566,1.5438,+9.2717,153.9538,176.6709
5444,0.55,-5.2068,-0.1165,-9.2261,4.0193,2.2183,+4.1340,117.0747,176.8215
5445,0.53,-5.1521,+0.0659,-9.2350,4.0829,1.6375,+9.5647,199.8880,183.4142
5446,0.54,-5.2066,+0.0190,-9.2166,4.0100,1.6040,+1.2429,84.1070,173.3546
5447,0.54,-5.0256,+0.1287,-9.2203,4.1947,5.8548,+8.3828,214.5084,206.3869
5448,0.53,-4.8859,-0.0777,-9.2300,4.3441,11.4402,+4.8526,160.6160,206.5453
5449,0.52,-3.8641,-0.4245,-9.2377,5.3736,539.1664,+7.4879,281.8699,288.2402
5450,0.52,-4.9809,+0.1129,-9.2345,4.2536,30.8000,+6.5465,145.3521,199.9582
5451,0.52,-5.0899,+0.0304,-9.2197,4.1298,26.2609,+6.6083,196.1470,194.2837
5452,0.53,-5.0269,+0.0584,-9.2270,4.2001,31.9529,+7.4259,194.2896,198.0454
5453,0.54,-5.1417,-0.1294,-9.2414,4.0997,16.7937,+5.4013,137.6447,185.3410
5454,0.52,-5.0992,+0.0479,-9.2443,4.1451,17.5018,+7.1502,182.8022,189.9077
5455,0.51,-5.0556,-0.0286,-9.2256,4.1700,22.2756,+6.3954,153.4864,190.9308
5456,0.54,-5.0929,+0.0784,-9.2295,4.1365,19.3264,+7.5735,198.4255,196.5910
5457,0.55,-5.0585,-0.1709,-9.2314,4.1728,32.0038,+7.9745,221.3320,192.8887
5458,0.54,-4.9326,+0.0218,-9.2169,4.2843,28.6964,+7.7942,215.2033,209.6938
5459,0.53,-5.0121,+0.1387,-9.2155,4.2034,28.4263,+8.0530,216.6257,201.9213
5460,0.55,-5.0956,+0.0178,-9.2186,4.1230,19.6309,+7.3933,203.2274,188.0433
5461,0.53,-5.0043,+0.0239,-9.2177,4.2134,24.8775,+6.4243,184.3346,191.7901
5462,0.54,-4.9077,-0.0755,-9.2192,4.3116,50.1246,+5.8668,191.6318,189.7978
5463,0.53,-5.1174,+0.1643,-9.2401,4.1227,36.4205,+6.4348,197.2164,188.4703
5464,0.52,-5.0042,+0.1611,-9.2290,4.2249,39.1083,+6.6115,208.9516,193.7805
5465,0.53,-5.1335,+0.1508,-9.2261,4.0926,1.9773,+5.3357,135.2021,188.3169
5466,0.54,-4.9022,-0.1568,-9.2241,4.3219,39.8014,+4.7036,209.7258,191.5388
5467,0.52,-4.8288,-0.1036,-9.2320,4.4031,33.6321,+6.1793,200.9770,199.5171
5468,0.53,-4.9519,+0.0558,-9.2441,4.2922,40.7215,+6.2962,241.0202,201.3186
5469,0.53,-5.0639,-0.0404,-9.2375,4.1736,31.9264,+5.2802,212.5179,182.9078
5470,0.53,-4.8784,-0.0149,-9.2392,4.3609,30.1778,+6.1017,207.9265,196.8971
5471,0.52,-4.6463,+0.1116,-9.2409,4.5947,49.0320,+7.4194,278.0264,221.0548
5472,0.54,-4.8053,-0.1213,-9.2442,4.4389,39.3637,+5.5451,237.6070,208.6677
5473,0.54,-5.0769,-0.0496,-9.2473,4.1705,19.9220,+4.6584,172.5761,189.7901
5474,0.54,-5.1244,+0.0808,-9.2348,4.1104,2.5750,+5.6344,86.0866,178.4862
5475,0.52,-5.1141,+0.1256,-9.2321,4.1181,2.6077,+4.5328,65.8656,176.0352
5476,0.53,-5.1901,-0.0169,-9.2453,4.0552,1.3364,+3.7463,60.3702,176.2738
5477,0.53,-5.2819,+0.0782,-9.2368,3.9549,1.5859,+9.5410,149.3215,176.6418
5478,0.54,-4.7877,+0.0389,-9.2379,4.4502,1.6750,-2.2554,114.7771,206.4467
5479,0.52,-4.9172,+0.0538,-9.2429,4.3257,3.5341,+12.1006,214.6799,207.2090
5480,0.53,-5.0646,-0.1198,-9.2582,4.1936,1.6649,+1.7365,78.0125,181.8542
5481,0.53,-5.3622,+0.0152,-9.2724,3.9102,1.8332,+9.3537,135.4500,169.0770
5482,0.52,-5.1311,+0.1860,-9.2622,4.1311,6.2149,-3.6293,79.9561,156.9123
5483,0.53,-5.2260,+0.0348,-9.2582,4.0322,1.3615,+10.8703,167.4990,182.9008
5484,0.53,-5.2938,+0.0305,-9.2676,3.9738,2.4256,-0.4071,70.3378,164.6983
5485,0.53,-5.1357,-0.0743,-9.2587,4.1230,1.2410,+15.3569,297.8699,202.4042
5486,0.53,-5.3308,-0.0336,-9.2472,3.9163,1.7631,+0.0360,74.2152,164.3747
5487,0.54,-5.2066,+0.2493,-9.2533,4.0468,1.3665,+14.7690,272.1660,198.9237
5488,0.53,-5.1363,-0.1383,-9.2483,4.1120,2.2058,-1.3556,119.1911,169.2944
5489,0.53,-4.9001,-0.0529,-9.2460,4.3459,6.8554,+13.0379,230.8878,207.4915
5490,0.53,-5.2516,-0.0533,-9.2516,4.0000,1.4963,+1.6488,66.3434,167.9643
5491,0.54,-5.2433,-0.0655,-9.2560,4.0127,1.7165,+10.5279,173.4250,190.2445
5492,0.52,-5.0645,-0.7152,-9.2456,4.1810,6.1358,+1.0152,125.8471,178.2806
5493,0.54,-5.1689,-0.1721,-9.2406,4.0716,2.0802,+2.8587,70.8703,171.8038
5494,0.53,-5.0947,+0.0618,-9.2373,4.1426,2.9705,+10.0722,203.6372,189.0303
5495,0.52,-5.0612,+0.0538,-9.2324,4.1712,13.4178,-2.7466,110.7066,169.9194
5496,0.54,-5.0146,+0.0754,-9.2384,4.2238,19.8920,+4.1393,149.1669,184.4734
5497,0.53,-5.1988,-0.0297,-9.2309,4.0320,7.5056,+4.0454,133.9383,177.3438
5498,0.52,-5.1038,-0.0935,-9.2378,4.1340,2.3831,-2.2829,118.9520,176.1417
5499,0.54,-5.1352,+0.1338,-9.2328,4.0976,1.0764,+13.2366,226.5749,207.5503
5500,0.54,-4.8894,+0.0291,-9.2408,4.3514,1.1795,-2.4655,64.3900,187.4705
5501,0.54,-5.0545,-0.0869,-9.2390,4.1845,1.1303,+15.1980,274.8075,210.0914
5502,0.55,-5.1525,-0.2427,-9.2444,4.0919,1.8179,-1.4137,92.6239,172.2163
5503,0.54,-5.1068,+0.0749,-9.2393,4.1325,1.8567,+9.0287,183.9576,189.5337
5504,0.54,-5.0601,-0.1940,-9.2298,4.1697,5.4055,+0.3743,145.0512,172.5421
5505,0.51,-4.7746,-0.0902,-9.2358,4.4612,25.7235,+9.5310,283.4087,211.4758
5506,0.54,-5.1640,-0.1497,-9.2407,4.0768,1.5805,+7.1714,143.5997,182.8956
5507,0.53,-5.2210,-0.1424,-9.2188,3.9978,1.3006,+0.3301,49.0583,171.0726
5508,0.54,-5.3153,+0.1344,-9.2268,3.9115,1.2443,+8.7221,124.1684,173.2749
5509,0.53,-4.6054,-0.3605,-9.2399,4.6345,132.2868,+3.5374,143.1136,222.2419
5510,0.53,-4.9598,-0.0572,-9.2464,4.2866,1.4619,-0.9551,68.0360,187.3201
5511,0.53,-5.1919,+0.1058,-9.2510,4.0591,1.1434,+9.5739,135.9724,191.8639
5512,0.52,-5.2001,-0.1894,-9.2345,4.0344,2.3008,-1.6611,76.1622,176.1570
5513,0.53,-4.9142,-0.0857,-9.2418,4.3276,3.1326,+11.8299,219.7901,203.5619
5514,0.53,-5.2876,-0.1778,-9.2462,3.9586,1.5590,+5.7072,103.4296,181.0339
5515,0.55,-5.1621,-0.2632,-9.2322,4.0702,2.1280,+10.2736,204.4942,190.3006
5516,0.53,-5.1910,+0.3327,-9.2431,4.0522,2.1928,-0.6240,85.1771,159.5208
5517,0.56,-5.1239,-0.0692,-9.2534,4.1294,1.5157,+12.8747,216.3565,186.4911
5518,0.55,-5.2476,-0.0009,-9.2477,4.0001,1.9051,+6.3271,117.6878,170.9627
5519,0.53,-4.9592,+0.0708,-9.2597,4.3005,1.1850,+9.7031,150.6500,194.3449
5520,0.54,-5.0747,-0.0270,-9.2531,4.1784,1.3190,+2.2742,90.5151,175.8453
5521,0.56,-4.8544,+0.2664,-9.2475,4.3931,3.2657,+12.2661,246.9423,208.4719
5522,0.54,-4.9882,+0.0165,-9.2535,4.2653,4.9850,+3.2279,129.1449,188.0728
5523,0.54,-5.3193,-0.1959,-9.2529,3.9336,2.2412,+5.5829,102.7433,162.7427
5524,0.53,-5.1999,-0.0662,-9.2488,4.0489,2.4571,+9.8100,169.5357,186.8033
5525,0.53,-5.2894,+0.0095,-9.2542,3.9648,5.6262,+1.5255,56.4929,166.1727
5526,0.54,-5.0608,-0.1251,-9.2357,4.1749,3.9532,+13.1736,259.3939,195.8411
5527,0.52,-5.0879,+0.1156,-9.2195,4.1316,1.7445,-0.3440,42.3013,172.4919
5528,0.53,-5.0315,-0.0345,-9.2346,4.2032,4.2397,+12.4964,212.4172,209.6250
5529,0.52,-5.0060,+0.1949,-9.2269,4.2209,1.7922,+4.8647,102.9445,177.1739
5530,0.54,-5.3010,+0.0278,-9.2436,3.9427,1.2588,+1.6700,58.8714,159.9824
5531,0.54,-4.9611,+0.0068,-9.2411,4.2801,2.1556,+10.8330,163.8373,202.5990
5532,0.54,-5.1681,-0.0624,-9.2387,4.0706,1.7617,+3.3324,63.5568,174.3641
5533,0.53,-5.1457,+0.0009,-9.2318,4.0860,1.3128,-0.2399,43.1644,173.8913
5534,0.54,-5.2081,-0.0430,-9.2266,4.0185,2.0035,+11.5466,183.4315,175.8139
5535,0.54,-5.0110,-0.0824,-9.2384,4.2274,1.8133,-3.5425,65.8890,181.5710
5536,0.54,-5.0791,-0.0085,-9.2323,4.1532,1.5830,+12.2417,208.8755,192.5640
5537,0.54,-5.2371,-0.0272,-9.2229,3.9858,1.4772,-1.1599,67.5224,165.5617
5538,0.54,-5.1905,+0.0419,-9.2237,4.0332,1.0589,+13.1168,212.6141,194.8044
5539,0.54,-5.1372,-0.0808,-9.2226,4.0854,1.0192,-0.5493,63.7013,170.9038
5540,0.52,-5.0209,-0.1369,-9.2436,4.2228,1.1269,+13.3132,245.1464,203.5949
5541,0.53,-5.2856,+0.0120,-9.2365,3.9509,2.3137,-0.8429,70.0823,169.5693
5542,0.53,-5.2212,-0.0986,-9.2365,4.0153,0.7846,+14.0443,238.2194,195.1148
5543,0.54,-5.2131,+0.1454,-9.2431,4.0300,1.1237,+0.0554,56.8730,156.3250
5544,0.53,-5.1952,-0.0737,-9.2546,4.0594,1.8613,+7.9613,139.7332,176.7755
5545,0.51,-5.3118,+0.0468,-9.2547,3.9430,1.3908,+0.8507,69.0731,165.1987
5546,0.51,-5.1908,-0.0750,-9.2372,4.0463,1.4810,+9.1465,166.9821,186.4866
5547,0.54,-4.6159,+0.0163,-9.2413,4.6253,4.8460,-6.8070,174.6093,200.8781
5548,0.53,-5.0219,-0.1979,-9.2440,4.2222,8.3368,+10.7034,234.1603,197.9055
5549,0.55,-5.2087,-0.1756,-9.2413,4.0326,19.5118,+7.6082,249.9924,185.9010
5550,0.52,-5.1167,-0.1134,-9.2316,4.1149,23.7033,+7.3006,212.7028,185.5335
5551,0.53,-5.0044,-0.1438,-9.2325,4.2281,29.4881,+7.6818,228.0634,194.1826
5552,0.54,-5.0052,-0.1082,-9.2194,4.2142,41.8621,+7.8533,241.0390,190.5473
5553,0.53,-4.9014,-0.2081,-9.2399,4.3386,39.3396,+8.4868,236.8370,208.8544
5554,0.52,-4.8005,-0.0977,-9.2432,4.4426,38.1248,+8.2357,217.4348,205.5723
5555,0.54,-4.7178,+0.1792,-9.2276,4.5098,57.8474,+7.5786,251.1906,210.8280
5556,0.52,-4.8077,+0.2367,-9.2417,4.4340,37.9249,+8.4730,253.7534,205.9651
5557,0.53,-5.0771,-0.0434,-9.2408,4.1637,22.5283,+5.4599,195.4285,185.8271
5558,0.53,-4.9488,+0.0765,-9.2396,4.2908,36.1066,+6.8503,285.2973,200.0761
5559,0.54,-4.8858,+0.0860,-9.2418,4.3560,30.5891,+6.0160,213.8568,203.3268
5560,0.52,-4.9037,-0.0480,-9.2440,4.3404,37.5401,+5.5491,220.4736,197.8292
5561,0.53,-4.9833,-0.1395,-9.2438,4.2605,32.9001,+6.5828,234.7944,195.2674
5562,0.53,-4.8089,-0.0301,-9.2408,4.4319,47.5463,+7.2073,283.3117,214.9573
5563,0.53,-5.0731,-0.0301,-9.2389,4.1659,14.2468,+7.2400,170.7521,204.4375
5564,0.54,-4.9093,+0.0202,-9.2334,4.3241,57.6996,+7.0107,234.4176,206.3540
5565,0.53,-5.0402,+0.0855,-9.2325,4.1923,11.7735,+8.1188,230.2910,197.7960
5566,0.54,-5.0221,-0.0005,-9.2509,4.2289,22.9247,+6.0363,190.6944,195.2219
5567,0.51,-5.0374,-0.1386,-9.2505,4.2131,28.0878,+5.7577,194.2550,195.7265
5568,0.53,-5.1859,-0.1094,-9.2587,4.0728,12.9736,+5.5532,126.4933,177.2985
5569,0.54,-5.3609,+0.0955,-9.2647,3.9037,14.3626,+6.4053,178.3575,175.8021
5570,0.51,-4.9321,+0.3542,-9.2604,4.3283,31.6362,+6.0841,282.4338,210.1697
5571,0.53,-5.2142,-0.1250,-9.2553,4.0411,12.4883,+4.8020,149.8398,186.7579
5572,0.54,-5.1207,-0.3833,-9.2592,4.1385,11.2267,+6.4014,221.6517,189.7742
5573,0.54,-5.3144,-0.0405,-9.2339,3.9195,1.8739,+4.3678,80.5452,171.2500
5574,0.52,-4.9598,-0.1489,-9.2309,4.2711,2.1984,+8.0668,133.8619,195.0038
5575,0.54,-5.3590,-0.0288,-9.2444,3.8854,8.1133,+8.1939,123.2598,173.4198
5576,0.55,-5.3206,+0.0090,-9.2511,3.9305,1.2774,+8.7405,148.5726,182.1967
5577,0.53,-4.9563,+0.1866,-9.2560,4.2996,4.1168,-1.9314,72.3981,180.7340
5578,0.54,-5.1755,-0.0522,-9.2479,4.0723,0.9058,+11.4286,172.2847,199.7859
5579,0.54,-5.1326,+0.0533,-9.2549,4.1223,5.8369,-2.1836,99.3573,170.3590
5580,0.53,-5.0319,-0.0117,-9.2649,4.2330,1.6983,-0.3122,123.7074,180.2016
5581,0.52,-5.2022,+0.0787,-9.2535,4.0513,1.2266,+11.7237,194.8848,196.2210
5582,0.54,-5.3007,-0.0936,-9.2498,3.9492,1.2341,+4.3488,82.8796,175.2102
5583,0.53,-5.2186,+0.0436,-9.2470,4.0284,1.4569,+11.3047,215.6888,200.0001
5584,0.55,-5.1139,+0.0019,-9.2686,4.1547,2.0675,+0.0710,111.3899,190.6642
5585,0.55,-5.1551,+0.0014,-9.2621,4.1071,1.1991,+14.2368,264.4752,206.1360
5586,0.56,-5.3475,+0.0213,-9.2721,3.9246,0.8411,-0.1228,48.8437,161.9061
5587,0.55,-4.9223,+0.0103,-9.2644,4.3421,3.6296,+14.4220,304.0374,220.8147
5588,0.53,-5.0976,+0.0265,-9.2553,4.1578,1.0586,-1.0497,72.0300,174.4830
5589,0.54,-5.3056,-0.1421,-9.2567,3.9512,2.0162,+5.5215,97.9623,176.5087
5590,0.55,-5.2270,-0.0875,-9.2526,4.0256,1.3927,+5.2869,87.0777,180.7824
5591,0.53,-5.1189,+0.0775,-9.2490,4.1302,1.2051,+12.8290,240.5034,212.3317
5592,0.53,-5.1765,-0.0110,-9.2612,4.0847,3.9290,-1.8185,142.3460,184.8828
5593,0.56,-5.2997,-0.0861,-9.2669,3.9672,1.3494,+4.9041,73.7779,174.0385
5594,0.53,-5.0719,+0.0062,-9.2589,4.1870,1.2496,+11.7896,231.2924,204.7143
5595,0.52,-5.3258,-0.0774,-9.2474,3.9216,2.0474,+1.3921,110.0581,171.7759
5596,0.54,-5.1660,-0.1019,-9.2420,4.0760,1.4512,+5.7575,123.8191,187.3528
5597,0.54,-5.0644,+0.0407,-9.2418,4.1774,4.6304,+13.9247,285.5664,208.0420
5598,0.54,-5.3007,+0.0081,-9.2537,3.9529,1.0240,+6.1980,90.6458,173.0787
5599,0.53,-5.2749,-0.0290,-9.2449,3.9700,1.5839,+7.9669,117.8412,178.3318
5600,0.55,-5.3100,+0.1367,-9.2571,3.9471,2.3925,+6.2003,130.4222,167.9558
5601,0.53,-5.3264,+0.0744,-9.2685,3.9421,2.2489,+7.3338,115.4598,176.0450
5602,0.54,-5.0833,+0.0493,-9.2551,4.1719,5.2463,+4.2090,87.4949,183.5171
5603,0.55,-5.2578,+0.0585,-9.2544,3.9966,1.0181,+8.9930,131.3853,192.8965
5604,0.53,-5.1126,+0.0048,-9.2407,4.1281,1.1833,-2.1755,53.7461,180.4464
5605,0.54,-5.2632,+0.0435,-9.2475,3.9843,0.9866,+11.8493,188.6681,195.5743
5606,0.54,-5.0195,-0.0405,-9.2650,4.2455,1.2570,-3.6918,64.2865,178.3353
5607,0.55,-5.2388,+0.0597,-9.2781,4.0392,1.0501,+11.2509,160.0959,194.4147
5608,0.53,-5.2208,+0.0607,-9.2644,4.0436,1.9676,-1.3907,86.3769,178.4676
5609,0.55,-5.4008,-0.0273,-9.2605,3.8597,1.4370,+10.3635,170.6866,178.5617
5610,0.55,-5.1548,-0.0284,-9.2684,4.1135,2.5826,+1.4652,103.5011,180.3971
5611,0.55,-5.3208,-0.0805,-9.2622,3.9413,1.1155,+11.9820,182.2193,180.5691
5612,0.54,-5.0409,+0.1224,-9.2659,4.2250,1.9124,-1.2857,81.0913,175.5769
5613,0.54,-5.3120,-0.0292,-9.2682,3.9561,1.0999,+10.9217,176.8857,190.2718
5614,0.52,-5.1284,+0.1264,-9.2662,4.1379,1.7207,-1.1772,97.0004,177.1949
5615,0.54,-5.2808,-0.0753,-9.2561,3.9753,1.1202,+11.3245,175.5919,181.3329
5616,0.54,-5.2483,-0.0033,-9.2660,4.0177,3.9305,+3.9164,76.9883,169.5215
5617,0.52,-5.0732,+0.0442,-9.2516,4.1784,14.8215,+8.5487,174.7098,192.0305
5618,0.54,-5.1905,+0.1578,-9.2311,4.0406,12.4722,+7.6039,160.9240,186.1702
5619,0.54,-5.3377,-0.0835,-9.2411,3.9034,1.3980,+2.5798,73.1621,164.1490
5620,0.54,-5.2687,-0.1438,-9.2566,3.9879,1.2243,+11.2722,186.2377,195.8095
5621,0.54,-5.2612,-0.0250,-9.2649,4.0036,1.8562,-2.8458,98.4761,172.0419
5622,0.53,-5.3758,-0.1016,-9.2584,3.8826,1.6973,+11.3151,200.4811,179.1797
5623,0.55,-5.2601,+0.2408,-9.2514,3.9914,1.4218,-1.1158,61.7245,162.0559
5624,0.54,-5.1458,-0.0086,-9.2646,4.1189,1.6996,+15.4982,302.2443,204.5935
5625,0.54,-5.2861,-0.0006,-9.2615,3.9755,5.1387,+2.0628,131.3788,178.4066
5626,0.54,-5.3626,-0.0579,-9.2587,3.8960,8.1136,+3.9163,113.7482,173.5262
5627,0.54,-5.1829,+0.0549,-9.2679,4.0850,3.4537,+9.6811,176.7418,192.8073
5628,0.53,-5.1535,-0.1028,-9.2700,4.1165,7.0467,-1.6097,102.0847,179.4767
5629,0.53,-5.2049,+0.0524,-9.2585,4.0535,7.1486,+3.5246,112.5264,186.4157
5630,0.53,-5.3042,+0.0869,-9.2469,3.9427,3.8908,+6.9198,122.3089,175.7642
5631,0.51,-5.2490,+0.0495,-9.2578,4.0089,2.1174,-0.7018,85.8119,171.8487
5632,0.53,-5.2379,-0.1670,-9.2560,4.0182,2.7494,+6.7301,163.8602,191.6281
5633,0.54,-5.3831,+0.0344,-9.2538,3.8707,4.2217,+5.0636,112.3479,173.5808
5634,0.54,-5.3560,+0.0267,-9.2623,3.9063,3.9359,-0.2684,73.5116,167.8629
5635,0.54,-5.2114,-0.0750,-9.2525,4.0412,1.6963,+7.7502,126.4473,184.5595
5636,0.56,-5.1308,+0.0635,-9.2650,4.1342,3.1071,+0.1526,73.2498,181.6864
5637,0.54,-5.1714,-0.0476,-9.2710,4.0996,0.9593,+10.8215,187.4251,195.5042
5638,0.53,-5.0090,-0.0740,-9.2665,4.2575,1.7914,-6.6274,98.2926,181.2929
5639,0.54,-5.3338,+0.0066,-9.2626,3.9288,2.7028,+11.7557,198.4031,175.9224
5640,0.54,-5.0410,+0.0721,-9.2648,4.2238,1.6883,+0.4300,80.5832,178.6626
5641,0.51,-5.2905,-0.0745,-9.2693,3.9788,1.6984,+5.4785,92.8089,172.4009
5642,0.55,-5.3420,+0.0624,-9.2727,3.9307,1.6747,+2.2521,66.4247,174.3339
5643,0.56,-5.3648,+0.0313,-9.2586,3.8938,1.2352,+12.1737,218.3235,193.7461
5644,0.51,-5.0952,-0.0646,-9.2475,4.1523,1.6367,+1.7369,82.5705,185.3218
5645,0.54,-5.1766,-0.0387,-9.2517,4.0751,1.6960,+15.4817,308.7626,206.6297
5646,0.56,-5.4092,-0.0423,-9.2467,3.8375,1.0700,+7.3165,139.8449,178.0054
5647,0.55,-5.3452,+0.0282,-9.2586,3.9133,1.6046,+4.9552,112.3041,172.2286
5648,0.53,-5.3992,+0.0149,-9.2474,3.8482,2.4359,+10.8128,194.5607,171.6687
5649,0.55,-5.3730,-0.0411,-9.2453,3.8723,1.4783,+1.4958,88.0336,162.1207
5650,0.55,-5.2967,+0.1757,-9.2594,3.9627,1.6305,+13.5032,273.0689,190.4841
5651,0.53,-5.1370,-0.0788,-9.2621,4.1250,7.0155,+6.2004,177.1434,192.5368
5652,0.54,-5.4866,-0.1516,-9.2568,3.7703,2.8521,+7.8560,126.8479,166.3344
5653,0.54,-5.1781,-0.0179,-9.2647,4.0866,2.0880,+12.5249,235.7036,202.0295
5654,0.54,-5.2447,-0.2762,-9.2700,4.0252,1.7908,-1.8046,88.0597,170.9506
5655,0.53,-5.3085,+0.1394,-9.2647,3.9562,0.8847,+6.4176,103.4978,176.7721
5656,0.54,-5.3248,+0.2322,-9.2745,3.9497,1.4253,+4.9621,170.7655,177.4663
5657,0.55,-5.1900,-0.1738,-9.2841,4.0941,4.9559,+2.1496,98.4869,178.9774
5658,0.53,-5.2892,+0.0305,-9.2928,4.0036,6.8781,+8.3672,183.4450,189.8767
5659,0.53,-5.4866,+0.0041,-9.2806,3.7941,1.9422,+4.8439,66.8681,162.1764
5660,0.54,-5.3315,+0.0410,-9.2764,3.9449,1.2432,+12.5170,203.9530,188.1644
5661,0.52,-5.2234,-0.0078,-9.2741,4.0508,3.1135,+0.1544,150.1957,177.6403
5662,0.55,-5.3676,+0.1375,-9.2604,3.8928,1.1914,+7.9208,124.6619,178.9256
5663,0.54,-5.1703,-0.0019,-9.2682,4.0979,1.8761,+9.7757,192.3049,193.5854
5664,0.54,-4.9234,+0.0766,-9.2741,4.3507,14.7237,+3.9297,150.0925,201.2648
5665,0.53,-5.2244,+0.1199,-9.2625,4.0381,3.7048,+6.6402,153.1355,186.7101
5666,0.54,-4.7126,+0.0921,-9.2687,4.5561,54.7185,+6.1898,245.5679,224.3940
5667,0.54,-4.9000,+0.1373,-9.2544,4.3545,38.1125,+6.8587,234.8761,211.4070
5668,0.53,-4.6794,-0.0454,-9.2574,4.5780,47.8127,+6.5409,226.7800,211.8098
5669,0.52,-5.0240,-0.2150,-9.2669,4.2429,19.3157,+5.8931,228.6330,190.7364
5670,0.53,-5.2880,+0.0691,-9.2716,3.9836,8.9364,+4.1609,138.1823,170.2037
5671,0.53,-5.1374,+0.0995,-9.2684,4.1310,16.9919,+8.2867,273.7499,196.4673
5672,0.56,-5.4883,+0.1187,-9.2627,3.7744,7.1752,+4.9909,127.4708,162.2283
5673,0.53,-5.0337,+0.0232,-9.2743,4.2407,24.6347,+6.3660,214.1302,199.5611
5674,0.54,-5.0045,-0.1456,-9.2914,4.2869,31.8649,+7.7193,250.9791,207.3992
5675,0.52,-5.0695,-0.0371,-9.2879,4.2183,37.4321,+7.1907,248.4899,213.3982
5676,0.53,-4.9476,-0.0875,-9.2818,4.3342,34.2849,+7.1139,210.1222,213.7303
5677,0.54,-5.0277,-0.0981,-9.2859,4.2582,38.6891,+7.1679,239.0097,206.9377
5678,0.54,-5.0715,-0.1200,-9.2851,4.2136,26.6800,+7.5591,224.7507,197.2824
5679,0.53,-4.9028,-0.1700,-9.2748,4.3720,47.0788,+6.9038,264.4805,210.3073
5680,0.53,-4.8476,+0.1019,-9.2664,4.4188,66.0306,+6.2149,266.2383,213.4240
5681,0.53,-5.0146,+0.1984,-9.2757,4.2612,36.6860,+5.8752,289.1253,201.3581
5682,0.54,-5.1883,-0.0971,-9.2668,4.0785,10.4441,+4.8141,138.3977,180.0215
5683,0.52,-5.1537,-0.0198,-9.2628,4.1091,27.3531,+4.5340,215.7350,183.0051
5684,0.52,-4.6547,-0.1071,-9.2595,4.6048,122.5295,+6.1613,262.4363,220.8823
5685,0.53,-5.3111,-0.0624,-9.2583,3.9472,4.1203,+6.1970,123.7094,180.1924
5686,0.53,-5.2824,-0.1154,-9.2702,3.9878,2.5610,+6.6449,107.9492,182.3245
5687,0.55,-5.1270,+0.0040,-9.2733,4.1462,6.1973,+3.7085,189.6970,185.8671
5688,0.53,-5.4651,+0.1570,-9.2686,3.8035,14.0399,+2.5920,83.7125,160.2178
5689,0.53,-5.1927,-0.0015,-9.2480,4.0553,1.1283,+8.7539,128.2452,187.9432
5690,0.54,-4.8311,+0.0386,-9.2563,4.4252,13.0927,+12.7136,278.3271,217.8434
5691,0.53,-5.2581,-0.0481,-9.2531,3.9950,3.5388,+9.0150,187.0959,184.2798
5692,0.53,-5.4081,+0.2164,-9.2573,3.8491,3.3309,+3.6813,79.1218,165.7913
5693,0.53,-5.3850,-0.0323,-9.2671,3.8821,0.8164,+6.3886,82.8692,169.9369
5694,0.55,-5.3129,-0.0191,-9.2715,3.9586,1.5934,+9.3347,167.7444,177.9288
5695,0.54,-5.1213,+0.0941,-9.2714,4.1502,1.1852,+1.3804,87.6707,171.0186
5696,0.54,-5.2430,-0.0333,-9.2713,4.0283,1.1793,+13.7406,240.4962,198.1037
5697,0.54,-5.1171,-0.1046,-9.2697,4.1526,1.4981,-1.0693,67.4402,168.9981
5698,0.53,-5.2307,-0.0563,-9.2805,4.0498,1.6076,+12.3737,223.7709,200.1508
5699,0.53,-5.2403,+0.0921,-9.2870,4.0467,3.3673,+3.5087,134.1783,177.7265
5700,0.53,-5.1560,+0.0358,-9.2711,4.1151,16.2550,+5.9241,201.5245,185.9255
5701,0.53,-5.0857,-0.0391,-9.2737,4.1880,15.2385,+6.1751,219.0055,192.9892
5702,0.52,-5.0151,-0.0235,-9.2603,4.2452,40.4373,+6.8694,267.9457,205.3388
5703,0.53,-5.2175,-0.2850,-9.2618,4.0443,6.2491,+7.0247,134.9481,180.2463
5704,0.54,-5.1998,-0.1087,-9.2492,4.0495,4.6747,+6.1969,111.2245,176.1500
5705,0.53,-5.1156,+0.0412,-9.2593,4.1437,5.0360,+10.8281,214.3668,193.7101
5706,0.53,-5.3105,+0.1561,-9.2633,3.9529,2.2099,+3.1388,65.0979,167.1443
5707,0.54,-5.3523,+0.0502,-9.2736,3.9213,2.3518,+4.2541,84.4142,171.0338
5708,0.51,-5.1586,-0.0556,-9.2760,4.1174,2.5854,+3.7140,80.1696,180.2947
5709,0.53,-5.0769,-0.1955,-9.2729,4.1961,6.3679,+10.2467,189.3855,201.7624
5710,0.52,-5.0544,-0.0609,-9.2659,4.2115,22.1207,+4.2183,204.8494,192.4419
5711,0.55,-5.1070,-0.1387,-9.2555,4.1484,21.2023,+5.1342,244.5395,192.8649
5712,0.51,-5.1797,-0.1135,-9.2627,4.0829,15.8056,+6.7000,190.2770,180.7670
5713,0.52,-5.3733,+0.1056,-9.2748,3.9015,2.2035,+7.6567,151.2372,175.0297
5714,0.52,-5.2265,-0.2201,-9.2754,4.0489,4.5772,+7.9801,187.9473,183.7651
5715,0.52,-4.9606,+0.2914,-9.2839,4.3234,4.4522,-3.5842,98.6607,182.3725
5716,0.53,-5.1895,-0.1243,-9.2801,4.0906,2.9190,+10.4920,183.7590,198.0232
5717,0.55,-5.0494,+0.1656,-9.2695,4.2201,2.1803,+7.9220,158.5050,198.1406
5718,0.52,-5.1128,+0.0667,-9.2761,4.1633,2.4907,-1.8377,54.3386,179.1630
5719,0.53,-5.0532,+0.0337,-9.2634,4.2102,1.5924,+12.3014,199.2337,202.0742
5720,0.52,-5.2028,+0.0448,-9.2706,4.0678,1.8838,-1.4863,63.4967,168.4189
5721,0.53,-5.2603,+0.0070,-9.2717,4.0114,1.7347,+13.3766,249.4744,189.8305
5722,0.52,-5.2908,-0.1106,-9.2735,3.9827,2.7891,+3.8645,115.0392,178.0359
5723,0.53,-5.4321,-0.0782,-9.2800,3.8479,1.4114,+4.2031,62.7884,167.6638
5724,0.53,-5.2865,+0.0273,-9.2711,3.9846,2.0480,+7.8775,129.1775,185.4380
5725,0.54,-5.3148,-0.0841,-9.2596,3.9448,1.9430,+0.8904,83.8881,171.7915
5726,0.56,-5.2786,-0.1158,-9.2628,3.9842,1.4371,+8.2831,153.4673,186.0821
5727,0.53,-5.2097,+0.0121,-9.2807,4.0710,3.4563,-1.0710,66.8387,176.4032
5728,0.55,-5.2315,+0.0130,-9.2803,4.0488,1.6293,+11.0412,193.1596,198.4252
5729,0.53,-5.1929,+0.0312,-9.2819,4.0890,0.9445,+5.4710,109.8123,186.9835
5730,0.53,-5.2921,-0.0394,-9.2723,3.9802,1.3349,+10.5609,166.3155,187.5663
5731,0.52,-5.2719,-0.0476,-9.2648,3.9929,1.0256,+3.3604,85.6542,178.8541
5732,0.54,-5.2786,-0.1135,-9.2792,4.0006,0.9086,+15.0283,280.9762,204.4014
5733,0.53,-5.2296,+0.0925,-9.2646,4.0350,1.5277,-0.5765,64.8060,166.0277
5734,0.53,-5.1113,+0.0964,-9.2626,4.1513,1.2472,+15.2019,316.9917,214.6102
5735,0.55,-5.2863,-0.0025,-9.2728,3.9865,1.2079,-2.9574,62.0919,172.8882
5736,0.54,-5.2550,+0.0746,-9.2685,4.0136,1.3710,+13.2948,233.0970,201.4628
5737,0.53,-5.2811,-0.1366,-9.2650,3.9839,1.0877,-0.5985,93.0923,173.9367
5738,0.55,-5.1592,-0.1382,-9.2687,4.1095,1.4933,+13.9199,255.6524,214.1539
5739,0.54,-5.3077,+0.0740,-9.2737,3.9660,1.1593,+2.5210,95.4113,176.3560
5740,0.54,-5.2347,-0.0823,-9.2838,4.0491,1.4759,+11.4516,171.6158,205.1246
5741,0.55,-5.3178,+0.1114,-9.2814,3.9636,1.3758,-0.8291,57.9342,171.1558
5742,0.54,-5.2727,+0.1945,-9.2609,3.9882,1.2045,+14.3896,275.9771,201.8167
5743,0.54,-5.3696,-0.0882,-9.2678,3.8982,1.5368,-1.2353,66.9258,164.8360
5744,0.55,-5.2552,-0.0244,-9.2749,4.0197,1.1721,+11.5630,176.1121,191.3373
5745,0.54,-5.4250,+0.1014,-9.2726,3.8476,2.5601,-2.4204,84.5215,153.7471
5746,0.54,-5.2724,-0.0141,-9.2581,3.9857,1.9145,+12.7277,239.5947,193.5670
5747,0.54,-5.1644,+0.1320,-9.2587,4.0944,3.8502,-0.6527,118.9424,171.0562
5748,0.54,-5.4705,-0.1134,-9.2786,3.8081,2.1820,+4.2408,94.3247,152.2449
5749,0.53,-5.2507,+0.0232,-9.2871,4.0364,1.8183,+0.4163,83.2273,171.3415
5750,0.56,-5.2257,+0.2601,-9.2792,4.0535,1.8603,+11.0552,199.1317,191.8563
5751,0.56,-5.2353,-0.1809,-9.2815,4.0462,1.7751,+3.0712,94.8558,183.2043
5752,0.54,-5.3198,-0.0247,-9.2806,3.9608,1.6598,+8.2354,141.4378,186.8347
5753,0.54,-5.3426,-0.0261,-9.2795,3.9368,1.8131,+3.6429,75.6335,171.9906
5754,0.55,-5.4453,-0.1533,-9.2849,3.8396,1.5449,+10.3291,170.1488,176.1383
5755,0.55,-5.2670,+0.0005,-9.2892,4.0222,1.1332,-0.8736,82.7354,162.4674
5756,0.55,-5.3419,+0.0854,-9.2904,3.9485,1.3404,+12.3825,217.6265,194.6498
5757,0.53,-5.5195,-0.0797,-9.2836,3.7642,1.7808,+0.5697,82.0284,154.1745
5758,0.54,-5.2449,-0.0242,-9.2785,4.0336,1.4658,+10.4959,173.6704,185.5632
5759,0.53,-5.4210,-0.0387,-9.2689,3.8479,1.5229,+2.8589,65.3193,163.5338
5760,0.54,-5.2933,-0.0099,-9.2636,3.9703,1.3536,+12.3564,216.8586,192.1873
5761,0.53,-5.2086,+0.0330,-9.2724,4.0638,1.5794,-3.1537,75.8763,175.8871
5762,0.56,-5.1218,-0.0419,-9.2729,4.1511,4.4415,+13.9363,266.6630,210.8261
5763,0.56,-5.1284,+0.0009,-9.2672,4.1388,7.3703,+3.8881,119.7766,187.9233
5764,0.54,-5.2697,+0.1722,-9.2701,4.0004,3.4431,+3.7088,129.0260,180.6026
5765,0.53,-5.5105,-0.0074,-9.2764,3.7659,1.2603,+5.0701,71.2261,165.8026
5766,0.55,-5.1102,+0.2836,-9.2594,4.1492,3.9168,+16.1949,332.2835,204.3298
5767,0.55,-5.2468,-0.0723,-9.2567,4.0098,1.3427,+4.3726,111.3252,169.1910
5768,0.55,-5.4151,+0.0647,-9.2528,3.8378,1.4861,+7.7165,107.4477,165.7195
5769,0.56,-5.4201,-0.0307,-9.2564,3.8363,1.4698,+0.4925,73.9482,160.9216
5770,0.54,-5.1921,+0.0933,-9.2564,4.0643,1.1986,+13.4571,221.4020,207.7355
5771,0.55,-5.3505,+0.0416,-9.2589,3.9084,2.3315,+1.2285,105.8205,173.3070
5772,0.54,-5.2560,-0.0229,-9.2649,4.0089,1.1959,+14.7922,270.4716,208.4656
5773,0.54,-5.4204,-0.0302,-9.2718,3.8514,1.8216,+2.2554,98.3735,167.2601
5774,0.53,-5.4619,-0.0271,-9.2694,3.8075,1.4409,+7.3411,106.6997,176.2617
5775,0.55,-5.5248,+0.0533,-9.2745,3.7497,1.4974,+6.4226,110.4611,166.4322
5776,0.56,-5.3953,+0.0472,-9.2535,3.8582,0.9960,+8.2504,128.3768,175.1682
5777,0.54,-5.4271,+0.0221,-9.2646,3.8375,1.1700,+8.6508,124.7333,172.5536
5778,0.55,-5.2490,-0.0169,-9.2662,4.0172,8.4180,+1.3051,168.0057,174.3898
5779,0.54,-5.1720,+0.0925,-9.2589,4.0869,21.8743,+9.1544,276.8553,194.9553
5780,0.56,-5.2522,+0.0270,-9.2671,4.0149,28.4656,+9.4181,330.3726,188.5992
5781,0.54,-5.1910,+0.0057,-9.2650,4.0740,25.3092,+7.2884,225.0830,196.0860
5782,0.55,-5.0151,+0.1576,-9.2584,4.2433,64.6211,+7.6743,229.7642,207.7795
5783,0.53,-5.2866,+0.0291,-9.2478,3.9612,37.7648,+7.8342,285.0311,189.6811
5784,0.56,-4.9509,-0.0460,-9.2536,4.3027,31.8845,+8.2852,281.6449,209.7183
5785,0.54,-5.0863,-0.0297,-9.2591,4.1728,29.6054,+8.3478,261.3589,202.5463
5786,0.54,-5.0365,+0.0059,-9.2560,4.2195,44.9022,+8.0789,309.5169,208.1232
5787,0.54,-5.0493,+0.0175,-9.2685,4.2191,40.3776,+8.1120,267.6230,208.0219
5788,0.55,-5.1688,+0.0802,-9.2766,4.1078,39.3675,+8.1604,277.3513,194.1442
5789,0.54,-5.0949,-0.0954,-9.2745,4.1796,39.7342,+7.8473,294.4437,195.4797
5790,0.52,-4.8535,-0.5159,-9.2693,4.4158,56.0962,+7.4310,310.8420,216.4668
5791,0.54,-5.0393,-0.0148,-9.2772,4.2379,41.8953,+5.6095,187.1913,197.1761
5792,0.51,-5.1575,-0.1710,-9.2690,4.1116,38.2720,+5.5327,220.4204,187.7155
5793,0.53,-5.1188,-0.1183,-9.2673,4.1485,26.7747,+6.7965,214.3775,195.6296
5794,0.55,-5.0300,-0.0728,-9.2561,4.2262,30.6805,+6.0314,206.9072,193.2562
5795,0.55,-5.2533,-0.0073,-9.2711,4.0178,23.0932,+6.9272,201.7152,189.9146
5796,0.54,-5.2033,-0.1313,-9.2664,4.0631,29.1007,+6.3954,268.0072,193.8557
5797,0.55,-4.8851,+0.1544,-9.2675,4.3823,86.5119,+7.3500,308.8254,206.2455
5798,0.54,-5.0907,-0.0933,-9.2759,4.1852,49.2029,+6.1056,261.0262,192.0236
5799,0.52,-5.1846,-0.1994,-9.2706,4.0860,38.7450,+6.7056,282.3563,188.6732
5800,0.54,-5.1295,-0.1186,-9.2579,4.1284,27.4769,+6.0325,232.8359,193.2513
5801,0.55,-4.9953,+0.0475,-9.2578,4.2625,40.8572,+6.1278,267.0766,200.2918
5802,0.54,-5.0013,+0.1436,-9.2438,4.2425,41.3341,+5.5129,250.9210,198.4484
5803,0.53,-4.9186,-0.0160,-9.2529,4.3343,38.0357,+5.6439,268.2823,212.8435
5804,0.52,-5.0471,-0.0576,-9.2641,4.2171,43.9454,+6.2343,278.7037,201.1531
5805,0.53,-5.0230,-0.0747,-9.2653,4.2423,49.3121,+5.2633,241.4095,195.5401
5806,0.55,-4.8574,-0.2874,-9.2585,4.4011,66.2449,+6.4322,285.5554,197.7122
5807,0.54,-4.9215,+0.0636,-9.2490,4.3274,43.9273,+7.0331,283.3387,200.1929
5808,0.54,-5.0962,-0.0007,-9.2514,4.1552,41.0489,+6.0641,238.3635,186.7377
5809,0.53,-5.2010,-0.0836,-9.2518,4.0507,32.7072,+5.8522,199.6724,176.1410
5810,0.54,-5.0484,+0.1796,-9.2652,4.2168,49.9273,+5.9841,170.6052,184.5096
5811,0.55,-4.9331,+0.1145,-9.2629,4.3298,89.9266,+6.3657,260.8613,203.7646
5812,0.53,-4.9156,-0.0035,-9.2569,4.3413,50.4044,+7.5240,329.2778,214.4717
5813,0.56,-4.9230,-0.0992,-9.2590,4.3360,69.7988,+6.2050,269.4650,206.1071
5814,0.56,-4.9295,+0.0007,-9.2546,4.3250,87.0336,+6.4192,237.2252,198.4993
5815,0.54,-5.1361,-0.0042,-9.2524,4.1164,58.6971,+6.5956,247.7968,189.1510
5816,0.56,-4.8912,-0.0590,-9.2530,4.3617,44.4552,+7.0353,225.9396,203.0054
5817,0.56,-5.0904,-0.0452,-9.2545,4.1642,35.7741,+6.4742,225.7479,196.3063
5818,0.56,-4.8923,-0.3420,-9.2423,4.3499,70.8623,+6.6536,268.8826,205.2922
5819,0.54,-5.0906,-0.1687,-9.2582,4.1676,22.5975,+6.1222,234.1165,189.0354
5820,0.55,-5.0362,-0.0175,-9.2615,4.2254,58.0815,+7.5083,223.6950,187.3483
5821,0.54,-5.0935,+0.0107,-9.2647,4.1712,35.5143,+7.5386,213.2671,189.8752
5822,0.55,-5.0307,+0.1176,-9.2733,4.2426,27.5878,+8.3811,231.4653,202.4050
5823,0.55,-5.0473,+0.2197,-9.2628,4.2155,41.1309,+7.9937,204.5009,193.6229
5824,0.54,-4.8643,+0.0659,-9.2632,4.3989,61.2106,+8.6658,284.1121,212.8940
5825,0.53,-5.0587,+0.0218,-9.2726,4.2139,36.9123,+8.5828,257.2664,198.3503
5826,0.52,-4.8663,+0.0276,-9.2800,4.4137,78.4723,+8.4880,325.1806,210.0142
5827,0.54,-5.0806,-0.0207,-9.2855,4.2048,39.3946,+6.8893,228.4653,194.6284
5828,0.54,-5.0398,+0.0027,-9.2737,4.2340,42.1448,+7.8005,241.2090,203.7374
5829,0.55,-5.2333,-0.1413,-9.2540,4.0207,25.4209,+7.2485,231.4325,185.4841
5830,0.54,-4.9950,-0.1317,-9.2551,4.2602,33.4383,+7.3353,257.2285,201.6749
5831,0.54,-5.1017,+0.0672,-9.2527,4.1510,34.0064,+6.8227,247.7252,199.5342
5832,0.52,-5.2049,+0.0514,-9.2598,4.0549,37.1264,+7.2703,242.6684,185.0166
5833,0.52,-5.0445,+0.2344,-9.2609,4.2164,41.0651,+8.7559,308.9409,202.4398
5834,0.54,-4.9368,-0.0108,-9.2645,4.3277,44.2685,+6.9807,301.0420,215.5836
5835,0.54,-4.9282,-0.1372,-9.2514,4.3232,85.7751,+7.0747,343.1158,212.8963
5836,0.54,-5.3256,-0.1563,-9.2465,3.9210,27.8215,+5.9206,200.9133,178.2356
5837,0.55,-5.1184,-0.0670,-9.2534,4.1350,40.3969,+6.5857,246.9715,196.2735
5838,0.54,-5.0624,+0.0002,-9.2713,4.2089,30.1132,+7.4089,231.0226,200.2606
5839,0.54,-5.1066,-0.0369,-9.2628,4.1562,37.7731,+6.6581,235.8031,190.3242
5840,0.54,-5.1549,+0.0376,-9.2630,4.1081,17.5892,+7.0652,218.6730,197.2639
5841,0.53,-5.0416,+0.2043,-9.2846,4.2430,32.4045,+7.2122,228.8835,204.5088
5842,0.52,-5.2408,-0.0574,-9.2762,4.0354,32.9005,+6.8380,244.5037,186.8195
5843,0.55,-5.0818,-0.0231,-9.2685,4.1867,45.6401,+4.4698,202.7151,186.4843
5844,0.54,-5.1783,+0.1278,-9.2719,4.0935,34.0030,+5.7489,232.7758,187.8179
5845,0.55,-5.2906,-0.1042,-9.2775,3.9869,29.8921,+5.8517,216.3471,187.1339
5846,0.55,-4.9661,-0.1157,-9.2644,4.2983,52.3270,+7.2987,320.8651,208.1766
5847,0.51,-5.1195,+0.0988,-9.2658,4.1463,31.4683,+6.0672,266.8390,193.0458
5848,0.54,-4.9846,-0.0555,-9.2474,4.2628,56.1728,+6.0079,251.8059,196.9078
5849,0.52,-4.6074,-0.1748,-9.2550,4.6476,160.6357,+6.4907,324.8441,216.8468
5850,0.53,-4.9933,+0.1936,-9.2396,4.2463,37.4097,+6.3972,306.5345,197.5780
5851,0.54,-5.1254,-0.0690,-9.2493,4.1239,43.4056,+5.5248,220.2435,186.4592
5852,0.55,-4.9105,+0.0989,-9.2646,4.3541,73.9506,+5.3403,223.8636,193.0690
5853,0.52,-4.8157,-0.2071,-9.2585,4.4428,69.4762,+6.1596,196.3450,189.6248
5854,0.54,-5.1435,-0.0548,-9.2602,4.1167,35.7789,+7.1335,222.9415,190.0234
5855,0.53,-5.1613,+0.0250,-9.2590,4.0977,30.0042,+6.3175,203.6991,187.2729
5856,0.53,-5.1475,+0.1216,-9.2722,4.1248,19.8620,+6.5772,249.5126,186.9898
5857,0.53,-4.8038,+0.1909,-9.2698,4.4660,40.0790,+6.1693,236.2205,211.6748
5858,0.53,-4.7971,+0.0496,-9.2609,4.4638,53.7263,+5.5459,202.5450,216.1472
5859,0.54,-5.0686,+0.1512,-9.2531,4.1846,30.6100,+5.6438,207.1918,192.4876
5860,0.55,-4.9171,+0.0881,-9.2610,4.3439,59.7717,+6.8526,261.7005,196.6319
5861,0.53,-4.7990,+0.1427,-9.2617,4.4626,56.8153,+6.1895,241.6117,204.2522
5862,0.53,-5.0173,-0.0033,-9.2723,4.2550,43.9570,+4.5471,201.3664,190.0592
5863,0.55,-4.9095,+0.0444,-9.2773,4.3677,46.7192,+5.4591,218.4609,199.9488
5864,0.52,-5.1374,-0.0090,-9.2722,4.1348,35.8335,+5.6685,205.1495,178.9648
5865,0.55,-5.1223,+0.0670,-9.2582,4.1359,27.0277,+6.0960,165.4895,176.3037
5866,0.54,-4.9875,+0.0010,-9.2595,4.2720,36.6063,+7.8677,211.1620,191.1564
5867,0.53,-4.9838,-0.0216,-9.2664,4.2826,55.6547,+8.1825,263.4121,198.5523
5868,0.55,-5.1695,+0.2429,-9.2631,4.0936,12.1302,+8.1925,204.5093,185.7344
5869,0.55,-4.6265,-0.3254,-9.2525,4.6261,92.9339,+7.9942,302.1032,206.3682
5870,0.54,-4.9065,-0.1949,-9.2579,4.3515,73.3878,+5.2905,259.5642,201.9212
5871,0.53,-4.8082,+0.1758,-9.2559,4.4476,80.0858,+6.6644,236.3859,204.9597
5872,0.53,-4.9129,-0.1027,-9.2517,4.3388,44.6258,+7.3229,265.3989,206.1599
5873,0.54,-4.9253,+0.0084,-9.2435,4.3183,41.9862,+6.9426,247.9337,205.3130
5874,0.54,-4.8210,+0.1224,-9.2562,4.4351,36.1721,+6.7745,233.5798,209.1096
5875,0.54,-5.1240,+0.0050,-9.2528,4.1289,33.6775,+5.8050,209.5000,183.7030
5876,0.53,-4.8290,+0.0140,-9.2384,4.4095,43.4053,+6.8454,239.7568,201.1361
5877,0.52,-4.9339,-0.0528,-9.2367,4.3028,35.8445,+6.0865,216.7684,196.7239
5878,0.53,-4.8042,+0.0526,-9.2538,4.4496,59.6154,+7.0211,235.8898,210.5487
5879,0.54,-5.0840,+0.0893,-9.2542,4.1701,32.9452,+7.7706,244.4353,193.2414
5880,0.54,-4.9939,-0.0302,-9.2526,4.2587,42.2297,+7.6949,268.5632,203.1719
5881,0.53,-4.9276,+0.0093,-9.2375,4.3099,41.4286,+7.5275,254.1506,198.4827
5882,0.54,-4.9681,-0.1956,-9.2456,4.2775,38.5860,+6.1837,261.5828,197.9716
5883,0.53,-4.9247,+0.1040,-9.2445,4.3198,39.1203,+6.5439,279.7422,202.7449
5884,0.53,-4.9437,+0.1523,-9.2408,4.2971,37.1799,+7.4541,275.1654,205.2191
5885,0.52,-5.0332,-0.0411,-9.2343,4.2011,39.2064,+7.3635,274.8762,206.3698
5886,0.54,-4.9143,+0.3708,-9.2485,4.3342,65.3376,+8.2903,224.1815,211.6671
5887,0.55,-4.9737,+0.1729,-9.2541,4.2804,42.1162,+7.7053,229.9142,197.9982
5888,0.53,-5.1528,-0.4252,-9.2543,4.1015,10.7395,+7.1395,278.9586,184.0603
5889,0.54,-4.9975,-0.0862,-9.2602,4.2627,27.4770,+6.0462,190.2979,191.4398
5890,0.53,-4.9026,+0.0325,-9.2520,4.3493,40.8725,+5.9019,214.5975,199.4864
5891,0.53,-5.0609,-0.1364,-9.2465,4.1856,20.5894,+5.3003,154.9005,179.3960
5892,0.53,-4.7564,-0.0808,-9.2603,4.5040,64.9875,+5.9497,262.8376,210.8649
5893,0.55,-5.0547,-0.4774,-9.2655,4.2109,23.6767,+6.0321,242.3617,191.4788
5894,0.54,-4.9649,+0.0917,-9.2706,4.3058,36.7067,+6.0564,222.7901,195.5406
5895,0.53,-4.8517,+0.1816,-9.2649,4.4132,43.4844,+6.0691,268.9804,208.2272
5896,0.52,-4.9788,+0.0023,-9.2604,4.2815,39.2719,+4.0704,192.7679,193.5821
5897,0.53,-4.9550,-0.0492,-9.2588,4.3038,43.8056,+5.2082,223.3875,189.5718
5898,0.53,-5.0048,-0.0139,-9.2617,4.2569,52.4411,+5.6928,201.3855,182.2339
5899,0.54,-5.0463,+0.2323,-9.2598,4.2135,49.4852,+6.6021,233.9669,189.0183
5900,0.55,-4.8567,+0.1196,-9.2549,4.3982,35.9483,+5.5327,175.7189,194.7412
5901,0.53,-5.2294,-0.1304,-9.2442,4.0148,12.4212,+4.8398,136.9703,177.7853
5902,0.53,-5.1183,+0.2119,-9.2544,4.1361,30.4571,+6.2169,174.4227,191.3882
5903,0.55,-5.0013,-0.1433,-9.2584,4.2571,30.9381,+6.9573,201.0227,193.7271
5904,0.53,-4.9186,-0.0349,-9.2584,4.3398,35.1462,+6.0691,242.7372,198.5887
5905,0.52,-5.0069,-0.1581,-9.2489,4.2420,32.0798,+5.5850,195.9429,190.1491
5906,0.51,-4.9022,-0.0655,-9.2462,4.3440,43.4089,+5.8548,220.0314,197.0562
5907,0.54,-4.8908,+0.0557,-9.2549,4.3641,45.3899,+5.1661,201.4168,201.0334
5908,0.53,-4.9659,-0.1604,-9.2549,4.2891,32.5300,+6.6647,199.3394,201.4897
5909,0.52,-4.9544,-0.0004,-9.2674,4.3130,33.9421,+6.0619,195.1540,196.5503
5910,0.52,-4.9572,-0.0208,-9.2597,4.3026,34.8852,+7.2823,217.5636,192.6565
5911,0.55,-4.9275,+0.0077,-9.2482,4.3207,39.1228,+7.3970,238.5712,197.9617
5912,0.55,-5.0727,-0.0456,-9.2325,4.1598,25.9895,+6.3008,189.3925,190.3992
5913,0.56,-4.9526,-0.2515,-9.2372,4.2846,30.2325,+7.3112,242.5091,196.1986
5914,0.54,-4.8671,-0.1320,-9.2329,4.3658,32.5071,+7.0755,211.9229,198.7629
5915,0.53,-5.0592,-0.0131,-9.2532,4.1940,30.6559,+6.3231,187.2271,187.4792
5916,0.55,-4.7695,+0.1347,-9.2655,4.4960,50.3363,+7.4091,233.6855,203.6912
5917,0.52,-4.8231,+0.0744,-9.2620,4.4389,33.2147,+8.1475,251.9082,204.2075
5918,0.53,-4.9562,-0.1535,-9.2577,4.3015,22.3905,+6.5588,194.6172,196.5624
5919,0.53,-4.7222,-0.0637,-9.2506,4.5284,78.9071,+7.0487,241.0658,203.4749
5920,0.54,-4.8352,-0.1708,-9.2537,4.4185,45.7512,+7.2637,234.5147,199.9076
5921,0.53,-4.9791,-0.0377,-9.2521,4.2730,23.2635,+7.8029,205.0962,189.2313
5922,0.53,-5.0542,-0.1354,-9.2512,4.1970,27.0613,+7.2323,214.1551,180.8508
5923,0.53,-4.7304,-0.0155,-9.2531,4.5227,41.7455,+7.3304,239.8227,204.4967
5924,0.54,-4.8696,-0.0871,-9.2549,4.3853,35.9204,+7.3419,227.4577,196.7288
5925,0.52,-4.9966,+0.0285,-9.2494,4.2528,41.4797,+5.8880,231.8179,186.7627
5926,0.53,-4.6747,+0.0801,-9.2447,4.5700,50.0504,+5.9187,206.7582,210.4754
5927,0.53,-4.9508,-0.0352,-9.2331,4.2823,26.9663,+5.5107,169.5259,194.4156
5928,0.53,-4.9893,+0.1620,-9.2449,4.2555,23.8380,+7.9232,221.3353,196.7562
5929,0.53,-4.9951,+0.0682,-9.2573,4.2622,27.8352,+8.0657,203.1817,198.7254
5930,0.55,-4.9872,+0.0965,-9.2619,4.2748,33.9483,+7.2601,193.9980,193.7854
5931,0.53,-4.8033,+0.0577,-9.2586,4.4553,39.6685,+7.0198,250.5683,208.1274
5932,0.53,-4.9899,+0.0853,-9.2394,4.2495,34.6065,+7.0910,204.2059,190.9555
5933,0.53,-4.9864,-0.1260,-9.2335,4.2471,31.8359,+6.6932,191.9731,192.8006
5934,0.53,-5.0410,-0.0599,-9.2309,4.1900,37.1369,+6.8424,211.5962,194.2953
5935,0.53,-5.0118,-0.0450,-9.2348,4.2229,31.3625,+7.5707,233.4347,194.8470
5936,0.54,-4.8602,-0.0633,-9.2395,4.3792,40.9078,+7.0743,253.3256,205.3975
5937,0.53,-5.0115,-0.1116,-9.2472,4.2357,41.6892,+7.6116,240.3049,193.4921
5938,0.54,-4.8068,-0.1765,-9.2445,4.4377,37.8510,+9.0503,267.5150,209.4802
5939,0.51,-4.9246,-0.0334,-9.2458,4.3211,39.3721,+7.8248,247.3701,202.9551
5940,0.53,-4.8231,+0.0371,-9.2498,4.4267,45.5929,+7.3552,250.2502,204.4660
5941,0.53,-4.9228,-0.0849,-9.2607,4.3379,39.9813,+6.8507,235.9324,196.5350
5942,0.52,-4.8096,-0.0579,-9.2415,4.4319,40.9514,+7.8442,224.2309,200.9277
5943,0.53,-4.9761,+0.0178,-9.2597,4.2836,22.0893,+7.8480,193.3247,200.3437
5944,0.54,-4.8012,-0.1369,-9.2465,4.4453,26.2086,+7.9560,236.2309,211.5326
5945,0.54,-4.7046,-0.0355,-9.2403,4.5357,40.2363,+7.7273,243.4596,221.9957
5946,0.51,-4.9680,-0.1402,-9.2449,4.2769,16.0474,+7.2414,186.6971,198.9938
5947,0.53,-4.8740,+0.2650,-9.2398,4.3659,35.7891,+7.4274,227.0517,193.6723
5948,0.54,-5.0234,+0.0693,-9.2522,4.2288,21.5590,+5.4481,143.3442,179.8965
5949,0.52,-5.0514,-0.1181,-9.2605,4.2091,7.0216,+4.2983,92.5061,182.1954
5950,0.52,-5.0594,+0.2969,-9.2686,4.2092,3.8592,+8.0517,143.1544,192.4554
5951,0.53,-5.3288,-0.1519,-9.2772,3.9484,1.5085,+8.7860,135.1506,179.8294
5952,0.54,-4.8860,-0.0015,-9.2642,4.3781,2.2157,-2.3761,75.5898,204.1687
5953,0.52,-5.1127,-0.0976,-9.2640,4.1513,1.8071,+12.7748,226.8332,198.3488
5954,0.53,-4.9490,-0.1028,-9.2516,4.3025,1.8766,-0.3388,66.6479,187.7751
5955,0.54,-5.0720,-0.2659,-9.2460,4.1740,1.7035,+15.0709,296.2310,209.7553
5956,0.53,-4.9463,+0.0678,-9.2411,4.2948,1.4874,+11.3849,196.1071,204.6561
5957,0.54,-5.0814,+0.0093,-9.2500,4.1687,4.7431,+7.2254,172.4767,190.2287
5958,0.54,-5.1059,-0.0452,-9.2448,4.1389,1.4737,+4.1227,69.0705,182.4095
5959,0.53,-5.0286,-0.2261,-9.2483,4.2196,1.8040,+11.1238,186.7351,199.6714
5960,0.54,-5.0727,-0.1398,-9.2473,4.1746,1.9250,+1.9473,96.8124,179.2799
5961,0.53,-5.1366,+0.0194,-9.2456,4.1090,1.3773,+8.0869,110.3887,184.0306
5962,0.54,-5.0302,-0.0380,-9.2407,4.2105,1.0859,+7.1958,118.5137,194.5659
5963,0.54,-5.0775,-0.0208,-9.2367,4.1592,2.2453,+8.2221,147.0071,196.0792
5964,0.54,-5.0003,+0.0074,-9.2424,4.2421,5.6645,-0.3948,122.6665,182.0093
5965,0.53,-5.2446,+0.0216,-9.2461,4.0015,1.6200,+9.8694,169.5495,195.8096
5966,0.53,-5.1312,-0.0382,-9.2520,4.1208,1.7856,+2.3863,78.8352,180.5824
5967,0.53,-4.9383,-0.0582,-9.2537,4.3154,1.4412,+14.2942,258.6637,227.1383
5968,0.52,-5.2424,+0.0968,-9.2584,4.0161,1.4006,+1.0406,70.3293,174.0122
5969,0.53,-5.0075,-0.0365,-9.2633,4.2558,1.4612,+8.9547,178.0152,197.4169
5970,0.53,-5.0516,-0.0460,-9.2434,4.1918,0.8340,+8.1619,127.3755,190.7081
5971,0.53,-5.1088,+0.0414,-9.2378,4.1290,1.2293,+3.0092,59.7405,172.0915
5972,0.52,-4.8942,+0.0578,-9.2294,4.3353,2.3332,+13.6181,250.0302,207.4484
5973,0.54,-5.2341,-0.0065,-9.2363,4.0022,1.3877,+1.4736,60.6932,170.2498
5974,0.53,-5.0076,-0.0295,-9.2447,4.2372,1.7073,+14.2049,257.8046,209.6861
5975,0.53,-5.1763,-0.0299,-9.2548,4.0785,1.3306,+1.4228,80.2338,182.9199
5976,0.55,-5.1936,+0.0274,-9.2480,4.0544,1.0324,+6.8174,98.4322,179.2745
5977,0.52,-5.1005,+0.1457,-9.2396,4.1391,1.2735,+4.4658,73.4308,181.1999
5978,0.53,-5.1006,+0.1296,-9.2185,4.1180,1.4916,+3.5170,81.5624,186.4145
5979,0.52,-5.2703,+0.0148,-9.2186,3.9484,1.6861,+5.5353,84.3419,176.7588
5980,0.56,-5.1903,+0.1551,-9.2233,4.0330,0.9973,+0.8270,67.8129,178.0760
5981,0.55,-4.9514,+0.0469,-9.2469,4.2956,1.1829,+16.1120,307.8884,223.8140
5982,0.54,-5.0993,+0.2085,-9.2559,4.1566,1.3320,-1.6949,92.7309,184.6312
5983,0.54,-5.1919,-0.0913,-9.2554,4.0635,1.5231,+5.1859,95.2171,189.7191
5984,0.53,-5.0622,+0.1505,-9.2444,4.1822,2.3076,+5.2002,133.2347,193.2314
5985,0.53,-5.2808,+0.0396,-9.2482,3.9674,1.4086,+7.4419,112.1268,183.7674
5986,0.53,-5.1657,+0.1389,-9.2425,4.0768,0.9059,+1.6640,47.6683,184.0576
5987,0.54,-5.0051,+0.0999,-9.2427,4.2376,1.4630,+13.6013,237.8351,215.2805
5988,0.54,-5.1192,+0.0544,-9.2246,4.1055,1.0485,-1.1317,91.5774,175.7529
5989,0.54,-5.1087,-0.1475,-9.2277,4.1190,2.0201,+10.9608,170.3548,192.3290
5990,0.53,-5.2892,-0.0886,-9.2155,3.9263,1.2961,+4.5006,65.5259,167.1812
5991,0.54,-5.1713,-0.0173,-9.2330,4.0617,1.7226,+13.7647,247.7878,212.7209
5992,0.53,-5.0596,-0.4606,-9.2284,4.1689,19.3254,+7.6942,153.0168,197.6851
5993,0.54,-5.1201,+0.0097,-9.2302,4.1101,1.4020,+9.1175,126.6891,192.8442
5994,0.53,-5.0567,+0.1729,-9.2378,4.1811,5.6993,+9.7305,230.6960,204.2578
5995,0.54,-5.2579,+0.0657,-9.2392,3.9813,1.4029,+2.7399,73.5078,169.4970
5996,0.53,-5.1392,-0.0166,-9.2461,4.1070,1.6897,+8.7702,185.5812,188.5414
5997,0.53,-5.0675,+0.1959,-9.2538,4.1863,2.0450,-5.2911,85.8756,170.3783
5998,0.53,-5.1961,+0.1573,-9.2455,4.0494,1.0070,+12.5824,202.9751,197.3709
5999,0.55,-5.0888,+0.1103,-9.2451,4.1564,1.8879,-0.5201,55.5340,160.5266
6000,0.55,-5.1735,+0.0934,-9.2421,4.0686,1.1923,+13.5900,280.1842,192.6961
6001,0.52,-5.0521,+0.0477,-9.2423,4.1902,1.5352,+0.1997,64.1084,176.0344
6002,0.54,-5.1137,+0.0845,-9.2426,4.1289,1.2246,+12.7562,231.0733,199.1257
6003,0.55,-5.1457,+0.0925,-9.2336,4.0879,3.2297,-2.3314,85.0727,176.9742
6004,0.52,-5.0430,-0.0300,-9.2209,4.1779,10.6863,+9.4052,222.3288,204.0862
6005,0.55,-5.0875,+0.2131,-9.2332,4.1457,17.8903,+4.8723,178.6939,191.2875
6006,0.54,-4.9317,+0.0879,-9.2435,4.3118,32.6473,+8.1050,290.9956,214.1577
6007,0.54,-4.8697,-0.1893,-9.2449,4.3752,46.8715,+7.6853,343.7784,225.5279
6008,0.54,-4.9713,-0.0280,-9.2302,4.2589,30.8390,+7.3722,283.8813,211.7013
6009,0.51,-5.1577,+0.1403,-9.2316,4.0739,39.8471,+6.4892,282.2575,202.6126
6010,0.52,-4.9300,+0.0300,-9.2274,4.2974,19.4055,+8.2383,236.2899,219.1459
6011,0.54,-5.1234,+0.0143,-9.2381,4.1147,21.0654,+6.2567,175.1570,190.7315
6012,0.54,-4.8580,-0.0151,-9.2358,4.3778,81.4644,+8.6615,384.0380,220.9089
6013,0.55,-4.9884,+0.1267,-9.2391,4.2507,31.5452,+7.0868,238.3838,205.8716
6014,0.53,-4.9184,-0.0275,-9.2607,4.3423,37.3628,+6.9652,271.4140,209.2399
6015,0.54,-5.0347,+0.2163,-9.2683,4.2337,64.6974,+6.2179,310.3531,203.4086
6016,0.52,-5.0066,+0.0953,-9.2674,4.2608,34.6229,+6.1277,218.2442,196.2809
6017,0.53,-4.9710,+0.0765,-9.2572,4.2861,24.6391,+5.6112,191.3992,196.2132
6018,0.55,-5.0554,+0.0822,-9.2625,4.2071,19.8509,+5.3776,170.6750,193.7493
6019,0.52,-5.0392,-0.1527,-9.2786,4.2394,26.9610,+7.3032,224.8279,196.1405
6020,0.55,-5.0151,+0.1334,-9.2711,4.2560,19.1824,+6.8016,194.4516,196.9789
6021,0.54,-5.0513,+0.0068,-9.2738,4.2225,25.5796,+7.6747,204.4590,195.2182
6022,0.53,-4.9287,+0.2830,-9.2760,4.3474,36.5805,+8.3965,295.9677,206.6737
6023,0.52,-4.8384,-0.1091,-9.2729,4.4345,33.4839,+8.8868,257.2517,215.7269
6024,0.53,-5.0876,+0.1415,-9.2626,4.1750,6.1578,+8.4973,178.7102,191.4197
6025,0.54,-4.8522,-0.0286,-9.2593,4.4072,33.3384,+10.4347,301.9319,221.2028
6026,0.54,-5.0588,+0.0260,-9.2668,4.2080,22.4829,+8.7770,252.1723,207.8203
6027,0.53,-4.8822,-0.0422,-9.2757,4.3935,30.3201,+9.4338,251.2052,213.3170
6028,0.52,-4.6842,-0.0025,-9.2609,4.5767,108.6436,+8.8325,271.4617,224.7849
6029,0.52,-4.5246,-0.1182,-9.2618,4.7372,137.9112,+8.8116,285.4701,228.2783
6030,0.53,-2.7893,-1.2601,-9.2692,6.4799,1552.3700,+10.6442,791.3939,319.9582
6031,0.52,-4.5090,+0.0042,-9.2726,4.7636,116.9247,+8.4761,315.1661,241.1710
6032,0.52,-5.3966,+0.1065,-9.2772,3.8806,12.4352,+7.3859,157.0121,178.2240
6033,0.53,-4.7905,-0.2140,-9.2786,4.4881,60.4564,+8.0732,228.6996,215.7743
6034,0.52,-5.0358,-0.0674,-9.2704,4.2346,34.3708,+7.2278,187.0214,200.8126
6035,0.53,-4.5377,+0.0531,-9.2690,4.7313,151.4480,+7.1145,289.5528,235.0073
6036,0.52,-4.8684,+0.2826,-9.2687,4.4003,32.1722,+6.6969,222.9786,204.3170
6037,0.53,-5.1781,-0.0838,-9.2716,4.0935,4.6938,+5.3133,97.8109,182.1163
6038,0.53,-5.1221,-0.0218,-9.2806,4.1585,0.9976,+5.6755,94.6685,188.6543
6039,0.51,-5.1560,+0.0799,-9.2737,4.1177,1.7429,+6.1674,87.2434,180.7119
6040,0.53,-5.1335,-0.0388,-9.2731,4.1397,1.2566,+4.4948,78.0957,174.7670
6041,0.54,-5.1176,-0.0798,-9.2893,4.1718,1.1888,+9.0686,120.4333,194.5469
6042,0.55,-5.2566,+0.0310,-9.2888,4.0322,1.0034,+3.7507,56.2729,183.5490
6043,0.52,-5.0892,-0.1129,-9.2836,4.1944,0.9488,+12.2270,197.5642,207.4937
6044,0.51,-5.2126,+0.1293,-9.2643,4.0516,1.0659,+0.9433,65.0572,176.5398
6045,0.54,-5.1797,-0.0934,-9.2601,4.0804,0.9016,+7.8205,145.6071,184.7946
6046,0.52,-5.2251,-0.0252,-9.2715,4.0464,1.4236,+0.2224,66.5627,181.2878
6047,0.53,-5.1557,+0.0268,-9.2740,4.1183,1.4453,+11.8961,199.3660,193.8865
6048,0.54,-5.2030,-0.0874,-9.2720,4.0690,1.0343,+1.5750,69.6292,171.9174
6049,0.53,-5.0286,-0.0061,-9.2892,4.2607,1.6685,+12.8236,247.8028,202.4266
6050,0.52,-5.0264,+0.1242,-9.2931,4.2666,1.1145,+2.8166,71.8276,178.5440
6051,0.54,-4.9520,+0.0506,-9.2923,4.3403,1.4673,+16.2122,346.8752,224.1091
6052,0.52,-5.2433,-0.3101,-9.2906,4.0474,3.0841,+0.0874,79.8836,178.0398
6053,0.52,-5.1961,+0.0999,-9.2773,4.0812,0.9723,+9.8445,157.4659,190.3665
6054,0.53,-5.2659,+0.1096,-9.2789,4.0130,4.2154,+4.3648,62.6522,177.3274
6055,0.56,-5.1491,-0.2024,-9.2642,4.1151,1.2877,+11.4054,196.9620,199.4765
6056,0.55,-5.3276,-0.0787,-9.2652,3.9376,1.1857,+0.0388,80.8296,175.2323
6057,0.55,-5.1414,+0.0919,-9.2757,4.1342,0.8592,+14.5661,257.0130,214.3781
6058,0.55,-5.3378,-0.0726,-9.2546,3.9169,1.5057,-1.3543,82.4719,159.3829
6059,0.52,-5.0480,+0.0456,-9.2625,4.2145,1.2767,+13.9412,245.8120,206.0039
6060,0.54,-5.1348,-0.1105,-9.2580,4.1232,3.0777,+5.6592,138.4609,173.6461
6061,0.56,-5.2435,-0.1094,-9.2506,4.0071,2.1900,+7.6674,106.7093,183.4320
6062,0.52,-5.4369,-0.0551,-9.2533,3.8164,1.4581,+5.3642,75.8042,170.6190
6063,0.54,-5.4384,+0.0350,-9.2611,3.8227,1.9464,+8.9115,147.2781,176.4640
6064,0.53,-5.3024,+0.1328,-9.2630,3.9606,1.6114,+7.6570,150.2016,181.4722
6065,0.52,-5.4160,+0.1067,-9.2754,3.8595,6.0463,+5.0304,106.2665,168.8504
6066,0.53,-5.3329,+0.0856,-9.2645,3.9317,2.8731,+9.1537,146.8996,188.2168
6067,0.53,-5.3415,-0.0557,-9.2692,3.9278,0.8507,+1.9461,57.9036,175.7231
6068,0.56,-5.2591,-0.0250,-9.2732,4.0141,1.2651,+15.6418,297.1435,211.7571
6069,0.55,-5.3046,-0.0513,-9.2603,3.9557,1.5495,+3.7434,76.8553,180.3659
6070,0.54,-5.2842,+0.0276,-9.2494,3.9652,1.5642,+10.8415,165.6587,177.8174
6071,0.56,-5.2306,-0.2729,-9.2606,4.0300,9.0681,+9.2803,163.5792,169.4556
6072,0.54,-5.2228,-0.1125,-9.2622,4.0394,1.7176,+10.6074,187.1309,190.5779
6073,0.56,-5.4259,-0.0354,-9.2619,3.8360,4.1833,+4.1990,86.6427,166.7635
6074,0.57,-5.1746,-0.0232,-9.2604,4.0857,0.9323,+13.4241,231.9586,193.7646
6075,0.54,-5.1907,-0.0603,-9.2599,4.0691,1.4813,+2.2244,68.7452,184.6884
6076,0.54,-5.1245,-0.0606,-9.2631,4.1387,3.1011,+16.5561,362.7506,211.1725
6077,0.53,-5.2210,-0.1438,-9.2683,4.0473,21.2303,+6.4761,215.1647,183.2708
6078,0.53,-5.3487,-0.0474,-9.2665,3.9179,1.3278,+8.1470,135.8476,171.7213
6079,0.53,-5.4879,-0.0599,-9.2739,3.7860,1.1630,+3.7078,76.1045,162.5766
6080,0.53,-5.2607,+0.0287,-9.2659,4.0052,2.4122,+10.9632,224.4173,189.8258
6081,0.54,-5.2805,+0.0143,-9.2722,3.9917,3.1780,+0.8975,115.8685,178.4903
6082,0.53,-5.2931,-0.1470,-9.2728,3.9797,3.4708,+6.9570,134.1632,186.8016
6083,0.54,-5.0131,+0.0158,-9.2584,4.2453,16.8292,+7.3228,195.7912,200.0814
6084,0.53,-5.3860,-0.0368,-9.2673,3.8813,2.3362,+7.3730,113.4006,182.1474
6085,0.52,-5.3974,+0.1512,-9.2659,3.8685,1.4999,+5.9276,98.2429,172.5414
6086,0.55,-5.2689,-0.0124,-9.2656,3.9967,1.3831,+9.6503,136.5669,184.9554
6087,0.54,-5.2670,-0.0866,-9.2761,4.0091,1.8345,+4.6698,98.6579,175.2653
6088,0.56,-5.2324,+0.1046,-9.2857,4.0533,2.7419,+6.3705,146.4393,176.7103
6089,0.53,-5.0342,-0.0960,-9.2834,4.2492,6.0299,+4.6914,147.8008,195.8571
6090,0.53,-5.0979,+0.1648,-9.2790,4.1812,1.7723,+3.4288,66.2660,186.3947
6091,0.53,-5.2070,-0.1317,-9.2838,4.0767,1.9947,+5.2670,106.5508,183.9145
6092,0.52,-5.1618,+0.1155,-9.2864,4.1246,2.8083,+2.3389,59.6124,179.9410
6093,0.53,-4.9206,+0.3636,-9.2788,4.3583,56.6116,+8.2346,138.8040,174.3839
6094,0.54,-4.8094,+0.1889,-9.2796,4.4702,61.5200,+5.9897,151.6624,194.0823
6095,0.53,-5.1795,-0.1626,-9.2810,4.1015,11.5036,+4.6454,143.1361,187.7964
6096,0.54,-5.3107,-0.0517,-9.2817,3.9710,1.5140,+4.7185,74.9419,178.6661
6097,0.51,-5.1820,+0.0406,-9.2675,4.0855,2.4323,+6.0584,106.7671,189.9713
6098,0.52,-5.1130,+0.1210,-9.2596,4.1466,1.7947,+12.1058,199.7965,203.7656
6099,0.52,-5.1673,+0.1131,-9.2502,4.0829,1.6516,+0.8152,73.8254,171.6527
6100,0.55,-5.1213,+0.1623,-9.2574,4.1361,3.6781,+12.4804,227.4886,205.0731
6101,0.55,-5.2628,+0.0786,-9.2594,3.9967,1.2073,+5.8226,86.6171,179.7004
6102,0.54,-5.1709,+0.0121,-9.2515,4.0806,1.4706,+11.9813,182.0369,198.8892
6103,0.53,-5.2052,-0.1599,-9.2623,4.0570,1.6708,+2.3856,69.6548,169.0183
6104,0.52,-5.1840,-0.0172,-9.2748,4.0908,5.0772,+7.9598,148.9459,187.1255
6105,0.54,-5.2225,-0.0059,-9.2798,4.0572,2.2218,+6.1879,100.4655,188.8749
6106,0.54,-5.2163,+0.0416,-9.2603,4.0439,2.7372,+7.4436,116.3718,188.0276
6107,0.53,-5.3120,-0.0284,-9.2682,3.9562,4.0097,+4.4429,123.2832,182.2411
6108,0.54,-5.2203,-0.0323,-9.2691,4.0488,5.9834,+6.7476,143.2645,180.0164
6109,0.53,-5.1938,-0.0140,-9.2800,4.0862,2.9174,+6.8483,115.3946,184.7697
6110,0.53,-5.1238,+0.1798,-9.2942,4.1704,17.9492,+3.9369,200.4267,191.6376
6111,0.53,-4.9590,+0.1738,-9.2773,4.3183,22.9572,+2.8429,176.4747,193.3680
6112,0.53,-5.0006,-0.1400,-9.2910,4.2904,28.6344,+4.7190,229.0399,204.5726
6113,0.52,-4.7199,+0.0404,-9.2928,4.5729,51.2826,+5.7093,282.7382,217.5793
6114,0.54,-5.0717,+0.1214,-9.2870,4.2153,31.6068,+5.7689,195.7234,191.6950
6115,0.54,-4.9253,+0.0775,-9.2931,4.3678,24.2476,+7.6295,206.8912,209.9698
6116,0.53,-4.7319,+0.2622,-9.2908,4.5589,42.0910,+7.4857,296.8869,221.5995
6117,0.51,-4.9665,-0.0472,-9.2889,4.3224,31.1716,+6.3499,217.6514,202.8882
6118,0.53,-5.0535,-0.0570,-9.2860,4.2325,43.5951,+6.4493,246.9950,193.4845
6119,0.53,-4.8319,+0.0410,-9.2822,4.4503,45.0290,+7.8965,243.4590,213.8632
6120,0.53,-5.0325,-0.0030,-9.2879,4.2555,47.2623,+9.1952,258.7614,208.0556
6121,0.52,-5.1190,+0.1059,-9.2940,4.1751,43.4685,+9.0789,251.2845,202.2100
6122,0.52,-4.8581,-0.0279,-9.2942,4.4361,67.3224,+9.0287,308.4151,215.7552
6123,0.53,-5.0570,+0.0775,-9.2975,4.2405,52.6959,+8.1082,266.4574,203.9994
6124,0.52,-4.9673,-0.0651,-9.2921,4.3248,34.8780,+6.4984,208.2013,195.8591
6125,0.53,-5.0073,+0.0341,-9.2999,4.2926,60.3518,+7.9405,254.4655,201.5643
6126,0.52,-5.0128,+0.1827,-9.2858,4.2730,30.3188,+8.6498,246.9211,196.9953
6127,0.53,-4.8993,-0.0667,-9.2885,4.3892,32.8333,+7.6004,242.3966,200.5087
6128,0.51,-5.0801,+0.0818,-9.2936,4.2135,26.0963,+7.3250,191.6354,196.4526
6129,0.51,-2.5864,-0.4213,-9.2950,6.7086,1817.5356,+8.7537,354.3526,319.4552
6130,0.51,-4.8947,-0.0724,-9.3007,4.4061,27.5274,+8.4471,240.2805,214.3424
6131,0.52,-5.0718,+0.0783,-9.2987,4.2269,25.2688,+6.4672,182.5112,199.4369
6132,0.52,-4.8327,-0.1137,-9.2983,4.4656,80.7540,+6.5061,303.5700,213.5316
6133,0.52,-5.0755,-0.0941,-9.2909,4.2154,33.8712,+5.9600,223.9581,197.9698
6134,0.53,-5.1597,+0.0088,-9.2959,4.1362,33.0241,+7.2589,281.0190,193.6621
6135,0.52,-4.9581,+0.0004,-9.3006,4.3425,45.1785,+6.6642,257.2450,208.4157
6136,0.52,-5.0035,-0.0014,-9.3086,4.3051,22.1026,+6.2414,201.5125,205.2144
6137,0.52,-4.9658,+0.1239,-9.3180,4.3522,38.3985,+6.1380,260.8813,201.7998
6138,0.53,-5.0500,+0.0547,-9.3122,4.2622,30.1907,+7.1628,241.6661,195.5164
6139,0.51,-5.0078,-0.1760,-9.3091,4.3013,37.3020,+8.0062,326.6052,204.0733
6140,0.52,-4.7740,+0.3251,-9.3243,4.5504,108.0123,+5.8150,280.8183,210.9570
6141,0.52,-4.9654,+0.0560,-9.3151,4.3497,39.0162,+4.9668,279.4355,208.5305
6142,0.53,-4.9559,-0.0211,-9.3073,4.3515,32.2294,+4.9023,237.6746,201.7653
6143,0.54,-2.6072,+1.4440,-9.3032,6.6960,1981.5659,+6.3521,656.9086,404.8770
6144,0.52,-4.7381,+0.1668,-9.2850,4.5469,104.8460,+7.1289,319.6349,216.5317
6145,0.52,-4.9073,-0.1070,-9.2865,4.3792,31.6277,+7.6932,294.8975,218.9099
6146,0.53,-4.8943,+0.1160,-9.2919,4.3976,34.5217,+6.9444,311.5180,211.5212
6147,0.51,-5.0033,-0.0141,-9.2792,4.2759,48.5650,+6.1410,265.5183,202.1311
6148,0.51,-5.1910,+0.7656,-9.2916,4.1006,30.6667,+5.3962,136.1286,185.9402
6149,0.52,-4.9265,+0.0691,-9.2836,4.3571,31.6627,+5.6293,257.4897,207.8647
6150,0.52,-4.9341,+0.0832,-9.2939,4.3599,43.5021,+5.4445,272.8530,213.9772
6151,0.54,-4.9999,-0.0838,-9.2910,4.2911,28.0856,+3.9283,202.9188,200.1525
6152,0.53,-5.1919,+0.0591,-9.2827,4.0908,14.1808,+5.7073,178.0001,184.5665
6153,0.51,-4.9169,-0.1102,-9.2797,4.3628,30.6240,+6.0678,172.4604,195.7146
6154,0.52,-4.9484,+0.0197,-9.2736,4.3252,35.0479,+7.4467,241.9717,197.3499
6155,0.53,-4.7505,-0.3947,-9.2792,4.5287,73.4512,+6.5323,278.1217,223.3618
6156,0.53,-4.8819,-0.1016,-9.2810,4.3992,43.9572,+3.8679,246.6971,209.0703
6157,0.53,-4.8369,+0.0394,-9.2782,4.4413,31.3283,+4.3295,218.8623,202.6528
6158,0.50,-4.7939,+0.1255,-9.2931,4.4992,53.7839,+5.1739,273.0604,215.3359
6159,0.52,-5.0327,-0.0439,-9.2966,4.2640,19.7440,+4.8976,176.1792,195.9875
6160,0.52,-4.9335,+0.0714,-9.2908,4.3572,39.1413,+6.5032,240.7133,210.3287
6161,0.51,-5.0108,+0.0242,-9.2920,4.2812,28.3044,+6.3035,209.1046,202.4806
6162,0.52,-5.0590,+0.0981,-9.2895,4.2304,18.8462,+5.4650,175.3273,200.0363
6163,0.52,-5.0151,+0.0576,-9.2914,4.2764,20.1726,+6.8181,188.9826,200.7561
6164,0.54,-5.0260,-0.0067,-9.2820,4.2560,18.9164,+5.9067,165.6761,192.6353
6165,0.52,-5.1743,+0.0691,-9.2942,4.1200,5.7201,+7.0069,160.8831,190.6316
6166,0.50,-5.2515,-0.0544,-9.2922,4.0407,2.3823,+4.9320,133.1000,177.9172
6167,0.51,-5.3315,-0.0092,-9.3016,3.9701,1.6706,+3.3346,60.3338,173.9642
6168,0.52,-4.9290,+0.0876,-9.2980,4.3691,1.9007,+7.8263,138.1427,210.8812
6169,0.51,-4.9745,-0.0623,-9.2944,4.3199,1.6447,+2.7005,93.2731,191.1710
6170,0.53,-5.0410,-0.0107,-9.2974,4.2565,3.9259,+12.3803,223.4105,207.8575
6171,0.53,-5.1699,-0.0403,-9.2996,4.1297,2.9322,+1.5152,99.8124,173.8794
6172,0.52,-5.3054,+0.0187,-9.3096,4.0042,2.4388,+8.1940,115.1974,179.7475
6173,0.55,-5.2738,-0.0852,-9.3038,4.0300,1.3156,+1.5081,50.9446,181.8366
6174,0.52,-5.3229,-0.0495,-9.3074,3.9844,2.0940,+11.7285,204.4526,185.6968
6175,0.53,-5.1881,-0.1207,-9.3004,4.1123,1.4499,+3.1476,101.4839,169.0529
6176,0.53,-4.8891,+0.0563,-9.2871,4.3979,2.9014,+9.6608,193.0387,205.7280
6177,0.52,-4.8290,-0.0847,-9.2958,4.4668,1.7475,-6.9327,122.5336,196.0513
6178,0.53,-5.1875,-0.0240,-9.2995,4.1120,2.3830,+11.7676,215.6553,194.2343
6179,0.53,-5.2253,+0.0962,-9.2977,4.0725,1.0237,-2.1318,64.7896,168.4094
6180,0.54,-5.1201,-0.0037,-9.2911,4.1710,1.6985,+14.7094,271.7955,201.2268
6181,0.52,-5.1492,+0.0731,-9.2923,4.1431,1.5738,-0.0205,94.6044,172.8327
6182,0.53,-5.2118,-0.0158,-9.2883,4.0765,1.1578,+8.6727,148.2596,192.0216
6183,0.54,-5.1888,+0.0114,-9.2990,4.1102,1.6255,+1.9894,61.6432,173.5657
6184,0.53,-5.1530,-0.0360,-9.2937,4.1408,1.0627,+14.4836,258.6873,200.5056
6185,0.52,-5.3126,+0.0333,-9.2941,3.9814,2.0796,+3.5113,66.1474,175.5529
6186,0.56,-5.1366,-0.0140,-9.2919,4.1554,2.3249,+11.2861,175.5223,199.4072
6187,0.53,-5.4212,-0.0781,-9.2953,3.8741,1.0638,+3.2471,54.9718,160.6355
6188,0.55,-4.8463,-0.2108,-9.2841,4.4379,2.7670,+15.1853,311.7671,224.0067
6189,0.53,-5.1874,+0.0980,-9.2907,4.1033,2.4686,+0.6721,98.9468,180.8326
6190,0.54,-5.2109,+0.1076,-9.3051,4.0943,2.3227,+10.3752,229.5873,195.4436
6191,0.52,-5.1631,+0.1057,-9.3079,4.1448,1.8577,-1.8550,46.0383,188.8336
6192,0.52,-5.0928,+0.0145,-9.2954,4.2026,1.3480,+11.5098,175.4343,201.1388
6193,0.54,-5.1065,-0.0307,-9.3005,4.1941,1.0993,+2.7523,82.1941,182.1536
6194,0.52,-5.1870,-0.1593,-9.3099,4.1229,1.2227,+10.5632,151.1484,198.3799
6195,0.52,-5.2132,+0.0294,-9.3073,4.0940,1.8371,-0.0658,56.2897,173.6525
6196,0.54,-5.1615,-0.0247,-9.2921,4.1307,3.2097,+5.0216,66.9228,177.9660
6197,0.55,-4.9313,+0.1068,-9.2801,4.3488,12.1278,+8.8657,161.2928,203.5612
6198,0.53,-5.4022,-0.0683,-9.2816,3.8794,1.7729,+2.3496,70.4678,173.3804
6199,0.55,-5.2604,+0.0193,-9.2757,4.0152,1.5507,+9.3969,165.4281,186.6918
6200,0.53,-5.3142,+0.0182,-9.2881,3.9739,3.7543,+2.8632,118.5725,175.4258
6201,0.53,-5.2993,-0.0897,-9.2928,3.9935,1.0183,+7.4574,102.6379,179.5950
6202,0.52,-5.3317,+0.1324,-9.2886,3.9569,1.1050,+7.0373,114.3618,178.7940
6203,0.55,-5.1997,+0.0051,-9.2662,4.0664,1.2398,+0.7611,61.8889,174.1847
6204,0.55,-5.3040,+0.0600,-9.2713,3.9673,1.0620,+7.8083,96.6246,177.4150
6205,0.53,-5.2937,+0.0191,-9.2849,3.9912,0.9586,+9.9201,159.8784,178.3987
6206,0.55,-5.2940,-0.0118,-9.2905,3.9965,2.4552,+2.0320,85.8441,168.4960
6207,0.53,-5.2092,-0.0007,-9.2836,4.0744,1.5550,+3.5380,71.5290,167.4780
6208,0.54,-4.9692,+0.0740,-9.2871,4.3179,1.6807,+13.9169,246.8647,213.2590
6209,0.55,-5.1642,-0.0986,-9.2814,4.1172,6.9234,+1.6216,147.2527,183.7837
6210,0.53,-5.2758,+0.1111,-9.2781,4.0024,1.3479,+2.7033,55.6257,174.6030
6211,0.55,-5.1745,+0.0204,-9.2889,4.1145,1.7455,+9.7546,159.5151,199.5756
6212,0.55,-5.2944,+0.0141,-9.2777,3.9833,1.4381,+0.7293,56.5113,177.9942
6213,0.54,-5.0894,-0.2139,-9.2696,4.1802,0.9123,+14.3550,254.3483,212.7788
6214,0.54,-5.3025,+0.0378,-9.2875,3.9851,0.7211,+0.7304,60.4477,170.5083
6215,0.54,-4.9853,+0.0487,-9.2840,4.2988,4.4286,+15.5494,321.3990,217.2131
6216,0.53,-5.3629,+0.0302,-9.2875,3.9246,1.7004,+2.0313,53.7638,166.6478
6217,0.55,-5.1700,-0.0120,-9.2810,4.1110,1.1849,+11.0029,161.3412,200.4362
6218,0.54,-5.2857,+0.0245,-9.2794,3.9938,2.0052,+5.4237,89.8082,168.9048
6219,0.53,-5.0914,-0.0696,-9.2802,4.1888,1.7798,+13.7032,290.8131,207.2861
6220,0.53,-5.1408,-0.0829,-9.2865,4.1458,1.2867,-3.4909,74.1964,178.2021
6221,0.54,-5.4458,+0.0823,-9.3028,3.8570,1.6686,+10.9285,169.0657,176.3923
6222,0.53,-5.4450,-0.0267,-9.2956,3.8506,2.4874,-1.6831,73.7790,164.2135
6223,0.55,-5.2814,-0.0878,-9.3017,4.0203,1.4030,+8.2399,145.2280,170.0361
6224,0.53,-5.2587,+0.0496,-9.2974,4.0387,1.5578,+8.4536,169.8375,190.9682
6225,0.57,-5.3479,+0.0371,-9.2989,3.9510,2.8546,+6.1096,137.7453,172.4398
6226,0.54,-5.1601,-0.1481,-9.2862,4.1260,1.1183,+0.8678,78.4748,185.6758
6227,0.54,-5.2431,+0.0119,-9.2950,4.0520,2.2628,+10.0739,168.9631,188.8198
6228,0.55,-5.4138,+0.1347,-9.2933,3.8795,1.4377,+5.4483,97.5998,168.0255
6229,0.54,-5.4656,+0.0606,-9.2936,3.8279,1.6490,+6.5145,110.5063,171.0015
6230,0.55,-5.2171,+0.1083,-9.3023,4.0852,2.3230,+3.8650,95.7172,178.3224
6231,0.54,-5.1637,+0.0640,-9.3039,4.1401,1.8648,+2.6188,71.8780,188.8753
6232,0.54,-5.3347,+0.0959,-9.3105,3.9758,0.8917,+4.4931,66.3294,182.7685
6233,0.53,-5.1036,+0.0086,-9.3074,4.2038,9.7632,+3.3892,189.7779,203.2728
6234,0.54,-5.0539,+0.0548,-9.2972,4.2433,21.0079,+4.1977,199.6285,204.7674
6235,0.53,-5.3994,+0.0400,-9.2884,3.8891,1.7018,+7.8052,130.5677,190.7739
6236,0.55,-5.2322,-0.0402,-9.2927,4.0605,9.1727,+2.0822,165.5418,185.5806
6237,0.52,-4.8711,+0.0421,-9.2811,4.4100,21.4006,+2.1964,180.1775,210.8228
6238,0.54,-5.4661,+0.0807,-9.2747,3.8086,5.9952,+4.4404,100.7635,173.7262
6239,0.53,-5.1103,+0.0657,-9.2630,4.1527,47.0426,+3.5102,234.3371,194.7495
6240,0.55,-5.2236,+0.1681,-9.2782,4.0546,3.8957,+4.7468,98.8177,181.2854
6241,0.54,-5.3109,-0.0679,-9.2850,3.9741,3.7841,+5.1409,107.5696,186.9612
6242,0.54,-5.0730,+0.2964,-9.2938,4.2207,9.6943,-0.3083,55.0935,185.3229
6243,0.52,-5.2948,-0.0611,-9.2860,3.9912,1.8052,+2.7894,45.2376,181.0350
6244,0.54,-5.2675,+0.1441,-9.2900,4.0225,1.4616,+7.6854,104.8581,189.5169
6245,0.54,-5.2486,-0.0883,-9.2966,4.0480,2.7300,+5.9197,93.9431,195.7086
6246,0.55,-5.3647,+0.0347,-9.3046,3.9399,1.2180,+2.5911,51.4226,171.5510
6247,0.55,-5.1498,-0.0820,-9.2969,4.1471,2.1479,+9.9875,179.1273,204.6823
6248,0.54,-5.2808,-0.0815,-9.2810,4.0003,1.4888,-1.0953,66.0474,172.2148
6249,0.54,-5.1104,+0.1570,-9.2732,4.1628,5.0596,+6.3205,115.8082,189.6198
6250,0.55,-5.3419,+0.0735,-9.2759,3.9340,4.0893,+5.0433,119.2715,169.2541
6251,0.54,-5.0380,-0.1025,-9.2664,4.2284,9.2725,+10.5408,249.4025,203.0139
6252,0.55,-5.2952,-0.1135,-9.2708,3.9756,1.6104,+7.8069,132.2411,182.4846
6253,0.52,-5.0786,+0.0534,-9.2819,4.2033,3.4517,+2.5383,104.7951,187.2956
6254,0.53,-5.1008,-0.0865,-9.2942,4.1934,10.1512,+9.4053,195.3737,195.6127
6255,0.53,-5.4680,-0.0821,-9.2975,3.8295,3.9678,+6.8800,118.5140,166.8988
6256,0.53,-5.2753,-0.0024,-9.2901,4.0148,1.3800,+1.6935,49.7493,173.9785
6257,0.55,-5.1143,+0.0898,-9.3024,4.1880,1.4687,+16.7406,330.4566,220.4411
6258,0.53,-5.1620,+0.0991,-9.3087,4.1467,2.0172,-3.7143,75.9653,173.9831
6259,0.54,-5.0181,+0.0661,-9.3136,4.2955,16.5382,+11.6470,275.2670,214.3643
6260,0.53,-5.1267,+0.0992,-9.3280,4.2014,1.8623,+8.5111,160.2193,195.9028
6261,0.54,-5.3806,-0.0172,-9.3185,3.9378,1.6516,+2.3162,58.4256,165.5079
6262,0.55,-5.2691,+0.2460,-9.3061,4.0370,1.0836,+11.1930,178.8380,194.3904
6263,0.53,-5.4445,+0.0735,-9.3169,3.8724,1.0581,+5.3795,91.7673,170.5427
6264,0.54,-5.3078,+0.0501,-9.3009,3.9931,1.8577,+13.7769,251.2752,201.0743
6265,0.53,-5.4189,+0.0270,-9.2955,3.8766,1.3290,-1.0612,56.3304,168.2976
6266,0.55,-5.2873,+0.0427,-9.3044,4.0171,2.0508,+14.3220,279.8100,211.4318
6267,0.55,-5.4833,-0.2408,-9.3164,3.8331,1.8002,-1.5248,102.2679,159.3477
6268,0.54,-5.4097,+0.0689,-9.3232,3.9135,2.1857,+12.7431,213.5439,194.3532
6269,0.55,-5.3157,+0.0159,-9.3104,3.9947,2.3219,+1.4149,105.2298,173.7267
6270,0.54,-5.0653,+0.0360,-9.3128,4.2475,7.2482,+11.3368,237.7695,205.3896
6271,0.54,-5.4202,-0.0973,-9.3015,3.8813,1.1849,+4.6370,99.3680,174.6943
6272,0.54,-5.3550,+0.1433,-9.2936,3.9386,1.4216,+5.3665,105.9225,177.3467
6273,0.54,-5.4572,+0.0145,-9.2989,3.8417,1.1616,+6.6043,93.3322,172.3551
6274,0.54,-5.2891,+0.0351,-9.2993,4.0102,0.9185,+1.5601,53.8745,168.8070
6275,0.56,-5.2062,-0.0147,-9.2928,4.0865,1.1505,+13.7703,241.5318,198.9367
6276,0.55,-5.2319,-0.1019,-9.3056,4.0737,1.4620,-3.4801,55.6367,172.4737
6277,0.55,-5.2617,-0.1321,-9.3087,4.0469,1.4781,+15.2571,335.7490,214.6678
6278,0.54,-5.2593,-0.0110,-9.3029,4.0436,1.9978,-2.4334,78.1757,173.5581
6279,0.55,-5.2255,-0.0449,-9.2986,4.0730,0.8560,+13.8873,235.2411,212.8969
6280,0.54,-5.2518,+0.1565,-9.2917,4.0399,1.2141,-1.2743,61.3333,191.0123
6281,0.53,-5.2064,+0.0978,-9.2949,4.0885,0.8433,+7.2007,99.3398,196.4624
6282,0.53,-5.2871,+0.0189,-9.2790,3.9919,0.9585,+2.2267,56.6869,176.3297
6283,0.55,-5.3560,+0.1188,-9.2805,3.9245,1.3692,+7.0188,90.1340,177.7952
6284,0.53,-5.3708,+0.0796,-9.2859,3.9151,1.2196,+3.3197,54.9029,174.2966
6285,0.53,-5.1672,+0.0684,-9.2874,4.1202,2.8885,+9.8736,184.5930,199.1030
6286,0.52,-5.1694,-0.0061,-9.3037,4.1343,1.3718,+0.1015,74.5980,183.2892
6287,0.53,-5.3175,-0.0598,-9.2986,3.9811,1.1181,+12.4331,214.2743,205.2511
6288,0.52,-5.0072,+0.1523,-9.3070,4.2999,2.7435,-6.8906,110.6032,188.2675
6289,0.53,-5.4568,+0.0372,-9.2978,3.8410,1.7632,+10.9091,173.1610,189.6909
6290,0.55,-5.1933,+0.0057,-9.3012,4.1079,7.6263,+0.6784,106.5154,180.0377
6291,0.53,-5.1180,+0.1130,-9.3133,4.1952,10.3866,+7.3547,172.1802,200.8778
6292,0.53,-5.3479,+0.2207,-9.3103,3.9624,1.6497,+5.9106,108.1218,181.0654
6293,0.54,-5.0754,+0.1239,-9.3163,4.2409,15.7635,+6.7858,193.3526,208.6616
6294,0.56,-5.1761,-0.0661,-9.3110,4.1349,6.8294,+6.9918,159.3844,193.7187
6295,0.54,-5.1639,+0.0527,-9.3071,4.1432,28.4471,+6.4049,176.7455,188.0858
6296,0.55,-5.2735,-0.3135,-9.3205,4.0469,9.8047,+7.5309,214.3515,185.8934
6297,0.53,-4.9562,-0.1174,-9.3230,4.3668,50.6702,+6.4105,246.0040,212.7399
6298,0.54,-4.9934,-0.1696,-9.3049,4.3115,52.2920,+7.6892,242.6816,211.3402
6299,0.53,-4.9026,+0.0944,-9.3192,4.4166,60.1980,+7.2847,240.0762,220.8967
6300,0.54,-5.3288,-0.1619,-9.3002,3.9714,5.8516,+7.9318,172.6230,188.4204
6301,0.54,-5.0149,-0.0783,-9.3002,4.2853,26.4402,+6.7234,199.4602,208.0600
6302,0.53,-5.1788,-0.1191,-9.2875,4.1088,22.5878,+7.1060,211.9387,197.7057
6303,0.51,-5.1549,-0.1292,-9.2986,4.1438,21.2011,+4.0149,160.3923,197.7980
6304,0.52,-5.2076,-0.0939,-9.3014,4.0938,10.8248,+5.0548,137.9015,199.3747
6305,0.53,-5.1888,-0.1858,-9.2781,4.0893,9.3475,+4.8416,141.8878,193.6959
6306,0.52,-5.1710,-0.0265,-9.2773,4.1064,10.4845,+6.9705,171.6719,201.8791
6307,0.52,-5.1069,+0.0501,-9.2789,4.1719,17.1134,+7.1637,206.2314,198.9306
6308,0.54,-4.9157,+0.0927,-9.2814,4.3656,34.5114,+6.7662,268.5270,216.8485
6309,0.52,-4.9865,+0.1583,-9.2736,4.2871,42.1022,+7.3794,307.6667,207.6722
6310,0.53,-5.0028,+0.0385,-9.2774,4.2745,44.6204,+6.6079,284.5253,207.8047
6311,0.52,-4.7216,-0.0004,-9.2652,4.5436,43.7156,+6.7299,305.5708,234.9690
6312,0.52,-4.5486,-0.0412,-9.2801,4.7315,72.6123,+7.6230,375.4701,242.2928
6313,0.54,-4.7531,+0.1500,-9.2746,4.5216,45.2298,+7.8464,328.0592,229.1102
6314,0.52,-4.5442,-0.2127,-9.2851,4.7409,100.2794,+8.0864,455.6373,241.4966
6315,0.52,-4.7921,+0.0335,-9.2859,4.4938,59.8048,+9.0777,422.9009,227.4464
6316,0.50,-4.6339,-0.1364,-9.2825,4.6485,44.0029,+9.3574,366.5916,244.9113
6317,0.52,-4.8433,-0.0730,-9.2851,4.4417,28.3647,+8.5152,329.7525,220.3681
6318,0.53,-4.7812,-0.0502,-9.2842,4.5030,61.6007,+6.0892,366.1402,226.5731
6319,0.54,-4.7200,-0.0678,-9.2905,4.5704,56.6111,+7.7699,347.1157,228.5839
6320,0.52,-4.9235,-0.0251,-9.2765,4.3530,40.5363,+7.3708,247.0622,221.2127
6321,0.54,-4.7275,-0.0682,-9.2742,4.5467,41.2197,+6.8954,246.2796,223.2355
6322,0.53,-5.1403,-0.0349,-9.2723,4.1320,6.0557,+6.8323,147.6641,202.0471
6323,0.51,-4.6489,-0.0792,-9.2757,4.6268,74.5018,+4.7885,310.7581,226.6357
6324,0.51,-4.8811,-0.1478,-9.2754,4.3943,24.3293,+4.8512,231.1977,210.8619
6325,0.52,-4.7125,+0.0969,-9.2641,4.5516,77.1433,+4.6615,338.8461,223.3395
6326,0.52,-4.8416,+0.1196,-9.2740,4.4324,28.8790,+4.9702,257.2703,221.4552
6327,0.52,-4.8145,+0.1312,-9.2621,4.4476,60.8167,+3.7919,328.2798,209.4678
6328,0.52,-4.8157,-0.0699,-9.2690,4.4533,39.6479,+4.6463,302.0421,211.7128
6329,0.53,-4.9497,-0.0736,-9.2725,4.3228,26.6357,+4.8150,214.0359,208.7954
6330,0.52,-4.8444,+0.1026,-9.2805,4.4361,45.3758,+4.5439,240.5856,215.9258
6331,0.52,-4.8520,+0.0243,-9.2887,4.4367,29.7440,+4.9970,199.5678,212.9753
6332,0.50,-4.5966,-0.0673,-9.2880,4.6914,51.9313,+2.9530,250.4086,227.0818
6333,0.51,-4.6375,+0.0216,-9.2856,4.6481,51.5665,+3.9437,269.0482,227.5356
6334,0.53,-4.5957,-0.0158,-9.3026,4.7069,32.7919,+3.6363,217.1378,227.5097
6335,0.50,-4.2584,+0.0139,-9.3111,5.0527,151.8402,+4.6083,369.2407,257.6451
6336,0.52,-4.6632,-0.1420,-9.3154,4.6522,51.5809,+5.0892,316.4416,237.1889
6337,0.50,-4.1658,+1.0133,-9.3164,5.1506,158.7743,+5.7573,426.7295,286.2766
6338,0.50,-4.3106,-0.2325,-9.3101,4.9996,92.9614,+5.7695,426.7636,257.5273
6339,0.50,-4.7276,+0.1903,-9.2981,4.5705,29.3443,+5.3496,244.2820,223.5150
6340,0.51,-4.2536,+0.0760,-9.3030,5.0494,210.6786,+5.0614,261.8741,257.3031
6341,0.51,-4.7424,+0.0117,-9.3060,4.5636,31.5320,+4.7666,259.3835,221.7715
6342,0.53,-4.5674,+0.0150,-9.3048,4.7375,41.9179,+5.5632,246.2195,243.6556
6343,0.51,-4.7964,-0.0192,-9.2877,4.4913,37.9756,+6.1971,287.7572,230.2533
6344,0.50,-4.6489,+0.1396,-9.2967,4.6478,53.6162,+6.0047,298.4476,229.2668
6345,0.51,-4.5716,+0.0914,-9.2846,4.7130,77.2672,+5.5527,341.9834,240.0590
6346,0.52,-3.9770,-0.4830,-9.2907,5.3137,200.6531,+6.7952,442.5917,274.5969
6347,0.52,-4.6933,-0.1801,-9.2916,4.5982,43.0218,+6.9357,326.0222,225.8840
6348,0.51,-4.4624,-0.0948,-9.2815,4.8191,60.3689,+4.9906,316.2440,237.7470
6349,0.50,-4.0782,+0.1000,-9.2809,5.2027,183.3898,+5.0133,227.5117,260.4023
6350,0.50,-3.9839,-0.0380,-9.2750,5.2910,241.8775,+5.4482,362.4599,275.5895
6351,0.52,-4.5797,+0.3167,-9.2797,4.7000,66.1629,+6.2620,493.2892,230.8747
6352,0.52,-4.8732,+0.1349,-9.2822,4.4090,32.8980,+5.0840,213.7889,220.7843
6353,0.52,-4.5108,+0.0778,-9.2800,4.7693,160.3140,+5.5398,171.6220,242.0373
6354,0.51,-4.9863,+0.1094,-9.2968,4.3105,23.7923,+6.1633,220.9570,205.9362
6355,0.52,-4.8053,-0.1759,-9.2938,4.4885,38.3515,+5.9069,209.7760,208.7579
6356,0.51,-4.8331,-0.0392,-9.2827,4.4496,41.3419,+7.0860,251.3541,213.4777
6357,0.51,-5.0646,-0.4573,-9.2872,4.2227,29.5275,+6.9308,203.1628,193.2186
6358,0.52,-4.7712,-0.0317,-9.2825,4.5113,37.5206,+5.7072,169.1689,212.7493
6359,0.52,-4.9631,+0.0614,-9.2722,4.3091,34.0749,+5.3271,213.9613,197.3266
6360,0.53,-4.8656,+0.0693,-9.2678,4.4022,30.2312,+4.2670,165.3366,204.3201
6361,0.52,-4.9102,+0.0943,-9.2740,4.3639,26.3452,+6.1313,175.8712,200.5716
6362,0.54,-4.8190,-0.0214,-9.2835,4.4644,31.3116,+6.1007,192.8365,213.9656
6363,0.52,-4.7827,+0.0752,-9.2807,4.4980,25.0282,+5.3758,170.4301,216.5421
6364,0.52,-4.8173,+0.1692,-9.2831,4.4658,35.5613,+6.1034,214.2132,212.5032
6365,0.52,-4.8725,+0.0799,-9.3059,4.4333,39.3768,+6.6721,215.8743,209.9452
6366,0.50,-4.8666,-0.0780,-9.2846,4.4180,27.2228,+6.4708,170.6329,210.9991
6367,0.52,-4.7372,-0.0221,-9.2998,4.5626,72.4861,+7.2752,225.8767,218.1873
6368,0.51,-4.9259,-0.0974,-9.2829,4.3570,31.8369,+7.8766,215.4368,210.8334
6369,0.51,-4.9114,+0.0165,-9.2803,4.3689,40.2903,+6.3447,190.7102,204.2443
6370,0.50,-4.8880,-0.0836,-9.2811,4.3931,43.4145,+6.0150,182.1777,202.6622
6371,0.51,-4.9945,-0.0537,-9.2866,4.2921,25.4652,+7.2346,208.6253,207.7286
6372,0.50,-4.9114,-0.0055,-9.2876,4.3762,28.5357,+6.3499,189.1745,207.1488
6373,0.53,-4.8435,+0.0654,-9.2712,4.4277,38.8304,+6.7481,188.0378,214.9035
6374,0.52,-4.6825,+0.0207,-9.2772,4.5947,53.1168,+6.7323,229.9481,222.0646
6375,0.54,-4.9447,-0.0927,-9.2774,4.3327,21.9269,+5.9573,159.7653,196.4514
6376,0.52,-5.0726,-0.0008,-9.2767,4.2041,42.5952,+6.5344,234.1248,199.4218
6377,0.52,-4.9626,-0.0773,-9.2811,4.3185,42.3482,+6.0581,227.1042,205.9440
6378,0.53,-4.9589,+0.0132,-9.2667,4.3078,39.1099,+6.4546,207.2526,201.6236
6379,0.53,-4.7161,-0.2443,-9.2757,4.5596,63.4953,+7.0100,241.6665,213.3929
6380,0.51,-4.9458,-0.1273,-9.2688,4.3230,32.6922,+6.5517,196.5318,205.4574
6381,0.52,-4.9859,-0.0203,-9.2817,4.2958,31.6382,+6.8855,203.3192,206.7337
6382,0.53,-5.0311,+0.0059,-9.2777,4.2466,38.3434,+7.9251,263.9046,207.3924
6383,0.53,-4.9263,-0.1697,-9.2731,4.3468,32.1033,+6.2150,220.2900,207.8563
6384,0.53,-4.8741,+0.0601,-9.2799,4.4058,32.7548,+5.7477,194.6931,214.2495
6385,0.54,-4.9295,-0.1344,-9.2874,4.3579,33.3267,+7.0619,256.5517,209.7680
6386,0.54,-4.9420,+0.0527,-9.2674,4.3254,30.1262,+5.6869,204.6328,211.9369
6387,0.54,-5.0936,-0.0212,-9.2685,4.1749,32.3596,+4.6281,171.6568,197.0070
6388,0.53,-5.0575,-0.0394,-9.2669,4.2094,30.5170,+5.6121,195.4020,206.3162
6389,0.52,-4.9399,-0.0634,-9.2737,4.3339,29.2778,+5.9258,183.9832,213.8985
6390,0.51,-4.9747,-0.0166,-9.2714,4.2968,36.0953,+5.2391,198.8062,205.0802
6391,0.52,-5.0073,+0.1002,-9.2797,4.2724,31.8559,+5.6065,205.9748,210.1402
6392,0.53,-4.9143,+0.0039,-9.2701,4.3558,36.5205,+6.4243,226.9131,212.7777
6393,0.52,-4.9275,+0.0230,-9.2641,4.3366,49.5032,+5.9660,220.7403,207.4567
6394,0.54,-4.8827,+0.0201,-9.2704,4.3877,49.0959,+6.2863,272.7120,209.3039
6395,0.53,-5.0991,+0.0809,-9.2514,4.1524,32.1659,+7.3336,249.7739,206.8844
6396,0.54,-4.8956,+0.0932,-9.2541,4.3584,38.2326,+7.9306,304.6563,214.5906
6397,0.53,-4.9102,+0.0352,-9.2542,4.3440,35.1950,+5.4997,213.2178,205.9650
6398,0.52,-4.8657,+0.0024,-9.2734,4.4076,37.0220,+7.6860,249.8053,208.3315
6399,0.51,-4.9967,-0.1364,-9.2654,4.2687,45.4077,+6.9038,265.8919,204.7766
6400,0.53,-4.8549,-0.0397,-9.2667,4.4117,43.2072,+5.7384,230.2533,204.7383
6401,0.53,-4.7556,+0.0116,-9.2721,4.5165,82.4035,+5.8787,268.2159,211.4756
6402,0.54,-5.0323,+0.2767,-9.2673,4.2350,40.9080,+6.7841,262.8914,202.5248
6403,0.51,-4.9109,+0.0785,-9.2629,4.3520,36.1543,+5.5256,228.3318,207.8653
6404,0.51,-5.0039,-0.1412,-9.2653,4.2614,38.3882,+6.1140,255.1678,194.2278
6405,0.52,-4.8943,+0.0131,-9.2706,4.3763,26.9700,+6.6184,221.9512,210.3011
6406,0.53,-4.8765,+0.1565,-9.2717,4.3952,45.4860,+7.5311,269.4711,212.8901
6407,0.53,-4.9991,+0.0537,-9.2632,4.2641,31.8791,+8.0282,260.3308,201.8202
6408,0.53,-4.9016,-0.0783,-9.2688,4.3671,39.9963,+7.5346,247.6081,210.6607
6409,0.52,-4.8420,+0.1182,-9.2641,4.4221,32.9831,+7.8020,224.1924,207.6559
6410,0.53,-4.9300,-0.0024,-9.2683,4.3383,39.7868,+6.1208,208.5633,197.5466
6411,0.52,-4.8151,+0.0549,-9.2709,4.4558,46.5013,+6.5656,280.0292,207.4959
6412,0.54,-4.6845,+0.1081,-9.2680,4.5835,67.4853,+6.6935,268.1837,220.7558
6413,0.53,-4.9287,+0.0506,-9.2489,4.3202,52.7861,+6.8598,278.8669,203.5876
6414,0.54,-4.8879,-0.2036,-9.2589,4.3710,39.1460,+7.9009,273.7493,213.9775
6415,0.52,-4.8650,+0.0238,-9.2668,4.4018,42.3430,+7.3309,265.9882,203.4601
6416,0.53,-4.9089,+0.0318,-9.2607,4.3518,27.2037,+6.8064,219.6007,202.4721
6417,0.51,-4.7923,+0.1341,-9.2627,4.4704,47.7839,+6.7027,263.9142,203.7309
6418,0.53,-4.8289,-0.0658,-9.2680,4.4390,43.7224,+7.4584,261.1602,202.7236
6419,0.52,-4.8771,+0.1440,-9.2621,4.3850,38.3120,+5.2458,219.1049,208.8179
6420,0.52,-5.0332,+0.0537,-9.2547,4.2215,29.8938,+5.8155,197.1775,191.0764
6421,0.52,-4.8835,-0.0210,-9.2623,4.3788,26.9402,+4.3878,191.2599,199.4089
6422,0.53,-4.8163,+0.0723,-9.2710,4.4547,48.0423,+4.6436,243.9489,208.9206
6423,0.52,-4.8679,+0.2073,-9.2721,4.4042,36.7485,+4.3222,226.5357,205.9060
6424,0.54,-4.7989,-0.0180,-9.2706,4.4717,32.8620,+4.9120,179.0564,203.1532
6425,0.51,-5.1775,+0.0763,-9.2643,4.0868,2.0544,+4.2223,57.8458,181.6970
6426,0.53,-5.1572,+0.0245,-9.2697,4.1125,1.4982,+9.6464,147.7205,197.1100
6427,0.51,-4.9994,+0.0912,-9.2789,4.2796,1.1502,+3.1196,88.5805,196.9183
6428,0.55,-5.2172,-0.1771,-9.2799,4.0627,1.4749,+2.6208,74.8563,169.0883
6429,0.53,-5.0021,-0.0023,-9.2758,4.2736,1.0373,+9.3016,149.7596,198.8333
6430,0.51,-4.9128,+0.4398,-9.2675,4.3547,7.3186,-1.6822,87.3562,195.3754
6431,0.54,-5.1964,-0.1861,-9.2611,4.0647,2.5942,+8.0750,134.0615,186.1005
6432,0.53,-5.1871,+0.1712,-9.2616,4.0745,1.3946,+0.8101,62.4065,172.6471
6433,0.52,-5.0894,+0.1433,-9.2703,4.1809,2.8457,+7.2001,119.3093,189.4685
6434,0.53,-5.3804,-0.0973,-9.2621,3.8816,4.0910,+7.3932,105.3924,173.8696
6435,0.53,-5.2577,-0.1172,-9.2482,3.9905,1.3557,+9.0322,151.2899,189.5448
6436,0.53,-5.1315,-0.0195,-9.2546,4.1231,1.2931,-0.7138,65.6243,182.6265
6437,0.53,-5.3212,+0.0297,-9.2536,3.9325,1.4175,+9.0982,135.5361,181.7701
6438,0.54,-5.1389,-0.0893,-9.2497,4.1108,1.5691,+4.9616,103.7521,172.4773
6439,0.53,-5.1307,+0.0022,-9.2455,4.1149,1.3674,+10.9979,194.4456,194.9556
6440,0.53,-5.3082,+0.1379,-9.2542,3.9460,1.3886,+3.7418,104.4276,162.6341
6441,0.55,-5.1664,+0.0324,-9.2529,4.0864,0.9134,+6.1844,76.6948,183.1969
6442,0.55,-4.8891,+0.0080,-9.2505,4.3614,2.2776,+10.9754,197.1567,199.8754
6443,0.53,-5.1670,-0.0666,-9.2517,4.0847,1.2713,-1.6629,66.7034,161.6697
6444,0.55,-5.0946,-0.0558,-9.2548,4.1602,0.9025,+10.6958,164.3997,181.6581
6445,0.53,-5.3160,+0.0374,-9.2605,3.9445,2.2340,+4.0569,70.9363,158.8355
6446,0.53,-5.3844,+0.0052,-9.2615,3.8772,1.5730,+5.9187,86.1095,166.1968
6447,0.52,-5.1322,-0.0197,-9.2755,4.1433,1.4217,+5.8609,83.9186,175.4429
6448,0.56,-5.2960,-0.0714,-9.2790,3.9829,1.4291,-0.7203,57.2872,159.4693
6449,0.55,-5.0114,+0.1135,-9.2627,4.2513,1.2780,+15.4210,284.3145,209.6068
6450,0.53,-5.1899,-0.1091,-9.2591,4.0693,1.2812,+2.2105,77.0122,176.2709
6451,0.54,-5.1876,+0.1510,-9.2513,4.0637,2.6055,+11.7401,192.5325,190.9562
6452,0.55,-5.2714,+0.1844,-9.2508,3.9794,1.6737,+6.2600,95.6255,178.4501
6453,0.52,-5.1610,+0.0315,-9.2536,4.0927,1.0930,+11.7644,186.0916,183.3452
6454,0.55,-5.2772,-0.1380,-9.2520,3.9749,1.2185,+4.9192,98.4100,175.3321
6455,0.53,-5.1329,+0.0288,-9.2637,4.1308,1.2957,+6.3119,118.5515,180.0958
6456,0.55,-5.3755,+0.0296,-9.2791,3.9037,2.9210,+7.3903,128.0610,169.1736
6457,0.53,-5.3378,-0.1439,-9.2715,3.9337,1.7024,+0.1086,58.3515,168.4672
6458,0.55,-5.3066,-0.1082,-9.2634,3.9569,1.2937,+11.5610,186.8156,188.5818
6459,0.55,-5.2127,-0.0746,-9.2708,4.0581,1.4778,-2.7515,72.1248,177.7105
6460,0.55,-4.9971,-0.0205,-9.2626,4.2655,8.8896,+15.8875,372.8877,223.4280
6461,0.53,-5.3494,-0.1031,-9.2649,3.9155,6.3033,+5.1456,143.3234,176.2153
6462,0.55,-5.5713,-0.0494,-9.2656,3.6943,3.6282,+8.3755,123.0580,168.9940
6463,0.53,-5.3882,-0.0593,-9.2719,3.8837,2.3493,+7.8217,167.1205,177.2289
6464,0.53,-5.3697,+0.0116,-9.2590,3.8893,2.2051,+0.1241,76.1914,163.0772
6465,0.54,-5.3554,-0.0798,-9.2712,3.9158,1.7751,+9.1916,121.7234,174.5367
6466,0.53,-5.4067,+0.0361,-9.2690,3.8624,1.1907,+0.8808,65.6262,170.8171
6467,0.54,-5.1595,-0.1587,-9.2699,4.1103,1.2601,+16.0290,302.3418,214.9555
6468,0.55,-5.2963,-0.0162,-9.2699,3.9736,1.2317,+3.9777,63.9579,171.1883
6469,0.55,-5.3921,+0.0414,-9.2601,3.8680,1.0813,+11.4918,190.4398,188.2232
6470,0.53,-4.9861,+0.1155,-9.2681,4.2820,2.1139,+12.9222,273.4680,219.5048
6471,0.55,-5.2066,-0.0519,-9.2610,4.0544,5.1075,+3.6849,169.1493,186.1620
6472,0.53,-5.5142,+0.0522,-9.2671,3.7529,1.8103,+4.2638,67.2942,160.2593
6473,0.55,-5.2121,-0.0505,-9.2700,4.0579,1.6394,+13.6404,247.4896,203.2333
6474,0.54,-5.2605,+0.0599,-9.2740,4.0135,1.3476,+3.7987,82.2535,173.7990
6475,0.56,-5.3326,-0.0935,-9.2862,3.9536,1.2082,+9.2977,137.0070,184.8365
6476,0.53,-5.1401,-0.1070,-9.2719,4.1319,2.4997,+1.6166,63.3392,189.7029
6477,0.53,-5.4286,+0.2322,-9.2805,3.8519,5.1808,+13.0174,220.5525,197.0459
6478,0.53,-5.4079,+0.0507,-9.2842,3.8763,0.8943,+9.7903,157.9468,187.3597
6479,0.54,-5.2174,-0.0759,-9.2672,4.0498,3.5695,-0.6021,133.1360,185.8460
6480,0.56,-5.3453,-0.0018,-9.2728,3.9274,1.7309,+8.6958,128.3209,200.6104
6481,0.56,-5.1708,-0.1854,-9.2806,4.1098,4.3551,-1.0906,97.0354,177.1650
6482,0.54,-5.3844,-0.0775,-9.2747,3.8904,5.5718,+5.6251,163.2547,181.0857
6483,0.55,-5.4251,-0.2080,-9.2575,3.8323,1.4977,+5.6618,117.3612,175.7725
6484,0.53,-5.2094,-0.1135,-9.2589,4.0495,1.3012,+8.7539,135.0300,194.3105
6485,0.55,-5.3201,+0.0877,-9.2627,3.9426,1.6445,-1.3677,66.2814,164.9551
6486,0.55,-5.0659,+0.0559,-9.2664,4.2005,1.3772,+14.3865,254.9700,217.2828
6487,0.55,-5.3123,+0.0766,-9.2848,3.9724,1.3990,+0.6796,80.7043,168.2423
6488,0.54,-5.0582,-0.0281,-9.2882,4.2300,3.8288,+12.9509,225.5991,208.2453
6489,0.54,-5.2775,-0.0608,-9.2810,4.0035,1.4637,+4.5360,87.8521,176.1212
6490,0.55,-4.9139,-0.9366,-9.2859,4.3719,42.3781,+1.3537,113.7149,199.5790
6491,0.54,-5.2958,+0.0669,-9.2850,3.9892,1.1022,+0.5505,62.5670,171.2365
6492,0.54,-5.2994,+0.1074,-9.2887,3.9893,1.9963,+14.1359,249.2428,200.9243
6493,0.55,-5.5398,-0.0138,-9.3003,3.7605,2.3494,+2.3038,88.9226,160.7636
6494,0.56,-5.2629,+0.1612,-9.2939,4.0310,1.6894,+9.7506,188.6272,186.3163
6495,0.54,-5.1231,-0.1937,-9.2866,4.1635,13.7517,+1.6512,183.5936,182.2195
6496,0.54,-5.3805,+0.0247,-9.2759,3.8954,1.5438,+3.5947,67.5893,168.1253
6497,0.53,-5.3304,-0.1749,-9.2670,3.9366,1.3453,+7.6163,131.0257,181.7166
6498,0.55,-5.3843,+0.1238,-9.2662,3.8819,3.2877,+1.5484,81.2443,171.5801
6499,0.55,-5.3600,-0.0693,-9.2787,3.9187,3.3873,+8.7680,167.2784,186.6948
6500,0.54,-5.3577,-0.0342,-9.2746,3.9169,1.8958,+1.7389,65.6812,178.3398
6501,0.53,-5.1176,-0.1089,-9.2637,4.1460,1.9033,+14.4217,292.7980,213.7097
6502,0.53,-5.3290,-0.0815,-9.2769,3.9479,1.1496,-0.6842,45.9303,181.4742
6503,0.54,-5.2066,+0.0363,-9.2781,4.0715,1.5513,+9.7009,144.1952,199.9726
6504,0.53,-5.2734,-0.0001,-9.2572,3.9838,1.0583,+6.9855,86.7099,184.6465
6505,0.54,-5.3496,+0.1460,-9.2688,3.9192,1.2373,+10.4991,165.9218,194.1904
6506,0.53,-5.2571,-0.0032,-9.2851,4.0280,1.6013,+2.4819,58.1785,180.4976
6507,0.55,-5.3190,+0.1186,-9.2936,3.9747,2.5596,+13.1184,226.2333,203.0094
6508,0.55,-5.3509,+0.0743,-9.2898,3.9388,1.4645,+2.8593,107.3353,179.4486
6509,0.54,-5.2336,+0.0034,-9.2827,4.0491,1.3302,+7.3007,101.6775,197.9314
6510,0.55,-5.4630,-0.0365,-9.2816,3.8186,1.7819,+9.8064,141.4989,180.0044
6511,0.55,-5.1262,-0.1922,-9.2825,4.1563,1.1994,+6.5609,94.1195,196.0623
6512,0.54,-5.4085,-0.0608,-9.2880,3.8795,1.2794,+9.2692,136.9424,183.3380
6513,0.57,-5.4576,-0.0591,-9.2901,3.8325,1.9864,+6.5725,116.4464,172.5500
6514,0.54,-5.4526,+0.1591,-9.2948,3.8422,1.7583,+3.8809,72.1256,167.2154
6515,0.56,-5.3869,+0.0314,-9.2945,3.9076,1.1814,+13.0577,235.1581,189.5051
6516,0.56,-5.4410,+0.0850,-9.2896,3.8486,1.6037,-3.6399,81.9194,163.3042
6517,0.55,-5.1338,+0.0581,-9.2745,4.1408,1.8517,+12.0441,217.2128,204.7793
6518,0.54,-5.3804,+0.1404,-9.2826,3.9022,1.6762,-2.4451,102.4523,163.5102
6519,0.53,-5.4692,+0.0215,-9.2951,3.8259,1.5937,+8.0612,119.2525,175.8952
6520,0.55,-5.4122,+0.0785,-9.2978,3.8856,1.1651,-0.2847,66.3161,163.5634
6521,0.57,-5.2725,+0.0520,-9.3004,4.0279,0.9620,+12.0687,197.0386,198.4724
6522,0.56,-5.3747,+0.0787,-9.3026,3.9280,1.5035,+2.7133,87.2322,174.0363
6523,0.55,-5.1856,+0.2079,-9.3038,4.1182,3.0393,+11.9591,228.6241,201.6030
6524,0.55,-5.2328,+0.0465,-9.3128,4.0800,1.7339,-1.4306,108.2643,171.8218
6525,0.55,-5.2459,+0.0219,-9.3087,4.0629,1.3804,+7.9701,122.3465,195.7392
6526,0.57,-5.2555,+0.0717,-9.3077,4.0522,4.5709,+4.8069,93.4489,180.3115
6527,0.53,-5.3691,+0.0074,-9.3044,3.9353,1.0852,+7.7317,120.6691,180.6906
6528,0.52,-5.4168,+0.1229,-9.3121,3.8954,1.3797,+3.5643,53.6025,172.2053
6529,0.55,-5.2493,+0.0272,-9.3197,4.0703,0.8430,+13.1357,227.2299,206.9964
6530,0.53,-5.4740,-0.0428,-9.3151,3.8411,1.1773,+0.4643,57.9698,166.4983
6531,0.55,-5.4962,+0.0558,-9.3055,3.8093,2.6034,+7.3733,136.8642,172.9357
6532,0.55,-5.3727,+0.0041,-9.3034,3.9307,2.1057,+7.1975,141.7264,184.0254
6533,0.53,-5.3908,+0.1327,-9.3062,3.9154,1.7092,+0.2573,75.7140,166.6850
6534,0.53,-5.4863,-0.1321,-9.3125,3.8262,1.3534,+13.6034,260.8671,189.5791
6535,0.54,-5.3740,-0.0957,-9.3107,3.9367,1.7554,-3.9699,143.3090,169.4934
6536,0.54,-5.3601,+0.0569,-9.3097,3.9496,1.1707,+11.9626,200.6364,192.3216
6537,0.54,-5.3309,-0.1042,-9.3105,3.9796,1.3405,-3.3543,73.7068,171.8549
6538,0.55,-5.4099,+0.0120,-9.3076,3.8978,1.0787,+11.4837,191.2522,197.2074
6539,0.55,-5.4401,+0.0029,-9.2787,3.8386,1.0265,+4.9775,75.2493,168.8378
6540,0.55,-5.4890,-0.0030,-9.2915,3.8025,0.7627,+6.7701,93.4035,172.3274
6541,0.56,-5.3725,+0.0179,-9.3144,3.9419,1.5051,+3.2408,72.0071,168.7517
6542,0.55,-5.3363,+0.1581,-9.3192,3.9829,0.9553,+14.9937,269.2536,204.2539
6543,0.55,-5.4542,-0.0395,-9.3097,3.8554,2.0322,+1.3996,77.8879,165.8316
6544,0.56,-5.4485,-0.0278,-9.3155,3.8670,1.3587,+12.8025,223.6950,197.3479
6545,0.53,-5.2828,-0.0058,-9.3112,4.0284,3.3641,+1.7888,85.8478,178.1990
6546,0.53,-5.5223,+0.2230,-9.3088,3.7865,3.0277,+4.3184,70.8378,164.6620
6547,0.56,-5.4528,-0.0794,-9.2988,3.8460,1.8687,+5.9031,84.4741,169.3157
6548,0.54,-5.4500,-0.0878,-9.3093,3.8593,1.9919,+4.5482,80.5229,166.1944
6549,0.54,-5.4420,+0.0471,-9.3251,3.8831,1.7392,+2.9218,57.8872,157.7345
6550,0.55,-5.0481,-0.1140,-9.3316,4.2835,5.9277,+12.9716,241.8151,219.5834
6551,0.53,-5.3299,+0.1380,-9.3369,4.0070,3.0292,+6.3035,116.6969,181.2087
6552,0.55,-5.4164,+0.0833,-9.3427,3.9263,4.0173,+5.0887,103.6242,177.6913
6553,0.54,-5.4549,+0.0450,-9.3348,3.8799,1.3872,+7.6970,112.4967,183.4062
6554,0.53,-5.5660,+0.1982,-9.3272,3.7611,3.7702,+6.4644,151.9853,166.0557
6555,0.55,-5.3787,+0.0370,-9.3291,3.9504,3.9350,+1.5090,87.2332,181.7596
6556,0.55,-5.4699,-0.0045,-9.3355,3.8655,3.0144,+10.7776,211.9524,191.7049
6557,0.54,-5.5453,-0.0502,-9.3324,3.7871,6.2811,+2.2006,114.4538,170.3331
6558,0.55,-5.5381,+0.0638,-9.3239,3.7859,1.6635,+8.0343,127.8302,175.4782
6559,0.54,-5.3088,+0.0293,-9.3359,4.0270,1.1318,+12.7488,217.2470,202.3797
6560,0.55,-5.3161,-0.2107,-9.3388,4.0227,5.5806,+2.5643,107.0828,174.6507
6561,0.54,-5.4586,+0.0506,-9.3323,3.8737,1.0388,+5.5086,94.6571,167.6733
6562,0.54,-5.3104,+0.0382,-9.3295,4.0190,1.1239,-2.6553,65.5387,170.4046
6563,0.52,-5.1489,+0.0483,-9.3291,4.1802,2.2313,+16.3978,321.9547,222.4428
6564,0.54,-5.3503,+0.0074,-9.3457,3.9955,1.2643,-0.9055,51.8284,168.8022
6565,0.55,-5.2054,+0.0400,-9.3393,4.1340,0.9018,+13.6317,237.6377,210.9716
6566,0.55,-5.3688,-0.0385,-9.3296,3.9607,0.7245,+1.3428,68.6191,171.3548
6567,0.56,-5.2947,-0.1072,-9.3293,4.0346,0.8871,+13.8919,266.5919,205.8135
6568,0.56,-5.3860,-0.0783,-9.3359,3.9499,1.2240,-2.8023,59.7249,166.5538
6569,0.55,-5.3657,-0.1147,-9.3229,3.9572,1.1825,+15.9355,323.8628,210.3083
6570,0.55,-5.4300,-0.0377,-9.3213,3.8913,3.0821,+0.2265,111.7535,166.5735
6571,0.55,-5.6171,-0.0115,-9.3127,3.6956,2.1199,+11.0424,188.4158,174.0443
6572,0.56,-5.2417,+0.1646,-9.3042,4.0626,1.3655,-2.8229,80.0149,172.7408
6573,0.55,-5.5417,+0.0488,-9.3153,3.7736,1.4443,+9.0795,155.7617,167.5558
6574,0.56,-5.3809,-0.1093,-9.3362,3.9552,1.3006,+0.9285,89.5059,167.8944
6575,0.54,-5.2308,+0.0707,-9.3204,4.0896,1.2190,+14.1530,270.0834,208.0109
6576,0.54,-5.4884,-0.1202,-9.3217,3.8333,2.0201,-0.8229,60.2401,157.7565
6577,0.55,-5.4661,-0.0447,-9.3253,3.8592,1.1434,+12.3303,198.5361,192.3704
6578,0.53,-5.5995,+0.0407,-9.3268,3.7273,0.9259,+1.4893,51.2809,162.3552
6579,0.55,-5.3557,+0.0441,-9.3248,3.9691,1.2875,+13.2475,241.9432,200.0228
6580,0.56,-5.2217,-0.0505,-9.3194,4.0977,7.8595,-0.6760,173.6262,181.1199
6581,0.53,-5.6243,-0.0535,-9.3048,3.6804,2.4216,+7.1203,144.2778,168.4285
6582,0.54,-5.3930,-0.1496,-9.3081,3.9151,2.2776,+3.1380,107.4543,173.0126
6583,0.57,-5.2534,-0.0083,-9.2963,4.0430,2.2829,+11.6629,232.7678,203.3977
6584,0.52,-5.2668,+0.1485,-9.3060,4.0391,5.5573,+0.0266,100.8732,175.7041
6585,0.57,-5.4965,+0.1163,-9.3224,3.8259,1.4703,+7.9988,118.4895,177.3132
6586,0.54,-5.2590,-0.0441,-9.3183,4.0592,1.5914,-3.1651,68.7408,174.0775
6587,0.56,-5.4356,+0.1206,-9.3356,3.9000,1.2798,+10.4041,160.3162,205.3459
6588,0.55,-5.3455,-0.0209,-9.3294,3.9839,1.2505,-0.5213,56.1845,183.3787
6589,0.53,-5.6689,+0.0643,-9.3338,3.6649,1.4914,+11.8787,191.3640,178.2377
6590,0.56,-5.5825,+0.0051,-9.3339,3.7514,2.1564,+2.5822,73.4000,166.3476
6591,0.54,-5.3558,+0.1308,-9.3314,3.9756,1.4604,+13.3140,270.3787,198.6985
6592,0.57,-5.1854,-0.1346,-9.3274,4.1420,6.2514,-2.8088,143.3243,189.2004
6593,0.55,-5.3234,+0.0410,-9.3326,4.0092,9.8376,+8.1529,172.5427,195.6571
6594,0.55,-5.2986,+0.2905,-9.3325,4.0339,10.9744,+8.9248,195.5542,198.0149
6595,0.55,-5.2448,-0.0224,-9.3398,4.0950,17.3645,+8.3844,200.0941,196.4793
6596,0.56,-5.2736,-0.1278,-9.3459,4.0723,22.8008,+8.3299,251.9142,202.0820
6597,0.55,-5.2557,-0.1858,-9.3384,4.0827,66.9532,+7.7597,279.5291,192.5289
6598,0.55,-5.1920,-0.1116,-9.3399,4.1479,20.4878,+7.6313,193.0262,190.4186
6599,0.55,-5.1944,-0.1512,-9.3354,4.1410,48.2683,+7.2351,236.1823,183.8533
6600,0.55,-5.1262,-0.0485,-9.3293,4.2032,31.3179,+7.5035,202.8470,197.5028
6601,0.55,-5.3526,+0.1250,-9.3215,3.9689,26.5208,+8.6491,247.1488,183.9150
6602,0.54,-5.1494,-0.0088,-9.3284,4.1790,37.3488,+7.6774,222.3479,197.1932
6603,0.54,-5.1977,-0.0452,-9.3372,4.1395,37.8050,+7.8027,264.9095,205.0857
6604,0.53,-5.1532,-0.0011,-9.3370,4.1839,43.4901,+9.3361,309.3074,208.4324
6605,0.55,-5.6003,-0.0324,-9.3264,3.7262,2.8642,+7.2939,109.8533,162.9491
6606,0.53,-5.5052,-0.0139,-9.3365,3.8313,1.5844,+0.3915,41.4350,166.4404
6607,0.55,-5.4645,-0.0021,-9.3485,3.8840,1.1933,+6.4481,90.7295,169.0816
6608,0.54,-5.3271,+0.0494,-9.3370,4.0098,2.4668,+2.6083,87.0031,178.0056
6609,0.52,-5.3218,-0.2273,-9.3489,4.0270,2.0612,+12.2688,221.5074,198.7543
6610,0.53,-5.2149,+0.1139,-9.3470,4.1321,1.7634,+1.6648,129.2505,188.7687
6611,0.54,-5.3236,-0.0556,-9.3409,4.0173,7.2334,+9.5944,187.9803,190.4407
6612,0.55,-5.3052,-0.0447,-9.3402,4.0350,9.2084,+7.1396,133.8897,189.7829
6613,0.56,-5.5088,+0.0573,-9.3536,3.8448,2.7958,+7.2580,111.6966,176.8849
6614,0.54,-5.0356,-0.0059,-9.3474,4.3118,16.2231,+0.7001,143.3730,193.7228
6615,0.54,-5.0475,-0.1750,-9.3440,4.2965,14.7756,+2.4756,129.4308,198.8802
6616,0.52,-5.3088,-0.0789,-9.3231,4.0143,31.5499,+4.8957,174.3099,174.9238
6617,0.53,-5.4255,+0.1078,-9.3509,3.9254,11.9203,+6.3909,154.2418,179.0048
6618,0.56,-5.5399,+0.1444,-9.3533,3.8134,1.7527,+5.9476,86.8493,169.2475
6619,0.54,-5.4254,-0.1839,-9.3477,3.9222,2.4531,+2.9346,59.5742,163.5669
6620,0.54,-5.3203,+0.0202,-9.3555,4.0352,1.9902,+6.8284,110.5223,181.3085
6621,0.54,-5.3501,-0.0870,-9.3531,4.0030,1.7111,+3.4855,71.8494,189.4064
6622,0.54,-5.2337,+0.0645,-9.3474,4.1138,1.9650,+4.4449,74.8922,190.6642
6623,0.53,-5.2014,-0.0899,-9.3534,4.1520,6.7233,+8.4765,156.3188,197.4551
6624,0.54,-5.2134,-0.0300,-9.3457,4.1324,2.5819,+5.9649,132.0375,180.9924
6625,0.53,-5.5545,-0.8802,-9.3434,3.7889,5.6354,+1.7674,142.4692,161.1038
6626,0.54,-5.3048,-0.0146,-9.3463,4.0415,1.8079,-0.5089,97.9886,178.3572
6627,0.53,-5.3907,-0.1620,-9.3559,3.9652,2.3464,+6.4796,148.4740,189.1526
6628,0.54,-5.4714,+0.0480,-9.3512,3.8798,2.2415,+3.1091,77.4371,168.9818
6629,0.54,-5.2008,+0.1158,-9.3616,4.1608,1.7660,+10.7272,177.9790,199.1232
6630,0.54,-5.4666,+0.2174,-9.3578,3.8912,1.7994,+4.2491,101.6410,161.9400
6631,0.55,-5.4434,-0.0123,-9.3588,3.9154,1.2347,+2.7226,57.2601,168.1689
6632,0.53,-5.4084,-0.1083,-9.3659,3.9576,1.1021,+6.7539,129.3997,179.8453
6633,0.55,-5.3238,+0.0416,-9.3576,4.0338,1.8586,+0.5550,86.7795,182.3243
6634,0.54,-5.4009,+0.0505,-9.3521,3.9513,2.0491,+12.4406,229.0031,201.3882
6635,0.54,-5.5501,+0.0441,-9.3515,3.8014,2.4925,+2.2796,78.9863,170.3381
6636,0.55,-5.4835,+0.1062,-9.3467,3.8632,0.9512,+7.7709,109.7053,184.2288
6637,0.53,-5.4343,-0.1854,-9.3451,3.9108,4.9435,+3.5911,102.8079,177.9537
6638,0.53,-5.4700,+0.1659,-9.3476,3.8777,3.0335,+3.9501,83.5752,181.0823
6639,0.52,-5.5116,+0.0833,-9.3521,3.8405,1.7382,+5.7487,99.5142,183.6323
6640,0.55,-5.7421,-0.2546,-9.3427,3.6006,19.5585,-0.5197,155.8695,157.7134
6641,0.54,-5.3056,-0.1580,-9.3496,4.0440,3.7527,+2.4356,120.8239,188.9429
6642,0.56,-5.5321,-0.0275,-9.3538,3.8217,1.4071,+6.2804,127.7951,176.7816
6643,0.54,-5.2262,-0.1881,-9.3504,4.1242,1.0577,+8.0634,108.1785,188.3520
6644,0.55,-5.4042,-0.1330,-9.3535,3.9492,0.9689,+2.4394,47.5352,175.8490
6645,0.54,-5.2738,-0.0349,-9.3432,4.0694,1.2158,+10.7353,179.7316,194.2750
6646,0.54,-5.3985,-0.1060,-9.3523,3.9538,1.3766,+3.7320,102.1274,176.4588
6647,0.55,-5.3202,+0.2931,-9.3433,4.0231,11.3878,+11.6586,194.3827,198.6199
6648,0.53,-5.3873,-0.0880,-9.3435,3.9562,1.6514,+11.5641,180.0264,202.0548
6649,0.54,-5.3334,+0.0102,-9.3533,4.0199,2.8983,+7.8302,135.4518,183.8951
6650,0.54,-5.5211,-0.2313,-9.3489,3.8277,2.1301,+2.7483,79.9806,164.1692
6651,0.54,-5.4462,+0.0669,-9.3446,3.8984,2.3527,+7.6382,120.9063,169.6149
6652,0.53,-5.4167,-0.1350,-9.3495,3.9328,1.9706,+9.9449,185.1985,183.6856
6653,0.55,-5.3662,+0.1626,-9.3425,3.9763,1.0711,-0.2848,84.3190,169.0402
6654,0.54,-5.3712,+0.0299,-9.3449,3.9737,1.4754,+10.1905,166.6681,184.1612
6655,0.54,-5.2685,-0.2304,-9.3488,4.0803,3.9438,+2.6987,93.2865,182.2004
6656,0.54,-5.3726,-0.0359,-9.3658,3.9932,1.4582,+8.5332,161.9491,185.2524
6657,0.55,-5.3765,+0.1301,-9.3612,3.9847,2.1055,+8.1767,160.6875,179.7276
6658,0.54,-5.5517,+0.0012,-9.3608,3.8091,4.6315,+2.5829,42.0953,158.2760
6659,0.55,-5.3196,-0.1882,-9.3690,4.0493,2.2529,+9.7744,155.4803,192.0843
6660,0.54,-5.4129,+0.0103,-9.3700,3.9571,1.8584,-2.2118,46.4115,156.1637
6661,0.53,-5.5043,+0.0238,-9.3654,3.8611,1.2862,+11.7587,181.1686,184.7870
6662,0.54,-5.2561,-0.0934,-9.3596,4.1034,9.6684,-0.1019,161.4143,181.7259
6663,0.55,-5.4962,+0.0097,-9.3617,3.8655,1.2501,+4.5426,86.0947,175.0637
6664,0.54,-5.4975,-0.1037,-9.3622,3.8647,1.6044,+6.4546,98.6370,185.3497
6665,0.55,-5.4799,-0.0843,-9.3574,3.8775,1.4935,+2.4892,63.2764,171.6218
6666,0.55,-5.2835,-0.0210,-9.3675,4.0840,6.3173,+5.5438,111.3215,184.9465
6667,0.54,-5.4795,-0.0665,-9.3646,3.8851,1.3357,+8.0449,130.3289,183.1075
6668,0.54,-5.4351,+0.0809,-9.3709,3.9357,1.9252,-0.1455,65.1106,171.4029
6669,0.55,-5.5015,-0.0384,-9.3747,3.8732,1.8757,+7.4234,132.2296,183.5508
6670,0.54,-5.3658,+0.0158,-9.3730,4.0072,1.3146,-2.1946,53.2835,174.2308
6671,0.56,-5.3426,-0.0001,-9.3696,4.0271,2.3705,+13.7827,244.5124,206.5148
6672,0.55,-5.5552,+0.0142,-9.3756,3.8204,1.0919,+7.4624,111.8245,176.1224
6673,0.54,-5.3736,-0.0284,-9.3615,3.9879,1.2688,+5.2571,80.1820,175.9008
6674,0.54,-5.4271,-0.0400,-9.3598,3.9327,0.9156,+12.5541,210.5132,195.8396
6675,0.55,-5.4462,-0.0625,-9.3485,3.9022,1.3240,+1.3420,106.2354,176.2154
6676,0.54,-5.5692,-0.0627,-9.3491,3.7799,6.2889,+4.4361,156.1761,172.7097
6677,0.55,-5.2406,+0.0425,-9.3491,4.1085,31.0436,+4.9797,267.6508,197.0091
6678,0.54,-5.3305,+0.0391,-9.3583,4.0278,21.9223,+6.9721,214.0070,196.4250
6679,0.54,-5.3626,-0.1437,-9.3330,3.9704,17.2202,+9.6278,274.6027,199.8156
6680,0.55,-5.3199,+0.0487,-9.3582,4.0383,16.7274,+7.6009,220.3937,196.0096
6681,0.55,-5.3416,-0.2557,-9.3535,4.0119,1.6028,+6.8389,159.4173,187.8143
6682,0.54,-5.6963,+0.1211,-9.3668,3.6705,4.8340,+2.5392,57.9369,156.3751
6683,0.55,-5.3152,-0.1748,-9.3617,4.0465,3.0007,+6.6663,105.4021,191.2287
6684,0.54,-5.4158,+0.1834,-9.3605,3.9446,4.8188,+0.3772,91.7157,176.0784
6685,0.52,-5.2923,+0.0778,-9.3741,4.0818,3.9487,+6.6169,103.8858,191.4582
6686,0.55,-5.3539,+0.2069,-9.3763,4.0224,1.3467,+3.6523,104.1751,181.8130
6687,0.52,-5.3677,-0.1621,-9.3712,4.0035,1.5181,-1.1967,53.3117,183.5877
6688,0.53,-5.3752,+0.0529,-9.3696,3.9943,1.3513,+8.0943,119.8944,197.7127
6689,0.56,-5.3667,-0.0052,-9.3652,3.9985,0.9298,+5.1939,74.7883,180.6986
6690,0.54,-5.5077,+0.1066,-9.3489,3.8412,1.3129,+10.6350,163.6493,189.4266
6691,0.56,-5.2991,+0.1247,-9.3502,4.0511,0.8095,+0.5875,56.1715,183.7180
6692,0.55,-5.4495,+0.0306,-9.3485,3.8990,0.8927,+13.1983,218.9274,203.4037
6693,0.54,-5.3739,-0.0037,-9.3349,3.9610,4.1430,-0.8444,58.0620,181.6330
6694,0.54,-5.4844,-0.1369,-9.3263,3.8419,1.1243,+4.8570,76.7871,175.7414
6695,0.55,-5.4556,+0.1859,-9.3392,3.8836,1.6884,+3.1808,70.6324,170.7683
6696,0.54,-5.5352,+0.0840,-9.3464,3.8111,1.8087,+6.5831,137.3991,175.9524
6697,0.54,-5.3768,+0.1158,-9.3437,3.9669,1.9154,-1.3267,68.4803,164.6917
6698,0.56,-5.2740,+0.1030,-9.3289,4.0549,1.5839,+12.3192,197.8807,193.6732
6699,0.56,-5.4809,-0.0067,-9.3292,3.8483,1.3740,-0.5522,40.6390,162.5284
6700,0.56,-5.4070,-0.0409,-9.3305,3.9235,0.9014,+12.6499,200.7247,195.1186
6701,0.56,-5.5089,+0.0541,-9.3544,3.8455,0.8279,+3.7158,65.6381,173.1786
6702,0.56,-5.3616,+0.0121,-9.3490,3.9875,1.3743,+15.3576,297.7484,211.4884
6703,0.56,-5.0076,+0.2179,-9.3361,4.3285,47.2708,+3.5552,57.5288,170.3258
6704,0.55,-5.5931,+0.0704,-9.3259,3.7328,1.6044,+4.4372,89.2056,156.8763
6705,0.55,-5.4814,+0.0809,-9.3205,3.8391,1.0248,+6.0296,89.7439,174.5457
6706,0.55,-5.3530,+0.0571,-9.3294,3.9764,1.2243,+9.5251,141.4807,174.0286
6707,0.53,-5.4041,+0.1538,-9.3264,3.9222,1.6434,-1.1531,75.2171,171.0941
6708,0.53,-5.5032,+0.0635,-9.3383,3.8351,1.6863,+8.9089,116.3474,178.4262
6709,0.55,-5.3995,-0.0040,-9.3434,3.9439,0.9174,+1.6666,50.3364,170.4310
6710,0.57,-5.3323,-0.0741,-9.3472,4.0149,1.2100,+13.9921,259.1558,203.2807
6711,0.54,-5.5106,+0.0344,-9.3572,3.8466,1.1227,+2.5857,49.9815,174.8237
6712,0.56,-5.5247,-0.0549,-9.3500,3.8253,1.3334,+11.6717,177.8730,180.6038
6713,0.55,-5.5146,-0.0295,-9.3476,3.8331,1.5369,+1.3491,55.8166,166.3912
6714,0.54,-5.5159,-0.0066,-9.3494,3.8335,1.1752,+11.0704,182.3299,183.6355
6715,0.53,-5.4638,+0.0649,-9.3495,3.8858,1.3561,+0.5066,47.1751,175.4741
6716,0.54,-5.4657,-0.0114,-9.3461,3.8804,0.8922,+13.1620,228.6573,198.2881
6717,0.56,-5.4215,+0.0894,-9.3475,3.9261,1.0163,+1.8841,58.6240,179.5011
6718,0.55,-5.4541,-0.0129,-9.3458,3.8917,0.9349,+13.2666,228.6282,196.8177
6719,0.54,-5.4799,-0.0137,-9.3506,3.8707,2.0367,+5.8596,103.8508,179.9039
6720,0.54,-5.5474,-0.0330,-9.3556,3.8082,1.5349,+8.5208,127.1629,180.0869
6721,0.54,-5.5013,+0.0524,-9.3530,3.8517,1.4858,+3.2132,64.2141,170.6607
6722,0.54,-5.4639,+0.0777,-9.3461,3.8822,1.2388,+9.6402,130.3323,177.1211
6723,0.54,-5.3194,-0.1216,-9.3455,4.0261,7.1329,-3.2227,103.4816,165.6953
6724,0.55,-5.0681,-0.0802,-9.3495,4.2815,20.0906,-1.4093,170.3128,188.7344
6725,0.56,-5.3160,-0.0669,-9.3473,4.0313,9.7295,+1.5441,140.6264,177.3290
6726,0.54,-5.2351,-0.0008,-9.3533,4.1182,10.7285,+3.2579,144.6337,197.7026
6727,0.54,-5.3510,+0.0745,-9.3506,3.9996,13.9340,+6.0860,169.9586,194.4135
6728,0.54,-5.3123,+0.0165,-9.3491,4.0369,14.8340,+6.3462,196.9412,198.5369
6729,0.54,-5.2726,-0.0065,-9.3498,4.0772,35.4268,+6.1632,257.6237,206.6245
6730,0.55,-5.2343,+0.0617,-9.3482,4.1140,53.3102,+7.0083,308.7869,209.2168
6731,0.53,-5.5150,+0.0518,-9.3472,3.8321,6.0038,+7.2477,209.4253,185.6039
6732,0.54,-5.4302,-0.0624,-9.3475,3.9173,10.6790,+8.6559,189.3313,201.7331
6733,0.53,-5.2104,+0.1708,-9.3557,4.1453,51.3010,+6.7069,267.6964,214.2801
6734,0.56,-5.2285,-0.1709,-9.3633,4.1347,34.4109,+6.6817,241.4937,199.4846
6735,0.55,-5.5704,-0.1627,-9.3662,3.7957,15.3902,+6.1757,183.9475,176.1721
6736,0.53,-5.1757,-0.1112,-9.3700,4.1943,40.0371,+7.3313,321.8731,212.7969
6737,0.55,-5.2302,-0.0396,-9.3663,4.1361,35.1517,+5.6972,245.1378,204.1541
6738,0.53,-5.0463,+0.1989,-9.3608,4.3145,69.4541,+6.2755,311.8865,219.8042
6739,0.54,-5.2784,+0.0537,-9.3576,4.0793,43.1227,+7.5357,281.5782,211.0281
6740,0.54,-5.0083,+0.1136,-9.3618,4.3536,79.9255,+7.0309,304.4066,216.4519
6741,0.53,-5.1768,-0.0029,-9.3632,4.1864,36.9294,+7.1833,245.3479,210.4083
6742,0.54,-5.2640,+0.0472,-9.3616,4.0976,32.9875,+6.9636,223.6288,196.2869
6743,0.53,-5.2562,+0.0522,-9.3592,4.1030,43.4249,+6.2402,250.0871,193.2222
6744,0.55,-5.1502,+0.2141,-9.3662,4.2160,48.6771,+6.2302,223.4561,201.1728
6745,0.54,-5.0532,-0.1084,-9.3640,4.3107,37.3001,+7.2130,276.3080,218.1577
6746,0.56,-5.1596,+0.0233,-9.3791,4.2195,58.9071,+5.7546,289.9836,205.2341
6747,0.54,-5.3238,+0.0897,-9.3807,4.0569,70.1475,+5.9499,302.3906,197.4929
6748,0.53,-5.2164,-0.0885,-9.3608,4.1444,39.6343,+5.3952,294.4561,200.9980
6749,0.54,-5.0964,-0.1784,-9.3540,4.2575,46.0881,+5.2977,286.9716,206.9540
6750,0.56,-5.2023,-0.1288,-9.3620,4.1597,45.1558,+4.8290,239.9590,197.0711
6751,0.53,-5.2943,-0.1834,-9.3650,4.0707,25.8851,+4.5745,198.4896,194.2740
6752,0.54,-5.1340,+0.1968,-9.3569,4.2229,59.6322,+5.3623,244.8666,211.4190
6753,0.53,-5.0046,+0.1489,-9.3592,4.3546,43.4494,+6.1284,243.7126,222.7855
6754,0.55,-4.9668,+0.2365,-9.3723,4.4055,54.5414,+6.1585,245.0025,211.3423
6755,0.53,-5.2513,-0.3672,-9.3611,4.1098,26.3151,+4.8882,165.6413,195.0242
6756,0.55,-5.2254,-0.1018,-9.3527,4.1274,29.4235,+4.8959,192.7062,186.7965
6757,0.54,-5.2824,-0.1161,-9.3587,4.0762,42.1445,+5.5212,238.6736,190.0034
6758,0.53,-5.2259,+0.0172,-9.3599,4.1340,48.2834,+5.0634,286.5464,191.2199
6759,0.56,-5.1682,+0.2628,-9.3529,4.1847,49.2779,+5.1069,277.2985,189.5075
6760,0.54,-5.2122,+0.0673,-9.3475,4.1353,27.7397,+3.2983,165.1433,182.4443
6761,0.54,-5.0656,-0.1084,-9.3520,4.2865,39.1586,+4.9601,274.3296,202.5341
6762,0.55,-5.2874,-0.1088,-9.3605,4.0730,28.3930,+4.3781,189.3746,181.0160
6763,0.53,-5.1614,+0.0520,-9.3493,4.1879,22.5252,+4.9929,183.7384,194.5187
6764,0.53,-5.2095,+0.1460,-9.3596,4.1501,32.3915,+7.0499,237.8741,197.5445
6765,0.55,-5.0406,+0.1058,-9.3451,4.3046,40.2896,+5.7225,273.8344,202.7785
6766,0.55,-5.0649,-0.1807,-9.3426,4.2777,39.9472,+4.5190,246.0110,200.9832
6767,0.55,-4.9808,+0.0632,-9.3398,4.3589,45.0100,+5.3199,311.7878,211.3355
6768,0.55,-4.6728,-0.8672,-9.3591,4.6863,129.5273,+3.6250,187.3681,237.0423
6769,0.52,-4.9781,-0.0858,-9.3518,4.3736,48.1118,+5.1362,242.6079,218.4672
6770,0.52,-5.1396,+0.0161,-9.3437,4.2042,47.1959,+4.2155,210.0775,198.4191
6771,0.56,-4.9003,+0.2215,-9.3519,4.4516,100.6806,+4.0973,298.2642,210.3552
6772,0.54,-5.1130,-0.0065,-9.3520,4.2390,43.7720,+4.8329,234.6433,202.1691
6773,0.53,-5.1276,+0.0770,-9.3688,4.2412,37.5154,+4.9850,241.9583,207.1437
6774,0.53,-5.2647,+0.0352,-9.3739,4.1091,37.6981,+5.1843,212.7669,191.1862
6775,0.53,-5.0857,+0.1001,-9.3647,4.2790,39.9810,+5.9714,256.2615,204.0636
6776,0.55,-5.1737,-0.0765,-9.3730,4.1993,40.8540,+6.4811,258.8934,205.7595
6777,0.53,-5.1780,-0.2786,-9.3577,4.1797,32.8391,+6.1059,209.0099,204.5417
6778,0.55,-5.1671,-0.1031,-9.3584,4.1913,30.9003,+5.8551,202.5027,200.2384
6779,0.56,-5.1101,-0.1437,-9.3638,4.2537,52.1986,+7.1510,301.1986,209.5560
6780,0.54,-5.2690,-0.1430,-9.3624,4.0933,43.7594,+7.2437,325.6959,196.4566
6781,0.53,-5.1086,-0.0058,-9.3633,4.2547,64.5776,+6.0976,256.5627,195.1362
6782,0.53,-4.8802,-0.2852,-9.3590,4.4788,118.7657,+6.7060,353.0753,212.7825
6783,0.53,-4.9742,+0.0817,-9.3502,4.3760,86.1131,+7.0315,227.1732,211.3762
6784,0.53,-4.8407,-0.3897,-9.3554,4.5146,124.7064,+6.9260,212.7083,211.7476
6785,0.54,-4.8466,+0.7152,-9.3612,4.5147,213.7419,+6.6382,178.4678,211.7729
6786,0.54,-5.1731,+0.0004,-9.3512,4.1782,40.4269,+7.0521,244.0786,203.4717
6787,0.54,-5.4866,-0.0892,-9.3678,3.8812,15.1998,+6.6462,197.4259,185.7279
6788,0.52,-5.0377,+0.0702,-9.3672,4.3295,46.9882,+6.6264,243.0453,215.1693
6789,0.53,-5.6385,-0.1397,-9.3697,3.7312,1.4759,+5.5086,158.7051,171.4469
6790,0.53,-5.2284,+0.5783,-9.3691,4.1408,45.0400,+6.6167,317.6235,199.8874
6791,0.55,-5.1580,+0.0278,-9.3810,4.2230,32.1353,+6.5254,209.3236,206.5680
6792,0.54,-4.8350,-0.0024,-9.3786,4.5436,92.5539,+6.8736,214.7318,222.1730
6793,0.53,-4.9587,-0.0462,-9.3736,4.4149,133.9735,+6.3458,176.3790,213.5779
6794,0.54,-5.3767,-0.0211,-9.3629,3.9862,30.5809,+6.4909,200.9107,179.8227
6795,0.54,-5.0029,+0.2407,-9.3679,4.3650,41.0557,+7.9992,289.2887,216.7173
6796,0.54,-5.0719,+0.0025,-9.3704,4.2986,40.7196,+6.2029,187.6753,209.2412
6797,0.53,-5.0905,-0.0301,-9.3697,4.2792,39.5000,+7.0989,239.2779,208.9498
6798,0.54,-5.4097,+0.0647,-9.3674,3.9578,19.7406,+4.9553,168.2790,181.6468
6799,0.55,-5.3839,+0.1879,-9.3733,3.9894,14.6236,+6.4968,164.6271,188.3985
6800,0.54,-5.3304,-0.0298,-9.3798,4.0494,24.2167,+4.4177,168.9740,197.6992
6801,0.53,-5.4793,+0.0060,-9.3876,3.9084,1.7649,+4.1129,68.1537,178.6037
6802,0.54,-5.3323,-0.0378,-9.3809,4.0486,5.1028,+4.2876,136.7815,190.6732
6803,0.54,-5.1364,-0.0328,-9.3791,4.2427,11.6742,+3.7343,180.8578,204.2366
6804,0.50,-5.2900,-0.1221,-9.3697,4.0797,5.4723,+1.4666,90.0102,181.0168
6805,0.53,-5.3376,+0.0392,-9.3600,4.0224,6.8875,+5.8012,134.9373,189.5082
6806,0.56,-5.4168,-0.0995,-9.3522,3.9355,5.1330,+6.3523,107.8677,181.7048
6807,0.52,-5.2175,+0.0433,-9.3498,4.1323,17.7306,+8.9172,232.5820,202.2889
6808,0.54,-5.0634,-0.0251,-9.3471,4.2837,31.4269,+4.7786,202.3401,203.5887
6809,0.51,-5.0335,-0.0099,-9.3501,4.3166,25.8983,+4.0081,165.4091,196.5348
6810,0.54,-5.2940,-0.0767,-9.3567,4.0627,8.0170,+4.6639,98.1019,177.0530
6811,0.52,-5.2063,-0.0809,-9.3535,4.1472,20.5000,+6.6344,170.8765,192.7219
6812,0.52,-4.9586,+0.0257,-9.3393,4.3807,62.6747,+5.7034,213.4364,202.6969
6813,0.52,-5.2312,-0.0038,-9.3239,4.0928,7.3484,+5.8011,207.1675,188.1040
6814,0.53,-5.1054,-0.0882,-9.3333,4.2279,18.9194,+6.5124,176.4297,197.3180
6815,0.53,-4.9787,-0.1282,-9.3358,4.3571,38.8962,+6.4060,207.4117,202.1783
6816,0.54,-4.9122,-0.0557,-9.3514,4.4392,46.3695,+6.2118,199.8729,203.2236
6817,0.56,-4.8313,-0.0160,-9.3493,4.5180,67.5785,+6.1796,212.1734,212.7352
6818,0.54,-5.1187,+0.1717,-9.3480,4.2293,29.2493,+5.9315,174.5154,199.8592
6819,0.54,-5.0356,-0.0955,-9.3543,4.3187,25.6972,+6.6524,156.2062,206.8037
6820,0.53,-5.1317,+0.1095,-9.3635,4.2318,24.1279,+5.4155,150.1693,194.9202
6821,0.51,-5.2376,+0.0410,-9.3514,4.1138,7.1862,+5.9240,122.9732,190.1271
6822,0.50,-5.0739,-0.0149,-9.3550,4.2811,37.5212,+3.2158,163.9390,191.4099
6823,0.53,-5.0748,+0.0359,-9.3521,4.2773,38.8390,+3.8202,196.1887,199.2671
6824,0.52,-4.9634,+0.1403,-9.3537,4.3903,57.3799,+4.8441,259.4724,218.7464
6825,0.54,-5.0373,+0.0256,-9.3643,4.3270,50.9274,+5.9608,260.0647,222.1424
6826,0.52,-5.1303,+0.0592,-9.3490,4.2187,30.2135,+5.2927,206.0530,206.0991
6827,0.52,-5.2080,+0.0736,-9.3514,4.1434,29.2800,+5.1174,207.6075,203.8866
6828,0.52,-4.9130,-0.2857,-9.3415,4.4285,41.9454,+5.2167,197.2830,215.2408
6829,0.54,-4.8954,+0.0846,-9.3592,4.4639,60.2117,+6.9472,254.9028,222.0433
6830,0.52,-5.2235,-0.0537,-9.3585,4.1350,24.7232,+6.3114,188.7183,192.9274
6831,0.53,-5.1690,+0.0329,-9.3534,4.1844,39.5782,+6.0542,198.6280,198.6664
6832,0.53,-5.2705,+0.4671,-9.3595,4.0889,13.9525,+3.8861,130.6145,189.4134
6833,0.52,-5.0059,+0.0215,-9.3563,4.3504,30.7994,+4.1727,157.2858,195.2131
6834,0.53,-5.2260,-0.0514,-9.3525,4.1265,2.6056,+3.7998,92.5888,188.9222
6835,0.53,-4.9942,+0.0090,-9.3594,4.3651,35.9080,+6.2981,212.1490,207.7951
6836,0.53,-5.0664,+0.0697,-9.3595,4.2931,36.8258,+6.4081,210.5519,206.0874
6837,0.53,-5.6859,-0.2722,-9.3617,3.6759,11.5991,+4.4901,70.8132,168.2932
6838,0.53,-5.3945,-0.1544,-9.3603,3.9658,2.4553,+5.1387,128.9464,185.7003
6839,0.53,-5.0537,+0.0467,-9.3547,4.3010,54.7711,+5.2421,200.2102,201.9739
6840,0.53,-5.1454,+0.0257,-9.3672,4.2218,45.8373,+5.4345,232.5519,200.7704
6841,0.52,-4.8622,+0.0692,-9.3678,4.5056,41.8431,+6.0610,211.4238,213.7120
6842,0.52,-5.8868,+0.3752,-9.3798,3.4930,51.6316,+5.9398,101.3560,146.6467
6843,0.52,-4.9792,-0.0908,-9.3849,4.4057,63.3298,+6.7487,294.9961,210.4383
6844,0.53,-4.7776,+0.2934,-9.3839,4.6063,36.8434,+7.5710,214.8813,222.4322
6845,0.51,-4.8624,+0.0429,-9.3884,4.5260,56.0128,+4.6539,300.5340,214.8703
6846,0.52,-4.9774,-0.1260,-9.3936,4.4162,24.1674,+4.8524,227.8438,210.4260
6847,0.53,-4.9677,+0.1677,-9.3855,4.4178,37.2626,+4.8368,204.7347,208.6740
6848,0.52,-5.0836,+0.1300,-9.3817,4.2981,31.7475,+5.1668,198.6219,203.9298
6849,0.51,-5.2122,-0.1919,-9.3737,4.1615,35.7843,+5.9422,223.3659,192.2222
6850,0.53,-4.9360,-0.1857,-9.3759,4.4399,44.0160,+6.8883,272.2043,222.7784
6851,0.55,-5.1669,-0.2661,-9.3734,4.2065,38.0798,+5.1522,233.1088,202.8099
6852,0.52,-4.9790,+0.0122,-9.3744,4.3954,40.3056,+4.2924,201.0283,213.8239
6853,0.53,-4.9722,-0.2061,-9.3670,4.3948,40.4794,+5.8269,217.9500,212.2612
6854,0.52,-5.0142,-0.1242,-9.3597,4.3455,41.9587,+6.9228,254.2330,203.9583
6855,0.52,-5.2868,-0.3060,-9.3656,4.0788,25.1681,+5.8877,218.5665,190.7594
6856,0.52,-5.0762,-0.0022,-9.3729,4.2967,32.7025,+5.8499,202.3595,201.7054
6857,0.53,-5.0954,-0.0377,-9.3723,4.2769,28.9966,+7.0090,219.5165,205.2277
6858,0.53,-5.1786,-0.2184,-9.3742,4.1957,13.1809,+5.5365,173.6293,199.6257
6859,0.53,-5.1075,-0.0231,-9.3799,4.2724,28.2659,+4.9156,166.0278,200.0030
6860,0.53,-5.0238,+0.0817,-9.3786,4.3548,50.2764,+7.0486,244.6471,207.2097
6861,0.52,-5.0452,-0.0398,-9.3755,4.3303,42.3653,+6.7751,221.6714,200.0835
6862,0.51,-5.0661,-0.0273,-9.3663,4.3002,53.8865,+7.0287,251.7201,202.2508
6863,0.55,-4.9995,-0.0457,-9.3693,4.3699,32.8371,+8.7015,274.1904,215.6102
6864,0.52,-5.2692,-0.2337,-9.3761,4.1069,6.3346,+8.0836,202.3046,187.8002
6865,0.53,-4.9789,-0.0507,-9.3659,4.3871,26.8913,+7.7419,254.3943,212.4219
6866,0.53,-4.7765,+0.0842,-9.3805,4.6040,52.8514,+7.3670,271.3423,224.7708
6867,0.54,-4.8114,+0.2046,-9.3885,4.5772,50.5828,+7.2227,266.9939,227.5419
6868,0.52,-4.8865,-0.0270,-9.3828,4.4963,40.1422,+7.1209,213.3255,216.4144
6869,0.52,-5.0596,+0.0663,-9.3869,4.3273,39.7284,+7.2494,242.6507,198.7049
6870,0.52,-4.9309,-0.1930,-9.3811,4.4502,24.3178,+6.7257,201.2557,207.0524
6871,0.53,-5.0261,-0.2701,-9.3919,4.3657,33.3426,+6.8046,211.5221,205.6022
6872,0.52,-4.7009,-0.1470,-9.3834,4.6825,67.5663,+7.6132,182.3860,217.0152
6873,0.52,-4.9550,+0.0104,-9.3738,4.4188,25.8443,+7.5889,208.1613,207.7825
6874,0.51,-5.0016,-0.0143,-9.3709,4.3693,37.5760,+7.4193,211.5783,206.3677
6875,0.53,-4.7178,-0.0651,-9.3732,4.6554,61.6719,+8.3104,258.8397,221.1605
6876,0.50,-5.0085,-0.0082,-9.3759,4.3674,31.5122,+7.3685,220.9245,195.7536
6877,0.52,-5.1186,+0.0299,-9.3611,4.2425,12.0714,+6.3861,173.7907,193.3733
6878,0.53,-5.3051,+0.1552,-9.3712,4.0660,2.3007,+2.4770,67.6109,177.5236
6879,0.52,-5.2890,+0.0903,-9.3719,4.0828,3.8034,+3.9924,79.0502,184.5775
6880,0.52,-5.0207,-0.1387,-9.3721,4.3514,7.4151,+2.9184,96.8425,203.1734
6881,0.53,-4.9909,-0.0528,-9.3655,4.3746,14.6168,+9.1419,190.7737,214.2960
6882,0.51,-4.9252,+0.0254,-9.3659,4.4407,35.6138,+6.4401,212.7663,209.5215
6883,0.51,-5.1495,-0.1377,-9.3877,4.2382,10.9809,+6.6336,156.3930,198.9525
6884,0.52,-4.9499,+0.1641,-9.3796,4.4297,21.5097,+8.0120,216.7816,210.2134
6885,0.52,-4.9832,+0.0990,-9.3938,4.4107,23.2901,+6.3942,196.2476,206.1022
6886,0.51,-4.9021,+0.0684,-9.3940,4.4919,33.2209,+6.9158,212.9611,208.1638
6887,0.52,-5.0790,-0.2708,-9.3862,4.3071,28.4685,+7.3210,203.0396,192.2231
6888,0.51,-5.0948,-0.0480,-9.3859,4.2911,28.3789,+6.5331,191.2096,200.6132
6889,0.52,-5.3895,-0.3614,-9.3779,3.9884,2.4088,+7.6537,133.8543,183.7626
6890,0.51,-5.2770,+0.0057,-9.3825,4.1055,1.2234,+3.1012,58.5849,188.5622
6891,0.52,-5.1242,-0.0519,-9.3845,4.2603,1.5694,+13.9283,248.9808,220.7949
6892,0.54,-5.1965,+0.1367,-9.3801,4.1836,2.3807,+1.0793,108.2815,184.1395
6893,0.54,-5.2260,-0.0939,-9.3726,4.1467,1.6763,+13.4919,234.4588,207.1424
6894,0.53,-5.0202,-0.1339,-9.3848,4.3646,2.0585,+0.2842,61.2280,183.5367
6895,0.53,-5.2805,-0.0554,-9.3961,4.1156,1.4246,+11.6591,212.9651,199.2547
6896,0.52,-5.3461,+0.1375,-9.3936,4.0476,1.7913,+3.9195,94.1582,177.4688
6897,0.55,-5.4911,-0.0812,-9.3754,3.8842,1.2679,+9.6458,160.5425,186.4872
6898,0.53,-4.9739,-0.1954,-9.3776,4.4036,8.6030,+6.0289,215.5831,206.3930
6899,0.52,-5.0421,-0.0336,-9.3596,4.3175,9.3467,+4.7329,169.5712,196.4080
6900,0.51,-5.2864,+0.0999,-9.3744,4.0880,1.3073,+5.9635,91.1957,185.2245
6901,0.54,-5.2700,+0.2864,-9.3734,4.1035,1.8242,+3.3196,121.4910,177.9429
6902,0.54,-5.2484,+0.0142,-9.3789,4.1305,1.7716,+3.4948,99.3903,185.9858
6903,0.54,-5.2473,-0.1406,-9.3746,4.1274,4.1057,+14.3905,290.0273,208.0294
6904,0.54,-5.2695,+0.0003,-9.3776,4.1081,1.0815,+1.8653,45.3731,177.8421
6905,0.52,-5.2659,-0.0011,-9.3643,4.0984,1.4877,+12.9289,227.7406,200.6971
6906,0.52,-5.3546,+0.0035,-9.3690,4.0145,1.4303,+0.4560,72.0816,179.5382
6907,0.54,-5.2716,-0.0839,-9.3635,4.0918,1.5572,+12.2865,205.3472,206.5840
6908,0.54,-5.3422,-0.0269,-9.3567,4.0145,1.8389,+1.8729,90.0043,182.0934
6909,0.54,-5.1952,+0.1129,-9.3495,4.1543,2.3988,+14.7861,318.9740,223.9906
6910,0.54,-5.4168,+0.1896,-9.3507,3.9339,3.2620,-0.7564,111.2532,172.3076
6911,0.55,-5.3168,-0.1320,-9.3603,4.0434,1.4683,+1.1979,65.9559,178.2187
6912,0.53,-5.3561,+0.2082,-9.3589,4.0028,1.5308,+13.0341,225.6624,201.4113
6913,0.55,-5.2248,+0.0003,-9.3643,4.1395,1.5737,-2.6335,70.5441,174.1990
6914,0.53,-5.4338,-0.1158,-9.3770,3.9432,1.9947,+13.4439,225.4022,188.6140
6915,0.54,-5.3968,-0.0933,-9.3600,3.9632,1.1113,+3.0565,67.0107,180.6125
6916,0.55,-4.9860,-0.0478,-9.3607,4.3747,1.0561,+18.5300,395.9993,240.6376
6917,0.55,-5.4069,+0.0064,-9.3528,3.9459,1.4608,+2.8961,120.9233,167.8711
6918,0.53,-5.2991,-0.1112,-9.3542,4.0551,3.0362,+12.4498,244.0769,199.6422
6919,0.54,-5.3674,-0.2086,-9.3533,3.9859,2.9953,+0.1328,144.2441,174.9476
6920,0.56,-5.3326,+0.0249,-9.3528,4.0202,1.7579,+2.0711,63.1805,182.2163
6921,0.52,-5.4081,+0.0990,-9.3453,3.9372,1.8920,+12.1032,204.0616,192.2367
6922,0.54,-5.2514,+0.0426,-9.3444,4.0930,3.5435,-1.8103,123.0057,183.9951
6923,0.52,-5.5534,+0.1590,-9.3627,3.8093,2.6232,+6.0101,102.6140,169.7407
6924,0.54,-5.1232,+0.0846,-9.3488,4.2256,5.8066,-2.6192,157.2607,186.6037
6925,0.54,-4.9795,+0.1810,-9.3420,4.3625,25.0833,+8.1850,300.3912,219.6224
6926,0.55,-4.9348,+0.1471,-9.3326,4.3978,32.7934,+5.0085,208.2173,215.0293
6927,0.53,-5.3940,+0.0450,-9.3529,3.9589,0.9260,+5.1466,70.2004,180.0813
6928,0.54,-5.2475,+0.1220,-9.3542,4.1067,1.2637,+3.1236,62.0794,182.8578
6929,0.54,-5.2347,-0.0212,-9.3553,4.1207,1.0448,+12.1447,218.9670,211.0724
6930,0.52,-5.3649,+0.2666,-9.3640,3.9990,2.5587,+0.1888,65.5997,175.2663
6931,0.55,-5.3574,+0.0177,-9.3716,4.0142,4.9739,+7.1382,140.8619,188.9598
6932,0.54,-5.4934,-0.0049,-9.3591,3.8657,0.9804,+5.3291,76.6047,171.1794
6933,0.54,-5.3776,-0.0657,-9.3568,3.9792,1.5928,+2.2108,56.9340,172.0161
6934,0.54,-5.2584,+0.1533,-9.3568,4.0984,1.7817,+15.1980,297.5168,201.1593
6935,0.53,-5.5837,-0.1097,-9.3656,3.7819,2.9114,-1.3861,63.9023,155.1628
6936,0.54,-5.4650,+0.1503,-9.3817,3.9167,1.1363,+9.4749,180.8322,181.2298
6937,0.54,-5.2435,+0.1072,-9.3811,4.1375,6.1855,-4.5680,110.2488,176.7674
6938,0.55,-5.3893,-0.0569,-9.3755,3.9863,4.5778,+7.3555,121.5828,180.0454
6939,0.55,-5.1312,+0.1416,-9.3883,4.2571,15.9131,+3.7307,109.5146,193.1705
6940,0.54,-5.5535,-0.1176,-9.3838,3.8303,9.2023,+1.8169,148.7504,169.9122
6941,0.52,-5.0504,+0.1115,-9.3781,4.3277,30.2375,+3.6221,234.9119,223.1151
6942,0.53,-5.2224,-0.1703,-9.3763,4.1539,8.0939,+3.2740,151.0143,202.5930
6943,0.54,-5.2488,+0.2247,-9.3795,4.1306,14.0887,+3.4980,175.0082,199.0851
6944,0.53,-5.5275,+0.2339,-9.3884,3.8609,1.0500,+4.8550,115.3582,172.5003
6945,0.54,-5.4096,-0.0192,-9.3869,3.9772,1.0071,+3.7233,67.4224,184.3110
6946,0.54,-5.3227,+0.0282,-9.3779,4.0552,1.0809,+5.1618,77.6005,179.8872
6947,0.53,-5.3040,-0.0056,-9.3871,4.0831,1.3148,+11.4126,191.6114,205.4712
6948,0.56,-5.0921,+0.0090,-9.3635,4.2714,5.9415,+0.9312,115.8289,198.4094
6949,0.55,-5.4577,-0.1242,-9.3733,3.9156,1.7019,+7.3867,100.5194,180.7634
6950,0.52,-5.1289,+0.2559,-9.3834,4.2545,1.1532,-3.4657,61.0487,181.6619
6951,0.54,-5.4696,+0.0594,-9.3737,3.9041,1.0532,+8.9034,121.7720,185.6783
6952,0.52,-5.4710,-0.0684,-9.3810,3.9100,1.7811,+4.5131,86.2322,180.7156
6953,0.55,-5.6021,+0.1454,-9.3844,3.7823,3.1024,-0.0092,59.5654,167.7632
6954,0.54,-5.4671,-0.0504,-9.3820,3.9149,1.4003,+6.0920,104.3125,184.5775
6955,0.52,-5.3624,+0.0354,-9.3680,4.0056,1.2073,-0.5427,58.4474,182.3608
6956,0.55,-5.1152,-0.1226,-9.3608,4.2456,1.2053,+16.9443,350.3274,226.5084
6957,0.52,-5.6125,-0.0592,-9.3689,3.7565,1.4862,+0.8139,51.6366,163.4551
6958,0.55,-5.3348,+0.0874,-9.3826,4.0477,1.2425,+14.8482,268.5343,209.1105
6959,0.55,-5.4122,+0.0237,-9.3750,3.9628,1.3099,+0.7449,73.0706,170.8113
6960,0.55,-5.4281,-0.0578,-9.3612,3.9332,1.7755,+10.1642,158.9525,183.8445
6961,0.55,-5.4419,-0.1697,-9.3598,3.9180,1.9896,+2.6437,89.4315,173.3753
6962,0.54,-5.3759,-0.0260,-9.3543,3.9784,1.0529,+7.1922,105.7435,180.5094
6963,0.55,-5.2510,+0.0195,-9.3726,4.1216,0.9593,-1.8510,64.3097,178.3596
6964,0.56,-5.2495,+0.0756,-9.3714,4.1219,1.0813,+13.7443,238.4530,204.6216
6965,0.54,-5.3359,+0.0933,-9.3850,4.0491,0.9461,-1.0580,58.8707,176.3109
6966,0.56,-5.4461,-0.0259,-9.3780,3.9319,1.2042,+8.9190,119.4302,176.1206
6967,0.54,-5.4248,-0.0171,-9.3766,3.9518,1.1379,+4.0334,82.7011,180.6019
6968,0.54,-5.1786,-0.1044,-9.3788,4.2002,6.0746,+7.4731,162.4673,200.6243
6969,0.52,-5.5158,-0.1100,-9.3806,3.8648,1.0312,+2.0107,46.8252,167.7248
6970,0.54,-5.5474,-0.0008,-9.3725,3.8251,1.1400,+8.0600,122.5659,180.3905
6971,0.53,-5.5072,-0.0133,-9.3791,3.8719,0.8496,+7.7962,121.2976,182.9077
6972,0.56,-5.3423,+0.0331,-9.3861,4.0438,1.4568,+0.5854,60.2492,172.9684
6973,0.54,-5.2567,+0.0769,-9.3819,4.1252,0.8194,+11.4775,181.2482,210.5895
6974,0.54,-5.4067,+0.0386,-9.3898,3.9831,1.2086,+2.7791,105.8331,172.9044
6975,0.55,-5.5307,+0.1318,-9.3879,3.8572,1.6992,+7.7600,118.9243,184.1566
6976,0.53,-5.2165,+0.1140,-9.3942,4.1777,2.4132,+12.6694,268.6216,217.0532
6977,0.53,-5.5212,-0.0801,-9.3931,3.8719,1.2026,+3.3303,71.4920,174.0041
6978,0.54,-5.4111,+0.0143,-9.3911,3.9800,1.3056,+11.4281,199.5502,193.0437
6979,0.54,-5.2714,-0.1161,-9.3904,4.1190,1.5364,-0.5076,82.6126,185.7542
6980,0.56,-5.5776,-0.0045,-9.3840,3.8065,1.5665,+11.2031,170.2478,183.9148
6981,0.56,-5.5407,+0.1211,-9.3816,3.8409,1.5145,+0.7243,85.5049,168.4178
6982,0.55,-5.4601,-0.0099,-9.3763,3.9162,1.9644,+5.1776,74.6821,165.8851
6983,0.56,-5.3606,-0.1689,-9.3785,4.0179,1.7399,+13.4830,272.0369,204.9727
6984,0.56,-5.3770,-0.0475,-9.3847,4.0077,1.1165,+7.8606,125.6424,187.5526
6985,0.55,-5.5602,+0.0220,-9.3831,3.8230,3.5579,+2.7104,70.4041,168.1053
6986,0.56,-5.4386,+0.0182,-9.3764,3.9378,1.1243,+7.4280,110.9048,184.6035
6987,0.54,-5.5220,+0.1221,-9.3869,3.8650,1.4802,+0.0520,53.8061,166.4551
6988,0.56,-5.4113,-0.0028,-9.3723,3.9609,1.2663,+13.8695,258.9776,197.6164
6989,0.54,-5.5249,+0.0400,-9.3925,3.8676,2.4194,-1.3003,77.2654,163.7958
6990,0.54,-5.3094,+0.0772,-9.3930,4.0836,0.8116,+14.2842,248.2234,214.4086
6991,0.57,-5.4323,+0.0323,-9.3955,3.9632,1.0506,-0.5573,89.4532,179.9602
6992,0.54,-5.5042,-0.1443,-9.3740,3.8698,3.2777,+13.3138,229.5836,198.9980
6993,0.56,-5.6857,+0.0179,-9.3694,3.6837,1.1307,+5.4541,120.8859,168.3795
6994,0.56,-5.5193,-0.0310,-9.3608,3.8415,2.0136,+4.1526,95.8111,181.2000
6995,0.55,-5.4298,+0.1701,-9.3526,3.9228,1.1091,+12.4566,200.9350,191.9007
6996,0.53,-5.4106,-0.1477,-9.3586,3.9480,2.4267,+0.8411,123.3518,173.7462
6997,0.54,-5.4714,-0.1554,-9.3619,3.8905,1.1428,+11.9680,192.9298,191.2432
6998,0.57,-5.5142,-0.0534,-9.3729,3.8588,1.4094,+6.1513,132.6828,175.2707
6999,0.55,-5.6335,+0.2091,-9.3672,3.7336,3.2387,+6.9337,130.4401,166.9684
7000,0.56,-5.4264,-0.0780,-9.3600,3.9336,3.2982,+12.3570,264.5862,193.6619
7001,0.55,-5.6717,+0.0117,-9.3677,3.6960,8.4872,+4.7641,138.8426,164.2047
7002,0.54,-5.5306,+0.0311,-9.3761,3.8455,1.5940,+6.6188,88.3135,173.3850
7003,0.56,-5.4586,-0.0219,-9.3896,3.9309,1.6539,+9.6910,143.9951,190.1904
7004,0.56,-5.5551,-0.0478,-9.3844,3.8293,1.4172,+8.1919,125.5160,172.8670
7005,0.56,-5.5119,+0.0266,-9.3898,3.8779,0.8595,+2.9504,65.7397,166.2881
7006,0.54,-5.5640,-0.0102,-9.3894,3.8254,1.3016,+10.6912,177.0841,177.9799
7007,0.53,-5.2638,+0.1179,-9.3891,4.1253,1.1865,-1.5061,66.5640,186.0534
7008,0.56,-5.4402,+0.0983,-9.3905,3.9503,1.3091,+12.7504,215.3549,206.0032
7009,0.55,-5.3464,+0.0498,-9.3852,4.0388,2.3937,-1.8895,105.9776,179.4361
7010,0.54,-5.6386,-0.0293,-9.3867,3.7481,1.8405,+12.5881,229.0379,179.4594
7011,0.56,-5.5579,+0.0509,-9.3881,3.8302,1.4033,-2.3785,48.9523,159.4942
7012,0.55,-5.4889,+0.0964,-9.3890,3.9002,0.7589,+12.7984,205.4950,203.4975
7013,0.54,-5.4918,+0.0979,-9.3876,3.8958,0.9656,+1.5493,55.8203,171.6712
7014,0.54,-5.5169,-0.0557,-9.3863,3.8694,1.7366,+12.3493,215.0062,192.3213
7015,0.57,-5.4029,-0.0199,-9.3724,3.9695,0.9462,-2.2376,48.4574,170.1197
7016,0.57,-5.6122,+0.0294,-9.3901,3.7779,0.8999,+8.9245,131.7544,181.8675
7017,0.55,-5.4034,-0.0590,-9.3803,3.9768,2.1548,+4.8438,110.2505,180.7389
7018,0.53,-5.6421,-0.0437,-9.3839,3.7418,3.3663,+6.6209,99.7979,178.2391
7019,0.56,-5.6437,+0.0533,-9.3854,3.7418,0.8794,+4.6344,99.2310,173.8477
7020,0.55,-5.6075,+0.0365,-9.3733,3.7658,3.1298,+6.8037,108.4982,178.4412
7021,0.57,-5.5945,-0.0129,-9.3842,3.7897,1.9361,+5.6994,143.2262,181.0034
7022,0.54,-5.4444,-0.0385,-9.3829,3.9385,1.4807,+9.5270,162.6623,201.1482
7023,0.57,-5.4502,+0.0631,-9.3817,3.9315,0.9329,+1.7518,50.5156,176.7845
7024,0.53,-5.1887,-0.0311,-9.3804,4.1917,8.7977,+15.7734,346.4868,227.0010
7025,0.54,-5.6545,+0.1151,-9.3607,3.7062,0.8317,+8.6050,116.1924,176.8477
7026,0.54,-5.4735,+0.1405,-9.3684,3.8949,1.4183,+0.6459,54.4567,169.1485
7027,0.55,-5.5315,-0.0435,-9.3732,3.8417,1.2670,+11.9729,197.4884,198.0538
7028,0.54,-5.3450,-0.1123,-9.3741,4.0291,3.2564,+1.7512,126.2420,182.3679
7029,0.55,-5.4722,+0.0184,-9.3792,3.9071,3.1993,+6.3282,95.7242,177.0124
7030,0.54,-5.4792,+0.0366,-9.3715,3.8923,6.9596,+8.9648,143.0215,192.2630
7031,0.54,-5.5921,+0.0181,-9.3787,3.7866,2.4868,+8.8964,150.7324,180.8168
7032,0.57,-5.3530,+0.0065,-9.3777,4.0247,1.7330,-0.5564,95.6262,181.3898
7033,0.53,-5.6086,+0.0811,-9.3813,3.7727,1.2912,+6.6484,86.9370,170.4529
7034,0.55,-5.3921,-0.0125,-9.3692,3.9771,1.2912,-0.6905,66.8163,166.1686
7035,0.55,-5.5018,+0.0038,-9.3723,3.8705,2.3574,+9.8543,161.9121,185.7844
7036,0.54,-5.1370,-0.1744,-9.3812,4.2442,11.5453,+0.1204,101.2133,188.9120
7037,0.55,-5.4859,+0.0571,-9.3923,3.9064,3.1255,+1.0302,78.5808,176.2426
7038,0.55,-5.5412,-0.0888,-9.3856,3.8443,1.2439,+8.9367,144.2222,178.4564
7039,0.55,-5.4126,-0.0855,-9.4001,3.9875,1.4382,+6.9384,115.1955,190.2655
7040,0.54,-5.4411,+0.0022,-9.4102,3.9691,1.7912,+0.8712,62.5106,172.5969
7041,0.55,-5.6481,-0.0357,-9.3995,3.7514,0.8027,+10.7693,162.2297,186.6979
7042,0.56,-5.4809,+0.0178,-9.3897,3.9088,1.5407,+8.0366,133.9625,196.9687
7043,0.55,-5.4627,+0.1015,-9.3810,3.9183,2.0132,+7.1856,120.9573,188.9079
7044,0.54,-5.3447,+0.0272,-9.3935,4.0489,9.6922,+3.6820,126.5070,199.9654
7045,0.54,-5.1916,-0.0527,-9.3994,4.2078,27.2160,+5.4149,164.3921,199.9971
7046,0.54,-5.7088,-0.0192,-9.4047,3.6958,1.9095,+6.3532,99.1816,175.5620
7047,0.54,-5.3753,+0.0605,-9.3969,4.0216,3.0229,+2.7108,128.9645,182.1667
7048,0.53,-5.2182,+0.0042,-9.3930,4.1748,16.6084,+5.2858,118.3990,197.0673
7049,0.54,-5.7748,-0.0702,-9.3930,3.6182,7.4829,+6.0122,117.7036,178.9315
7050,0.53,-5.5683,+0.1071,-9.3903,3.8220,4.4052,+0.3051,57.4473,169.0312
7051,0.57,-5.4769,-0.0875,-9.3822,3.9052,1.3662,+11.5048,191.1269,203.5574
7052,0.54,-5.4723,+0.1673,-9.3736,3.9014,1.2544,+7.4086,141.2285,183.6955
7053,0.53,-5.5740,+0.1574,-9.3789,3.8049,0.9773,+4.7551,99.2717,178.0002
7054,0.53,-5.4556,-0.2724,-9.3795,3.9239,1.3394,+5.8962,99.7587,181.3950
7055,0.54,-5.6539,+0.0803,-9.4002,3.7463,1.1858,+6.1402,104.2027,166.6161
7056,0.56,-5.5468,+0.0362,-9.4036,3.8568,0.9289,+6.2283,82.3909,169.5028
7057,0.56,-5.4565,-0.1363,-9.4055,3.9490,2.7165,+10.8813,203.1794,196.9749
7058,0.54,-5.4577,-0.1969,-9.3972,3.9395,1.5133,+5.0572,70.2775,179.7421
7059,0.54,-5.4551,-0.0228,-9.3892,3.9341,2.2899,+10.6116,162.5917,191.4440
7060,0.55,-5.3895,+0.0590,-9.3895,4.0000,3.7069,+5.7071,96.3464,180.4712
7061,0.54,-5.4183,-0.0746,-9.3849,3.9666,1.3404,+3.1111,49.7851,173.3966
7062,0.54,-5.4136,+0.1730,-9.3875,3.9738,2.0966,+8.0817,159.2585,181.0891
7063,0.53,-5.2283,-0.0200,-9.4053,4.1770,10.7521,+0.0970,131.0924,187.1820
7064,0.55,-5.5624,+0.0371,-9.4078,3.8454,2.7187,+7.1356,90.8770,177.4384
7065,0.57,-5.5774,-0.0775,-9.4058,3.8284,0.7649,+8.4895,114.0732,182.4201
7066,0.55,-5.2674,-0.2629,-9.3992,4.1317,2.6737,+2.2036,119.5206,189.5517
7067,0.55,-5.2667,+0.0866,-9.4202,4.1535,1.6171,-1.1043,66.3875,174.3092
7068,0.56,-5.3069,-0.0187,-9.4155,4.1086,0.9865,+8.8056,140.0862,199.6397
7069,0.55,-5.2314,+0.0234,-9.4101,4.1787,3.7130,+2.5670,145.6844,185.5959
7070,0.52,-5.3690,+0.1317,-9.4050,4.0360,0.9802,+4.4871,54.8411,184.2763
7071,0.54,-5.1923,+0.0257,-9.4023,4.2100,1.4973,+7.5431,98.1284,204.8530
7072,0.54,-5.3228,-0.0772,-9.4004,4.0776,1.3900,-1.0834,40.0258,190.7300
7073,0.53,-5.5557,+0.0181,-9.4026,3.8469,1.1885,+11.4237,173.8987,183.5343
7074,0.54,-5.3713,+0.0679,-9.4023,4.0310,1.5699,-2.2258,59.0759,175.3793
7075,0.55,-5.5417,+0.1100,-9.3952,3.8536,2.5662,+11.3606,172.6394,183.6015
7076,0.53,-5.4864,+0.0321,-9.4037,3.9173,1.2743,-0.6289,90.5876,170.0308
7077,0.53,-5.3932,-0.1939,-9.4043,4.0111,1.4302,+12.9511,217.8173,202.7612
7078,0.54,-5.5737,-0.1724,-9.4090,3.8353,1.1740,+0.8094,65.9753,176.9923
7079,0.55,-5.3501,+0.0537,-9.4136,4.0635,1.0842,+9.7558,150.7220,205.1152
7080,0.55,-5.5123,+0.0121,-9.4172,3.9050,1.6647,+1.4187,73.3593,175.0924
7081,0.54,-5.4597,-0.0436,-9.4009,3.9412,2.5689,+6.5421,141.9602,187.6124
7082,0.55,-5.5553,-0.0137,-9.3980,3.8428,2.4143,+5.6213,104.9590,166.8954
7083,0.53,-5.6025,-0.0376,-9.3988,3.7963,1.4588,+0.9719,67.4033,163.5171
7084,0.55,-5.6066,+0.0250,-9.3966,3.7899,1.5717,+11.7383,217.0126,180.5474
7085,0.54,-5.2390,-0.0624,-9.3950,4.1560,25.8540,+0.9254,197.6968,189.5393
7086,0.54,-5.5951,-0.1566,-9.3961,3.8010,0.9075,+4.5731,86.6960,162.3286
7087,0.54,-5.3674,-0.0290,-9.3878,4.0204,2.7907,+0.0330,86.7487,193.4125
7088,0.55,-5.5228,-0.1419,-9.3984,3.8757,3.2790,+12.9628,239.6671,202.6527
7089,0.55,-5.6016,+0.0271,-9.4048,3.8031,2.9310,+2.0546,125.9681,181.2892
7090,0.56,-5.4823,+0.0103,-9.3924,3.9101,1.4913,+12.2640,218.5173,202.7123
7091,0.54,-5.2875,-0.0620,-9.4019,4.1144,1.3166,-2.5784,68.7287,188.0615
7092,0.54,-5.6034,+0.1966,-9.3980,3.7946,1.3521,+12.2229,208.7544,202.8827
7093,0.56,-5.5374,-0.0815,-9.4081,3.8708,2.5278,-3.7164,75.0627,172.4694
7094,0.54,-5.4397,-0.0082,-9.4237,3.9840,0.9761,+12.8679,213.1672,204.0883
7095,0.54,-5.4407,+0.0511,-9.4367,3.9960,2.8999,-2.5954,73.2927,180.5481
7096,0.54,-5.5580,-0.1690,-9.4312,3.8732,0.8911,+9.3354,149.8404,191.7052
7097,0.55,-5.4213,-0.1182,-9.3958,3.9746,1.5790,-1.7597,62.4494,181.4902
7098,0.55,-5.5798,-0.0713,-9.4102,3.8303,0.7530,+7.7490,106.0246,182.7987
7099,0.56,-5.4751,-0.0646,-9.4213,3.9462,0.9727,+4.0200,62.9772,179.8926
7100,0.55,-5.3832,-0.0251,-9.4117,4.0285,1.0728,+14.2445,266.9604,207.9112
7101,0.55,-5.5214,-0.1316,-9.4142,3.8927,0.8162,+1.0171,63.6397,174.4218
7102,0.55,-5.2953,+0.0650,-9.4117,4.1163,0.9912,+16.8071,331.0582,222.1237
7103,0.53,-5.5688,-0.0468,-9.4185,3.8497,0.8689,+1.4359,81.6873,169.2423
7104,0.55,-5.5071,+0.0863,-9.4064,3.8993,0.7362,+13.9193,236.5931,200.7703
7105,0.54,-5.6934,+0.0244,-9.4173,3.7239,1.2879,-0.8848,76.3163,164.1267
7106,0.54,-5.6059,+0.0079,-9.4143,3.8084,0.9680,+12.4553,208.6340,201.4178
7107,0.54,-5.4176,-0.2093,-9.4178,4.0002,4.2584,+0.9883,127.4405,182.2729
7108,0.56,-5.4460,+0.0383,-9.4156,3.9696,1.5095,+7.9964,117.1971,175.6419
7109,0.54,-5.4595,-0.0321,-9.4111,3.9516,1.2736,-1.9693,60.7890,173.1154
7110,0.54,-5.4714,+0.0242,-9.4072,3.9358,1.3475,+13.6400,237.6891,199.3960
7111,0.55,-5.4490,-0.0104,-9.3977,3.9487,1.1177,-1.8845,82.6187,163.6076
7112,0.56,-5.5424,+0.0607,-9.3992,3.8568,0.8736,+11.5400,179.5020,188.5209
7113,0.54,-5.5291,-0.0147,-9.3973,3.8682,0.8875,+1.3941,80.1679,174.6304
7114,0.55,-5.6573,-0.0545,-9.3984,3.7411,0.8306,+9.8534,150.2128,186.8553
7115,0.55,-5.4165,-0.0363,-9.4031,3.9866,0.6973,-4.2884,71.5924,176.4381
7116,0.55,-5.5203,+0.0303,-9.4059,3.8856,0.6159,+11.7735,172.2549,196.5234
7117,0.56,-5.6773,-0.1091,-9.4115,3.7342,1.3764,+0.5914,64.3654,154.9408
7118,0.55,-5.7010,+0.0004,-9.4067,3.7058,1.2988,+10.8949,186.0369,172.9446
7119,0.57,-5.5874,-0.0446,-9.4052,3.8178,1.0386,+3.3240,102.6176,171.1305
7120,0.57,-5.6558,+0.1288,-9.4129,3.7571,1.2167,+8.6619,139.1072,167.8170
7121,0.56,-5.5493,+0.0259,-9.4060,3.8567,1.2876,+1.7427,70.1156,166.6401
7122,0.54,-5.6027,-0.1022,-9.3878,3.7851,1.4382,+9.5650,149.4951,186.3744
7123,0.57,-5.6751,+0.2241,-9.3814,3.7062,2.8799,+3.3176,122.4762,170.7008
7124,0.56,-5.5776,-0.1040,-9.3972,3.8196,3.1301,+5.4978,158.7998,182.6146
7125,0.53,-5.6381,-0.0484,-9.4070,3.7689,3.0734,-1.9910,97.7459,159.8386
7126,0.56,-5.6168,-0.0474,-9.4168,3.8000,0.9149,+12.0598,205.7683,194.2785
7127,0.56,-5.5696,+0.0085,-9.4105,3.8409,2.7898,+1.7251,80.6230,165.6850
7128,0.57,-5.5430,+0.0684,-9.3945,3.8515,1.0589,+2.3153,56.7827,171.6465
7129,0.55,-5.4488,+0.0550,-9.3938,3.9451,0.8503,+6.7646,87.8475,191.2652
7130,0.55,-5.5717,+0.0438,-9.3966,3.8248,1.6102,+8.0949,138.6819,189.9365
7131,0.57,-5.6155,-0.0027,-9.4019,3.7865,1.2344,+6.0218,107.8996,183.0024
7132,0.55,-5.6590,+0.0273,-9.4002,3.7412,1.4224,+4.3982,94.2577,166.3589
7133,0.57,-5.5659,-0.0282,-9.3959,3.8300,1.2623,+4.9994,87.5426,173.1553
7134,0.57,-5.3851,+0.0070,-9.4134,4.0283,5.7456,+7.4167,169.9055,198.9712
7135,0.54,-5.6894,+0.0271,-9.4153,3.7259,1.3686,+4.3330,78.7244,176.0502
7136,0.57,-5.6066,-0.0320,-9.4100,3.8033,1.9651,+7.1670,95.1943,181.6641
7137,0.55,-5.7358,-0.0744,-9.4327,3.6969,1.1908,+4.3032,60.1775,162.6774
7138,0.56,-5.5595,-0.0122,-9.4333,3.8738,0.8546,-0.9344,46.1687,178.7119
7139,0.54,-5.4179,+0.0218,-9.4386,4.0207,0.8543,+13.5906,245.6487,217.6406
7140,0.55,-5.4920,-0.0072,-9.4388,3.9468,0.7016,-2.4966,68.4734,173.7625
7141,0.57,-5.3891,-0.0102,-9.4161,4.0270,0.5264,+12.8226,210.6815,204.1503
7142,0.54,-5.5302,+0.0491,-9.4208,3.8906,1.2442,-1.1968,52.9625,169.7151
7143,0.55,-5.4993,-0.1024,-9.4289,3.9296,0.9879,+13.2586,229.0691,212.0747
7144,0.57,-5.5436,-0.0386,-9.4271,3.8835,3.3919,+1.1946,108.7242,187.3446
7145,0.55,-5.5458,+0.0424,-9.4246,3.8788,1.7023,+9.3160,153.7756,195.2393
7146,0.56,-5.7124,-0.0012,-9.4183,3.7059,1.9287,-0.0668,65.0779,164.4342
7147,0.54,-5.5097,+0.0091,-9.4236,3.9139,0.7606,+9.6523,132.6559,193.3346
7148,0.53,-5.4802,-0.0102,-9.4334,3.9531,1.2809,+5.8792,78.8340,185.7690
7149,0.53,-5.7434,-0.0307,-9.4338,3.6904,0.8155,+7.3262,100.8311,165.9319
7150,0.56,-5.4215,+0.0050,-9.4256,4.0041,1.3377,+4.4217,97.1966,186.0249
7151,0.55,-5.4871,+0.0705,-9.4262,3.9391,1.4504,+10.2004,156.0706,183.3339
7152,0.54,-5.5344,-0.0226,-9.4305,3.8961,1.4464,-1.8297,55.8520,170.3513
7153,0.55,-5.5001,+0.1016,-9.4349,3.9348,0.9031,+11.7041,175.8029,204.5909
7154,0.53,-5.6015,-0.0538,-9.4290,3.8275,2.5144,+0.5523,65.1557,162.9916
7155,0.56,-5.5530,-0.2230,-9.4307,3.8777,4.7175,+7.1714,166.3229,177.4108
7156,0.55,-5.6267,+0.1850,-9.4231,3.7964,3.8784,-0.3665,107.6575,163.5506
7157,0.54,-5.4524,-0.1159,-9.4323,3.9799,1.4888,-1.2729,72.9026,170.3796
7158,0.55,-5.5813,-0.0266,-9.4329,3.8516,1.6651,+13.0698,230.1590,198.0919
7159,0.55,-5.5367,+0.0506,-9.4419,3.9051,1.8632,+1.1566,49.2418,177.6986
7160,0.54,-5.7245,-0.0545,-9.4312,3.7067,1.2366,+4.8397,84.5190,171.9325
7161,0.55,-5.6451,+0.0289,-9.4442,3.7991,3.1843,+11.7026,192.7684,190.6913
7162,0.55,-5.7475,+0.0688,-9.4420,3.6945,1.6315,+4.4645,74.0856,172.0786
7163,0.55,-5.4775,-0.1634,-9.4383,3.9608,1.7637,+3.9503,82.1816,185.0087
7164,0.55,-5.6926,-0.1184,-9.4436,3.7510,1.2026,+8.9270,143.3756,188.6790
7165,0.53,-5.6654,-0.1101,-9.4477,3.7823,1.3462,+0.3571,88.7765,163.9200
7166,0.55,-5.3966,-0.0213,-9.4283,4.0317,4.6278,+10.1690,219.2535,203.4317
7167,0.54,-5.2321,+0.0366,-9.4223,4.1902,15.9662,+10.2648,299.8905,212.2921
7168,0.56,-5.5000,-0.2376,-9.4191,3.9192,7.6838,+11.4561,266.9685,202.6155
7169,0.55,-5.3584,+0.2221,-9.4172,4.0587,17.5457,+7.0615,226.2307,201.2436
7170,0.54,-5.3475,-0.0108,-9.4269,4.0794,17.3221,+6.2930,193.0676,198.6433
7171,0.55,-5.1889,-0.1825,-9.4297,4.2408,61.0613,+5.7532,232.6653,206.1911
7172,0.54,-5.1237,+0.0093,-9.4206,4.2969,32.0352,+8.3203,266.2930,210.8760
7173,0.54,-5.3181,+0.1812,-9.4132,4.0951,36.3299,+7.2324,228.6247,194.4751
7174,0.55,-5.3833,+0.0716,-9.4145,4.0312,12.6397,+8.7303,208.4122,199.7969
7175,0.54,-5.2854,+0.1587,-9.4172,4.1318,9.6213,+10.4619,259.2460,208.0275
7176,0.54,-5.3341,-0.3558,-9.4191,4.0850,55.3283,+5.9941,253.8135,192.9926
7177,0.54,-5.0728,-0.1162,-9.4207,4.3480,73.6635,+6.7621,379.1353,219.2914
7178,0.52,-5.3080,-0.0249,-9.4329,4.1249,28.1554,+7.3426,238.1675,206.5742
7179,0.56,-5.3829,-0.0652,-9.4523,4.0694,20.3474,+7.1066,179.7721,204.5925
7180,0.54,-5.9696,-0.0791,-9.4428,3.4732,20.4475,+5.2204,78.3937,154.7419
7181,0.52,-5.6175,-0.0015,-9.4468,3.8293,0.6834,+6.3526,99.6265,186.0322
7182,0.54,-5.3822,-0.1417,-9.4455,4.0633,1.4832,+5.3115,104.0095,182.4440
7183,0.54,-5.5488,-0.0263,-9.4406,3.8918,3.9129,+9.2224,133.9743,194.8833
7184,0.55,-5.6301,+0.0456,-9.4405,3.8105,2.6545,+0.9014,59.0632,170.2437
7185,0.55,-5.3415,-0.0882,-9.4393,4.0978,1.9333,+11.9016,195.7696,205.0464
7186,0.56,-5.5659,-0.0456,-9.4439,3.8779,2.2488,+6.3301,115.8137,187.5310
7187,0.53,-5.5580,+0.0446,-9.4463,3.8883,0.9298,+6.3313,103.5810,183.1069
7188,0.57,-5.3813,+0.1423,-9.4324,4.0511,1.1723,+10.2694,151.5565,203.8850
7189,0.54,-5.4595,+0.0430,-9.4432,3.9837,1.2857,+7.5241,106.9079,193.5481
7190,0.56,-5.5017,+0.2171,-9.4247,3.9230,1.3992,+6.1677,132.7250,178.6399
7191,0.56,-5.6605,+0.0853,-9.4282,3.7677,1.3714,+7.5231,114.8359,183.6947
7192,0.56,-5.3337,+0.0298,-9.4286,4.0950,1.0767,+12.9502,214.7070,222.0750
7193,0.55,-5.5715,+0.1828,-9.4351,3.8636,1.3166,+1.5900,69.9300,177.1517
7194,0.55,-5.5604,+0.1216,-9.4229,3.8625,1.0457,+8.3580,129.6195,183.4756
7195,0.54,-5.6359,-0.0999,-9.4216,3.7857,2.8516,+6.1883,119.2275,179.0564
7196,0.57,-5.6397,+0.0009,-9.4313,3.7916,1.1027,+4.9670,102.8157,175.9621
7197,0.54,-5.5883,+0.1880,-9.4351,3.8468,4.1470,+8.3489,190.6618,186.0360
7198,0.53,-5.4929,+0.0581,-9.4465,3.9535,1.1565,-3.9506,70.9535,175.7842
7199,0.55,-5.7895,-0.1310,-9.4399,3.6503,8.9070,+9.5186,132.6147,172.5500
7200,0.55,-5.7620,+0.1622,-9.4309,3.6690,1.8031,+3.5780,77.2698,168.0011
7201,0.54,-5.4550,-0.0124,-9.4363,3.9813,1.8002,+11.0619,200.4242,191.9666
7202,0.55,-5.7627,+0.1306,-9.4440,3.6813,6.9469,+0.1805,68.2508,158.4241
7203,0.54,-5.7052,+0.0932,-9.4400,3.7348,3.3569,+7.9217,111.2417,175.4720
7204,0.55,-5.5155,-0.0209,-9.4311,3.9155,4.5109,+3.6201,154.4573,180.6909
7205,0.54,-5.4484,-0.0164,-9.4287,3.9803,9.5966,+7.7917,209.0228,203.1613
7206,0.55,-5.5538,+0.0933,-9.4157,3.8619,6.7311,+7.9794,200.5633,198.5524
7207,0.55,-5.3005,+0.2356,-9.4147,4.1142,39.9557,+7.2904,288.8409,204.6927
7208,0.55,-5.2344,-0.0003,-9.4164,4.1820,40.7957,+7.9555,294.2595,210.1623
7209,0.55,-4.2538,-0.5036,-9.4257,5.1719,289.7987,+7.2559,333.3779,243.1066
7210,0.53,-5.4025,-0.2157,-9.4202,4.0177,35.8845,+6.8330,260.7807,196.0082
7211,0.53,-5.2455,+0.0825,-9.4242,4.1787,47.6438,+7.1734,255.7017,206.1914
7212,0.55,-5.3857,+0.1049,-9.4310,4.0453,36.1139,+7.4029,270.9972,196.0314
7213,0.56,-5.2583,-0.2319,-9.4330,4.1747,34.1223,+8.3261,291.0062,204.8855
7214,0.57,-5.1557,+0.0395,-9.4371,4.2814,62.7424,+8.1180,298.3176,212.3940
7215,0.56,-5.3447,-0.0335,-9.4514,4.1068,29.9124,+7.2521,236.1646,201.5517
7216,0.54,-5.2533,-0.0127,-9.4405,4.1873,40.9097,+6.9551,205.0440,198.7954
7217,0.56,-5.3315,+0.1194,-9.4335,4.1021,37.9702,+7.6123,224.3947,188.5858
7218,0.56,-5.1001,-0.0630,-9.4131,4.3130,54.5539,+9.4660,292.7032,199.7624
7219,0.55,-5.4255,+0.0314,-9.4219,3.9964,21.0463,+6.6010,186.4066,188.7239
7220,0.53,-5.3684,-0.0587,-9.4272,4.0587,26.5056,+7.3107,188.4934,196.3672
7221,0.57,-5.4388,-0.1073,-9.4205,3.9817,15.2792,+7.2581,171.0457,191.7433
7222,0.53,-5.4472,-0.1281,-9.4248,3.9776,27.4279,+5.5149,146.9196,181.6396
7223,0.54,-5.5554,-0.0022,-9.4375,3.8820,3.5444,+6.8070,115.4013,179.9029
7224,0.55,-5.3915,+0.1861,-9.4389,4.0474,15.7545,+3.5015,123.0972,188.9734
7225,0.56,-4.9914,-0.1016,-9.4441,4.4527,61.7698,+4.3263,271.5974,222.1011
7226,0.55,-5.1332,-0.2310,-9.4456,4.3124,57.3428,+4.5008,204.4040,207.5779
7227,0.54,-5.4274,+0.0679,-9.4506,4.0232,33.4694,+5.1934,156.6099,178.5912
7228,0.55,-4.4768,-0.5881,-9.4623,4.9855,385.0177,+6.4352,324.8843,236.4914
7229,0.54,-4.4754,+0.2983,-9.4562,4.9808,333.2890,+6.8383,353.1579,250.1680
7230,0.54,-5.6050,-0.1482,-9.4566,3.8517,10.3196,+4.0555,117.1879,180.7174
7231,0.54,-5.6299,+0.1400,-9.4582,3.8283,1.6691,+2.1353,46.6055,173.8157
7232,0.54,-5.5631,+0.0206,-9.4545,3.8914,0.8421,+7.6670,123.8890,193.2732
7233,0.54,-5.6131,-0.0300,-9.4485,3.8354,0.9468,+1.7788,51.8885,169.8218
7234,0.54,-5.4131,-0.0752,-9.4503,4.0372,0.8530,+13.3137,249.6214,218.6358
7235,0.54,-5.4872,-0.1414,-9.4457,3.9586,0.9502,-0.7354,59.7901,179.4323
7236,0.56,-5.4481,-0.0316,-9.4372,3.9890,0.8283,+10.8518,173.3980,196.1378
7237,0.52,-5.4099,-0.1790,-9.4458,4.0359,4.9577,-0.8465,48.4254,190.7977
7238,0.56,-5.4594,-0.0571,-9.4429,3.9835,1.1477,+7.3551,95.6165,184.9629
7239,0.54,-5.6009,+0.0184,-9.4359,3.8351,0.8905,+7.3124,103.3650,183.2403
7240,0.55,-5.5344,-0.0627,-9.4292,3.8948,1.4130,+14.8876,275.8067,206.8396
7241,0.56,-5.6194,-0.1280,-9.4243,3.8050,1.7070,+0.2551,47.2714,172.1709
7242,0.57,-5.4615,+0.0062,-9.4248,3.9634,0.8953,+15.0651,287.4207,223.6092
7243,0.55,-5.5830,-0.2193,-9.4246,3.8415,2.0102,+3.0855,87.4242,171.0990
7244,0.54,-5.5215,+0.0406,-9.4153,3.8938,1.8091,+5.6684,85.3889,188.6334
7245,0.54,-5.5790,+0.1200,-9.4228,3.8438,0.9865,+7.9128,121.7084,187.2248
7246,0.56,-5.5044,+0.1424,-9.4288,3.9244,1.2636,+8.1507,143.0098,190.9666
7247,0.55,-5.5077,-0.0059,-9.4259,3.9182,1.0236,+12.1224,198.7682,200.2975
7248,0.54,-5.3549,+0.0038,-9.4286,4.0737,1.0607,-3.4683,64.6665,188.3770
7249,0.53,-5.6083,+0.1486,-9.4302,3.8219,2.7884,+13.3676,251.4901,199.9770
7250,0.56,-5.5467,+0.0106,-9.4356,3.8888,0.7595,+2.5548,53.6715,183.4753
7251,0.54,-5.4582,-0.0611,-9.4365,3.9783,1.1428,+16.5378,321.2829,216.8134
7252,0.53,-5.8858,-0.0402,-9.4343,3.5484,6.1726,+1.9811,67.8925,155.8070
7253,0.54,-5.6256,-0.1019,-9.4313,3.8057,0.8160,+5.4198,75.1791,172.2040
7254,0.55,-5.4814,+0.0300,-9.4352,3.9538,0.9262,+7.7777,108.1021,187.3294
7255,0.56,-5.6642,-0.1516,-9.4385,3.7744,1.3106,+3.7460,59.2606,172.8061
7256,0.56,-5.5536,+0.0521,-9.4393,3.8857,1.3850,+2.9259,75.6014,177.0744
7257,0.56,-5.5842,-0.0306,-9.4382,3.8541,1.1707,+12.0055,202.2762,196.3614
7258,0.56,-5.7049,-0.0987,-9.4490,3.7441,2.3459,+0.3187,117.7155,168.0467
7259,0.55,-5.5114,-0.1582,-9.4425,3.9311,3.1551,+11.4945,181.9541,197.8639
7260,0.55,-5.5624,-0.0406,-9.4420,3.8796,1.5118,+1.2897,83.7248,164.7454
7261,0.55,-5.6134,+0.1570,-9.4371,3.8237,2.0377,-0.4308,66.8461,169.6167
7262,0.56,-5.7283,+0.0922,-9.4331,3.7047,0.8862,+8.2306,121.8305,171.7485
7263,0.55,-5.4348,-0.3422,-9.4380,4.0032,1.5411,+3.5758,104.0605,187.2132
7264,0.56,-5.6495,+0.0509,-9.4319,3.7824,1.2181,+4.2746,75.2807,169.7717
7265,0.54,-5.3710,+0.0009,-9.4198,4.0489,16.5031,+9.7816,269.0476,210.4841
7266,0.55,-5.3089,-0.0244,-9.4212,4.1124,33.9398,+8.8821,306.9375,209.2259
7267,0.55,-5.5393,+0.1187,-9.4143,3.8750,9.6455,+9.7355,231.8656,195.2521
7268,0.56,-5.6126,+0.0168,-9.4146,3.8020,1.1990,+9.8328,166.9411,183.4187
7269,0.55,-5.7260,-0.2561,-9.4071,3.6810,2.1568,+5.3255,98.8785,166.5941
7270,0.55,-5.7020,-0.0231,-9.4218,3.7197,1.1075,+8.0970,141.1974,195.4882
7271,0.53,-5.7528,+0.1241,-9.4155,3.6627,1.1531,+7.6253,114.0579,181.8336
7272,0.56,-5.6059,+0.1258,-9.4153,3.8094,2.0296,+5.7737,112.8690,176.5184
7273,0.56,-5.4452,+0.1819,-9.4273,3.9821,2.6810,+12.8988,252.9162,212.1409
7274,0.53,-5.5330,-0.1294,-9.4119,3.8789,1.6241,+2.6258,57.9197,180.2350
7275,0.53,-5.5680,+0.1055,-9.4119,3.8439,1.5231,+6.0938,110.4821,190.8818
7276,0.57,-5.5681,-0.2495,-9.4209,3.8527,2.3912,+4.7810,91.0823,189.7772
7277,0.56,-5.4578,+0.1597,-9.4258,3.9680,0.9706,+14.6860,294.5851,217.0482
7278,0.55,-5.6206,+0.0030,-9.4277,3.8071,2.2436,+2.4578,136.3380,170.2330
7279,0.55,-5.6887,-0.0449,-9.4242,3.7355,1.8938,+8.3254,175.1817,176.2985
7280,0.55,-5.4303,+0.1118,-9.4286,3.9983,3.4285,+0.6468,160.5647,188.6024
7281,0.55,-5.6237,+0.1423,-9.4379,3.8142,2.3972,+7.9796,156.5152,185.9744
7282,0.55,-5.5433,-0.0277,-9.4374,3.8940,1.2915,+0.0600,75.0708,178.6255
7283,0.54,-5.4217,+0.1174,-9.4380,4.0163,1.6089,+14.3653,291.3819,218.0428
7284,0.55,-5.6014,-0.0724,-9.4207,3.8194,8.9798,+4.0027,158.8143,174.8164
7285,0.57,-5.5527,-0.2770,-9.4078,3.8550,9.7390,+8.1272,221.8423,188.3509
7286,0.55,-5.6616,-0.1540,-9.4065,3.7449,1.0926,+2.1399,83.0042,171.4743
7287,0.55,-5.4338,+0.0908,-9.4045,3.9707,2.2067,+2.6834,82.0923,178.5891
7288,0.56,-5.6730,-0.0833,-9.4055,3.7325,1.7535,+7.8989,120.8101,181.3402
7289,0.55,-5.7623,-0.0153,-9.4130,3.6507,2.1723,+4.0842,108.4834,170.5641
7290,0.54,-5.5446,+0.1764,-9.4322,3.8876,1.1487,+4.4616,67.8220,179.0085
7291,0.53,-5.6066,+0.0652,-9.4227,3.8161,1.1652,+11.4251,191.2149,195.2770
7292,0.55,-5.6948,+0.1238,-9.4268,3.7320,2.3879,+7.4064,104.4798,179.5993
7293,0.55,-5.7135,+0.0334,-9.4242,3.7106,1.2200,+4.9065,102.4433,173.0952
7294,0.55,-5.5539,+0.0642,-9.4303,3.8763,3.7177,+14.9267,303.3979,203.6356
7295,0.54,-5.7765,-0.1482,-9.4374,3.6610,1.3602,+5.4652,88.6672,164.8679
7296,0.56,-5.6999,+0.2117,-9.4287,3.7289,1.2735,+7.9694,128.2064,181.2052
7297,0.56,-5.7490,+0.0409,-9.4252,3.6762,1.4063,+4.3919,70.8549,164.8062
7298,0.57,-5.5461,-0.0093,-9.4158,3.8697,2.0783,+14.2032,289.9329,207.5280
7299,0.55,-5.6122,-0.0412,-9.4083,3.7961,1.4323,+0.1224,95.6464,167.6004
7300,0.55,-5.5383,+0.1496,-9.4025,3.8642,0.9873,+9.7942,165.9160,192.0641
7301,0.55,-5.4016,-0.0481,-9.4148,4.0132,1.4789,-1.1535,118.1489,178.2738
7302,0.54,-5.6343,-0.0140,-9.4055,3.7712,1.8741,+9.8570,147.4850,180.1344
7303,0.55,-5.6522,-0.0851,-9.4266,3.7745,1.6512,+4.6155,86.7654,170.9563
7304,0.55,-5.5954,-0.1490,-9.4187,3.8233,0.8684,+8.5317,128.4707,185.9543
7305,0.55,-5.5722,+0.0848,-9.4183,3.8461,2.0972,+8.9484,157.7832,179.4606
7306,0.56,-5.5574,+0.0741,-9.4231,3.8656,3.9815,+14.0855,275.5558,193.5261
7307,0.57,-5.7620,-0.0834,-9.4149,3.6529,1.3146,+4.2895,102.2950,167.0089
7308,0.56,-5.7171,-0.1927,-9.4162,3.6991,1.5294,+6.4576,110.2240,163.8550
7309,0.57,-5.5999,-0.1343,-9.4196,3.8197,2.6699,+7.6296,170.0425,186.4759
7310,0.56,-5.5520,-0.1314,-9.4085,3.8565,1.8442,+5.2819,101.3604,174.4762
7311,0.55,-5.6602,+0.1559,-9.4092,3.7490,2.3384,+5.5148,98.9146,175.3466
7312,0.55,-5.3782,+0.0558,-9.4155,4.0373,4.2514,+7.0363,178.2312,192.4016
7313,0.54,-5.4004,+0.1316,-9.4158,4.0154,22.4004,+3.2110,188.1818,192.7945
7314,0.55,-5.6848,-0.0479,-9.4064,3.7216,2.6849,+3.6944,75.3206,167.8457
7315,0.56,-5.3928,+0.1777,-9.4074,4.0146,2.1388,+10.2476,175.0120,198.4102
7316,0.54,-5.4504,+0.3337,-9.4180,3.9676,6.7002,+7.5802,161.5861,189.9438
7317,0.54,-4.9644,-0.0223,-9.4302,4.4658,27.0585,+12.8868,391.4187,229.9325
7318,0.56,-5.1969,+0.1083,-9.4218,4.2250,21.8629,+10.8861,281.5205,221.7694
7319,0.56,-5.3120,-0.0378,-9.4267,4.1147,2.9961,+10.0649,224.4072,210.1783
7320,0.55,-5.4492,-0.0715,-9.4363,3.9871,2.5479,+4.8356,99.9297,185.4094
7321,0.54,-5.5372,-0.0020,-9.4231,3.8859,2.5100,+5.1266,101.9658,184.0488
7322,0.53,-5.4506,+0.0677,-9.4315,3.9809,6.6548,+5.5928,86.1741,187.4439
7323,0.54,-5.6635,+0.1240,-9.4277,3.7641,1.6305,+8.3992,109.9556,185.4589
7324,0.54,-5.4866,-0.1444,-9.4305,3.9440,1.2172,+0.7848,81.0222,187.0978
7325,0.55,-5.4773,+0.1404,-9.4309,3.9536,1.5469,+1.6779,59.1676,174.4505
7326,0.54,-5.6396,+0.0207,-9.4275,3.7879,1.1463,+9.3693,130.8803,187.3320
7327,0.55,-5.4717,-0.1052,-9.4318,3.9600,1.8049,-3.1846,63.8255,178.6120
7328,0.54,-2.9249,-3.4902,-9.4244,6.4994,1875.2659,+12.0795,527.1093,399.8448
7329,0.54,-5.5805,-0.0395,-9.4246,3.8441,1.2275,+10.8138,182.1520,190.5152
7330,0.55,-5.5390,+0.1530,-9.4174,3.8784,1.2273,-2.2415,65.8519,170.0656
7331,0.57,-5.4484,-0.1538,-9.4172,3.9688,0.8375,+14.5158,255.9152,213.0805
7332,0.56,-5.6360,+0.1012,-9.4141,3.7781,1.8719,+1.9760,69.8570,174.3003
7333,0.55,-5.6310,-0.0918,-9.4203,3.7893,1.5161,+6.7437,99.6237,179.0554
7334,0.56,-5.5679,+0.1336,-9.4356,3.8677,1.0294,+9.8601,170.4016,205.8387
7335,0.56,-5.2704,-0.0748,-9.4227,4.1523,3.5345,+0.8551,84.3618,200.7758
7336,0.54,-5.3612,-0.1043,-9.4252,4.0640,10.6613,+12.3583,235.3806,222.0468
7337,0.54,-5.4639,-0.2311,-9.4378,3.9738,3.0980,+10.3814,193.4409,214.5696
7338,0.54,-5.5516,+0.0326,-9.4392,3.8876,1.1492,+9.0458,127.7901,203.1367
7339,0.55,-5.4625,+0.0894,-9.4353,3.9728,1.0890,+0.2368,52.0597,180.9811
7340,0.54,-5.6699,+0.0892,-9.4237,3.7538,2.1587,+8.6324,161.2395,191.9573
7341,0.56,-5.8565,+0.2775,-9.4111,3.5546,27.1816,-2.4431,73.1739,156.2332
7342,0.56,-5.4892,-0.1412,-9.4073,3.9181,1.9678,+2.1252,94.0278,191.9139
7343,0.57,-5.4634,+0.1727,-9.4202,3.9568,9.4246,+9.3984,237.7402,197.5810
7344,0.54,-5.6877,+0.0370,-9.4079,3.7202,1.0338,+7.1276,95.9852,175.2854
7345,0.54,-5.5436,+0.0424,-9.4219,3.8783,2.0019,+6.0476,107.5925,176.5047
7346,0.54,-5.3973,-0.0383,-9.4344,4.0370,1.1225,+1.8997,62.0899,198.2872
7347,0.53,-5.4395,+0.0818,-9.4405,4.0010,1.1054,+8.9570,128.0888,201.7183
7348,0.56,-5.5523,-0.0496,-9.4403,3.8880,2.1328,+2.1472,61.4795,191.1859
7349,0.54,-5.5741,+0.1228,-9.4407,3.8666,1.7641,+9.9135,156.3475,195.3245
7350,0.55,-5.5994,-0.0085,-9.4390,3.8395,0.8793,+0.3124,37.6370,184.8985
7351,0.55,-5.4451,+0.2275,-9.4266,3.9815,1.4211,+8.8914,141.6770,200.4359
7352,0.55,-5.6265,+0.0014,-9.4300,3.8035,1.0600,+2.1045,66.4370,172.2864
7353,0.55,-5.5131,+0.0093,-9.4235,3.9105,1.0857,+9.2416,132.1411,198.2070
7354,0.55,-5.3339,+0.2584,-9.4262,4.0923,5.7217,+1.2622,64.2830,182.5158
7355,0.56,-5.5447,+0.0931,-9.4343,3.8896,4.5332,+5.5602,117.4917,180.2971
7356,0.55,-5.5138,+0.1762,-9.4351,3.9213,4.4159,+5.7119,111.7943,190.3672
7357,0.57,-5.8106,+0.0218,-9.4266,3.6160,2.4575,+4.0316,80.1214,169.4348
7358,0.56,-5.5790,-0.0120,-9.4097,3.8307,2.0271,+9.0976,184.3277,182.3642
7359,0.56,-5.6458,+0.0693,-9.4186,3.7728,1.3193,+1.8838,89.9143,177.6097
7360,0.55,-5.5995,+0.0010,-9.4322,3.8327,1.1714,+5.5756,82.0736,173.7016
7361,0.55,-5.6001,+0.0422,-9.4452,3.8451,2.8422,+7.9925,129.2585,192.0306
7362,0.55,-5.3117,-0.2153,-9.4593,4.1477,36.1781,+4.5108,276.4624,202.1645
7363,0.55,-5.5690,+0.0868,-9.4419,3.8730,5.8211,+2.7891,116.6655,183.8436
7364,0.56,-5.6978,+0.1078,-9.4398,3.7420,5.0998,+5.5039,124.9037,172.9826
7365,0.53,-5.4508,+0.2028,-9.4474,3.9966,19.8928,+6.9887,206.4849,202.5794
7366,0.54,-5.6654,-0.1422,-9.4550,3.7897,6.5825,+7.2205,162.9955,188.1328
7367,0.54,-5.4174,-0.1212,-9.4543,4.0370,31.8680,+6.6431,197.1718,195.6490
7368,0.55,-5.3121,-0.0383,-9.4493,4.1372,28.5639,+6.6052,220.0349,208.3049
7369,0.53,-5.4820,+0.0283,-9.4387,3.9566,18.5831,+6.2430,188.0661,193.0787
7370,0.54,-5.0268,-0.1223,-9.4379,4.4111,77.3716,+6.0547,345.8508,221.9541
7371,0.54,-5.4309,+0.1141,-9.4384,4.0076,20.4354,+6.0929,187.3328,192.6348
7372,0.56,-5.2650,-0.0456,-9.4363,4.1713,44.3925,+7.3887,274.5731,205.8409
7373,0.54,-5.3514,-0.0561,-9.4327,4.0813,19.8575,+8.6958,271.9832,206.8694
7374,0.54,-5.2006,-0.1499,-9.4288,4.2282,33.5766,+7.2389,237.6638,208.4341
7375,0.55,-5.3753,-0.0387,-9.4267,4.0514,31.2946,+7.2703,198.8559,193.0935
7376,0.55,-5.1607,-0.1669,-9.4248,4.2642,38.7212,+8.4185,282.1883,215.2345
7377,0.56,-5.2239,-0.0489,-9.4395,4.2156,39.3238,+5.8885,235.4737,200.7915
7378,0.55,-5.1999,-0.1701,-9.4363,4.2364,40.9253,+6.5943,182.5691,206.0233
7379,0.55,-5.3097,+0.0316,-9.4330,4.1233,45.3640,+5.6355,212.2905,199.6181
7380,0.54,-5.1750,-0.0013,-9.4335,4.2585,44.5202,+6.6114,251.3029,214.2990
7381,0.56,-5.3325,-0.0469,-9.4356,4.1031,43.3223,+6.5432,233.1896,197.0535
7382,0.56,-5.4034,+0.0542,-9.4366,4.0332,37.2784,+6.5237,238.3041,197.0199
7383,0.54,-5.3631,+0.1444,-9.4359,4.0729,35.0759,+7.1335,307.6964,210.8228
7384,0.52,-5.0312,+0.0967,-9.4277,4.3965,84.9383,+5.6137,322.6386,230.8558
7385,0.53,-5.3626,-0.1771,-9.4217,4.0591,27.8873,+7.2030,254.4126,207.4755
7386,0.54,-5.3270,-0.0795,-9.4294,4.1024,36.1480,+7.0627,252.7641,211.5499
7387,0.54,-5.3465,-0.0113,-9.4354,4.0889,30.1263,+5.5311,210.8262,209.5049
7388,0.53,-5.4080,+0.1515,-9.4212,4.0132,29.5359,+5.7755,224.8335,192.5556
7389,0.55,-5.3586,+0.1064,-9.4366,4.0779,53.0858,+6.6510,261.1367,196.6834
7390,0.53,-5.2391,-0.0562,-9.4442,4.2052,42.5733,+6.9352,231.5031,211.4099
7391,0.56,-5.2896,-0.1029,-9.4418,4.1522,39.9151,+7.3874,254.2904,202.9438
7392,0.55,-5.3355,+0.0544,-9.4377,4.1021,36.6246,+6.7754,222.2451,199.6959
7393,0.56,-5.3312,+0.0452,-9.4458,4.1146,32.0234,+6.5701,198.5943,209.0002
7394,0.53,-5.4017,-0.0182,-9.4306,4.0289,32.9581,+7.8133,239.0227,202.0958
7395,0.54,-5.3157,-0.0510,-9.4413,4.1256,42.5158,+8.6957,285.8627,218.9193
7396,0.54,-5.3683,-0.1819,-9.4338,4.0656,33.5741,+6.3339,185.5124,195.5176
7397,0.56,-4.6377,-0.4988,-9.4319,4.7942,289.5710,+7.2871,337.3403,237.6051
7398,0.53,-5.2455,-0.1197,-9.4337,4.1882,59.1427,+7.2798,212.9866,204.7259
7399,0.55,-5.2898,-0.1439,-9.4303,4.1405,30.6642,+7.8215,223.2354,205.3768
7400,0.52,-5.2869,-0.0177,-9.4420,4.1551,25.9394,+8.2784,263.5380,214.6304
7401,0.54,-5.2940,+0.0332,-9.4359,4.1419,23.1179,+6.9483,187.5395,205.4185
7402,0.53,-5.3320,-0.0741,-9.4358,4.1038,26.2103,+6.8632,235.5865,209.8377
7403,0.54,-5.2750,-0.0035,-9.4339,4.1590,33.1864,+5.4313,191.4517,201.5612
7404,0.53,-5.3004,+0.0838,-9.4308,4.1304,41.9391,+5.5697,210.4963,199.8281
7405,0.55,-5.2634,+0.0446,-9.4328,4.1694,35.8927,+5.2277,189.7484,202.8473
7406,0.54,-5.1200,+0.0619,-9.4342,4.3141,142.7533,+5.2011,302.6714,210.4164
7407,0.57,-5.2407,-0.0769,-9.4357,4.1950,49.2689,+6.0319,219.5142,210.5626
7408,0.53,-5.3360,-0.3245,-9.4248,4.0888,29.5179,+6.2239,183.9789,198.9488
7409,0.55,-5.2101,-0.0318,-9.4330,4.2229,48.2334,+6.6846,277.3687,215.2516
7410,0.55,-5.4210,-0.0103,-9.4373,4.0164,16.9790,+6.4915,169.5674,203.7423
7411,0.54,-5.2485,-0.0481,-9.4452,4.1967,50.5115,+6.9696,279.5869,212.9718
7412,0.54,-5.4777,+0.0330,-9.4374,3.9597,25.7762,+7.2701,239.9839,195.5474
7413,0.56,-5.6128,+0.1527,-9.4312,3.8184,3.8352,+5.3683,116.3386,174.5038
7414,0.53,-5.3155,+0.1088,-9.4289,4.1134,37.9532,+5.4683,226.6816,207.3294
7415,0.54,-5.3137,-0.1045,-9.4315,4.1177,45.3388,+6.3197,243.9553,202.0289
7416,0.54,-5.2424,-0.1993,-9.4362,4.1939,49.0094,+4.9394,221.2619,209.6585
7417,0.55,-5.3802,+0.0261,-9.4450,4.0648,30.6597,+5.7778,191.7843,196.9875
7418,0.52,-5.2043,+0.0602,-9.4382,4.2338,39.1598,+6.6919,252.4383,221.9215
7419,0.55,-5.4969,-0.0065,-9.4409,3.9440,27.6622,+6.0958,215.5202,192.2953
7420,0.55,-5.4291,-0.0643,-9.4378,4.0087,19.3409,+6.3391,186.1157,197.8090
7421,0.53,-5.2738,+0.0379,-9.4367,4.1629,31.0976,+6.8107,226.8735,202.2347
7422,0.53,-5.2512,+0.0916,-9.4398,4.1886,35.8068,+7.0973,245.1118,207.4130
7423,0.52,-5.1770,-0.0486,-9.4436,4.2666,47.5748,+6.4853,267.3314,217.4164
7424,0.55,-5.1430,+0.0354,-9.4425,4.2995,52.1250,+6.9188,265.9943,218.5976
7425,0.54,-5.1978,+0.0050,-9.4401,4.2423,25.5307,+6.8661,207.0533,209.3090
7426,0.54,-5.4749,-0.1540,-9.4353,3.9604,21.6396,+6.1926,206.1806,187.5975
7427,0.54,-5.3515,-0.0377,-9.4354,4.0840,30.5538,+4.9042,187.8092,196.2467
7428,0.56,-5.4158,-0.0768,-9.4333,4.0175,19.5431,+5.9564,175.8994,195.1149
7429,0.55,-5.2764,+0.1795,-9.4359,4.1595,34.7943,+5.7454,209.6026,202.9111
7430,0.55,-5.1212,+0.2025,-9.4347,4.3135,33.4254,+5.4363,244.2350,216.6115
7431,0.54,-5.3583,+0.0017,-9.4473,4.0890,27.8765,+4.2118,155.4122,197.6867
7432,0.52,-5.4636,-0.1336,-9.4389,3.9753,6.6753,+5.8780,100.1654,180.9210
7433,0.54,-5.5353,+0.1240,-9.4319,3.8966,8.6747,+7.5938,198.2296,195.4997
7434,0.54,-5.2287,+0.0673,-9.4298,4.2011,35.8292,+6.5480,232.2968,208.6032
7435,0.56,-5.4705,-0.1271,-9.4035,3.9329,36.6027,+7.0329,215.3651,196.9221
7436,0.54,-5.2102,+0.1002,-9.4205,4.2104,69.5858,+6.5025,276.7364,201.8740
7437,0.54,-5.1794,+0.0197,-9.4313,4.2519,44.1479,+6.0085,234.2147,213.4413
7438,0.54,-5.3789,-0.0536,-9.4283,4.0495,30.6305,+6.4818,220.9217,204.6799
7439,0.53,-5.0419,-0.1011,-9.4281,4.3862,42.6713,+6.5855,249.1371,222.4267
7440,0.54,-5.2048,+0.0286,-9.4444,4.2395,32.8021,+5.1079,209.1177,211.8064
7441,0.53,-5.1592,+0.0101,-9.4419,4.2827,33.3684,+6.2747,239.2695,211.2131
7442,0.53,-5.1417,-0.0577,-9.4327,4.2910,33.9147,+6.7688,222.9159,212.4777
7443,0.54,-5.3238,+0.0575,-9.4350,4.1112,25.5474,+8.1004,243.1230,201.1361
7444,0.54,-5.2706,-0.0633,-9.4382,4.1676,44.1538,+8.0156,277.2733,219.2001
7445,0.55,-5.3311,+0.0031,-9.4315,4.1004,45.5945,+7.0058,276.3876,212.3572
7446,0.55,-5.1873,+0.0938,-9.4164,4.2291,53.0717,+7.0089,275.3742,219.5846
7447,0.54,-5.2066,-0.0967,-9.4214,4.2147,37.8785,+8.1983,268.3335,221.2601
7448,0.55,-5.4003,+0.0957,-9.4202,4.0200,29.6236,+7.8243,247.0021,202.2107
7449,0.54,-5.1601,-0.0421,-9.4188,4.2587,54.5399,+7.5489,296.2274,217.2302
7450,0.54,-5.4050,+0.0641,-9.4285,4.0235,35.8953,+6.9145,231.6774,192.2623
7451,0.55,-5.2952,-0.1045,-9.4323,4.1370,38.8810,+8.0924,272.9309,202.9898
7452,0.53,-5.2922,-0.1185,-9.4303,4.1382,35.5613,+7.4419,219.4145,196.2740
7453,0.55,-5.3201,+0.0146,-9.4390,4.1189,28.8563,+6.8616,212.1111,201.7510
7454,0.56,-5.2425,+0.1482,-9.4362,4.1937,43.3244,+7.2175,260.1432,205.4407
7455,0.53,-5.2877,+0.2347,-9.4395,4.1518,40.4883,+6.1748,206.8210,199.0521
7456,0.54,-5.3622,-0.1217,-9.4247,4.0625,31.4202,+7.4609,241.8858,195.5445
7457,0.55,-5.1418,+0.0914,-9.4278,4.2860,45.7454,+6.3379,304.9206,207.7946
7458,0.51,-5.2073,-0.1155,-9.4272,4.2199,43.5320,+6.8952,223.4742,199.0618
7459,0.53,-5.2754,+0.0024,-9.4122,4.1368,43.2330,+5.8750,228.4424,197.8261
7460,0.53,-5.2324,-0.0112,-9.4258,4.1935,33.5982,+5.4151,204.9502,203.0176
7461,0.53,-5.2586,-0.0637,-9.4279,4.1692,48.8304,+6.0178,245.0106,202.7493
7462,0.55,-5.2928,-0.0649,-9.4285,4.1358,45.1984,+6.3692,235.8143,196.9604
7463,0.53,-5.3489,+0.0269,-9.4352,4.0863,44.3642,+5.6264,200.4117,188.8080
7464,0.54,-5.3529,+0.1090,-9.4358,4.0829,46.3072,+6.5102,196.7744,188.6841
7465,0.54,-5.4191,+0.0619,-9.4321,4.0130,21.2731,+7.0117,200.8980,201.6442
7466,0.56,-5.3721,-0.1319,-9.4285,4.0563,27.6597,+6.4572,176.2170,192.5094
7467,0.53,-5.3286,+0.0108,-9.4344,4.1058,39.3738,+5.4513,210.7928,199.1149
7468,0.54,-5.2882,-0.1891,-9.4397,4.1515,35.6222,+6.5807,240.3570,208.2299
7469,0.55,-5.3217,-0.1963,-9.4422,4.1205,33.7219,+6.6861,266.2868,207.6817
7470,0.54,-5.3571,+0.0262,-9.4292,4.0721,30.1334,+6.2928,234.7837,203.4209
7471,0.56,-5.3440,+0.0284,-9.4294,4.0855,26.7146,+6.8072,220.6344,199.9670
7472,0.55,-5.0928,+0.2830,-9.4328,4.3400,42.8504,+7.4410,273.4161,216.6962
7473,0.52,-5.1716,-0.0640,-9.4282,4.2566,36.3171,+7.5356,234.3113,200.7890
7474,0.55,-5.1670,-0.0588,-9.4150,4.2481,33.6868,+6.2373,191.5312,204.8685
7475,0.54,-5.4334,-0.0340,-9.4185,3.9851,38.5638,+5.1863,223.6171,194.6288
7476,0.54,-5.2482,+0.0231,-9.4261,4.1779,41.3083,+5.7692,218.5268,198.8384
7477,0.53,-5.1836,-0.0619,-9.4398,4.2562,49.4896,+5.9769,248.8921,208.8071
7478,0.52,-5.2433,-0.0647,-9.4371,4.1938,23.2212,+6.4233,210.0857,204.4925
7479,0.55,-5.3103,+0.1147,-9.4432,4.1329,31.6827,+6.8854,238.9010,211.0141
7480,0.55,-5.1153,+0.1783,-9.4425,4.3273,34.3758,+6.1265,237.5424,213.3430
7481,0.54,-5.2431,-0.0537,-9.4400,4.1969,39.2378,+5.9309,249.0746,204.1023
7482,0.54,-5.1776,+0.0102,-9.4363,4.2587,37.0273,+6.8666,215.8353,203.3917
7483,0.53,-5.3400,+0.2018,-9.4545,4.1145,29.8887,+6.9018,212.9432,202.2704
7484,0.54,-5.3699,-0.0477,-9.4464,4.0765,27.1575,+6.5865,200.7098,191.4133
7485,0.55,-5.2010,+0.1302,-9.4303,4.2293,41.3845,+7.2211,223.2190,201.6225
7486,0.55,-5.2867,+0.0210,-9.4148,4.1281,44.1973,+5.5505,204.8147,197.7414
7487,0.54,-5.1669,+0.0710,-9.4175,4.2506,50.9081,+6.3862,281.9240,214.6169
7488,0.53,-5.2224,-0.0055,-9.4257,4.2032,24.8617,+5.7988,217.4671,207.8411
7489,0.55,-5.0542,+0.0865,-9.4218,4.3676,54.0887,+6.6662,245.1086,213.1992
7490,0.56,-5.1869,-0.0041,-9.4122,4.2253,47.5404,+5.5902,190.6461,201.3317
7491,0.54,-5.2772,-0.0449,-9.4260,4.1488,22.0996,+5.4601,185.3150,195.8156
7492,0.54,-5.3400,+0.1882,-9.4274,4.0873,33.3806,+6.0948,263.0435,200.2831
7493,0.54,-5.3112,+0.1479,-9.4352,4.1240,58.4101,+5.9607,284.0831,196.4894
7494,0.57,-5.4198,-0.1991,-9.4376,4.0178,19.7653,+5.9986,210.7124,183.1450
7495,0.54,-5.0950,+0.0372,-9.4382,4.3433,71.7437,+5.7825,200.6269,199.0378
7496,0.53,-5.1898,-0.0676,-9.4303,4.2406,51.2250,+5.3315,211.9913,197.1909
7497,0.54,-5.0817,-0.0836,-9.4350,4.3533,39.7645,+6.1138,208.9423,195.9309
7498,0.55,-5.2101,-0.0281,-9.4342,4.2241,27.4814,+5.4801,162.1473,193.5467
7499,0.54,-5.2488,-0.0030,-9.4308,4.1820,37.8657,+5.5916,193.5709,191.6099
7500,0.55,-5.5511,-0.2902,-9.4263,3.8752,1.2952,+5.1001,104.4901,181.4235
7501,0.54,-4.9769,-0.4587,-9.4319,4.4550,91.0884,+6.0481,249.2888,214.7077
7502,0.53,-4.9032,+0.0164,-9.4325,4.5293,134.1988,+6.8719,209.4081,219.1331
7503,0.53,-4.4553,-0.4173,-9.4300,4.9747,266.1781,+6.8130,199.2598,228.9397
7504,0.53,-5.4874,-0.2674,-9.4333,3.9459,14.4044,+6.1154,190.5482,169.7620
7505,0.55,-5.1278,+0.2389,-9.4365,4.3087,78.6334,+6.2620,184.1486,207.4954
7506,0.54,-4.9686,+0.1120,-9.4373,4.4688,89.3139,+6.8818,288.2258,212.2711
7507,0.55,-5.0710,+0.0227,-9.4335,4.3625,55.8905,+7.4891,312.0048,219.7259
7508,0.55,-5.4134,+0.3264,-9.4224,4.0090,18.0205,+6.3480,203.2412,185.4825
7509,0.52,-5.2240,+0.0670,-9.4153,4.1913,45.2911,+6.7577,255.1879,199.8885
7510,0.54,-5.0915,+0.0964,-9.4148,4.3232,38.2404,+7.2615,250.7008,208.2863
7511,0.54,-5.1350,-0.0935,-9.4221,4.2870,24.1921,+4.9487,163.8703,192.6964
7512,0.53,-5.2769,+0.0193,-9.4164,4.1395,27.9804,+6.3173,196.3827,193.4195
7513,0.53,-4.8399,+0.1367,-9.4224,4.5825,113.9372,+8.1009,374.8064,234.2630
7514,0.55,-4.9338,+0.1018,-9.4126,4.4788,56.8163,+7.6405,290.1366,222.9699
7515,0.53,-5.1185,+0.0169,-9.4214,4.3029,34.1842,+8.5565,286.8046,213.9631
7516,0.52,-5.1693,-0.0711,-9.4270,4.2576,70.3141,+7.4400,302.1056,209.1980
7517,0.55,-5.3479,+0.0486,-9.4312,4.0832,41.9374,+7.8166,277.5323,204.0769
7518,0.52,-5.3110,+0.1187,-9.4183,4.1073,40.2636,+6.7823,267.5968,193.7708
7519,0.53,-5.1447,+0.0907,-9.4204,4.2756,51.5220,+6.5062,240.7296,198.7609
7520,0.53,-5.2056,-0.3504,-9.4103,4.2048,58.1010,+5.6072,223.4675,204.5006
7521,0.53,-4.6601,-0.4289,-9.4117,4.7516,241.4723,+6.0631,250.4708,240.4772
7522,0.55,-4.4154,-0.0699,-9.4065,4.9911,311.5685,+5.6075,192.9198,250.4429
7523,0.53,-5.2270,+0.3761,-9.4104,4.1834,33.7391,+7.1158,213.2222,209.2798
7524,0.55,-5.1042,-0.3491,-9.4161,4.3119,78.8299,+7.2083,217.9402,221.3550
7525,0.53,-5.4443,+0.0402,-9.4187,3.9744,18.6877,+7.3920,240.9450,195.4763
7526,0.54,-4.4663,+0.0740,-9.4099,4.9436,317.2729,+7.2426,340.6603,259.8412
7527,0.53,-5.0928,-0.0630,-9.4157,4.3229,45.3264,+6.8050,259.7044,214.4501
7528,0.54,-5.1436,+0.0535,-9.4201,4.2765,34.3246,+6.1534,256.0864,205.6970
7529,0.55,-5.0814,+0.0188,-9.4251,4.3437,47.0226,+5.5957,247.7579,212.1272
7530,0.53,-5.1687,-0.2051,-9.4341,4.2654,37.6235,+6.2486,255.2668,205.4403
7531,0.53,-5.1706,-0.1005,-9.4343,4.2637,53.7774,+5.8502,243.3090,206.3746
7532,0.55,-5.1523,+0.0171,-9.4242,4.2719,53.1271,+5.5822,290.5943,209.5506
7533,0.52,-5.1547,+0.0161,-9.4278,4.2730,48.2671,+5.8256,265.3422,218.0089
7534,0.54,-5.1541,-0.0852,-9.4283,4.2742,36.5057,+6.3819,262.1301,220.4445
7535,0.54,-5.1227,+0.0289,-9.4078,4.2851,38.6807,+6.6649,238.1489,214.2032
7536,0.55,-5.2214,+0.1151,-9.4164,4.1950,52.3707,+6.7610,247.5000,209.9758
7537,0.54,-5.2087,+0.0397,-9.4133,4.2046,27.6214,+6.5566,196.2731,207.1779
7538,0.51,-5.1340,-0.1060,-9.4088,4.2748,36.2112,+7.3009,250.1682,214.4501
7539,0.53,-5.0687,+0.0184,-9.4148,4.3460,39.1369,+7.8137,266.5736,219.8497
7540,0.53,-5.2159,-0.1394,-9.4228,4.2069,33.4993,+7.9153,240.6260,206.5101
7541,0.51,-5.0915,+0.0940,-9.4178,4.3263,46.2088,+7.6654,243.8371,209.7291
7542,0.54,-5.1934,-0.0168,-9.4156,4.2222,43.7198,+7.5240,226.3466,198.9073
7543,0.54,-5.1056,+0.0769,-9.4248,4.3191,44.6389,+8.2647,276.0399,210.5401
7544,0.53,-5.0617,+0.0082,-9.4180,4.3563,57.0182,+7.7451,253.9498,201.9883
7545,0.54,-5.0567,-0.0585,-9.4182,4.3615,59.7586,+6.8996,278.9223,199.3798
7546,0.53,-5.0352,+0.1868,-9.4201,4.3849,53.5461,+7.5330,331.2789,205.7437
7547,0.55,-5.0020,+0.0218,-9.4221,4.4201,43.6721,+5.2357,270.0501,213.9977
7548,0.55,-5.1863,+0.2619,-9.4181,4.2318,35.0165,+6.9590,309.7635,208.1145
7549,0.52,-4.4565,+0.0557,-9.4100,4.9535,120.4156,+7.5039,411.6419,262.5856
7550,0.52,-4.9145,-0.2762,-9.4034,4.4889,43.2743,+7.2941,332.1227,219.1294
7551,0.53,-5.0308,+0.4381,-9.4079,4.3770,48.6602,+6.3406,408.9894,221.1694
7552,0.54,-4.8321,+0.0975,-9.4017,4.5696,71.6497,+6.7791,385.1655,233.8747
7553,0.53,-4.8378,+0.0453,-9.3959,4.5580,55.5123,+5.8522,335.9067,232.1223
7554,0.55,-4.8301,-0.1120,-9.3962,4.5660,75.1843,+6.5178,379.0862,226.0725
7555,0.55,-4.9980,+0.2798,-9.3992,4.4012,49.0255,+6.5261,321.3153,212.4876
7556,0.55,-5.0228,+0.0180,-9.3810,4.3582,55.1293,+6.3565,269.9730,208.2617
7557,0.52,-5.1115,+0.1464,-9.3900,4.2784,38.4276,+5.8552,206.6887,202.7712
7558,0.52,-5.0131,+0.1157,-9.3956,4.3825,28.9898,+5.4743,155.8244,214.6011
7559,0.55,-5.4267,+0.0934,-9.3870,3.9603,43.6907,+5.8595,198.9490,189.4669
7560,0.54,-4.9637,+0.0742,-9.3934,4.4297,69.5866,+6.3043,221.9294,222.1186
7561,0.54,-5.1163,-0.0254,-9.4009,4.2846,61.0448,+7.0793,293.6775,217.5591
7562,0.54,-4.7344,-0.1664,-9.4017,4.6673,57.7854,+7.6923,279.4309,240.1459
7563,0.53,-5.0992,-0.1978,-9.4108,4.3117,38.0760,+7.0986,270.8802,216.9142
7564,0.53,-4.9703,-0.5089,-9.3967,4.4264,83.1098,+6.5496,305.5363,219.1855
7565,0.53,-4.7804,+0.0775,-9.4097,4.6293,94.5607,+6.3050,225.5094,223.3467
7566,0.53,-5.2162,+0.0442,-9.4153,4.1990,59.3896,+7.0435,273.7124,204.3528
7567,0.52,-5.2610,+0.0858,-9.4200,4.1589,61.0360,+5.7977,251.7321,198.6605
7568,0.55,-5.2363,+0.2977,-9.4191,4.1828,34.9826,+5.0189,249.6637,204.8289
7569,0.52,-5.2852,+0.2755,-9.4253,4.1401,20.9288,+5.1207,189.9160,197.3507
7570,0.51,-5.0425,+0.0602,-9.4271,4.3846,40.1789,+4.8677,209.3520,202.7805
7571,0.52,-4.9321,-0.0891,-9.4414,4.5093,55.6047,+4.6840,210.2135,210.1349
7572,0.53,-5.0127,-0.0890,-9.4232,4.4105,56.2095,+5.0088,172.8453,209.2337
7573,0.52,-5.1546,-0.1021,-9.4185,4.2639,54.1230,+5.5027,173.9776,209.9213
7574,0.54,-5.1603,+0.3469,-9.4175,4.2571,40.3078,+6.5415,246.3533,209.2037
7575,0.52,-5.2122,-0.0183,-9.4091,4.1969,43.6868,+5.6442,205.8747,199.7430
7576,0.53,-4.9441,-0.0344,-9.4021,4.4580,87.0458,+5.7436,279.9094,222.0501
7577,0.53,-4.7644,+0.1313,-9.4038,4.6394,147.2986,+5.3206,274.4670,235.4172
7578,0.54,-5.0777,-0.0727,-9.3990,4.3214,40.8508,+5.8728,225.2899,204.6753
7579,0.52,-4.9782,-0.0615,-9.4021,4.4239,71.7332,+6.7504,345.8482,213.7516
7580,0.52,-5.0487,+0.0371,-9.4042,4.3555,30.8246,+6.6823,205.1566,214.0194
7581,0.54,-5.1199,-0.1409,-9.4127,4.2928,38.4189,+6.2559,227.2643,210.0796
7582,0.52,-5.1511,-0.0920,-9.4107,4.2596,36.3790,+6.7035,226.6733,203.8871
7583,0.53,-5.0260,-0.1146,-9.4117,4.3857,57.0245,+7.1308,244.7367,209.4321
7584,0.56,-4.9850,+0.1790,-9.4068,4.4219,38.2865,+7.7689,256.1150,213.4644
7585,0.54,-4.8274,-0.1254,-9.3996,4.5722,50.3993,+6.3039,206.9112,214.9781
7586,0.53,-5.0133,+0.0196,-9.3915,4.3782,50.0803,+6.8422,216.7576,206.0103
7587,0.56,-5.2207,+0.0984,-9.3863,4.1656,20.3941,+6.6011,199.3054,196.6497
7588,0.54,-5.0354,-0.1121,-9.3973,4.3618,29.7700,+6.8565,213.3212,204.8386
7589,0.55,-5.0063,-0.0952,-9.3939,4.3876,58.8126,+6.9399,276.4958,218.1522
7590,0.53,-5.2664,+0.0951,-9.3955,4.1291,22.4564,+7.0172,230.4015,192.3171
7591,0.53,-5.0269,-0.1950,-9.4035,4.3766,57.7325,+5.7265,235.0418,205.2780
7592,0.52,-5.3187,-0.0813,-9.4044,4.0856,21.5790,+5.5063,162.9674,188.9593
7593,0.54,-4.8404,+0.5929,-9.4037,4.5633,115.2761,+6.2243,207.4213,205.9285
7594,0.55,-4.8292,-0.3594,-9.4163,4.5871,117.2507,+6.5929,165.7160,210.1286
7595,0.55,-5.3033,+0.0465,-9.4110,4.1076,34.4545,+5.3970,164.8537,184.7923
7596,0.51,-5.0922,-0.0390,-9.4141,4.3218,42.0926,+6.5632,203.2700,200.6317
7597,0.54,-4.3535,+1.0532,-9.4189,5.0654,276.2700,+7.3739,195.9435,233.4936
7598,0.53,-4.8808,-0.1072,-9.4138,4.5330,60.9379,+7.7940,225.8631,212.3384
7599,0.55,-4.9936,-0.1132,-9.4113,4.4178,75.0724,+7.0903,215.2124,203.2752
7600,0.53,-4.8594,+0.0442,-9.3930,4.5336,78.1343,+6.8006,284.9190,214.3050
7601,0.52,-5.0175,-0.0237,-9.4084,4.3909,45.0602,+6.0562,213.7524,208.8654
7602,0.53,-5.3043,-0.0599,-9.4094,4.1050,15.1162,+7.1173,214.3640,193.8455
7603,0.52,-5.1425,+0.0716,-9.3996,4.2571,40.5730,+6.4111,268.3376,206.2070
7604,0.53,-5.1432,+0.1410,-9.4051,4.2619,39.7833,+5.3185,250.4899,209.3080
7605,0.54,-5.0375,-0.2555,-9.3978,4.3603,43.6727,+5.8120,267.2473,215.1137
7606,0.54,-5.2487,-0.0202,-9.4141,4.1653,21.2307,+4.9050,165.0622,195.1799
7607,0.51,-5.1871,+0.0569,-9.4069,4.2199,28.4883,+7.4109,226.0816,207.9667
7608,0.51,-5.0952,+0.0560,-9.4244,4.3293,41.7706,+6.7382,230.9562,208.2090
7609,0.51,-4.9567,+0.0744,-9.4205,4.4638,37.2083,+6.2369,221.2054,216.4680
7610,0.51,-5.2222,-0.0705,-9.4172,4.1950,21.6994,+6.0762,181.6252,201.0238
7611,0.54,-5.1227,-0.0366,-9.4197,4.2971,37.4247,+6.4058,224.0448,203.8318
7612,0.52,-5.1670,-0.0171,-9.4037,4.2367,26.8117,+6.5759,215.0863,208.0881
7613,0.52,-5.0940,-0.0397,-9.3979,4.3039,22.0561,+6.4986,184.7556,202.7810
7614,0.53,-5.2987,+0.3183,-9.3947,4.0960,15.2943,+5.7452,181.2562,190.5683
7615,0.54,-5.0423,+0.0168,-9.4113,4.3691,41.9970,+5.4054,186.5774,211.0901
7616,0.54,-5.4453,+0.1572,-9.4070,3.9617,15.0796,+6.5072,185.8140,184.3547
7617,0.53,-5.0497,-0.1354,-9.4162,4.3665,23.6318,+5.9555,242.7410,218.2190
7618,0.50,-5.1201,+0.0589,-9.4112,4.2911,12.6890,+3.8028,146.6094,203.8231
7619,0.54,-5.1583,+0.0643,-9.4094,4.2511,12.3706,+6.1011,144.2209,201.2453
7620,0.52,-5.1455,+0.0760,-9.4122,4.2667,16.3486,+5.0133,139.9196,203.1092
7621,0.51,-5.1337,+0.0511,-9.4180,4.2843,14.9867,+5.0114,195.9679,206.9803
7622,0.53,-5.0841,-0.1100,-9.4181,4.3340,31.6578,+5.6343,251.5045,218.3554
7623,0.51,-4.7121,-0.0023,-9.4225,4.7103,137.1509,+5.5075,257.3760,233.4917
7624,0.53,-5.1126,-0.0454,-9.4124,4.2999,15.6891,+6.2860,201.3248,210.1133
7625,0.54,-6.1399,+0.9040,-9.4008,3.2609,167.7006,+4.3956,148.9096,53.7406
7626,0.49,-4.7747,+0.0837,-9.3977,4.6230,122.0494,+3.7475,245.0650,250.9994
7627,0.54,-5.0942,-0.0402,-9.4011,4.3069,19.1077,+5.9012,186.3556,211.3588
7628,0.50,-5.0797,-0.1490,-9.4008,4.3212,21.3657,+5.8595,180.4142,210.6244
7629,0.53,-5.0577,+0.0050,-9.3993,4.3416,26.9891,+4.7319,177.7223,212.9178
7630,0.52,-5.0462,+0.0266,-9.3955,4.3493,22.3112,+5.9603,201.4635,212.2340
7631,0.51,-5.0994,+0.0300,-9.3893,4.2900,27.5413,+6.2780,209.2709,212.7028
7632,0.52,-4.8321,-0.1772,-9.3958,4.5637,43.2039,+5.0486,193.0312,222.8723
7633,0.51,-5.0663,+0.0146,-9.3989,4.3325,23.1880,+5.7940,176.0941,212.9867
7634,0.53,-5.0984,-0.0752,-9.4087,4.3104,10.1062,+5.9511,148.6863,215.6072
7635,0.51,-4.9303,-0.0485,-9.4025,4.4722,18.4127,+5.4198,155.3139,212.3239
7636,0.51,-4.9700,+0.0588,-9.3994,4.4295,15.4277,+4.8749,149.1578,207.1577
7637,0.50,-4.8583,-0.1390,-9.4009,4.5426,22.2510,+4.3245,115.5925,222.3777
7638,0.52,-4.9168,-0.2109,-9.4161,4.4993,10.3800,+8.0259,159.7958,215.3198
7639,0.51,-4.8050,-0.0648,-9.4124,4.6074,13.3890,+3.8945,125.6945,222.1014
7640,0.52,-4.9327,-0.0305,-9.4189,4.4862,7.9057,+7.6551,168.6216,232.4150
7641,0.50,-5.1969,+0.0722,-9.4183,4.2214,7.5156,+6.3181,117.6805,202.8849
7642,0.54,-4.9715,-0.1025,-9.4138,4.4423,19.7933,+5.5349,172.7443,213.1526
7643,0.51,-5.0624,+0.0867,-9.4124,4.3500,4.0314,+4.0719,100.9919,206.6946
7644,0.52,-4.9699,+0.0375,-9.4093,4.4394,13.1724,+4.6267,155.4301,211.1112
7645,0.49,-5.1273,+0.3784,-9.4106,4.2833,17.7118,+3.5874,149.3450,199.3085
7646,0.52,-5.0377,+0.1115,-9.4202,4.3825,5.3905,+3.2314,117.7676,206.3295
7647,0.49,-4.9278,+0.5357,-9.4199,4.4921,46.8238,+6.3559,209.9026,217.5887
7648,0.50,-4.8522,-0.3832,-9.4217,4.5696,29.8926,+5.2471,223.9785,236.3466
7649,0.50,-4.9841,+0.0030,-9.4020,4.4178,41.2666,+4.3745,221.5984,218.4978
7650,0.52,-4.7225,+0.1316,-9.3989,4.6764,45.3913,+5.0493,95.5227,227.9011
7651,0.52,-4.8611,+0.0007,-9.4057,4.5446,31.2944,+6.4456,244.2299,224.6758
7652,0.52,-4.9630,+0.2343,-9.4097,4.4467,16.2681,+5.6715,161.7270,212.5385
7653,0.52,-4.9015,-0.0720,-9.4131,4.5116,22.5518,+5.3021,194.3563,223.5591
7654,0.51,-4.7705,+0.0115,-9.4105,4.6399,40.8055,+5.7022,236.7350,227.2343
7655,0.51,-5.0653,-0.0343,-9.4040,4.3387,18.6615,+5.3152,223.7041,216.7431
7656,0.51,-4.8074,-0.0014,-9.4090,4.6016,45.0469,+4.5831,218.1189,235.7643
7657,0.50,-4.6745,+0.0626,-9.4055,4.7309,57.7192,+5.1791,232.8668,235.7940
7658,0.51,-4.8380,-0.1482,-9.4166,4.5786,28.3274,+5.4462,196.7712,223.5467
7659,0.52,-4.9560,+0.0988,-9.4268,4.4708,25.1216,+6.7761,200.0965,222.5802
7660,0.52,-4.7785,-0.1345,-9.4288,4.6503,31.9889,+6.3760,234.9961,231.0564
7661,0.51,-4.8012,-0.0884,-9.4297,4.6285,51.9142,+5.8724,251.1368,237.4607
7662,0.51,-4.8488,-0.0876,-9.4321,4.5833,37.3055,+6.3297,230.8132,231.0840
7663,0.52,-4.9306,+0.0364,-9.4290,4.4985,60.1748,+5.9171,247.5736,218.4552
7664,0.52,-4.9569,-0.1363,-9.4285,4.4716,34.4005,+7.0211,216.9549,218.8933
7665,0.50,-4.9580,-0.1907,-9.4311,4.4731,29.6950,+6.1919,215.4141,215.1043
7666,0.51,-5.0701,-0.0141,-9.4347,4.3646,33.8448,+6.8539,225.8550,209.3487
7667,0.50,-4.8312,-0.2149,-9.4244,4.5932,39.3867,+7.0852,255.2285,227.9512
7668,0.53,-4.8601,-0.2045,-9.4238,4.5638,27.8738,+6.6916,211.3297,222.7978
7669,0.51,-5.0156,+0.0230,-9.4302,4.4146,16.2104,+6.8543,179.1739,218.0787
7670,0.52,-4.9866,-0.0939,-9.4155,4.4290,22.3067,+8.4090,218.4392,215.6007
7671,0.51,-5.0242,-0.0604,-9.4298,4.4056,9.9715,+7.4919,163.2375,219.2421
7672,0.52,-5.1206,+0.1905,-9.4242,4.3036,7.1767,+6.0373,146.6784,200.5472
7673,0.51,-5.0374,-0.0157,-9.4197,4.3824,18.0980,+5.1955,160.6135,212.9445
7674,0.52,-5.0562,-0.0427,-9.4336,4.3774,7.7686,+7.2349,156.4551,206.2951
7675,0.49,-4.8760,-0.0020,-9.4289,4.5530,25.2397,+7.9837,244.0075,224.0650
7676,0.51,-4.6279,+0.0418,-9.4330,4.8051,47.2555,+8.4376,321.5103,251.7802
7677,0.51,-4.7517,-0.0153,-9.4246,4.6729,34.4816,+7.9747,257.5576,229.7713
7678,0.50,-4.9005,-0.0366,-9.4228,4.5224,32.8565,+6.7626,242.7531,221.3978
7679,0.50,-4.9379,-0.0363,-9.4250,4.4871,33.6863,+5.4916,222.5284,218.4206
7680,0.51,-4.9908,+0.1157,-9.4225,4.4317,39.5641,+7.3674,258.6259,215.9492
7681,0.52,-3.6363,+0.4897,-9.4374,5.8011,489.3982,+8.6822,402.3381,375.0428
7682,0.51,-4.9174,-0.0734,-9.4354,4.5180,34.0521,+9.1331,259.9651,225.0790
7683,0.52,-4.9447,+0.0037,-9.4270,4.4823,35.3883,+8.4846,243.5978,218.5797
7684,0.53,-4.8887,-0.0803,-9.4139,4.5253,75.9673,+7.1830,277.3053,219.6095
7685,0.50,-4.9206,+0.2846,-9.4199,4.4993,42.7761,+6.8122,211.3709,216.0035
7686,0.51,-4.8380,-0.0307,-9.4283,4.5903,26.1465,+6.7592,194.4347,213.7872
7687,0.52,-4.6270,-0.0674,-9.4191,4.7920,36.3517,+5.3364,190.8424,232.2170
7688,0.51,-4.7709,-0.0733,-9.4116,4.6407,33.3626,+6.3500,227.8792,219.9718
7689,0.51,-4.9473,+0.0499,-9.4101,4.4628,35.5703,+4.7756,182.6265,208.5140
7690,0.52,-5.0684,-0.0103,-9.4119,4.3435,35.8272,+5.4017,214.8743,205.5468
7691,0.50,-4.9882,-0.1223,-9.4231,4.4349,34.2006,+5.1780,228.9463,212.3303
7692,0.49,-5.0062,+0.1041,-9.4292,4.4230,29.4492,+6.6485,222.3104,216.2810
7693,0.51,-4.9483,+0.2744,-9.4295,4.4812,36.4486,+7.6168,227.4619,214.6800
7694,0.51,-4.9953,+0.0965,-9.4137,4.4184,40.4782,+6.8069,251.0989,204.9237
7695,0.51,-4.7551,-0.0048,-9.4324,4.6773,49.0453,+6.3216,256.3934,227.8001
7696,0.51,-4.8206,+0.0770,-9.4263,4.6056,31.2685,+6.4328,226.1148,222.8766
7697,0.52,-4.7640,-0.1014,-9.4134,4.6494,47.4150,+5.9760,230.4632,219.5206
7698,0.50,-5.1584,-0.5077,-9.4008,4.2425,2.8355,+5.5533,167.7216,197.3253
7699,0.52,-4.9038,+0.1293,-9.4043,4.5005,38.6954,+6.0538,209.1077,207.4617
7700,0.53,-4.9932,+0.0372,-9.3997,4.4064,26.1712,+6.2023,190.8816,206.1211
7701,0.51,-5.0464,-0.0124,-9.4081,4.3617,16.4745,+6.9715,214.3895,202.8875
7702,0.53,-4.8593,+0.1011,-9.4164,4.5571,38.7791,+5.5222,166.7328,210.6878
7703,0.53,-4.9531,-0.1187,-9.3948,4.4417,31.4914,+4.7799,190.5335,208.5634
7704,0.51,-4.9348,+0.0349,-9.3995,4.4647,26.3762,+5.0575,193.7927,206.8784
7705,0.52,-4.7837,+0.5252,-9.4105,4.6268,40.5246,+5.6815,141.7180,219.5396
7706,0.54,-4.7514,-0.2442,-9.3993,4.6479,92.4321,+5.9834,155.2361,217.3129
7707,0.52,-2.7477,+0.3920,-9.4011,6.6534,1606.9436,+6.1425,497.8590,284.5415
7708,0.51,-4.8559,+0.1505,-9.3950,4.5391,36.7431,+5.5300,185.2968,214.8765
7709,0.52,-4.8300,-0.0561,-9.4023,4.5722,52.5863,+6.3888,207.3506,215.6909
7710,0.53,-4.9203,-0.2056,-9.4118,4.4915,26.7128,+6.6809,177.6595,212.6116
7711,0.51,-4.8748,+0.0818,-9.4215,4.5467,39.0971,+7.7389,214.8232,214.7743
7712,0.52,-4.7399,-0.3624,-9.4191,4.6792,56.3050,+6.9016,177.6625,217.2003
7713,0.53,-4.9384,+0.0717,-9.4107,4.4723,24.6739,+6.6487,183.6174,214.2638
7714,0.49,-4.8969,+0.2741,-9.4267,4.5298,23.5534,+7.0264,194.8316,206.8283
7715,0.50,-4.8990,+0.0749,-9.4215,4.5225,22.5735,+8.4608,246.1149,225.3140
7716,0.52,-4.8567,-0.0601,-9.4144,4.5577,19.2241,+6.7486,185.2661,216.6225
7717,0.51,-4.8494,+0.1082,-9.4157,4.5663,34.8161,+5.6029,201.8302,220.5542
7718,0.49,-4.6825,-0.2334,-9.4156,4.7331,61.2021,+5.5977,219.4688,228.4901
7719,0.51,-5.0372,+0.1419,-9.4246,4.3875,24.6050,+5.2345,181.1043,218.7675
7720,0.52,-4.8022,+0.0657,-9.4310,4.6288,51.8949,+5.3842,247.0628,231.9588
7721,0.50,-5.0153,+0.1546,-9.4236,4.4083,29.5224,+5.7047,211.3499,219.1802
7722,0.48,-4.9769,-0.0423,-9.4147,4.4379,31.2188,+6.4304,172.3538,210.1950
7723,0.51,-4.9427,+0.0040,-9.4115,4.4688,16.7112,+6.7447,236.4761,219.5151
7724,0.52,-4.9111,-0.0832,-9.3988,4.4876,43.9749,+7.9837,241.7439,212.7921
7725,0.51,-5.0695,-0.0289,-9.4067,4.3372,9.7229,+6.7834,213.8861,206.1288
7726,0.52,-5.0142,+0.2218,-9.4029,4.3887,34.0470,+4.4907,245.8267,198.7309
7727,0.51,-1.1628,-0.8442,-9.3970,8.2342,4025.2214,+4.9431,244.1050,371.9535
7728,0.53,-5.2127,-0.0311,-9.3832,4.1705,2.8772,+5.3506,230.0716,200.0040
7729,0.53,-4.8898,+0.1093,-9.3897,4.4999,37.5620,+7.8897,235.2579,223.2121
7730,0.50,-4.9567,-0.2302,-9.3962,4.4396,43.0823,+7.3401,264.0327,206.5077
7731,0.51,-4.9240,-0.1387,-9.4016,4.4777,35.2079,+6.4668,244.7712,212.7677
7732,0.52,-4.9714,+0.0715,-9.4112,4.4399,39.3197,+6.7866,264.9077,217.1556
7733,0.50,-4.9989,+0.0618,-9.3923,4.3935,52.4252,+7.8586,297.2720,216.9333
7734,0.51,-4.9236,-0.0280,-9.3883,4.4647,34.9421,+7.0194,244.5989,222.6390
7735,0.52,-4.9261,+0.0638,-9.3959,4.4698,40.7816,+7.0175,262.2521,214.2401
7736,0.51,-4.8155,-0.1007,-9.3867,4.5713,33.6571,+5.8601,208.0789,215.0640
7737,0.51,-5.3154,+0.0979,-9.4025,4.0870,4.1493,+6.5512,203.6102,190.8267
7738,0.51,-4.5270,+0.0738,-9.4034,4.8764,86.8159,+6.4360,194.0884,230.7482
7739,0.51,-4.7435,-0.0068,-9.4078,4.6643,29.6399,+7.0771,218.0609,226.2510
7740,0.50,-4.8745,+0.0925,-9.3985,4.5240,36.9235,+6.2556,240.2949,215.4097
7741,0.52,-4.7866,+0.1017,-9.3949,4.6083,34.0607,+6.2883,237.8002,223.4072
7742,0.53,-4.8359,-0.0957,-9.3957,4.5598,54.5453,+5.4314,236.6997,217.1353
7743,0.52,-4.2167,+1.3448,-9.3991,5.1824,381.6315,+6.6365,546.2671,245.1553
7744,0.52,-5.2707,-0.0608,-9.3815,4.1108,12.9507,+6.0509,190.7017,195.7342
7745,0.51,-5.0012,+0.2963,-9.3778,4.3766,33.8324,+7.8366,189.9572,202.1173
7746,0.52,-4.9269,-0.1857,-9.3920,4.4651,31.1691,+7.2012,213.0097,206.3426
7747,0.53,-5.2135,-0.0647,-9.3952,4.1816,4.3959,+6.1320,111.7162,183.8396
7748,0.52,-5.2019,-0.4779,-9.4050,4.2032,1.6178,+6.8268,102.2293,183.9963
7749,0.50,-5.1724,+0.0914,-9.4061,4.2337,1.7083,+8.2878,114.6255,203.8449
7750,0.52,-5.1301,-0.0561,-9.3994,4.2693,1.2507,+5.5955,77.9639,198.0845
7751,0.53,-5.1767,+0.0680,-9.3919,4.2152,1.9749,+7.8082,124.3353,202.8886
7752,0.53,-5.3059,-0.0026,-9.3880,4.0820,1.3358,+8.6875,130.1718,193.6541
7753,0.52,-5.1195,+0.1757,-9.3806,4.2611,3.6580,-1.2678,141.5496,180.0902
7754,0.53,-5.2068,-0.0377,-9.3843,4.1774,1.2273,+10.8291,189.9967,200.1105
7755,0.53,-5.2938,+0.1178,-9.3915,4.0976,1.7171,-2.5146,63.0291,177.5112
7756,0.53,-4.9511,+0.0155,-9.3813,4.4301,0.9945,+16.4330,313.2835,234.1483
7757,0.52,-5.1906,+0.1631,-9.3881,4.1974,1.3127,-2.9928,62.3472,176.0864
7758,0.55,-4.9454,+0.0134,-9.3986,4.4532,1.3048,+18.3807,388.3304,239.7751
7759,0.53,-5.2258,-0.1507,-9.3878,4.1620,1.7134,+0.1606,94.7385,184.3994
7760,0.53,-4.9797,+0.0476,-9.3869,4.4072,1.4079,+11.1067,184.2438,221.4236
7761,0.54,-5.0856,-0.0694,-9.3832,4.2976,1.3538,-3.6350,101.8613,183.2102
7762,0.54,-5.1911,-0.1150,-9.3856,4.1945,2.4102,+13.1480,238.0074,212.5717
7763,0.51,-5.4652,-0.0882,-9.3871,3.9219,1.6352,+0.3462,83.5511,169.4744
7764,0.56,-5.2774,-0.1733,-9.3861,4.1087,3.9560,+11.2001,203.6390,195.9700
7765,0.53,-4.5461,+0.0890,-9.3888,4.8427,102.8314,+9.8932,313.6152,239.1422
7766,0.51,-4.5504,-0.4816,-9.3881,4.8377,131.5345,+8.1474,321.6839,234.1615
7767,0.52,-5.1534,+0.1078,-9.4031,4.2497,3.5749,+5.3292,131.7145,198.0925
7768,0.53,-5.0586,-0.1676,-9.3993,4.3407,21.1594,+4.7533,180.0440,206.2195
7769,0.55,-5.2826,-0.1514,-9.4016,4.1189,3.4062,+6.9402,147.0170,193.7620
7770,0.51,-5.3103,-0.1112,-9.3929,4.0827,2.4941,-0.0757,64.4417,190.0331
7771,0.53,-5.2474,+0.2129,-9.3941,4.1467,2.0116,+13.7579,268.6943,215.2659
7772,0.54,-5.2795,+0.0652,-9.3900,4.1105,1.6413,+0.0442,69.2459,183.9624
7773,0.54,-5.2741,+0.0039,-9.3906,4.1165,1.2744,+13.8038,251.0161,217.2127
7774,0.53,-5.4098,+0.1007,-9.3919,3.9821,3.8648,-2.4601,68.9017,184.7319
7775,0.55,-5.3370,+0.1125,-9.3980,4.0610,1.3187,+7.3893,130.1994,194.2722
7776,0.55,-5.3682,+0.0959,-9.3985,4.0303,1.4867,-1.1906,49.8478,173.7141
7777,0.54,-5.0585,-0.0493,-9.3935,4.3350,1.3173,+12.6859,213.5090,225.3768
7778,0.53,-5.2690,-0.0082,-9.3998,4.1308,1.5599,+3.8856,90.4503,189.4529
7779,0.53,-5.3237,+0.1577,-9.3921,4.0684,0.9578,+5.0338,71.1167,184.4534
7780,0.55,-5.2703,+0.0852,-9.3859,4.1156,0.9329,+4.7156,93.3819,195.2977
7781,0.55,-5.3674,+0.0029,-9.3919,4.0245,1.6640,-3.5465,110.3617,172.5633
7782,0.55,-5.3351,+0.0017,-9.3958,4.0607,1.0089,+4.9284,63.4390,186.3967
7783,0.53,-5.3873,-0.0703,-9.3996,4.0123,1.7047,+8.8037,135.7348,197.8875
7784,0.55,-5.4239,-0.0245,-9.3964,3.9725,1.3454,+5.6190,85.5167,186.4967
7785,0.55,-5.2893,-0.2808,-9.3924,4.1031,9.3240,+1.8361,107.5239,195.4000
7786,0.53,-5.3591,+0.0116,-9.3928,4.0338,1.5869,+2.9843,108.1712,185.7195
7787,0.54,-5.4211,+0.0695,-9.3975,3.9763,1.1770,+4.2821,82.8564,181.1693
7788,0.53,-5.1149,+0.0878,-9.3909,4.2760,1.4179,+0.2624,88.6676,195.3320
7789,0.53,-5.2630,+0.0677,-9.3862,4.1232,1.7250,+5.7076,121.6938,197.2989
7790,0.53,-5.2575,-0.2899,-9.3843,4.1268,1.3410,-5.9518,111.6024,184.4538
7791,0.53,-5.3656,-0.1029,-9.3897,4.0242,0.9805,+13.8325,242.8007,214.6276
7792,0.54,-5.3611,-0.0171,-9.3909,4.0298,1.1903,-3.3050,90.8135,184.4585
7793,0.53,-5.3522,+0.0567,-9.4000,4.0478,0.9699,+15.7365,298.4655,222.2612
7794,0.54,-5.4742,-0.0781,-9.3991,3.9250,2.8661,-1.7357,75.1782,174.1895
7795,0.56,-5.4013,-0.1090,-9.3953,3.9940,1.8427,+11.3177,205.2198,206.1673
7796,0.55,-5.3702,-0.0574,-9.3824,4.0122,6.4765,+0.8058,134.4384,191.4822
7797,0.55,-5.4994,-0.1538,-9.4013,3.9019,1.7039,+8.1904,120.5718,188.6135
7798,0.54,-5.4850,+0.0744,-9.3960,3.9110,1.1429,+6.3524,128.5406,188.0424
7799,0.53,-5.3166,+0.0725,-9.3978,4.0812,2.6322,+8.0863,144.2300,196.3461
7800,0.53,-5.4271,-0.0816,-9.3923,3.9651,1.0135,+3.7923,63.7528,185.0113
7801,0.55,-5.4212,+0.0292,-9.3853,3.9641,1.0981,+4.7400,72.3078,189.8469
7802,0.54,-5.3325,-0.0127,-9.3911,4.0586,1.0576,+11.3476,176.9005,211.1284
7803,0.52,-5.4622,+0.0713,-9.4008,3.9386,1.6269,-3.8385,81.2929,171.7714
7804,0.55,-5.4239,+0.0635,-9.3765,3.9526,1.2438,+9.0768,130.1414,191.5738
7805,0.54,-5.4498,+0.0202,-9.3727,3.9229,2.1011,-2.4470,40.6059,167.4090
7806,0.56,-5.3444,+0.0694,-9.3771,4.0327,1.0764,+13.2353,239.4823,202.9613
7807,0.54,-5.6174,-0.0422,-9.3792,3.7618,3.2171,-1.3441,68.0126,151.4993
7808,0.56,-5.4416,+0.0551,-9.3814,3.9398,2.7425,+13.3563,264.2522,198.6780
7809,0.54,-5.3550,-0.0393,-9.3825,4.0275,3.7383,+2.6266,135.7345,181.1064
7810,0.55,-5.2910,-0.0577,-9.3924,4.1015,5.1385,+7.1444,164.3774,200.0864
7811,0.55,-5.4955,-0.0021,-9.3846,3.8891,1.5342,+9.7348,152.5361,192.0858
7812,0.52,-5.4601,-0.0753,-9.3803,3.9202,4.7493,-4.1226,85.9648,175.5920
7813,0.54,-5.4521,+0.0720,-9.3867,3.9345,1.1035,+9.3542,135.2978,191.2138
7814,0.55,-5.0624,+0.2311,-9.3874,4.3250,28.2351,+1.5243,56.1469,196.5757
7815,0.55,-5.0717,+0.0924,-9.3938,4.3221,26.0285,+5.7731,137.5080,202.9495
7816,0.52,-5.4120,-0.1265,-9.4095,3.9975,0.7722,+5.3605,84.4388,185.5260
7817,0.53,-5.4688,+0.0225,-9.4066,3.9377,1.0206,-0.2133,62.9875,172.5047
7818,0.55,-5.3631,+0.0611,-9.4092,4.0460,0.9010,+15.1117,272.5427,218.3764
7819,0.55,-5.3495,-0.0200,-9.4183,4.0688,1.0188,+0.3635,44.0577,175.9673
7820,0.54,-5.5232,+0.0935,-9.4080,3.8848,1.1493,+13.4152,221.4199,196.3629
7821,0.53,-5.5735,-0.0292,-9.4124,3.8389,1.4956,+3.2969,65.8988,170.9597
7822,0.56,-5.4944,-0.2596,-9.4066,3.9122,1.6334,+13.7452,236.2259,194.2312
7823,0.55,-5.4925,-0.1435,-9.4046,3.9121,1.2180,+8.4422,125.7779,187.3695
7824,0.55,-5.5407,+0.0681,-9.4021,3.8614,2.0446,+1.9315,56.7030,170.6029
7825,0.55,-5.5252,+0.0903,-9.4049,3.8797,1.2443,+11.7567,195.6570,191.6901
7826,0.56,-5.3976,-0.1335,-9.3962,3.9985,1.1342,-1.2660,50.5920,173.9021
7827,0.54,-5.4001,-0.1351,-9.4034,4.0032,0.8493,+13.5376,238.8676,202.0248
7828,0.54,-5.3658,-0.1519,-9.4162,4.0504,1.2292,+1.0084,60.5504,184.0755
7829,0.53,-5.5740,-0.0608,-9.4198,3.8458,1.3722,+9.0664,150.6764,187.6230
7830,0.53,-5.5136,+0.0124,-9.4066,3.8930,0.9118,-1.3210,45.9922,163.1186
7831,0.55,-5.6653,+0.0587,-9.4048,3.7394,1.3822,+6.4598,91.2577,164.0323
7832,0.54,-5.3548,+0.1660,-9.4071,4.0524,3.5876,+4.9543,180.1525,181.4525
7833,0.56,-5.1965,+0.0018,-9.3946,4.1981,24.4805,+2.4233,216.6790,193.9698
7834,0.52,-5.1719,-0.0088,-9.3992,4.2274,35.5026,+4.2355,212.6636,195.4608
7835,0.54,-5.4402,-0.0821,-9.3947,3.9545,7.0582,+4.8231,110.0278,180.5722
7836,0.55,-5.5230,-0.0677,-9.4023,3.8793,1.4177,+9.2597,138.4337,183.5692
7837,0.55,-5.5371,+0.0689,-9.4046,3.8675,2.6913,+2.1363,80.1455,164.3488
7838,0.55,-5.4941,+0.0617,-9.4090,3.9149,1.6023,+9.2681,127.8024,192.5923
7839,0.55,-5.3385,+0.0308,-9.3988,4.0604,0.9447,+9.2744,139.6022,194.3149
7840,0.55,-5.4518,+0.0162,-9.4002,3.9484,1.0560,+4.0379,79.8344,178.7709
7841,0.55,-5.2593,-0.1675,-9.4127,4.1534,1.1135,+16.7670,357.6283,224.3154
7842,0.54,-5.5621,-0.1946,-9.4187,3.8566,2.9890,+1.0409,119.0139,170.4663
7843,0.53,-5.5397,-0.0117,-9.4189,3.8792,1.0276,+5.3430,86.1724,181.9418
7844,0.55,-5.5381,+0.0609,-9.4212,3.8830,0.7974,+7.4461,107.0335,185.1630
7845,0.55,-5.4524,-0.0495,-9.4135,3.9612,2.5942,+4.3203,111.2958,174.5414
7846,0.55,-5.4167,-0.0096,-9.4142,3.9974,9.0351,+3.5575,110.9399,176.2031
7847,0.53,-5.6003,-0.0793,-9.4207,3.8204,1.7037,+5.4962,93.0274,173.4067
7848,0.56,-5.4460,+0.1123,-9.4169,3.9708,1.1482,+9.6695,154.3288,190.9842
7849,0.52,-5.3744,+0.1578,-9.4097,4.0353,3.6763,-0.6901,62.9863,175.2211
7850,0.53,-5.4172,+0.1187,-9.4096,3.9924,4.2231,+9.5675,204.5178,196.8285
7851,0.54,-5.5154,-0.0142,-9.4015,3.8862,3.3433,+6.5896,111.6304,184.2975
7852,0.53,-5.5208,+0.0495,-9.4055,3.8847,4.2039,+5.5386,93.7711,177.3285
7853,0.53,-5.4867,-0.0894,-9.4005,3.9138,1.8993,+10.2548,165.8376,193.9119
7854,0.55,-5.4656,+0.0203,-9.3918,3.9261,1.3905,+3.5214,122.0875,179.7919
7855,0.56,-5.5608,-0.0947,-9.3690,3.8083,2.1069,+8.8864,133.9921,174.6868
7856,0.55,-5.3061,-0.0879,-9.3805,4.0744,1.4035,+16.7668,375.9889,215.6882
7857,0.54,-5.5113,+0.0870,-9.3834,3.8721,1.7142,+0.9770,74.0468,178.6929
7858,0.54,-5.3202,+0.0061,-9.3806,4.0604,1.3447,+17.4212,344.6030,219.2198
7859,0.55,-5.4875,+0.0580,-9.3778,3.8903,1.3275,+2.1011,51.8882,174.5856
7860,0.56,-5.3655,+0.1627,-9.3849,4.0194,1.1126,+13.6196,235.7788,210.8556
7861,0.54,-5.4900,+0.0600,-9.3909,3.9009,1.2048,+3.6255,90.4127,176.0858
7862,0.54,-5.3051,-0.0070,-9.3895,4.0844,1.0599,+11.0619,172.6732,202.8132
7863,0.55,-5.6316,+0.0667,-9.4021,3.7704,1.6625,+6.8869,129.9666,180.5635
7864,0.52,-5.4032,-0.0042,-9.3979,3.9947,2.8338,+1.3948,93.8124,184.6734
7865,0.53,-5.1264,+0.0993,-9.4114,4.2851,17.0314,+5.4104,219.3846,212.7074
7866,0.53,-4.9626,+0.0367,-9.4055,4.4430,60.9072,+5.7550,382.1882,209.4960
7867,0.53,-4.8874,+0.0203,-9.3983,4.5108,51.8020,+6.0871,322.0712,224.7203
7868,0.53,-4.7941,+0.1623,-9.4004,4.6063,61.3589,+7.2314,340.4848,231.4621
7869,0.55,-5.2043,+0.1258,-9.4023,4.1981,34.4448,+7.2934,217.2245,206.8396
7870,0.54,-5.2239,+0.0539,-9.4003,4.1764,26.3758,+6.1637,173.6708,200.2069
7871,0.53,-5.3142,+0.1354,-9.3968,4.0826,30.1066,+6.8827,188.8814,200.6495
7872,0.54,-5.3743,+0.1206,-9.3944,4.0201,11.4041,+6.9328,176.7573,196.8828
7873,0.54,-5.5731,+0.0262,-9.4016,3.8285,1.3908,+6.4592,96.0098,179.7626
7874,0.55,-5.4518,+0.0529,-9.3923,3.9405,1.4399,+10.3964,196.3636,204.1723
7875,0.53,-5.4084,+0.0275,-9.4031,3.9946,1.1344,-1.7641,83.0146,186.3907
7876,0.52,-5.4613,+0.0545,-9.3933,3.9320,1.3373,+11.5220,188.5455,195.4944
7877,0.55,-5.3188,-0.0053,-9.3966,4.0778,0.9655,-5.7722,113.8513,188.4970
7878,0.55,-5.4188,-0.0416,-9.3973,3.9785,1.1189,+11.8955,186.5268,211.2810
7879,0.55,-5.4984,+0.0699,-9.4067,3.9083,1.1301,+4.5600,74.4141,191.9670
7880,0.53,-5.4492,-0.0141,-9.4113,3.9621,1.2561,+10.7931,163.8358,205.4181
7881,0.54,-5.5388,+0.0395,-9.4257,3.8869,1.5981,+2.3224,61.7488,173.4449
7882,0.53,-5.5362,+0.0058,-9.4340,3.8978,1.1987,+10.1702,184.8609,190.0920
7883,0.51,-5.6888,+0.0178,-9.4197,3.7309,2.3502,+0.0379,69.7359,163.5168
7884,0.56,-5.5337,+0.0140,-9.4072,3.8735,1.2571,+7.6134,123.4078,177.9673
7885,0.53,-5.6591,-0.0285,-9.4137,3.7547,2.5591,+4.3182,69.5246,166.0031
7886,0.55,-5.4353,+0.0349,-9.3979,3.9627,2.9911,+0.8497,126.8511,180.2085
7887,0.55,-5.6485,-0.0213,-9.3974,3.7489,2.6748,+8.6369,153.3891,173.0258
7888,0.58,-5.6214,-0.0718,-9.4013,3.7799,2.2725,+11.1812,185.9773,179.5646
7889,0.54,-5.5663,-0.0529,-9.4018,3.8355,1.2268,+5.9373,130.4675,175.2968
7890,0.54,-5.4730,-0.0200,-9.4040,3.9311,1.0971,+9.4499,135.4148,189.9275
7891,0.58,-5.3881,+0.1750,-9.3990,4.0109,1.9942,+6.8444,122.1656,192.2443
7892,0.54,-5.3497,+0.1084,-9.4023,4.0526,1.2607,+5.4952,100.6065,197.4775
7893,0.54,-5.5911,+0.1094,-9.4015,3.8104,1.2202,+0.5942,49.9342,164.8235
7894,0.55,-5.3342,-0.1318,-9.3861,4.0519,3.5081,+15.0604,290.2272,206.9077
7895,0.55,-5.5149,-0.1123,-9.3838,3.8689,1.5183,+1.9652,61.0962,172.0183
7896,0.53,-5.5709,+0.0743,-9.3907,3.8198,1.4317,+8.0153,116.7296,162.9377
7897,0.54,-5.6687,+0.1799,-9.3931,3.7244,1.8848,+7.8890,131.7030,162.5177
7898,0.55,-5.5084,+0.1128,-9.3866,3.8782,3.4228,+6.9032,182.7066,179.2668
7899,0.55,-5.6593,-0.0184,-9.3856,3.7263,1.8454,+2.3397,104.2063,158.7805
7900,0.55,-5.4789,+0.0699,-9.3835,3.9046,3.4421,+3.8782,119.5322,173.9407
7901,0.55,-5.5427,+0.2049,-9.3869,3.8442,1.5828,+3.5896,76.7370,165.5115
7902,0.55,-5.4704,+0.1187,-9.3947,3.9242,1.4326,+8.8882,136.3508,182.7388
7903,0.56,-5.5550,+0.1026,-9.3928,3.8378,1.3744,+3.7184,61.9173,168.6396
7904,0.56,-5.6046,-0.0239,-9.4026,3.7980,0.9304,+9.3046,129.6839,190.3962
7905,0.54,-5.4585,-0.0542,-9.4122,3.9537,1.4209,-0.0507,41.9647,185.1219
7906,0.55,-5.5672,-0.1552,-9.4095,3.8423,0.8347,+12.4636,214.9198,188.1035
7907,0.55,-5.6632,+0.0487,-9.3927,3.7295,1.5643,+1.5422,64.4223,168.9423
7908,0.56,-5.4150,-0.0580,-9.3787,3.9637,1.3665,+14.1304,263.1360,203.8849
7909,0.57,-5.2950,+0.0031,-9.4042,4.1092,1.5142,+4.4500,109.7298,186.8775
7910,0.55,-5.3336,-0.0629,-9.4049,4.0712,9.9735,+7.5090,175.9725,204.3871
7911,0.54,-5.4351,-0.1670,-9.4142,3.9792,11.1218,+5.5909,178.7005,196.0874
7912,0.55,-5.7321,-0.0894,-9.4281,3.6961,2.2180,+9.0433,168.5416,189.8815
7913,0.55,-5.4755,-0.1678,-9.4384,3.9629,0.9916,+1.2573,51.6076,191.7975
7914,0.56,-5.4162,-0.1413,-9.4287,4.0125,1.5122,+17.0289,338.1748,222.0182
7915,0.55,-5.4551,-0.0545,-9.4280,3.9730,0.8296,+2.4161,57.0882,179.8008
7916,0.57,-5.4718,-0.0883,-9.4138,3.9420,0.5907,+13.6162,229.5842,211.9524
7917,0.56,-5.5653,+0.0554,-9.4157,3.8503,3.0034,+3.6457,81.4141,182.9134
7918,0.54,-5.3842,-0.0385,-9.4112,4.0270,1.2029,+5.6589,98.9793,193.9862
7919,0.54,-5.4191,+0.0367,-9.4138,3.9947,1.1405,+10.7014,197.4255,203.6488
7920,0.53,-5.3916,-0.0865,-9.4198,4.0282,1.0859,-2.7598,59.0941,173.1837
7921,0.54,-5.4036,+0.0225,-9.4006,3.9970,2.6046,+14.0638,244.4697,207.6681
7922,0.55,-5.7726,-0.1015,-9.4059,3.6333,1.3840,+3.8718,74.2011,169.6998
7923,0.55,-5.6249,+0.0498,-9.4039,3.7790,1.7331,+8.8443,133.2169,185.6895
7924,0.55,-5.9085,-0.0045,-9.4066,3.4982,28.3887,+7.4048,141.9158,158.9695
7925,0.54,-5.6424,-0.0733,-9.4085,3.7660,0.8981,+5.9560,90.4855,174.5449
7926,0.56,-5.3803,-0.1339,-9.4060,4.0257,1.8443,+5.9296,118.4424,185.4459
7927,0.56,-5.4992,+0.0525,-9.3983,3.8992,2.5845,+7.4994,144.8280,177.0049
7928,0.56,-5.5986,-0.0438,-9.3931,3.7945,2.8295,+5.9382,98.9268,171.8300
7929,0.55,-5.2607,+0.1994,-9.4070,4.1463,25.7535,+9.7286,308.7667,201.3991
7930,0.54,-5.3609,+0.0702,-9.4128,4.0519,27.2748,+6.4635,224.4646,194.2704
7931,0.55,-5.5373,+0.0154,-9.4135,3.8762,6.8984,+5.1883,150.2032,185.2431
7932,0.55,-5.4368,+0.0047,-9.4296,3.9928,28.5056,+4.5124,197.3369,189.4738
7933,0.53,-5.3060,-0.0545,-9.4289,4.1230,20.7966,+4.2962,158.0983,191.7076
7934,0.54,-5.3648,-0.2414,-9.4163,4.0514,24.1193,+2.6060,155.3155,186.1308
7935,0.55,-5.4012,+0.0586,-9.4283,4.0271,24.5618,+4.4717,130.7320,178.1747
7936,0.53,-5.2229,+0.0600,-9.4309,4.2080,39.3045,+4.0608,116.7473,188.2725
7937,0.53,-5.4611,+0.1026,-9.4337,3.9727,32.1085,+4.0939,163.8195,190.1292
7938,0.55,-5.3216,+0.1133,-9.4276,4.1060,36.2202,+4.6299,194.4805,198.9463
7939,0.52,-5.1568,-0.0742,-9.4231,4.2662,62.1430,+4.7064,247.3028,206.8841
7940,0.53,-5.4634,+0.1026,-9.4272,3.9638,4.5425,+6.4536,90.6049,191.5289
7941,0.54,-5.4263,+0.0986,-9.4280,4.0017,4.6124,+8.9318,158.9876,194.8967
7942,0.55,-5.6425,+0.1722,-9.4175,3.7750,1.8045,+1.9375,37.6694,162.4214
7943,0.53,-5.2321,-0.1061,-9.4218,4.1897,27.0838,+1.3595,179.3476,199.8735
7944,0.53,-5.1828,+0.1081,-9.4196,4.2367,38.8800,+3.8457,184.9185,191.0201
7945,0.52,-5.3107,-0.0382,-9.4310,4.1203,22.6441,+3.8968,126.6253,186.6176
7946,0.55,-5.2651,-0.1423,-9.4298,4.1647,31.9391,+4.5107,185.3501,186.1046
7947,0.52,-5.3272,+0.2252,-9.4284,4.1011,29.2239,+6.3060,229.5781,189.1435
7948,0.55,-5.4456,-0.0547,-9.4371,3.9915,22.9350,+6.4920,160.7961,194.4268
7949,0.52,-5.5542,+0.0805,-9.4265,3.8723,6.4547,+6.8521,137.1333,185.3880
7950,0.54,-5.6502,+0.0499,-9.4214,3.7712,2.6884,+5.6067,98.2879,178.0759
7951,0.54,-5.1458,-0.1418,-9.4198,4.2741,34.2711,+0.3521,62.6562,201.2707
7952,0.55,-5.5176,+0.1015,-9.4313,3.9136,1.0048,+5.4638,69.8126,176.5357
7953,0.56,-5.4233,+0.0461,-9.4212,3.9980,2.5314,+8.7796,165.7000,191.8888
7954,0.54,-5.4554,+0.0712,-9.4366,3.9812,1.6584,-1.9407,74.6423,185.9658
7955,0.55,-5.4806,+0.0161,-9.4158,3.9352,1.3191,+11.0680,168.1843,202.3387
7956,0.54,-5.5822,-0.0137,-9.4223,3.8402,1.2032,-1.4281,60.6039,159.8016
7957,0.56,-5.3039,+0.0847,-9.4216,4.1176,0.8341,+13.3847,238.2304,222.7075
7958,0.53,-5.6982,+0.1229,-9.4355,3.7372,1.4026,-1.9041,85.0405,164.5883
7959,0.54,-5.5358,+0.0133,-9.4391,3.9032,1.5866,+6.9406,141.6875,180.6305
7960,0.52,-5.6106,-0.0534,-9.4354,3.8248,1.4424,+0.0920,42.7733,171.4212
7961,0.56,-5.5446,+0.1749,-9.4246,3.8800,1.7805,+14.5408,287.9389,209.4370
7962,0.56,-5.4650,-0.0904,-9.4359,3.9709,3.9157,+0.6902,61.8040,181.8468
7963,0.55,-5.4135,+0.0554,-9.4391,4.0256,2.1870,+7.6465,123.0186,196.9153
7964,0.54,-5.4492,-0.0576,-9.4549,4.0057,2.7553,+1.6066,73.8420,181.5811
7965,0.52,-5.5291,+0.0612,-9.4424,3.9132,0.6915,+6.1695,99.9137,190.2773
7966,0.54,-5.3009,+0.1048,-9.4395,4.1386,1.3596,-4.7088,85.7806,182.7681
7967,0.54,-5.4698,-0.0102,-9.4272,3.9573,0.8082,+12.0631,188.8289,198.8286
7968,0.55,-5.5447,-0.0537,-9.4454,3.9007,1.2636,-4.1124,68.2876,174.0065
7969,0.56,-5.4996,-0.0230,-9.4345,3.9349,0.8577,+13.0680,214.4386,208.3225
7970,0.56,-5.6054,+0.0556,-9.4294,3.8240,0.8697,-2.2043,55.5504,170.6164
7971,0.55,-5.5171,-0.0753,-9.4432,3.9261,1.0105,+10.2089,148.2452,196.2782
7972,0.54,-5.9775,+0.1839,-9.4433,3.4658,8.0093,+4.5470,113.4233,164.0756
7973,0.55,-5.6469,-0.0166,-9.4402,3.7932,6.8991,+7.1960,122.0028,175.2785
7974,0.56,-5.4032,+0.0415,-9.4453,4.0421,5.1755,+7.3995,140.0946,195.7647
7975,0.55,-5.4727,-0.0745,-9.4428,3.9701,5.1460,+8.6046,170.3100,196.2196
7976,0.54,-5.4911,-0.0539,-9.4336,3.9424,1.7970,+9.9637,194.9456,198.6040
7977,0.55,-5.1290,+0.1581,-9.4368,4.3078,13.9012,-1.5334,200.6393,199.2141
7978,0.53,-5.5619,+0.0859,-9.4222,3.8603,1.4042,+3.8312,91.6824,177.0422
7979,0.55,-5.0016,+0.3176,-9.4366,4.4350,8.0376,-3.1763,158.6257,212.2542
7980,0.53,-5.4676,+0.0887,-9.4425,3.9749,1.0985,+1.3983,60.4799,182.4280
7981,0.52,-5.1617,-0.0924,-9.4386,4.2769,7.2460,+11.4240,253.1685,215.8603
7982,0.53,-5.4357,+0.0490,-9.4421,4.0065,1.2536,+8.6687,158.9891,187.3691
7983,0.53,-5.5465,-0.1295,-9.4453,3.8988,4.7144,-0.4653,97.6628,173.4545
7984,0.53,-5.5986,-0.1013,-9.4435,3.8450,6.4067,+6.7047,139.3526,175.7374
7985,0.54,-5.0917,+0.0781,-9.4354,4.3437,36.4805,+5.7234,239.7827,212.5259
7986,0.54,-5.1696,+0.0178,-9.4247,4.2551,45.5242,+6.9758,266.4919,198.4518
7987,0.54,-5.1142,+0.0587,-9.4298,4.3156,33.8015,+7.7916,246.1259,206.5047
7988,0.53,-5.2625,+0.0316,-9.4113,4.1488,32.6997,+6.5351,211.2644,194.6460
7989,0.55,-5.3433,+0.0921,-9.4126,4.0693,26.3566,+7.4250,209.9997,189.9021
7990,0.55,-5.1762,-0.1309,-9.4198,4.2435,35.3177,+8.3333,265.6874,207.8197
7991,0.54,-5.2494,+0.0847,-9.4226,4.1732,45.4344,+8.1823,267.0385,208.3442
7992,0.53,-5.6553,+0.1067,-9.4347,3.7794,1.2647,+8.0311,226.3071,186.0393
7993,0.55,-4.5967,+0.2340,-9.4275,4.8308,118.1748,+7.4792,238.1584,219.1683
7994,0.56,-5.3412,-0.0107,-9.4260,4.0849,26.4535,+7.6530,217.0145,197.5996
7995,0.55,-5.0271,+0.0624,-9.4185,4.3914,36.8387,+9.2496,249.9259,219.8528
7996,0.54,-5.0169,-0.1068,-9.4305,4.4135,39.7777,+8.3067,270.2427,229.1891
7997,0.54,-5.1446,-0.0033,-9.4274,4.2828,47.0517,+7.1427,307.8881,221.4587
7998,0.53,-5.0961,-0.3674,-9.4205,4.3245,43.5075,+7.6132,308.1882,233.5909
7999,0.54,-5.3782,-0.1884,-9.4379,4.0597,21.8454,+7.2346,255.3754,202.2476
8000,0.53,-5.3302,+0.0325,-9.4335,4.1032,36.2311,+4.6035,197.5164,199.2829
8001,0.53,-5.2059,+0.0652,-9.4417,4.2358,27.3779,+4.4043,175.5089,211.7593
8002,0.55,-5.2095,+0.1049,-9.4472,4.2377,31.3353,+5.5263,190.2575,215.9200
8003,0.54,-5.4147,-0.0091,-9.4395,4.0248,37.0327,+5.2076,200.5926,191.2807
8004,0.53,-5.3545,+0.0311,-9.4479,4.0934,33.1216,+6.3942,219.9798,194.4500
8005,0.54,-5.2745,+0.0587,-9.4391,4.1646,42.4111,+5.9075,225.6226,198.9328
8006,0.54,-5.0244,-0.1307,-9.4294,4.4050,94.8928,+6.7283,312.3751,217.4060
8007,0.53,-5.3120,-0.1540,-9.4275,4.1155,33.6431,+6.9351,240.1646,203.8127
8008,0.53,-5.2900,-0.1159,-9.4309,4.1408,35.7862,+6.2348,190.1655,200.1638
8009,0.53,-5.2543,+0.1075,-9.4290,4.1747,55.0204,+5.7285,213.4188,198.5599
8010,0.54,-5.3590,-0.1425,-9.4346,4.0755,16.7915,+6.6350,179.0998,192.2930
8011,0.55,-5.5409,+0.0241,-9.4339,3.8930,29.8590,+6.9908,218.4315,189.5815
8012,0.54,-5.2796,+0.0519,-9.4212,4.1415,55.3720,+5.7501,241.0102,198.9427
8013,0.54,-5.3120,+0.0467,-9.4331,4.1211,25.8813,+5.9145,173.4922,192.3099
8014,0.55,-5.3750,+0.0115,-9.4379,4.0629,27.1621,+7.7266,196.1263,195.1864
8015,0.55,-5.3196,+0.0199,-9.4318,4.1122,38.7662,+6.7397,235.1412,200.7042
8016,0.53,-5.3271,+0.0981,-9.4207,4.0936,32.6871,+6.7222,189.9907,193.8590
8017,0.54,-5.1913,+0.0496,-9.4309,4.2395,48.0687,+7.9658,290.9358,211.6195
8018,0.55,-5.2381,-0.1006,-9.4232,4.1851,58.5487,+6.9560,266.0502,207.2939
8019,0.55,-5.4181,+0.0849,-9.4187,4.0006,21.4097,+6.5451,185.1740,191.1603
8020,0.56,-5.2730,+0.1203,-9.4096,4.1366,35.6925,+6.3236,219.8928,197.7442
8021,0.53,-5.2314,+0.0865,-9.4162,4.1848,56.0955,+6.6983,249.6200,198.5327
8022,0.54,-5.3742,-0.0746,-9.4273,4.0532,32.0741,+7.4798,229.5123,201.6730
8023,0.54,-5.0444,-0.1679,-9.4305,4.3861,90.4633,+7.4709,301.9944,205.3963
8024,0.54,-5.2868,+0.0515,-9.4367,4.1499,40.8117,+6.2099,216.7034,199.9946
8025,0.53,-5.2486,+0.0082,-9.4322,4.1836,33.4007,+6.1542,187.1430,199.0452
8026,0.54,-5.4367,+0.2271,-9.4176,3.9809,32.4143,+6.6685,219.6353,183.4490
8027,0.55,-5.2326,-0.0487,-9.4225,4.1899,44.8840,+6.5042,227.9028,202.4229
8028,0.56,-5.4284,+0.2220,-9.4254,3.9970,31.6645,+6.9630,203.1165,183.2298
8029,0.55,-5.4591,+0.0970,-9.4153,3.9562,30.9129,+5.5692,213.5693,186.0249
8030,0.54,-5.2816,-0.0479,-9.4222,4.1406,38.1146,+6.0076,226.1359,205.0110
8031,0.54,-5.3159,-0.0230,-9.4151,4.0992,38.2107,+7.2062,245.2081,200.1857
8032,0.53,-5.2466,+0.0268,-9.4336,4.1869,46.7686,+7.0327,254.3977,201.0305
8033,0.54,-5.2684,-0.0773,-9.4366,4.1682,29.7436,+5.8590,183.6207,197.5388
8034,0.56,-5.0945,+0.0466,-9.4340,4.3395,84.3237,+5.6556,199.8692,205.3748
8035,0.52,-5.1472,-0.0373,-9.4283,4.2811,41.5990,+6.6519,206.2670,217.5194
8036,0.55,-5.2610,+0.0305,-9.4234,4.1623,30.6267,+7.2815,186.7211,197.2617
8037,0.54,-5.3087,-0.0077,-9.4314,4.1226,35.2740,+6.7593,225.4043,201.4463
8038,0.55,-5.2673,+0.0276,-9.4228,4.1555,43.7335,+6.9382,224.0959,200.1861
8039,0.55,-5.1394,+0.1651,-9.4191,4.2796,35.5210,+7.2412,228.8837,208.7758
8040,0.55,-5.2518,-0.0418,-9.4179,4.1660,34.0502,+7.6792,236.1049,210.5668
8041,0.54,-5.3559,-0.1924,-9.4141,4.0581,11.1045,+7.6004,163.0485,203.9558
8042,0.55,-5.3017,-0.0705,-9.4191,4.1174,26.7149,+7.0876,194.8965,197.9059
8043,0.53,-5.2426,-0.0372,-9.4179,4.1753,33.9378,+6.8039,203.8003,203.8247
8044,0.54,-5.2882,+0.0104,-9.4243,4.1362,21.7251,+6.1947,149.5565,201.3834
8045,0.56,-5.3469,-0.0161,-9.4222,4.0753,26.0087,+6.0114,176.0397,190.9216
8046,0.54,-5.1390,-0.0640,-9.4202,4.2812,51.9505,+7.2430,239.8990,211.0519
8047,0.53,-5.2737,-0.0924,-9.4176,4.1440,24.4186,+5.5322,146.0193,194.3445
8048,0.53,-5.2621,+0.1136,-9.4232,4.1611,27.8012,+5.7670,158.0544,191.1031
8049,0.55,-5.1582,-0.0251,-9.4292,4.2710,40.2468,+5.9769,227.6432,200.0219
8050,0.53,-5.0996,-0.0818,-9.4370,4.3374,50.5538,+5.7562,250.7493,212.9582
8051,0.54,-5.3661,-0.0919,-9.4264,4.0604,43.6072,+6.2754,233.8593,189.1423
8052,0.53,-5.3373,-0.1491,-9.4277,4.0904,26.9164,+6.7185,206.9372,196.0442
8053,0.54,-5.0835,-0.1193,-9.4273,4.3438,55.3370,+6.7202,263.7074,211.9545
8054,0.54,-5.2778,-0.0391,-9.4182,4.1404,36.4067,+6.2780,223.2849,200.8862
8055,0.54,-5.2010,-0.0290,-9.4323,4.2313,36.9176,+6.6661,227.7342,206.5237
8056,0.52,-5.0845,+0.0080,-9.4248,4.3403,54.7962,+7.5627,273.3945,215.8021
8057,0.53,-5.3330,+0.0241,-9.4215,4.0885,35.8625,+5.5324,197.6787,204.2491
8058,0.54,-5.1997,+0.0967,-9.4318,4.2321,61.5731,+7.2332,271.9744,211.7218
8059,0.53,-5.4233,-0.0159,-9.4303,4.0069,30.0617,+6.4315,234.8781,211.9028
8060,0.52,-5.3888,+0.0327,-9.4220,4.0332,38.2675,+6.6284,236.7554,197.5182
8061,0.54,-5.4295,+0.0245,-9.4284,3.9988,21.8035,+4.1120,142.5285,190.3571
8062,0.55,-5.3556,+0.0656,-9.4308,4.0751,36.0905,+4.8341,166.2801,184.8716
8063,0.53,-5.2299,+0.2746,-9.4246,4.1946,35.1330,+4.3542,163.3585,192.5608
8064,0.55,-5.7251,-0.0510,-9.4280,3.7029,1.4112,+3.7536,42.0712,169.9190
8065,0.55,-5.4505,-0.0565,-9.4395,3.9890,1.1132,+9.2615,148.5525,192.2743
8066,0.53,-5.5746,+0.0381,-9.4358,3.8612,1.2976,+3.5676,78.6105,175.5037
8067,0.54,-5.4801,-0.0938,-9.4304,3.9503,1.3348,+3.2178,52.5231,183.9714
8068,0.54,-5.4050,+0.0649,-9.4407,4.0357,1.6377,+12.2340,200.4533,197.6583
8069,0.54,-5.3638,+0.0170,-9.4444,4.0806,3.2905,+3.0004,93.4703,184.6314
8070,0.53,-5.6388,-0.0690,-9.4362,3.7974,4.6508,+1.9808,42.0965,160.6974
8071,0.53,-5.4826,-0.0013,-9.4335,3.9509,2.3054,+8.2435,127.3265,189.7654
8072,0.54,-5.4198,+0.0909,-9.4316,4.0118,1.5199,+6.3544,111.7769,186.5569
8073,0.54,-5.4898,-0.0340,-9.4348,3.9450,1.3576,+2.5933,54.3008,176.6434
8074,0.54,-5.3913,+0.0882,-9.4339,4.0425,1.3863,+12.1481,216.8207,215.5710
8075,0.52,-5.3946,-0.2463,-9.4406,4.0460,2.0104,-1.0940,130.6384,176.4489
8076,0.53,-5.6604,+0.1233,-9.4433,3.7829,2.2770,+5.5260,92.6420,171.8384
8077,0.54,-5.7097,-0.0570,-9.4416,3.7319,5.1938,+5.9006,97.9596,164.6728
8078,0.56,-5.4123,-0.1544,-9.4410,4.0288,7.9539,+7.1473,119.9436,184.6494
8079,0.55,-5.3950,-0.0364,-9.4411,4.0461,1.4326,+6.6877,97.5292,185.9890
8080,0.54,-5.3337,-0.0333,-9.4401,4.1064,1.5702,-2.2498,83.4922,185.5773
8081,0.55,-5.6797,+0.0818,-9.4447,3.7650,1.4655,+10.9509,182.4284,192.1743
8082,0.54,-5.4394,-0.1293,-9.4326,3.9932,1.4052,+2.7484,83.1891,190.2675
8083,0.55,-5.5751,+0.1158,-9.4182,3.8431,1.0299,+11.7573,202.4395,190.7010
8084,0.54,-5.4096,+0.0081,-9.4282,4.0185,1.3839,-3.2002,88.6078,173.4585
8085,0.54,-5.4319,+0.1224,-9.4324,4.0005,1.2151,+10.7742,173.9001,192.8209
8086,0.55,-5.6092,-0.0405,-9.4167,3.8075,1.4205,-1.0279,58.3894,167.5767
8087,0.54,-5.4509,+0.0649,-9.4138,3.9629,0.8189,+13.2756,216.6362,202.7979
8088,0.56,-5.5314,+0.1197,-9.4125,3.8810,1.0297,+5.8919,107.7914,180.4813
8089,0.54,-5.3258,-0.0249,-9.4120,4.0862,1.0482,+14.8715,290.9874,213.8539
8090,0.55,-5.5223,+0.0416,-9.4183,3.8961,1.1246,-1.1220,78.5349,166.6693
8091,0.56,-5.4068,-0.0222,-9.4322,4.0254,0.9861,+14.5377,267.1662,213.8062
8092,0.55,-5.4135,-0.0582,-9.4368,4.0233,2.4616,-0.3413,110.6026,171.5290
8093,0.54,-5.6523,+0.0341,-9.4428,3.7905,1.7250,+11.0309,183.2721,181.9628
8094,0.57,-5.5110,-0.0586,-9.4292,3.9182,1.7630,+7.2229,156.1897,181.6846
8095,0.55,-5.6298,+0.0513,-9.4328,3.8030,0.7841,+8.0328,107.3549,170.5614
8096,0.55,-5.6506,-0.0520,-9.4303,3.7798,0.7735,+5.7039,79.0787,168.8045
8097,0.56,-5.6121,+0.0169,-9.4296,3.8175,1.0087,+4.3031,59.7689,167.6310
8098,0.55,-5.5316,+0.0046,-9.4269,3.8953,0.8511,+3.7328,56.2213,185.0352
8099,0.54,-5.4816,-0.0561,-9.4133,3.9317,0.8078,+13.7932,249.6912,205.1414
8100,0.54,-5.3732,+0.1542,-9.4008,4.0276,2.1292,-0.9851,120.5340,186.3144
8101,0.55,-5.4979,-0.1592,-9.4024,3.9045,2.5915,+3.5711,65.5358,180.8314
8102,0.54,-5.6705,+0.0558,-9.4030,3.7324,1.5797,+8.5566,112.7879,174.9880
8103,0.56,-5.5958,+0.0709,-9.4176,3.8219,0.9290,+8.4274,152.9839,182.0995
8104,0.55,-5.3691,-0.0994,-9.4187,4.0497,1.6932,+2.1397,70.1005,176.2838
8105,0.56,-5.6938,-0.0278,-9.4207,3.7269,1.1244,+8.9340,134.0064,182.6587
8106,0.55,-5.7713,+0.0127,-9.4209,3.6496,1.7593,+8.4257,131.3423,169.2499
8107,0.57,-5.7409,-0.2761,-9.4190,3.6781,4.1805,-0.5269,112.5560,164.0439
8108,0.55,-5.5687,-0.2515,-9.4141,3.8454,3.0389,+9.0191,200.7164,178.7254
8109,0.55,-5.7305,+0.0285,-9.4209,3.6903,3.2156,+3.8148,113.4844,162.3443
8110,0.55,-5.5418,-0.0771,-9.4114,3.8696,1.8662,+8.2766,129.4936,187.3520
8111,0.56,-5.5579,-0.1295,-9.4057,3.8478,1.2176,+10.6896,172.5457,189.5453
8112,0.54,-4.9886,-0.1536,-9.4124,4.4238,48.4434,-1.8014,101.2855,197.4849
8113,0.54,-5.2093,-0.0814,-9.4131,4.2038,4.4513,-2.4650,110.2082,186.1602
8114,0.55,-5.1337,+0.0603,-9.4102,4.2765,6.2833,+0.9545,62.5416,169.2965
8115,0.54,-5.5323,-0.1020,-9.4033,3.8710,0.8780,+5.2475,76.7343,172.7391
8116,0.55,-5.4850,+0.0851,-9.4146,3.9297,0.9436,-0.5406,47.9042,161.7764
8117,0.54,-5.5211,-0.1251,-9.4272,3.9061,1.4123,+11.2353,171.0596,186.0161
8118,0.57,-5.4486,+0.0516,-9.4124,3.9637,1.2954,-0.9141,58.5762,184.0929
8119,0.56,-5.5721,+0.0217,-9.4167,3.8446,1.7534,+12.9801,204.5195,191.5741
8120,0.55,-5.5221,+0.0178,-9.4354,3.9133,0.8265,+0.8709,40.2297,180.2581
8121,0.55,-5.3825,-0.1000,-9.4311,4.0486,0.9021,+13.8655,245.3415,210.5464
8122,0.54,-5.4182,+0.0533,-9.4441,4.0259,1.8633,-1.2085,69.6242,186.5018
8123,0.53,-5.5254,+0.2717,-9.4495,3.9241,7.3139,+11.1263,196.2171,199.0557
8124,0.56,-5.3057,-0.1675,-9.4433,4.1376,37.7061,+4.5668,81.6580,176.4450
8125,0.52,-5.3846,-0.1042,-9.4378,4.0532,0.9165,+6.2338,104.7721,188.6522
8126,0.53,-5.3226,+0.0107,-9.4521,4.1296,0.7493,+4.5057,79.6637,194.7250
8127,0.53,-5.6625,-0.0218,-9.4362,3.7736,1.6647,+3.7496,70.9182,166.8256
8128,0.56,-5.5440,+0.0431,-9.4242,3.8802,1.3097,+9.0630,130.5294,192.9590
8129,0.52,-5.5243,-0.0033,-9.4292,3.9049,1.4740,+3.2940,63.8432,184.3043
8130,0.54,-5.4937,-0.1726,-9.4370,3.9432,1.1076,+14.5453,268.6857,214.2478
8131,0.55,-5.6719,-0.0226,-9.4412,3.7694,1.4502,+4.3686,82.4743,171.3651
8132,0.56,-5.4099,+0.0322,-9.4611,4.0512,0.8049,+10.9944,177.3027,198.9064
8133,0.55,-5.3229,+0.0037,-9.4474,4.1245,1.1760,-2.1496,58.1517,185.2101
8134,0.57,-5.5285,+0.0933,-9.4350,3.9065,1.0670,+12.2504,201.1424,198.1058
8135,0.56,-5.5848,+0.0392,-9.4314,3.8465,1.1596,+1.9027,74.8462,175.7300
8136,0.55,-5.4023,+0.0278,-9.4406,4.0383,2.3321,+11.7811,194.7801,207.2413
8137,0.55,-5.7573,-0.0191,-9.4383,3.6810,1.4688,+3.5060,58.3404,170.4043
8138,0.55,-5.8810,+0.0228,-9.4457,3.5647,0.8462,+3.6125,81.8134,163.4128
8139,0.57,-5.6123,-0.1667,-9.4492,3.8369,1.1973,+10.3005,204.3831,199.6599
8140,0.55,-5.5052,-0.0580,-9.4312,3.9259,7.1919,+0.2241,142.3943,186.7288
8141,0.54,-5.4348,-0.1191,-9.4210,3.9863,14.7649,+1.7049,159.3680,192.3492
8142,0.56,-5.4923,-0.0217,-9.4105,3.9182,16.6270,+5.4646,200.5025,192.5252
8143,0.54,-5.3929,+0.0752,-9.4275,4.0346,28.3627,+7.4119,272.6255,199.6686
8144,0.55,-5.3130,-0.0447,-9.4073,4.0943,47.3342,+7.2717,325.8990,208.7413
8145,0.56,-5.2566,+0.1291,-9.4100,4.1534,47.1262,+7.7311,273.4322,211.8118
8146,0.56,-5.3728,+0.1304,-9.4129,4.0401,32.1080,+8.1133,265.0979,213.7958
8147,0.54,-5.3746,+0.0344,-9.4101,4.0355,31.2779,+8.1959,258.8198,209.9864
8148,0.53,-5.4023,+0.0334,-9.4037,4.0014,32.4534,+8.7280,270.6119,200.4501
8149,0.54,-5.2783,+0.0459,-9.4012,4.1229,36.9649,+8.5158,284.1744,211.1823
8150,0.55,-5.3525,+0.0783,-9.4068,4.0542,30.4839,+8.2200,238.7166,200.9119
8151,0.54,-5.2777,+0.0373,-9.4150,4.1374,38.5088,+8.1748,302.7863,209.0800
8152,0.54,-5.3650,+0.0284,-9.4201,4.0551,25.3526,+7.3611,239.4625,199.7441
8153,0.56,-5.3839,+0.0434,-9.4242,4.0403,28.4941,+7.4190,187.0314,183.2166
8154,0.54,-5.6229,+0.1382,-9.4430,3.8201,15.7931,+5.2267,145.0957,173.4387
8155,0.55,-5.3781,-0.0787,-9.4445,4.0664,19.8855,+6.9292,143.2782,188.2527
8156,0.54,-5.6504,-0.0074,-9.4541,3.8037,4.5944,+5.9792,100.4708,180.3333
8157,0.54,-5.6090,-0.0150,-9.4523,3.8433,1.6938,+9.3478,149.0571,197.3475
8158,0.55,-5.5711,+0.0993,-9.4396,3.8686,3.1385,+7.2808,130.4631,187.1712
8159,0.55,-5.5190,-0.1156,-9.4433,3.9243,1.8664,+10.1059,152.4747,199.0892
8160,0.56,-5.3106,-0.3446,-9.4293,4.1187,19.0604,+2.4788,133.6931,201.5534
8161,0.54,-5.5919,+0.0295,-9.4318,3.8399,0.8610,+2.9050,53.5469,181.9478
8162,0.56,-5.3779,+0.1394,-9.4270,4.0492,2.2078,+7.9375,126.1128,198.8499
8163,0.55,-5.6078,-0.0417,-9.4300,3.8222,1.3195,+7.8033,124.8219,175.0111
8164,0.54,-5.4639,+0.0522,-9.4364,3.9724,2.4346,+7.1390,123.7188,188.3319
8165,0.55,-5.6594,+0.0631,-9.4367,3.7773,2.5304,+3.6675,90.1023,173.2270
8166,0.53,-5.8152,+0.0567,-9.4399,3.6248,2.9213,+9.7892,153.9893,176.5869
8167,0.54,-5.6396,+0.0998,-9.4379,3.7983,1.2643,+6.0972,117.0690,179.8847
8168,0.53,-5.5543,+0.1262,-9.4359,3.8816,1.3110,-0.1024,93.7573,183.4521
8169,0.53,-5.4809,-0.0693,-9.4476,3.9667,0.6679,+7.8482,114.1750,194.6451
8170,0.54,-5.3829,+0.1796,-9.4508,4.0679,1.0868,-0.4360,61.5507,188.4455
8171,0.54,-5.2230,+0.0704,-9.4547,4.2316,23.9559,+14.0750,332.0155,226.2801
8172,0.55,-5.4594,-0.0842,-9.4545,3.9951,18.5702,+10.1904,246.4658,202.6008
8173,0.55,-5.3404,-0.1351,-9.4454,4.1051,27.0864,+9.9559,338.3891,212.7659
8174,0.53,-5.4649,-0.3399,-9.4439,3.9790,38.9745,+6.1432,270.6859,194.2309
8175,0.54,-5.2090,-0.0181,-9.4594,4.2504,37.6111,+6.5364,254.7365,211.7159
8176,0.54,-5.3982,-0.0438,-9.4496,4.0513,15.5531,+6.1573,169.9973,195.6025
8177,0.55,-5.1667,+0.0215,-9.4413,4.2746,51.5677,+5.3841,266.5934,212.8698
8178,0.54,-5.4080,-0.0241,-9.4517,4.0438,27.2623,+6.1151,217.1453,192.9388
8179,0.55,-5.2183,-0.0724,-9.4302,4.2120,49.7381,+5.4701,303.8226,204.4532
8180,0.55,-5.2341,-0.0941,-9.4321,4.1980,34.3145,+4.9950,238.6193,206.3964
8181,0.54,-5.2217,+0.0105,-9.4394,4.2176,37.5628,+4.6594,215.3691,200.7038
8182,0.53,-5.3528,-0.7405,-9.4347,4.0819,98.0037,+4.8219,173.1381,185.1090
8183,0.54,-5.2757,-0.0199,-9.4472,4.1715,40.0735,+6.7216,272.9971,205.1595
8184,0.56,-5.3890,+0.0485,-9.4437,4.0547,38.4736,+5.8751,255.9450,202.6102
8185,0.55,-5.3699,-0.1295,-9.4423,4.0724,42.3082,+6.9609,283.3790,200.2965
8186,0.54,-5.1784,+0.0005,-9.4449,4.2665,37.4557,+7.2933,260.2399,213.5877
8187,0.54,-5.3253,+0.1148,-9.4362,4.1109,30.2629,+7.8651,229.0163,197.4354
8188,0.54,-5.5980,+0.0065,-9.4434,3.8454,3.7601,+6.5169,114.1676,181.7104
8189,0.52,-5.4809,+0.1157,-9.4460,3.9652,14.2450,+6.2956,194.4681,180.9957
8190,0.56,-5.2161,-0.0711,-9.4578,4.2417,26.1742,+4.8535,176.7747,200.2235
8191,0.54,-5.1327,-0.0405,-9.4467,4.3140,45.0526,+6.3057,234.4151,211.5937
8192,0.54,-5.1304,-0.0919,-9.4532,4.3228,74.5184,+6.5608,241.3438,203.4340
8193,0.54,-5.5160,+0.1234,-9.4561,3.9401,18.8500,+6.9485,177.9729,183.9425
8194,0.54,-5.3087,-0.1518,-9.4562,4.1474,16.2404,+7.9542,187.1135,208.9618
8195,0.53,-5.2752,-0.1597,-9.4611,4.1859,44.8785,+8.0428,177.7236,201.5600
8196,0.54,-5.5432,-0.2195,-9.4530,3.9098,31.8348,+7.2421,197.2327,180.1797
8197,0.54,-5.3328,+0.0015,-9.4600,4.1272,66.6453,+4.4993,179.8057,187.5136
8198,0.52,-5.5553,-0.1918,-9.4608,3.9055,10.7454,+3.9822,123.3460,184.4100
8199,0.54,-5.3579,-0.0328,-9.4581,4.1002,41.6971,+4.0570,179.7727,190.3032
8200,0.54,-5.4027,-0.0293,-9.4565,4.0538,17.0876,+7.1523,192.5407,198.6454
8201,0.53,-5.3222,+0.1572,-9.4471,4.1250,27.4609,+6.4175,207.8764,200.5633
8202,0.55,-5.2780,+0.0123,-9.4439,4.1659,22.4987,+7.9053,210.4681,205.7231
8203,0.52,-5.5203,+0.3921,-9.4450,3.9247,3.1821,+6.7749,129.1846,185.4307
8204,0.52,-5.4617,-0.1376,-9.4401,3.9785,17.8732,+4.3760,189.7325,199.5186
8205,0.53,-5.2142,+0.1015,-9.4455,4.2313,46.8879,+4.8794,248.5128,215.8004
8206,0.53,-5.2941,+0.0581,-9.4463,4.1522,20.1187,+5.4725,206.6035,207.0211
8207,0.54,-5.1269,-0.0746,-9.4438,4.3170,40.9394,+7.0079,231.3546,226.9354
8208,0.55,-5.2815,-0.1048,-9.4513,4.1699,41.0955,+7.3204,250.4174,219.8820
8209,0.54,-5.3937,-0.1424,-9.4468,4.0531,17.5366,+6.0459,188.2467,202.2458
8210,0.53,-5.3234,-0.1778,-9.4629,4.1395,7.4095,+3.8767,139.7798,195.1207
8211,0.53,-5.4825,-0.0560,-9.4573,3.9749,2.1974,+4.9227,75.4965,185.0410
8212,0.53,-5.5452,+0.0409,-9.4498,3.9046,1.3562,+5.1407,71.7329,175.7023
8213,0.55,-5.5445,-0.0115,-9.4543,3.9098,3.0657,+8.2202,130.9184,183.0197
8214,0.54,-5.4173,-0.0014,-9.4506,4.0333,0.9640,+8.0034,136.7887,184.3974
8215,0.55,-5.5628,+0.0581,-9.4608,3.8980,1.5149,-0.7836,78.6109,173.4625
8216,0.53,-5.4976,-0.0123,-9.4587,3.9611,1.6194,+13.1528,222.1349,198.5448
8217,0.54,-5.6205,-0.0201,-9.4485,3.8280,1.4208,+3.9938,102.6477,171.2040
8218,0.54,-5.5105,+0.0712,-9.4449,3.9344,1.2706,+4.8293,88.5517,179.5168
8219,0.54,-5.5123,-0.1807,-9.4405,3.9283,0.8927,+3.6375,75.4118,179.8032
8220,0.55,-5.4884,-0.0091,-9.4454,3.9570,4.7271,+9.2925,166.5553,188.9466
8221,0.54,-5.4106,+0.2347,-9.4360,4.0254,8.6504,+8.0541,173.1939,202.4436
8222,0.53,-5.4231,-0.1631,-9.4285,4.0054,7.6975,+8.9485,201.3141,193.5648
8223,0.54,-5.7803,-0.3115,-9.4273,3.6470,2.6787,+2.7629,71.2958,167.2243
8224,0.53,-5.6903,+0.0016,-9.4382,3.7479,1.7068,+6.2182,96.1156,172.9569
8225,0.55,-5.4406,+0.2707,-9.4429,4.0023,1.5833,+1.4368,99.7849,178.4989
8226,0.54,-5.5770,-0.0781,-9.4486,3.8716,1.2229,+3.9072,71.3272,174.5340
8227,0.55,-5.6461,+0.0844,-9.4507,3.8046,1.4324,+10.7789,174.6863,184.1259
8228,0.55,-5.3532,+0.0794,-9.4544,4.1012,1.3658,+5.3665,88.5186,198.9105
8229,0.56,-5.4420,+0.0981,-9.4567,4.0147,1.0922,+14.9954,276.0485,213.5212
8230,0.55,-5.5685,+0.0052,-9.4591,3.8907,8.0423,-1.0622,154.6128,171.3762
8231,0.55,-5.6930,-0.0602,-9.4581,3.7651,2.0149,+4.7577,106.0105,171.3848
8232,0.55,-5.5658,-0.1225,-9.4535,3.8877,1.0494,+2.9622,94.7906,175.2611
8233,0.55,-5.4618,-0.0051,-9.4537,3.9919,1.0556,+9.0695,152.4644,197.1264
8234,0.55,-5.5027,+0.0292,-9.4447,3.9420,1.7969,+0.0189,75.9913,177.4461
8235,0.54,-5.6404,-0.0231,-9.4470,3.8066,1.5615,+6.0569,108.9267,174.6308
8236,0.54,-5.3162,+0.0126,-9.4446,4.1284,16.9435,+6.5445,235.6595,201.9182
8237,0.54,-5.1983,+0.0095,-9.4521,4.2538,42.0853,+5.6788,246.7478,209.9665
8238,0.54,-5.3650,+0.1646,-9.4615,4.0964,24.9064,+7.9691,240.1600,206.4373
8239,0.54,-5.3387,-0.1278,-9.4616,4.1229,10.1165,+9.0121,345.8452,203.7628
8240,0.54,-5.2691,+0.1444,-9.4463,4.1772,23.1601,+5.3051,251.8189,200.7778
8241,0.57,-5.2008,-0.1803,-9.4470,4.2462,77.6287,+4.4431,251.8021,203.8350
8242,0.56,-5.3715,+0.0155,-9.4446,4.0731,23.4753,+5.0385,212.3190,189.0747
8243,0.55,-5.2522,+0.0753,-9.4463,4.1941,34.7309,+6.0041,309.2833,202.2116
8244,0.53,-5.1781,-0.0212,-9.4403,4.2622,50.6120,+5.6833,288.5336,207.2409
8245,0.55,-5.1399,+0.0048,-9.4343,4.2945,37.3866,+6.9957,262.5919,220.6006
8246,0.54,-5.1385,+0.0107,-9.4421,4.3036,40.8255,+7.3231,287.4257,218.4996
8247,0.56,-4.6725,+0.3926,-9.4281,4.7556,104.6929,+6.9367,310.9216,227.0112
8248,0.54,-4.8115,-0.0572,-9.4283,4.6167,98.3042,+7.5440,393.3372,242.6915
8249,0.55,-5.3785,-0.0767,-9.4206,4.0421,33.0950,+6.6126,243.1496,206.4436
8250,0.54,-5.3444,+0.0578,-9.4280,4.0836,30.4688,+6.1989,210.6451,198.6930
8251,0.53,-5.2439,-0.0063,-9.4414,4.1975,66.2845,+6.8184,235.3198,196.6045
8252,0.54,-5.1884,+0.0764,-9.4341,4.2457,39.5947,+7.6040,243.4017,203.9870
8253,0.54,-5.2156,-0.0970,-9.4388,4.2233,39.4180,+8.0872,254.5176,210.1934
8254,0.56,-5.3877,-0.0553,-9.4383,4.0506,21.7970,+6.2261,185.6311,191.0047
8255,0.55,-5.3251,-0.0139,-9.4410,4.1159,31.5927,+7.0771,238.4795,205.0348
8256,0.53,-5.3485,-0.0376,-9.4457,4.0972,26.2458,+8.5615,224.6023,206.8955
8257,0.54,-5.4066,+0.0426,-9.4515,4.0450,36.3903,+9.3822,307.6122,217.4835
8258,0.55,-5.4433,-0.0061,-9.4424,3.9991,28.0086,+8.9636,271.7495,204.6454
8259,0.55,-5.2603,-0.3670,-9.4412,4.1809,23.1551,+9.0017,274.0124,216.5209
8260,0.54,-5.3147,+0.0732,-9.4571,4.1425,24.9822,+8.0881,233.8488,209.7158
8261,0.52,-5.4994,-0.1819,-9.4539,3.9545,7.5254,+6.9091,232.0412,193.0881
8262,0.52,-5.2341,+0.0716,-9.4686,4.2344,12.0025,+1.8995,158.7827,199.0269
8263,0.53,-5.1769,+0.3016,-9.4552,4.2783,36.3152,+3.2680,256.5726,208.3104
8264,0.52,-5.2734,+0.0193,-9.4518,4.1784,24.7894,+4.7983,198.7276,201.3972
8265,0.54,-5.1194,-0.2375,-9.4464,4.3271,41.2240,+5.1341,197.1525,208.2674
8266,0.52,-4.8981,-0.0172,-9.4470,4.5488,40.2887,+5.8397,252.9946,224.0787
8267,0.52,-5.3777,+0.0091,-9.4518,4.0742,3.7222,+4.8731,115.7897,190.4547
8268,0.54,-5.4752,+0.1873,-9.4475,3.9723,0.9541,+5.2586,78.1249,182.3154
8269,0.54,-5.3282,-0.0071,-9.4454,4.1172,1.0522,+4.0560,71.2575,185.9238
8270,0.54,-5.5349,-0.0301,-9.4501,3.9152,1.0754,+7.8237,104.3991,185.1439
8271,0.53,-5.4072,-0.0651,-9.4469,4.0397,0.9600,+4.4985,77.7026,185.4811
8272,0.54,-5.4217,+0.0365,-9.4443,4.0226,1.5830,+7.4690,97.2450,186.8777
8273,0.55,-5.3125,-0.0484,-9.4475,4.1350,0.9158,+0.0045,45.4892,185.6837
8274,0.52,-5.3033,+0.0013,-9.4529,4.1496,0.9658,+14.6268,248.1060,221.9990
8275,0.52,-5.4512,+0.1533,-9.4590,4.0078,1.5869,-1.2861,63.6880,177.1292
8276,0.56,-5.3261,+0.0344,-9.4521,4.1260,1.2780,+14.8297,274.7505,224.0600
8277,0.55,-5.1894,+0.1589,-9.4567,4.2673,5.3840,-2.9174,59.3078,189.0225
8278,0.55,-5.7018,-0.0566,-9.4513,3.7496,1.4311,+7.4501,92.8443,174.2202
8279,0.55,-5.2992,-0.0585,-9.4464,4.1472,0.9397,+0.2940,59.5801,191.9137
8280,0.56,-5.4942,-0.0411,-9.4396,3.9454,1.0542,+10.0734,142.6803,196.9048
8281,0.57,-5.4802,+0.0066,-9.4345,3.9543,1.3290,+5.4499,104.2721,186.5610
8282,0.54,-5.5361,+0.0142,-9.4461,3.9100,1.4250,+2.2143,67.1346,190.4426
8283,0.54,-5.4988,-0.0345,-9.4424,3.9436,1.5783,+4.6668,59.1504,178.0396
8284,0.55,-5.5615,+0.0871,-9.4445,3.8830,0.9357,+4.6281,60.0583,179.7391
8285,0.53,-5.6756,-0.0252,-9.4531,3.7775,1.2307,+4.0139,71.6296,169.4714
8286,0.56,-5.3993,-0.0620,-9.4486,4.0493,0.9674,+10.9109,160.4277,204.9498
8287,0.55,-5.3127,+0.0140,-9.4389,4.1262,5.6527,+9.8724,201.6016,204.1772
8288,0.54,-5.7106,+0.1957,-9.4492,3.7386,1.7384,+5.4319,89.2163,177.4880
8289,0.55,-5.5420,-0.0559,-9.4471,3.9051,1.1669,+4.9191,100.0756,183.1395
8290,0.54,-5.6038,-0.1046,-9.4430,3.8392,1.4246,+8.5543,150.7961,184.0455
8291,0.56,-5.5944,-0.0600,-9.4471,3.8527,1.5801,+0.7642,64.5367,181.6499
8292,0.54,-5.3189,-0.0216,-9.4552,4.1363,2.4590,+14.8903,298.0387,230.9299
8293,0.54,-5.4402,+0.2986,-9.4605,4.0202,7.0118,+4.6133,149.3137,196.5726
8294,0.55,-5.5987,-0.1740,-9.4634,3.8647,0.9472,+4.8164,106.1398,184.2333
8295,0.55,-5.3833,+0.0537,-9.4650,4.0816,22.3210,+8.4140,248.6463,212.9309
8296,0.54,-5.4629,-0.0437,-9.4571,3.9942,19.1143,+6.9435,268.4572,212.4206
8297,0.54,-5.1244,-0.1457,-9.4572,4.3328,27.9332,+6.1328,304.8705,229.5327
8298,0.56,-4.8809,-0.1622,-9.4482,4.5673,74.3769,+6.3606,417.1035,247.3053
8299,0.52,-5.1646,+0.0705,-9.4427,4.2781,56.4734,+5.9528,354.1566,220.3727
8300,0.53,-4.8562,+0.0960,-9.4443,4.5881,64.9965,+6.1067,350.7964,240.8991
8301,0.53,-5.1721,-0.0443,-9.4561,4.2840,32.7260,+6.4822,271.4466,208.1633
8302,0.54,-5.2772,-0.1727,-9.4473,4.1701,20.4751,+7.3921,203.9487,210.9567
8303,0.54,-5.1295,-0.0728,-9.4580,4.3284,38.0551,+8.2744,300.8524,229.2509
8304,0.53,-5.1073,+0.0306,-9.4562,4.3489,45.6759,+8.3738,294.9475,225.5780
8305,0.54,-5.2538,+0.0378,-9.4567,4.2029,27.2004,+6.0175,219.3642,208.6257
8306,0.55,-5.3595,+0.0667,-9.4437,4.0842,33.9304,+6.4637,244.1572,199.0443
8307,0.53,-5.3099,+0.1403,-9.4600,4.1500,37.5845,+5.9457,223.6490,213.0181
8308,0.55,-5.3497,-0.0874,-9.4617,4.1119,31.2709,+6.0785,219.4657,204.1916
8309,0.54,-5.2600,+0.0060,-9.4500,4.1900,21.2090,+7.2515,228.1326,226.5105
8310,0.54,-4.7209,+0.2155,-9.4420,4.7211,191.0905,+7.0405,243.2944,220.7635
8311,0.53,-5.4258,+0.0694,-9.4406,4.0148,8.3436,+5.9415,128.1660,195.2989
8312,0.52,-5.5391,-0.0122,-9.4356,3.8965,1.3060,+5.2236,82.8660,175.8440
8313,0.52,-5.2786,+0.0756,-9.4454,4.1669,1.2848,-0.0170,74.0488,197.3159
8314,0.53,-5.3867,-0.0036,-9.4491,4.0624,1.7467,+8.6398,117.6216,194.7368
8315,0.54,-5.6052,+0.1736,-9.4484,3.8432,1.6632,+4.1918,67.7113,172.6298
8316,0.54,-5.4182,+0.0734,-9.4450,4.0268,1.3170,+7.0461,97.1025,199.9391
8317,0.55,-5.6153,+0.0680,-9.4455,3.8302,1.7098,+9.0153,138.9302,190.6336
8318,0.53,-5.5799,+0.0061,-9.4479,3.8681,1.3523,+6.1000,120.0058,182.1103
8319,0.54,-5.4478,+0.0721,-9.4475,3.9997,3.7462,+2.7591,123.4334,187.3155
8320,0.54,-5.6613,+0.0586,-9.4383,3.7770,3.1622,+3.0585,68.4613,169.5533
8321,0.55,-5.3210,+0.2336,-9.4331,4.1121,6.6468,+5.8767,161.1683,208.4715
8322,0.52,-5.4821,-0.1359,-9.4317,3.9497,1.2714,+2.7860,82.1358,185.4513
8323,0.53,-5.4335,-0.0082,-9.4309,3.9974,3.0801,+4.8159,107.3758,179.2859
8324,0.54,-5.2185,+0.1668,-9.4453,4.2268,20.3764,+8.6774,218.9032,212.2461
8325,0.54,-5.2818,+0.1654,-9.4440,4.1621,10.1857,+8.9173,193.8431,204.1350
8326,0.54,-5.3658,+0.0040,-9.4533,4.0875,34.1435,+7.6050,245.1376,200.5257
8327,0.52,-5.1119,+0.3501,-9.4506,4.3388,72.6048,+8.3427,324.3995,230.7911
8328,0.53,-5.2210,+0.0389,-9.4397,4.2187,45.2780,+7.0405,264.9263,207.1738
8329,0.56,-5.5532,-0.2806,-9.4344,3.8812,2.2098,+7.5281,151.1044,189.0820
8330,0.53,-5.3907,+0.1530,-9.4248,4.0341,14.2108,+8.7502,198.9409,197.0415
8331,0.55,-5.2349,-0.1485,-9.4332,4.1983,51.0258,+8.2396,260.1576,206.5152
8332,0.53,-5.5766,-0.0655,-9.4359,3.8593,2.4576,+6.5567,108.3457,183.3286
8333,0.54,-5.2071,-0.0506,-9.4411,4.2340,56.8002,+6.8964,281.3897,214.4905
8334,0.55,-4.9722,+0.1350,-9.4349,4.4628,108.8847,+7.3198,269.4000,239.9156
8335,0.55,-5.3292,+0.0373,-9.4295,4.1003,14.0741,+7.4539,167.7922,194.0558
8336,0.55,-5.2988,-0.1640,-9.4456,4.1469,15.4200,+6.7165,211.1856,197.4044
8337,0.55,-4.5876,-0.0918,-9.4495,4.8620,271.2979,+6.4677,272.6066,261.2967
8338,0.53,-5.1782,-0.0033,-9.4383,4.2601,53.6283,+7.5799,246.7279,202.8958
8339,0.54,-5.3826,+0.0180,-9.4480,4.0654,35.2495,+6.1718,174.4410,182.8551
8340,0.53,-5.2174,+0.0490,-9.4446,4.2273,30.1948,+6.2338,223.3833,201.4342
8341,0.52,-5.0416,-0.0240,-9.4376,4.3960,79.6429,+5.8855,268.8190,219.7167
8342,0.55,-5.1944,+0.0156,-9.4437,4.2493,33.5329,+5.7928,201.4750,204.0424
8343,0.53,-5.2071,+0.0512,-9.4410,4.2340,38.1867,+6.4574,231.4835,202.1082
8344,0.54,-5.3177,-0.2674,-9.4380,4.1203,37.9790,+7.0501,236.4735,200.3205
8345,0.53,-5.3844,+0.1111,-9.4431,4.0587,39.9418,+5.9254,208.1665,192.3483
8346,0.55,-5.1021,-0.1425,-9.4585,4.3564,32.9790,+6.3316,189.0274,216.3920
8347,0.52,-5.1806,+0.0348,-9.4570,4.2763,68.2783,+7.3212,314.8808,217.2675
8348,0.53,-5.4501,-0.0592,-9.4588,4.0087,35.4231,+7.4598,243.6132,189.2495
8349,0.55,-5.3305,-0.0443,-9.4572,4.1266,37.0805,+7.5730,250.1248,206.2410
8350,0.53,-5.2778,+0.0405,-9.4571,4.1793,36.1880,+6.8583,221.9683,206.0499
8351,0.54,-5.0845,+0.1834,-9.4640,4.3795,92.2407,+7.4345,371.9131,222.7137
8352,0.55,-5.3402,-0.0290,-9.4632,4.1231,27.1299,+7.8195,232.7166,205.8371
8353,0.53,-5.5780,+0.1700,-9.4592,3.8811,3.8117,+6.6983,123.1994,184.6594
8354,0.53,-5.5649,-0.1361,-9.4512,3.8862,2.7957,+6.0101,91.1827,181.9832
8355,0.54,-5.6420,+0.0936,-9.4439,3.8018,1.7930,+7.7448,112.8805,181.3124
8356,0.53,-5.5252,+0.0824,-9.4452,3.9200,1.2989,+3.0506,81.7936,187.5411
8357,0.55,-5.6246,-0.2035,-9.4600,3.8354,3.8831,+8.4372,138.6425,178.4939
8358,0.54,-5.5914,+0.0163,-9.4488,3.8574,1.5041,+3.5600,78.9386,181.8383
8359,0.55,-5.3454,-0.0324,-9.4466,4.1013,0.9632,+4.8864,75.5622,190.7124
8360,0.54,-5.4788,+0.0026,-9.4360,3.9572,0.9238,+11.1988,175.0402,194.3638
8361,0.56,-5.5523,+0.0680,-9.4470,3.8947,0.9954,-2.0449,44.6566,175.4213
8362,0.54,-5.5189,+0.0502,-9.4382,3.9192,1.1848,+11.9669,180.0349,202.2624
8363,0.53,-5.5023,-0.1023,-9.4528,3.9504,1.0466,-1.9098,60.4605,174.5333
8364,0.56,-5.5811,+0.0222,-9.4448,3.8637,1.2797,+10.9816,169.1408,194.6803
8365,0.55,-5.6346,+0.0102,-9.4427,3.8081,1.6479,+5.9835,105.7556,176.5250
8366,0.54,-5.5201,+0.0876,-9.4475,3.9274,0.9877,+1.9527,52.5003,177.6618
8367,0.54,-5.4858,+0.0979,-9.4356,3.9497,1.0444,+12.4940,219.8210,199.6357
8368,0.55,-5.5110,+0.0378,-9.4374,3.9264,1.1456,+2.1107,71.4804,174.7203
8369,0.53,-5.4045,-0.1432,-9.4330,4.0285,1.1591,+11.9354,210.6073,203.2250
8370,0.55,-5.2877,-0.1115,-9.4412,4.1535,1.1661,-0.3068,76.7115,197.7570
8371,0.55,-5.5146,-0.1140,-9.4435,3.9289,0.9603,+13.5556,235.6799,215.2884
8372,0.55,-5.4251,-0.1052,-9.4461,4.0210,1.4406,-0.6500,102.9165,189.0706
8373,0.53,-5.6611,+0.0258,-9.4297,3.7686,1.3965,+9.3940,143.9784,179.6329
8374,0.53,-5.3370,+0.1439,-9.4279,4.0909,1.0093,-3.0385,76.4775,185.4386
8375,0.54,-5.5457,-0.1491,-9.4272,3.8815,1.4038,+13.5261,241.6551,200.2682
8376,0.54,-5.4537,-0.0931,-9.4231,3.9694,1.8933,+1.7944,113.6485,183.7228
8377,0.54,-5.4569,-0.0126,-9.4305,3.9737,1.7040,+3.8458,56.9793,186.0857
8378,0.56,-5.5841,-0.0625,-9.4305,3.8464,1.8850,+8.0889,108.6507,181.2841
8379,0.56,-5.6836,+0.1824,-9.4235,3.7398,1.7170,+2.8827,64.2462,167.7389
8380,0.54,-5.6534,+0.0212,-9.4312,3.7778,1.7301,+3.7616,77.2235,171.2024
8381,0.54,-5.5126,-0.1330,-9.4451,3.9325,3.0204,+8.4741,146.7855,189.4329
8382,0.54,-5.3164,-0.1397,-9.4397,4.1233,7.3895,+10.1321,181.4561,209.6557
8383,0.54,-5.3012,-0.1670,-9.4416,4.1404,29.8649,+7.7766,249.8702,217.5597
8384,0.54,-5.3447,+0.1127,-9.4247,4.0800,32.9439,+6.9215,305.6088,219.3370
8385,0.55,-5.3598,+0.1542,-9.4302,4.0704,36.7648,+7.3291,276.7446,210.3281
8386,0.52,-5.1169,+0.0876,-9.4203,4.3034,57.0760,+7.0747,354.4278,222.6222
8387,0.53,-5.1992,+0.0035,-9.4257,4.2265,65.1209,+7.1025,329.1898,224.7880
8388,0.54,-5.0851,-0.0523,-9.4304,4.3453,58.3245,+6.9989,291.5107,222.9940
8389,0.53,-5.1005,-0.2320,-9.4101,4.3096,57.8124,+6.4870,252.1400,206.4760
8390,0.53,-5.1826,+0.0390,-9.4247,4.2422,51.2175,+6.9464,305.0152,213.2816
8391,0.53,-5.3621,-0.1235,-9.4222,4.0601,22.5662,+5.4263,192.9266,193.7763
8392,0.53,-5.1648,-0.0695,-9.4228,4.2580,36.8937,+5.7645,255.5051,215.6024
8393,0.53,-5.2641,-0.0492,-9.4319,4.1678,46.2615,+6.8153,290.8157,203.8220
8394,0.54,-5.2908,-0.0945,-9.4369,4.1461,32.9332,+6.8725,270.3190,201.5163
8395,0.55,-5.3350,-0.0703,-9.4328,4.0979,36.6953,+6.0395,259.2296,199.0449
8396,0.55,-5.3754,-0.0423,-9.4239,4.0485,50.9466,+6.1768,291.4187,194.9113
8397,0.54,-5.3338,+0.0650,-9.4214,4.0876,29.6344,+5.9846,249.2734,187.2930
8398,0.51,-5.2913,+0.0839,-9.4295,4.1382,27.4937,+5.1098,211.5591,198.6817
8399,0.54,-5.4927,+0.1258,-9.4274,3.9347,4.3718,+4.9584,127.9010,179.6758
8400,0.54,-5.2314,+0.0805,-9.4248,4.1934,36.2627,+5.3975,214.3926,201.6734
8401,0.53,-5.3913,+0.0380,-9.4178,4.0265,25.0094,+4.5335,172.8835,187.2639
8402,0.54,-5.4460,-0.1827,-9.4189,3.9729,33.6113,+5.1632,190.2048,186.2109
8403,0.55,-5.2365,+0.0451,-9.4065,4.1700,44.7311,+4.7330,196.0513,197.6576
8404,0.55,-5.3246,+0.1988,-9.4107,4.0862,59.8867,+5.6437,234.0512,188.1651
8405,0.52,-5.2456,-0.0187,-9.4019,4.1563,33.5502,+6.0095,201.1619,195.8347
8406,0.55,-5.3296,+0.1084,-9.3946,4.0650,47.7693,+6.5414,264.9588,190.3440
8407,0.55,-5.2155,-0.0767,-9.4115,4.1959,48.7954,+6.5132,262.9482,204.6475
8408,0.55,-5.1191,-0.0825,-9.4242,4.3052,35.4520,+6.2009,212.7309,211.1567
8409,0.54,-5.4936,+0.0924,-9.4371,3.9435,13.4553,+6.4749,147.4132,185.9516
8410,0.54,-5.1572,-0.0219,-9.4388,4.2816,54.4565,+7.7564,259.5382,217.5803
8411,0.55,-5.7621,-0.0466,-9.4420,3.6799,2.0066,+6.1607,85.4364,174.5262
8412,0.53,-5.5548,+0.2267,-9.4402,3.8854,2.2466,+3.0819,70.9778,186.4865
8413,0.53,-5.4854,+0.0472,-9.4290,3.9436,2.0929,+8.7220,128.0919,194.3014
8414,0.53,-5.6356,-0.0813,-9.4511,3.8155,2.0712,+7.3151,154.9345,181.9429
8415,0.55,-5.6267,-0.0467,-9.4480,3.8213,1.2947,+4.7286,79.5426,177.6219
8416,0.54,-5.5394,-0.0554,-9.4416,3.9022,1.1492,-0.8122,58.1015,175.8319
8417,0.54,-5.3144,-0.0009,-9.4437,4.1293,0.8963,+12.0507,201.1347,213.9516
8418,0.55,-5.5138,+0.2092,-9.4398,3.9261,3.4354,+3.1711,119.1755,185.0884
8419,0.54,-5.4163,+0.0941,-9.4376,4.0213,13.0168,+9.8971,253.6850,201.3772
8420,0.55,-5.4744,+0.1438,-9.4450,3.9706,13.4540,+8.6350,246.9504,197.1358
8421,0.55,-5.2028,-0.0879,-9.4428,4.2400,21.6728,+7.3263,280.0722,222.3974
8422,0.55,-5.3225,-0.0257,-9.4417,4.1192,8.8154,+6.7620,194.1658,203.9897
8423,0.55,-5.6103,+0.0419,-9.4442,3.8339,2.0139,+5.0649,95.9202,189.2137
8424,0.54,-5.2846,+0.0163,-9.4398,4.1552,4.4041,+5.9103,104.1041,203.4105
8425,0.53,-5.4297,-0.1214,-9.4448,4.0150,8.0219,+6.4247,113.9517,202.5324
8426,0.54,-5.6543,+0.0436,-9.4558,3.8015,2.0839,+6.2268,81.0463,188.6117
8427,0.55,-5.4814,+0.1368,-9.4529,3.9715,2.5377,+12.9360,230.0431,210.2559
8428,0.53,-5.5068,+0.1770,-9.4432,3.9364,3.2430,-0.2604,59.2792,187.9518
8429,0.53,-5.5683,+0.0697,-9.4492,3.8809,1.3442,+10.8719,160.3798,204.1562
8430,0.54,-5.4949,+0.0400,-9.4433,3.9484,1.4536,+2.6080,86.2307,182.2533
8431,0.53,-5.2397,-0.0840,-9.4372,4.1974,18.7360,+11.1891,366.7148,217.8802
8432,0.54,-5.3784,-0.1457,-9.4368,4.0583,19.8433,+5.9660,224.5706,192.3070
8433,0.53,-5.1810,-0.0436,-9.4339,4.2529,40.0036,+3.5200,238.7612,217.0495
8434,0.55,-5.1616,-0.0028,-9.4384,4.2768,41.5567,+4.7440,231.5301,205.5283
8435,0.54,-5.0951,+0.0832,-9.4402,4.3451,35.8876,+4.5573,201.2650,201.4763
8436,0.55,-5.2004,-0.1069,-9.4374,4.2371,37.7390,+4.6138,242.5686,203.5413
8437,0.54,-5.2282,-0.2072,-9.4497,4.2214,30.3289,+4.0734,200.9337,197.6109
8438,0.54,-5.3232,+0.0264,-9.4409,4.1177,21.8320,+4.5345,179.8871,200.2568
8439,0.52,-4.9628,+0.3482,-9.4338,4.4710,80.0716,+7.1847,386.0140,230.1266
8440,0.53,-4.8969,+0.0088,-9.4329,4.5360,60.4525,+7.9147,312.9697,234.1464
8441,0.53,-4.9003,-0.2744,-9.4353,4.5351,98.7004,+6.7716,220.9991,218.5208
8442,0.53,-4.7318,-0.0354,-9.4400,4.7082,133.6939,+7.7197,268.5087,226.7275
8443,0.54,-4.8293,-0.0513,-9.4318,4.6025,103.0118,+6.4299,289.6022,217.3833
8444,0.53,-5.4696,-0.1433,-9.4345,3.9649,27.0778,+5.3726,169.8356,190.7774
8445,0.54,-5.2061,+0.0873,-9.4359,4.2298,43.6884,+7.9159,226.2637,215.0140
8446,0.53,-5.0846,+0.1069,-9.4347,4.3501,58.6848,+7.1144,199.3020,209.4956
8447,0.53,-5.1702,+0.1000,-9.4410,4.2708,18.4410,+6.9251,155.5970,210.8869
8448,0.53,-5.1906,-0.0644,-9.4439,4.2533,30.4860,+6.9925,181.2153,206.9958
8449,0.51,-5.3989,+0.1350,-9.4449,4.0459,34.0880,+7.1195,219.9142,190.2015
8450,0.53,-5.3874,-0.0151,-9.4316,4.0442,24.9421,+6.5503,208.8410,197.5810
8451,0.53,-5.1827,+0.0124,-9.4276,4.2450,62.1566,+5.4347,229.2187,209.9407
8452,0.52,-4.9267,+0.4188,-9.4343,4.5076,88.5735,+5.6348,262.3872,227.4223
8453,0.54,-5.2506,+0.0044,-9.4424,4.1919,16.2794,+7.1133,225.4832,214.9980
8454,0.53,-5.4122,-0.0637,-9.4206,4.0085,19.8224,+4.5612,184.2131,195.5135
8455,0.54,-5.1833,-0.0032,-9.4293,4.2460,45.5586,+4.6635,233.6872,206.0790
8456,0.55,-5.3684,+0.0097,-9.4235,4.0552,38.6644,+4.0840,216.2469,192.2001
8457,0.52,-5.2600,+0.0929,-9.4231,4.1631,30.0062,+3.4582,194.4160,196.8198
8458,0.52,-5.0085,+0.1029,-9.4325,4.4240,40.4951,+5.2184,259.7041,226.6716
8459,0.54,-5.1628,-0.1147,-9.4381,4.2753,39.2358,+5.9924,305.0894,211.6709
8460,0.55,-4.9426,-0.1802,-9.4377,4.4952,57.6870,+5.8428,285.3746,224.1026
8461,0.54,-5.0851,-0.0358,-9.4346,4.3495,44.1823,+6.1828,287.6909,224.1850
8462,0.53,-4.9808,-0.1219,-9.4457,4.4649,56.4350,+6.4203,291.9155,228.8806
8463,0.53,-5.4713,-0.5996,-9.4353,3.9640,8.0115,+5.9932,202.6358,186.8036
8464,0.52,-5.1563,-0.0795,-9.4221,4.2657,32.4523,+4.2994,212.9096,203.8647
8465,0.53,-4.4567,-0.0628,-9.4204,4.9637,180.3963,+4.4297,271.3059,247.2139
8466,0.53,-4.7747,-0.0726,-9.4278,4.6531,57.3666,+4.1402,235.7285,232.1565
8467,0.53,-4.8641,+0.0523,-9.4350,4.5708,63.9386,+4.5057,329.3474,227.7303
8468,0.53,-5.0149,-0.0163,-9.4329,4.4180,44.6535,+4.7412,241.6570,211.0301
8469,0.51,-4.7909,-0.1134,-9.4262,4.6352,54.7190,+5.0137,311.3668,229.2430
8470,0.53,-4.8733,+0.0020,-9.4303,4.5570,69.4284,+6.0548,323.6633,228.1516
8471,0.53,-4.7200,-0.0411,-9.4282,4.7082,75.8036,+6.4404,317.3587,227.9572
8472,0.53,-4.6617,+0.0014,-9.4250,4.7633,88.2871,+6.2462,280.2900,233.6309
8473,0.53,-4.4400,+0.1690,-9.4278,4.9878,133.0226,+7.1114,432.0198,259.1053
8474,0.53,-4.3464,-0.1955,-9.4317,5.0854,201.1253,+6.5109,361.4050,256.1326
8475,0.54,-4.7815,-0.1966,-9.4315,4.6500,48.0354,+7.4831,306.6661,226.9659
8476,0.53,-5.7329,-0.2013,-9.4293,3.6965,8.1554,+6.4453,123.8684,169.0957
8477,0.53,-4.8571,-0.2167,-9.4347,4.5776,71.1592,+8.5377,424.6718,242.2098
8478,0.53,-5.0711,-0.0269,-9.4351,4.3640,49.4057,+7.1344,253.7665,218.8469
8479,0.52,-4.9062,+0.0049,-9.4427,4.5365,32.6449,+7.2186,214.8857,226.5466
8480,0.53,-4.9988,-0.1120,-9.4421,4.4433,45.9573,+6.7953,282.5499,219.3498
8481,0.54,-4.8959,-0.1589,-9.4487,4.5528,53.6959,+8.6398,337.7267,241.6243
8482,0.52,-4.8603,-0.0084,-9.4471,4.5868,40.1572,+8.6210,317.0314,242.6614
8483,0.52,-4.9543,+0.0016,-9.4494,4.4952,39.2586,+7.8126,288.2143,223.3670
8484,0.54,-4.9839,+0.2704,-9.4447,4.4608,44.4591,+6.6291,254.6066,214.0479
8485,0.54,-5.1231,-0.0664,-9.4367,4.3137,33.9518,+7.2434,235.3616,210.0952
8486,0.53,-4.5602,+0.2242,-9.4504,4.8902,110.5538,+7.7797,337.0365,240.5164
8487,0.52,-4.6826,-0.1289,-9.4515,4.7689,127.2049,+6.7924,335.6652,236.4366
8488,0.52,-4.8003,+0.1894,-9.4463,4.6460,44.2149,+7.6137,277.9883,233.5664
8489,0.53,-6.0459,-0.1711,-9.4432,3.3973,215.2753,+5.7036,217.7442,192.0854
8490,0.54,-5.1940,-0.0163,-9.4381,4.2441,37.4341,+5.1105,189.4893,209.0303
8491,0.52,-5.2410,-0.1018,-9.4401,4.1991,29.9620,+4.4874,175.5583,199.5683
8492,0.53,-5.2711,-0.0643,-9.4403,4.1692,34.5467,+6.3978,192.0372,202.6792
8493,0.52,-5.1648,+0.0638,-9.4320,4.2673,38.6625,+6.4690,177.4531,208.3262
8494,0.52,-5.1541,+0.0428,-9.4263,4.2722,33.0963,+6.6593,191.2393,219.4909
8495,0.55,-5.1868,+0.1186,-9.4283,4.2416,36.5991,+7.3405,236.1416,213.3321
8496,0.53,-5.1625,-0.0976,-9.4313,4.2688,33.9103,+7.5656,247.1857,215.5110
8497,0.52,-5.2029,-0.0453,-9.4463,4.2434,35.7114,+7.1854,226.0534,207.2456
8498,0.53,-5.2738,-0.1098,-9.4433,4.1695,25.4996,+6.2566,176.4532,196.8456
8499,0.54,-5.1774,+0.0460,-9.4369,4.2595,33.5562,+6.0150,187.7033,191.5649
8500,0.52,-5.1214,+0.0439,-9.4385,4.3171,33.3314,+6.4096,187.5951,197.7249
8501,0.54,-5.1450,+0.0346,-9.4489,4.3039,35.0027,+7.2329,219.3665,206.5485
8502,0.53,-5.2416,-0.0573,-9.4346,4.1930,34.6661,+6.5398,212.4775,200.1446
8503,0.54,-5.3559,-0.2471,-9.4191,4.0632,41.6364,+5.9698,214.9730,188.4080
8504,0.54,-5.2354,+0.0884,-9.4193,4.1839,36.6542,+8.1914,247.3066,200.6748
8505,0.53,-5.1317,+0.0443,-9.4162,4.2845,25.1123,+8.9444,256.3548,220.5884
8506,0.53,-5.2947,+0.1740,-9.4382,4.1435,26.2620,+8.1877,230.3779,204.8816
8507,0.53,-5.1648,+0.0302,-9.4354,4.2706,37.1069,+8.4017,260.4224,221.5552
8508,0.54,-5.2792,+0.0004,-9.4421,4.1629,30.9172,+7.6271,242.1808,218.3533
8509,0.53,-5.2481,+0.1171,-9.4466,4.1985,30.4502,+6.9300,219.3900,211.9450
8510,0.53,-5.1382,-0.1321,-9.4398,4.3016,31.9406,+7.6439,223.3712,210.8508
8511,0.54,-5.2255,+0.0620,-9.4477,4.2222,61.4678,+7.8836,263.6902,212.5304
8512,0.53,-5.1670,-0.0729,-9.4370,4.2700,29.0301,+6.6036,188.3903,199.4480
8513,0.54,-5.3238,+0.0203,-9.4408,4.1170,28.8385,+6.6251,203.9104,189.2048
8514,0.53,-5.1738,+0.0774,-9.4382,4.2644,29.7688,+6.7001,220.3320,208.2347
8515,0.53,-5.2275,-0.0624,-9.4425,4.2151,49.8103,+5.6737,223.7847,199.0216
8516,0.54,-5.1176,+0.0374,-9.4365,4.3189,41.4584,+4.8436,199.7456,198.5878
8517,0.56,-5.1896,-0.2918,-9.4316,4.2420,29.3934,+5.4177,219.3634,197.5668
8518,0.53,-5.0446,-0.1835,-9.4287,4.3841,35.7824,+5.5244,201.0316,210.1833
8519,0.55,-5.2621,-0.1081,-9.4268,4.1646,26.1140,+6.1181,163.7084,190.4437
8520,0.53,-5.1774,-0.1025,-9.4310,4.2535,35.7033,+6.6079,186.5193,197.0519
8521,0.54,-5.3043,-0.0676,-9.4411,4.1368,36.5722,+6.3909,222.4293,194.3971
8522,0.53,-5.1045,-0.0841,-9.4418,4.3373,58.4890,+6.6832,268.1689,206.8695
8523,0.54,-5.2398,-0.1633,-9.4414,4.2016,32.3658,+5.6888,214.5226,199.4885
8524,0.53,-5.4482,+0.2762,-9.4408,3.9926,4.1011,+5.7792,117.8985,182.3570
8525,0.55,-5.5904,+0.1280,-9.4434,3.8530,2.3878,+2.0956,70.6423,159.8464
8526,0.54,-5.3919,-0.0672,-9.4400,4.0481,1.3417,+7.3763,96.8706,188.0108
8527,0.52,-5.5055,+0.0008,-9.4363,3.9309,1.6237,+4.1631,82.1550,170.7498
8528,0.54,-5.6626,+0.0592,-9.4303,3.7677,12.1060,+2.0466,64.7056,154.2494
8529,0.53,-5.4558,+0.1275,-9.4240,3.9682,1.2741,+5.3125,83.7017,176.2839
8530,0.52,-5.3362,+0.1351,-9.4345,4.0982,1.1489,+13.0781,229.5479,206.2144
8531,0.52,-5.5052,-0.0410,-9.4360,3.9308,1.4564,-3.0041,66.2340,177.4039
8532,0.54,-5.3938,+0.0234,-9.4426,4.0488,1.4422,+12.6907,250.4655,211.7868
8533,0.55,-5.1682,-0.0318,-9.4494,4.2812,1.0001,-1.1677,82.9572,202.8908
8534,0.55,-5.4602,+0.0831,-9.4368,3.9766,1.0535,+14.3266,264.5941,207.2831
8535,0.55,-5.3479,-0.0210,-9.4578,4.1099,1.1538,-1.8363,73.7341,179.6340
8536,0.55,-5.3339,+0.0427,-9.4440,4.1101,1.0806,+13.6416,273.0933,214.5411
8537,0.54,-5.3750,+0.1464,-9.4408,4.0658,2.4887,-2.5081,117.6624,179.4896
8538,0.57,-5.3969,+0.0336,-9.4431,4.0462,1.2398,+12.3336,193.7770,205.3425
8539,0.52,-5.3985,+0.0663,-9.4432,4.0446,2.5502,-3.7762,62.7564,179.1830
8540,0.54,-5.4768,+0.1393,-9.4350,3.9582,1.2102,+11.8103,190.9846,191.6493
8541,0.53,-5.6509,+0.0258,-9.4401,3.7892,1.4357,+0.4526,54.1161,157.6062
8542,0.57,-5.4116,-0.1617,-9.4403,4.0287,4.8235,+7.0938,175.7003,191.7942
8543,0.54,-5.5702,+0.0275,-9.4315,3.8613,1.7972,+7.9951,110.8293,177.1617
8544,0.55,-5.3785,-0.0210,-9.4260,4.0475,3.2126,+7.7584,122.1768,193.2240
8545,0.55,-5.4369,+0.1350,-9.4200,3.9831,15.4700,+7.7731,195.4684,188.7197
8546,0.53,-5.3853,-0.1021,-9.4312,4.0459,18.3595,+6.6285,225.1532,193.3583
8547,0.54,-5.3687,+0.0050,-9.4310,4.0623,10.4802,+6.0543,141.0113,185.5681
8548,0.53,-5.5484,+0.4137,-9.4462,3.8978,14.1554,+9.0549,243.1527,186.2994
8549,0.54,-5.4262,+0.0936,-9.4521,4.0259,9.8467,+5.0711,136.4977,192.6890
8550,0.53,-5.3235,-0.0866,-9.4380,4.1145,26.0949,+5.9613,198.0451,193.3579
8551,0.54,-5.3836,-0.1100,-9.4319,4.0482,15.0357,+5.7596,200.5007,192.4237
8552,0.53,-5.4577,-0.1313,-9.4471,3.9893,11.8856,+6.6040,155.4412,185.1392
8553,0.55,-5.3928,+0.0037,-9.4427,4.0500,12.0503,+5.6939,139.5033,193.5661
8554,0.53,-5.3207,-0.0177,-9.4329,4.1122,24.8807,+6.5967,200.1399,202.5333
8555,0.55,-4.8999,-0.1146,-9.4375,4.5376,101.4078,+8.1300,392.2080,233.2570
8556,0.56,-5.1466,+0.0414,-9.4394,4.2929,34.4611,+7.4668,241.1531,221.6563
8557,0.55,-4.9384,+0.0965,-9.4441,4.5057,75.4384,+6.9881,346.1476,244.6347
8558,0.54,-5.0312,+0.0562,-9.4462,4.4150,38.0481,+6.0016,203.6059,220.0613
8559,0.53,-5.2214,+0.1769,-9.4327,4.2113,30.9644,+5.8991,202.1853,205.4756
8560,0.53,-5.2763,+0.0572,-9.4335,4.1571,26.8800,+6.9183,212.2278,208.0382
8561,0.53,-5.3656,+0.0582,-9.4326,4.0670,15.6678,+7.3502,191.2696,204.5228
8562,0.55,-5.4475,-0.1593,-9.4287,3.9812,25.0317,+6.6657,253.1817,197.8237
8563,0.54,-5.2834,-0.0189,-9.4337,4.1503,12.9234,+6.7253,185.0587,210.1550
8564,0.53,-5.3395,-0.0471,-9.4304,4.0909,35.5707,+6.3631,224.5237,195.1633
8565,0.54,-5.1100,+0.0477,-9.4346,4.3246,44.4331,+6.4807,212.7158,207.3958
8566,0.52,-5.2922,+0.0504,-9.4286,4.1364,20.4411,+7.1308,234.1201,199.7094
8567,0.54,-4.5292,+0.4254,-9.4363,4.9071,235.4767,+6.9970,316.5913,240.2192
8568,0.53,-5.2644,-0.0416,-9.4358,4.1715,30.6367,+7.4793,232.0745,203.8143
8569,0.54,-4.2075,-0.0479,-9.4308,5.2233,517.1591,+6.8170,264.7880,272.0238
8570,0.55,-5.2035,+0.0475,-9.4366,4.2331,37.2975,+7.0853,227.0965,212.4659
8571,0.54,-5.0744,-0.0873,-9.4241,4.3497,59.2675,+7.9098,285.8026,218.0390
8572,0.52,-5.3526,-0.5481,-9.4305,4.0778,16.5430,+6.9943,161.8377,200.4488
8573,0.55,-5.2762,+0.1749,-9.4375,4.1612,33.3555,+8.5410,307.0976,213.8126
8574,0.53,-5.2342,-0.4272,-9.4353,4.2011,38.0325,+6.9157,290.9972,204.1543
8575,0.52,-5.0857,-0.2886,-9.4262,4.3405,46.6731,+5.0990,286.4169,221.0474
8576,0.53,-4.6071,-0.0504,-9.4309,4.8238,222.2668,+5.5340,373.9359,246.0190
8577,0.55,-5.1342,+0.1626,-9.4264,4.2921,58.9876,+5.5627,259.9113,204.9508
8578,0.54,-4.2817,+0.0051,-9.4333,5.1516,399.8965,+5.7624,288.1570,248.4033
8579,0.54,-5.2277,-0.1252,-9.4413,4.2136,40.4906,+6.0204,253.1882,201.9474
8580,0.53,-5.1620,-0.0415,-9.4431,4.2811,35.1053,+5.1328,210.5354,200.8238
8581,0.53,-4.7197,-0.0231,-9.4365,4.7167,153.7203,+6.0833,210.4745,225.7694
8582,0.53,-4.9003,-0.1880,-9.4324,4.5321,108.4251,+5.9150,254.4242,226.6612
8583,0.53,-5.3375,+0.0159,-9.4345,4.0970,24.4251,+6.1658,193.0777,196.4286
8584,0.54,-5.1162,+0.2661,-9.4286,4.3125,68.3523,+6.9009,282.7383,208.8319
8585,0.54,-5.1659,+0.0363,-9.4160,4.2501,41.2413,+6.9011,232.7822,199.9974
8586,0.53,-5.2605,-0.0761,-9.4187,4.1583,4.8372,+5.8480,137.4266,192.7371
8587,0.54,-5.5263,-0.1197,-9.4204,3.8941,1.7091,+5.5198,84.6754,179.7005
8588,0.53,-5.3760,+0.0559,-9.4082,4.0322,1.3803,+8.3705,113.7814,198.8918
8589,0.55,-5.2407,-0.0303,-9.4139,4.1731,1.3304,+10.2654,142.7377,197.7467
8590,0.53,-5.5837,-0.0305,-9.4158,3.8321,1.2323,+6.6739,86.3753,171.1292
8591,0.53,-5.4168,+0.0741,-9.4232,4.0064,1.6538,+7.1619,120.6889,188.0224
8592,0.53,-5.4601,-0.1125,-9.4291,3.9689,0.9513,+6.2097,82.5978,180.0917
8593,0.54,-5.3562,-0.0115,-9.4219,4.0657,1.0120,+5.7006,86.7947,186.9046
8594,0.52,-5.7676,+0.2655,-9.4112,3.6436,8.4632,+10.5715,206.3316,174.4639
8595,0.53,-5.3284,-0.0331,-9.4167,4.0883,1.5829,+3.6224,90.7734,197.0357
8596,0.55,-5.4410,-0.0093,-9.4182,3.9772,1.2396,+2.8820,49.8195,181.5319
8597,0.54,-5.3468,-0.1601,-9.4171,4.0703,1.2741,+10.1454,156.0269,209.3592
8598,0.53,-5.3998,+0.0242,-9.4211,4.0213,0.9276,-0.7932,63.2009,178.0041
8599,0.54,-5.4927,-0.0738,-9.4350,3.9423,1.3913,+10.7610,170.9276,185.9395
8600,0.54,-5.3619,-0.3325,-9.4361,4.0742,1.5595,+2.1553,107.7856,183.9317
8601,0.53,-5.3904,+0.0448,-9.4169,4.0264,1.2644,+9.7464,167.6186,191.6888
8602,0.54,-5.6649,-0.1770,-9.4199,3.7550,1.1897,-1.6752,119.8608,168.3372
8603,0.56,-5.4925,+0.1800,-9.4182,3.9257,1.2071,+11.3145,205.9882,198.7245
8604,0.55,-5.5785,-0.0430,-9.4197,3.8412,2.2466,+1.2804,72.4859,171.8452
8605,0.56,-5.5839,+0.0898,-9.4327,3.8488,1.1428,+9.9437,159.7239,182.4754
8606,0.54,-5.3418,+0.1364,-9.4192,4.0774,1.1840,-4.7134,93.9386,187.3247
8607,0.54,-5.5001,-0.0436,-9.4342,3.9341,0.9222,+12.1414,208.0940,195.1171
8608,0.54,-5.4310,-0.2745,-9.4301,3.9991,1.4642,+5.1411,120.5170,177.3132
8609,0.54,-5.6576,-0.0219,-9.4352,3.7776,2.4164,+9.0456,148.7869,175.8615
8610,0.56,-5.4099,-0.2578,-9.4366,4.0267,1.0906,+6.4497,93.3421,188.2277
8611,0.54,-5.5135,+0.0262,-9.4192,3.9057,1.1821,+9.8726,154.6916,180.0211
8612,0.54,-5.4188,+0.0252,-9.4015,3.9827,3.9262,+3.4564,146.5053,183.8022
8613,0.55,-5.4884,-0.1224,-9.4068,3.9185,7.6946,+8.3009,189.9465,191.7548
8614,0.55,-5.0069,+0.0661,-9.4102,4.4033,49.3577,+12.5302,381.0364,235.7025
8615,0.53,-5.1183,+0.1181,-9.4001,4.2818,40.4934,+11.6347,379.7126,221.2775
8616,0.53,-5.0220,-0.0381,-9.4162,4.3942,36.6985,+12.5085,449.0280,230.2352
8617,0.54,-5.4347,+0.3696,-9.4267,3.9921,9.8459,+10.6232,311.2716,201.0265
8618,0.53,-5.1092,-0.0009,-9.4437,4.3344,48.4934,+8.8600,335.2125,228.6617
8619,0.54,-5.4813,-0.0929,-9.4380,3.9566,1.8952,+9.2764,182.0569,197.8948
8620,0.53,-5.4434,-0.0847,-9.4188,3.9754,1.5922,-1.1360,83.7912,174.4127
8621,0.55,-5.3802,+0.0416,-9.4210,4.0408,0.9670,+13.6295,248.1345,218.2461
8622,0.54,-5.3437,-0.2008,-9.4263,4.0826,1.0467,-1.4334,64.9571,183.7465
8623,0.55,-5.4391,+0.0721,-9.4163,3.9772,0.9717,+14.2577,254.2955,211.0901
8624,0.55,-5.4339,-0.0199,-9.4168,3.9829,0.8661,-2.4841,60.1581,179.2719
8625,0.55,-5.1708,-0.1938,-9.4173,4.2465,10.9510,+15.2343,335.4445,226.9381
8626,0.54,-5.5515,+0.1221,-9.4226,3.8711,1.0347,+12.0661,186.1646,193.8111
8627,0.54,-5.5645,+0.0622,-9.4343,3.8698,1.0102,+0.0339,59.0917,173.7852
8628,0.55,-5.6752,+0.0631,-9.4250,3.7498,1.3509,+9.7843,148.8655,176.5852
8629,0.54,-5.5326,+0.2571,-9.4256,3.8930,1.9404,-0.4324,145.2215,173.1498
8630,0.55,-5.5053,+0.0448,-9.4226,3.9173,1.3288,+8.5164,134.5829,192.8290
8631,0.55,-5.5277,+0.0892,-9.4137,3.8861,0.8661,+4.4144,71.5409,184.9323
8632,0.54,-5.4123,+0.0368,-9.4198,4.0075,0.8868,-0.3848,56.5694,185.8706
8633,0.55,-5.4826,+0.1349,-9.4315,3.9489,1.3488,+10.2236,201.3508,198.2146
8634,0.55,-5.3297,+0.0152,-9.4277,4.0981,3.2048,-0.9495,130.4849,199.2684
8635,0.55,-5.4750,+0.0800,-9.4131,3.9381,1.4646,+9.5320,167.5009,207.2612
8636,0.53,-5.5968,+0.0932,-9.4121,3.8153,1.0863,+1.0151,55.9176,175.7503
8637,0.53,-5.3863,+0.1511,-9.4161,4.0298,2.0951,+14.5305,301.2331,214.9609
8638,0.54,-5.1940,-0.0979,-9.4212,4.2273,3.3861,+0.9236,140.8613,212.1024
8639,0.52,-5.5793,-0.0499,-9.4199,3.8406,2.2850,+7.4520,106.3538,185.3396
8640,0.54,-5.5070,+0.0154,-9.4208,3.9137,2.9392,+5.8456,119.3472,190.9060
8641,0.53,-5.5889,-0.0134,-9.4119,3.8230,1.4576,+4.2632,115.3172,182.1683
8642,0.53,-5.5209,+0.0083,-9.4251,3.9042,1.3508,-0.6783,62.6803,174.5274
8643,0.54,-5.3742,+0.1133,-9.4338,4.0596,1.2004,+15.4769,305.7372,221.4522
8644,0.53,-5.4123,+0.0313,-9.4368,4.0245,1.1263,-2.1889,59.8061,181.6387
8645,0.54,-5.4829,-0.0378,-9.4406,3.9577,1.3772,+14.0946,240.5323,202.5190
8646,0.56,-5.5246,-0.0378,-9.4335,3.9089,1.0197,-0.5854,42.6506,178.8340
8647,0.53,-5.4333,+0.0106,-9.4293,3.9960,0.9519,+11.7611,197.4345,205.2478
8648,0.55,-5.4768,-0.1319,-9.4331,3.9563,1.3304,-0.7923,77.1962,185.1084
8649,0.54,-5.5136,-0.0531,-9.4284,3.9148,0.9849,+8.9884,140.4717,189.4567
8650,0.52,-5.7602,+0.0050,-9.4369,3.6767,3.8408,-0.9287,53.6137,154.0975
8651,0.55,-5.7003,+0.0219,-9.4351,3.7348,1.1550,+8.5221,125.4180,179.2648
8652,0.54,-5.5618,-0.0257,-9.4338,3.8720,1.6879,+5.5380,127.3732,183.4460
8653,0.54,-5.5843,-0.0744,-9.4337,3.8494,1.0262,+8.5966,168.0079,194.6512
8654,0.55,-5.3301,-0.0125,-9.4266,4.0965,1.7830,+3.5299,92.7018,192.4275
8655,0.55,-5.4852,-0.0414,-9.4281,3.9429,4.8635,+6.5714,148.7020,186.9928
8656,0.54,-5.4643,-0.0538,-9.4292,3.9649,1.7742,+8.1669,170.0323,198.0038
8657,0.56,-5.3467,+0.0667,-9.4359,4.0892,1.6549,-3.8797,82.6227,200.1388
8658,0.54,-5.3513,+0.0400,-9.4337,4.0824,0.6616,+12.8276,208.3634,218.2538
8659,0.55,-5.4258,-0.0518,-9.4328,4.0070,2.4382,-2.1979,81.9068,193.4222
8660,0.53,-5.5789,-0.0478,-9.4327,3.8538,1.5508,+8.1972,122.0288,184.9429
8661,0.54,-5.4672,+0.0951,-9.4333,3.9662,1.0843,+3.1676,53.6002,186.6783
8662,0.54,-5.3929,-0.0087,-9.4259,4.0330,1.0285,+10.7401,154.1781,206.9148
8663,0.54,-5.5630,+0.1423,-9.4407,3.8777,1.1161,+1.7742,65.6346,185.5576
8664,0.55,-5.5314,+0.0366,-9.4438,3.9124,0.8274,+6.7869,110.5006,189.7464
8665,0.55,-5.6467,-0.0464,-9.4441,3.7974,3.0915,+4.5430,118.0017,182.1308
8666,0.54,-5.6908,-0.1054,-9.4519,3.7611,1.3070,+7.7292,112.7401,185.6852
8667,0.54,-5.5908,+0.1800,-9.4490,3.8583,1.8144,+8.6138,145.3956,186.7770
8668,0.53,-5.5375,-0.0957,-9.4504,3.9129,1.0436,-1.8647,65.9170,180.8205
8669,0.54,-5.5601,-0.0616,-9.4501,3.8901,1.3984,+14.2067,251.3995,203.3411
8670,0.56,-5.5993,+0.0021,-9.4561,3.8568,2.1447,-0.3632,65.0922,174.2245
8671,0.55,-5.5219,-0.0211,-9.4453,3.9234,1.3381,+10.2223,170.1117,192.1158
8672,0.52,-5.6119,-0.0124,-9.4594,3.8475,1.2146,+4.6155,68.6837,183.9640
8673,0.56,-5.5723,+0.0934,-9.4587,3.8864,1.1692,+10.3677,152.4495,195.7951
8674,0.54,-5.3591,-0.2825,-9.4426,4.0836,3.7429,+10.6317,205.3556,212.9556
8675,0.56,-5.5054,+0.0744,-9.4466,3.9413,1.7969,+9.6172,149.8000,193.5321
8676,0.54,-5.6063,+0.1010,-9.4580,3.8518,1.4656,+8.3255,138.1472,189.5738
8677,0.56,-5.7456,+0.0759,-9.4547,3.7091,1.1989,+2.9793,74.7065,164.5554
8678,0.57,-5.5856,-0.0001,-9.4664,3.8809,2.2089,+13.3910,228.8849,203.9216
8679,0.55,-5.6514,+0.1620,-9.4543,3.8029,1.2453,+2.0422,60.0454,171.6265
8680,0.55,-5.0781,-0.0718,-9.4508,4.3727,27.1193,+13.9430,337.7630,237.4830
8681,0.55,-5.4273,+0.0303,-9.4451,4.0178,1.1738,+11.7940,203.2751,201.9155
8682,0.55,-5.3354,-0.2462,-9.4516,4.1162,12.2204,+0.7052,161.1977,194.9998
8683,0.54,-5.5155,+0.0732,-9.4501,3.9346,5.4468,+1.6377,123.7140,187.4275
8684,0.54,-5.7339,-0.1151,-9.4570,3.7231,1.2945,+6.2381,90.1362,172.7713
8685,0.54,-5.4787,+0.1367,-9.4571,3.9784,1.9362,+1.4330,64.8544,178.5428
8686,0.53,-5.0875,+0.0012,-9.4499,4.3624,6.7435,+14.9881,316.8936,225.7021
8687,0.54,-5.3442,-0.0550,-9.4609,4.1167,1.6681,+6.7030,112.4826,198.9227
8688,0.55,-5.6536,+0.1700,-9.4595,3.8059,1.5784,+3.3248,118.6283,181.6689
8689,0.55,-5.4507,+0.1358,-9.4784,4.0277,1.3624,+11.2372,201.5880,206.1653
8690,0.54,-5.2717,-0.0888,-9.4763,4.2046,1.2702,-4.6017,99.8660,194.1043
8691,0.55,-5.5840,+0.0814,-9.4758,3.8917,1.2324,+8.8777,124.9933,183.4016
8692,0.54,-5.5999,-0.0638,-9.4720,3.8721,2.1555,+3.4047,148.4516,176.9592
8693,0.54,-5.6602,-0.0812,-9.4718,3.8116,2.1818,+4.7268,120.9235,183.8345
8694,0.56,-5.6085,+0.0315,-9.4728,3.8644,1.1735,+9.6618,158.5107,193.3565
8695,0.54,-5.6021,+0.1059,-9.4735,3.8714,4.5438,+4.8428,169.2262,178.9453
8696,0.55,-5.4756,-0.0540,-9.4708,3.9952,13.7273,+4.4568,153.0744,188.6558
8697,0.53,-5.3649,-0.0374,-9.4757,4.1108,25.3326,+6.0379,199.5298,202.7536
8698,0.55,-5.7542,-0.4513,-9.4730,3.7188,1.1757,+6.8897,125.7449,179.4384
8699,0.54,-5.4190,+0.2207,-9.4831,4.0641,22.7797,+7.0440,201.6995,196.9255
8700,0.54,-5.0086,+0.0891,-9.4798,4.4711,105.2725,+6.4622,332.6987,221.6689
8701,0.56,-5.3275,-0.0527,-9.4673,4.1398,25.4482,+6.1159,249.0958,200.7848
8702,0.54,-5.1346,+0.0193,-9.4749,4.3403,41.1651,+6.9390,272.2994,226.4109
8703,0.53,-5.0932,-0.0891,-9.4711,4.3779,50.1294,+6.6693,284.6248,223.9692
8704,0.54,-5.1966,+0.1637,-9.4769,4.2803,57.2960,+6.5675,275.6938,212.5005
8705,0.54,-5.2772,-0.0761,-9.4822,4.2050,43.9277,+6.7109,250.5684,203.8891
8706,0.54,-5.3070,+0.1203,-9.4674,4.1605,37.9546,+7.0808,236.6375,208.4163
8707,0.55,-5.2184,+0.1212,-9.4653,4.2468,39.9554,+6.6046,252.6829,210.1858
8708,0.53,-5.2623,-0.0031,-9.4524,4.1901,44.2801,+5.8811,260.8732,204.6604
8709,0.56,-5.3228,+0.0932,-9.4496,4.1269,36.1224,+5.8781,241.0566,201.1861
8710,0.54,-5.2126,+0.0315,-9.4482,4.2356,48.8837,+5.7032,266.5582,216.3230
8711,0.55,-5.1836,-0.1394,-9.4597,4.2761,57.6190,+6.6571,281.3382,203.4335
8712,0.55,-5.4686,-0.0841,-9.4550,3.9864,37.7279,+4.8320,258.2204,181.1625
8713,0.56,-5.2380,+0.0034,-9.4502,4.2122,27.8475,+7.2155,230.5805,208.4843
8714,0.56,-5.3342,-0.1559,-9.4499,4.1157,35.0481,+5.7314,210.8283,196.2529
8715,0.53,-5.3378,-0.2088,-9.4520,4.1142,40.2891,+6.2426,306.0625,199.8399
8716,0.53,-5.2498,-0.0947,-9.4456,4.1957,36.7895,+3.9653,175.6942,195.8735
8717,0.55,-5.2740,-0.0170,-9.4426,4.1686,31.3656,+4.8265,198.1887,198.7948
8718,0.55,-5.3859,-0.0777,-9.4474,4.0615,31.0061,+5.3843,189.5661,193.0482
8719,0.57,-5.3936,+0.0097,-9.4537,4.0601,35.3147,+5.9307,199.7104,198.6084
8720,0.54,-5.4019,-0.0356,-9.4628,4.0609,29.2372,+5.3223,175.8600,193.2549
8721,0.55,-5.2697,+0.1625,-9.4463,4.1766,46.8379,+5.7025,213.4594,207.2242
8722,0.55,-5.4886,+0.0830,-9.4386,3.9500,15.6614,+5.7747,221.3933,185.0887
8723,0.55,-5.2979,-0.1550,-9.4484,4.1506,25.3570,+4.6726,194.4565,194.7439
8724,0.54,-5.4448,+0.0247,-9.4344,3.9895,34.1121,+4.4749,194.9205,188.4965
8725,0.53,-5.4406,-0.0127,-9.4456,4.0050,28.1702,+4.2185,172.4052,190.9833
8726,0.55,-5.2940,-0.0660,-9.4482,4.1541,33.4505,+5.6904,196.0523,204.7882
8727,0.54,-4.9144,-0.3742,-9.4536,4.5393,69.7756,+5.2979,187.0163,225.0800
8728,0.54,-5.4719,+0.4602,-9.4588,3.9869,12.7127,+4.7031,208.5336,189.9864
8729,0.54,-5.5416,+0.0054,-9.4722,3.9306,33.7136,+4.4990,183.7175,180.5174
8730,0.53,-4.9594,+0.0583,-9.4637,4.5043,149.0083,+5.8389,250.4067,226.7431
8731,0.53,-5.5799,-0.0398,-9.4555,3.8756,11.1328,+6.2381,181.2481,198.6524
8732,0.54,-5.2851,-0.0226,-9.4540,4.1689,46.0785,+5.4333,218.7943,196.0234
8733,0.55,-5.2111,-0.0240,-9.4522,4.2411,39.2993,+6.3810,206.6172,199.2415
8734,0.54,-5.3477,+0.3015,-9.4507,4.1030,27.8066,+5.7612,206.0200,185.8067
8735,0.53,-5.3006,+0.1871,-9.4572,4.1566,48.3640,+4.8726,209.5149,191.9880
8736,0.53,-5.4815,+0.1654,-9.4478,3.9663,21.3778,+5.0333,237.6053,192.8284
8737,0.54,-5.2761,+0.0041,-9.4450,4.1689,45.8605,+4.9082,240.7338,195.4502
8738,0.54,-5.1991,-0.0147,-9.4502,4.2510,50.9948,+5.7071,259.4579,203.9396
8739,0.55,-5.2152,-0.2264,-9.4563,4.2410,47.6782,+6.4922,270.5259,206.0057
8740,0.54,-5.0883,+0.4034,-9.4498,4.3615,84.6626,+6.4166,228.8557,206.5786
8741,0.54,-4.8087,-0.0095,-9.4573,4.6485,190.4363,+5.9517,164.3205,224.5272
8742,0.55,-4.7150,+0.2764,-9.4622,4.7472,237.4281,+4.6555,181.9931,220.1858
8743,0.54,-5.1724,-0.0178,-9.4541,4.2817,87.0922,+4.7564,194.5849,196.0275
8744,0.55,-5.2187,-0.3465,-9.4592,4.2405,73.6775,+6.5532,221.2632,213.7194
8745,0.54,-5.1579,+0.0909,-9.4665,4.3086,76.1967,+6.1018,190.8396,208.2814
8746,0.53,-5.3988,+0.1137,-9.4587,4.0598,31.6089,+5.9333,171.6812,195.5423
8747,0.55,-5.5143,-0.1226,-9.4596,3.9453,9.6442,+7.5044,215.6452,197.2420
8748,0.53,-5.4091,+0.1011,-9.4613,4.0522,23.7542,+5.6362,171.8955,188.8485
8749,0.54,-5.4286,-0.0256,-9.4563,4.0276,35.7931,+5.9369,198.5698,187.7279
8750,0.54,-5.4707,+0.0062,-9.4452,3.9744,18.9886,+6.8783,202.7719,196.6639
8751,0.55,-5.1914,-0.0161,-9.4374,4.2460,64.3212,+5.9958,211.7809,210.6873
8752,0.53,-5.4124,-0.0203,-9.4359,4.0235,14.5770,+5.8747,163.5796,191.0061
8753,0.54,-5.3398,-0.0051,-9.4446,4.1048,43.1218,+5.4499,195.0953,195.7079
8754,0.53,-5.2506,+0.0856,-9.4464,4.1958,64.8715,+5.3725,187.1795,186.7474
8755,0.54,-5.3453,+0.0155,-9.4411,4.0958,21.9524,+6.6516,209.3878,198.3597
8756,0.53,-5.3525,-0.0197,-9.4548,4.1023,32.6334,+5.0844,187.2841,197.8554
8757,0.54,-5.8728,+0.0178,-9.4457,3.5729,5.1190,+4.8658,89.1212,177.3891
8758,0.54,-5.8150,+0.0548,-9.4477,3.6327,2.9008,+7.0754,106.3988,174.4565
8759,0.54,-5.6495,-0.0043,-9.4451,3.7956,1.9345,+3.1234,66.7596,176.5401
8760,0.54,-5.5106,+0.0384,-9.4394,3.9288,2.9593,+8.9715,147.0573,186.5013
8761,0.54,-5.4806,-0.0710,-9.4486,3.9680,5.9910,+2.7302,121.8210,182.2858
8762,0.55,-5.5043,-0.0531,-9.4606,3.9564,1.8808,+5.1412,115.5889,183.6028
8763,0.54,-5.4236,+0.1950,-9.4700,4.0465,1.7729,-0.4316,63.0813,184.3911
8764,0.56,-5.4316,-0.1274,-9.4522,4.0206,4.2071,+12.3210,257.8232,207.5563
8765,0.54,-5.5468,-0.0795,-9.4416,3.8948,3.6082,+6.0568,136.6754,185.3590
8766,0.54,-5.2332,+1.0543,-9.4428,4.2096,21.3733,+8.2495,113.6165,214.0966
8767,0.54,-5.4532,+0.0735,-9.4570,4.0037,3.7770,+7.6250,181.8624,198.8229
8768,0.52,-5.5409,+0.0885,-9.4553,3.9144,7.3619,+7.2015,169.4805,184.5730
8769,0.54,-5.4676,-0.0063,-9.4563,3.9888,15.2967,+6.7034,212.7401,201.8908
8770,0.54,-5.2878,-0.0957,-9.4382,4.1504,53.5269,+4.6961,288.9967,196.7042
8771,0.55,-4.5747,+0.1880,-9.4465,4.8718,290.7843,+5.8453,410.9820,262.4490
8772,0.54,-5.0951,+0.0670,-9.4572,4.3620,32.3541,+5.6645,203.7046,228.2670
8773,0.54,-5.1232,-0.0474,-9.4575,4.3343,34.9168,+6.3470,245.6425,220.3508
8774,0.52,-5.0341,+0.7181,-9.4461,4.4120,33.0543,+4.9564,168.7911,214.3726
8775,0.54,-4.6960,+0.2336,-9.4573,4.7612,210.9725,+6.8006,238.1599,248.9785
8776,0.53,-5.3370,-0.0475,-9.4604,4.1234,38.4710,+6.7483,223.7316,201.7258
8777,0.53,-5.4811,-0.0176,-9.4659,3.9848,4.9726,+7.9817,158.9141,198.5735
8778,0.54,-5.3870,-0.0172,-9.4560,4.0690,28.9494,+8.0482,248.0349,211.9282
8779,0.54,-5.1482,+0.2349,-9.4456,4.2975,66.1633,+7.2648,263.5498,222.1835
8780,0.55,-5.3845,+0.0599,-9.4398,4.0553,24.5249,+6.6185,167.4684,209.8249
8781,0.52,-5.1130,+0.1966,-9.4275,4.3144,62.5235,+6.2354,202.0188,219.8957
8782,0.54,-5.4802,-0.0132,-9.4499,3.9697,13.4114,+6.9556,163.4017,201.0765
8783,0.53,-5.3308,+0.1256,-9.4398,4.1090,21.9563,+3.3779,214.9557,191.0154
8784,0.55,-5.5199,-0.1638,-9.4379,3.9179,10.5501,+4.3100,156.2251,180.7483
8785,0.51,-5.5736,+0.0328,-9.4649,3.8913,4.2429,+5.8921,115.9421,180.6255
8786,0.54,-5.3195,-0.2072,-9.4723,4.1528,19.4429,+9.3492,224.4709,226.4479
8787,0.55,-5.0186,+0.1047,-9.4646,4.4460,30.2313,+7.1194,269.5031,226.0952
8788,0.54,-5.2980,-0.0570,-9.4725,4.1745,25.2626,+3.4658,201.4601,206.6462
8789,0.53,-5.3124,-0.0308,-9.4675,4.1551,38.3324,+4.8104,267.4753,203.9364
8790,0.52,-5.2401,-0.0997,-9.4711,4.2310,24.9541,+5.9974,172.4621,214.8485
8791,0.53,-5.2246,+0.2303,-9.4589,4.2343,17.5413,+5.6833,203.7807,207.9986
8792,0.54,-5.4272,-0.0501,-9.4528,4.0256,23.4833,+5.8350,217.9582,194.7999
8793,0.53,-5.2546,+0.1498,-9.4497,4.1951,17.8672,+4.9705,134.1324,203.5555
8794,0.54,-5.2626,+0.1552,-9.4484,4.1858,28.8784,+5.5240,145.7439,198.6300
8795,0.55,-5.2099,-0.0870,-9.4469,4.2370,22.6306,+7.0963,198.9357,215.2933
8796,0.53,-5.4374,-0.1241,-9.4510,4.0137,12.8892,+9.2890,194.1359,204.3064
8797,0.53,-5.4291,+0.0097,-9.4549,4.0258,17.3121,+6.4582,160.4272,197.2160
8798,0.53,-5.2716,-0.1019,-9.4555,4.1839,14.9603,+6.4194,162.7121,205.9898
8799,0.52,-5.1945,-0.2510,-9.4565,4.2620,18.0126,+4.0028,162.4899,207.1187
8800,0.55,-5.0276,+0.1785,-9.4622,4.4346,13.9951,+3.4558,129.5679,219.7238
8801,0.54,-5.2501,+0.1419,-9.4700,4.2199,9.6097,+5.6756,110.3066,207.2600
8802,0.52,-5.4390,+0.0699,-9.4686,4.0297,2.3645,+5.8203,92.7963,193.9835
8803,0.52,-5.4807,+0.1466,-9.4541,3.9734,11.1513,+9.3740,193.4268,205.0963
8804,0.54,-5.4022,+0.1455,-9.4637,4.0616,15.3866,+4.3109,128.9160,197.9635
8805,0.52,-5.3315,+0.0765,-9.4705,4.1390,10.6638,+4.8513,133.8745,197.8737
8806,0.52,-5.3435,-0.2329,-9.4695,4.1260,10.3718,+4.9926,151.6400,205.1957
8807,0.50,-5.3177,-0.2623,-9.4670,4.1493,7.7238,+4.8319,121.0513,194.4641
8808,0.52,-5.2833,-0.1543,-9.4567,4.1734,13.3614,+3.5778,139.3260,192.1419
8809,0.51,-5.2612,+0.0356,-9.4629,4.2017,25.2053,+7.3352,228.1096,212.3266
8810,0.51,-5.4783,+0.0455,-9.4809,4.0026,2.3335,+6.6842,108.7311,194.6328
8811,0.52,-5.1422,-0.0014,-9.4687,4.3265,1.9174,-1.4285,75.5372,194.4922
8812,0.53,-5.3655,-0.0062,-9.4688,4.1033,1.4043,+6.2102,87.7543,194.3118
8813,0.53,-5.4425,+0.0835,-9.4795,4.0371,1.7225,+10.6016,166.9517,207.9539
8814,0.52,-5.3472,-0.0059,-9.4675,4.1203,0.9662,+0.4998,55.4332,196.3638
8815,0.54,-5.3455,+0.0610,-9.4627,4.1172,1.3193,+12.2169,188.4991,211.7703
8816,0.54,-5.5674,+0.0914,-9.4529,3.8855,1.2880,+0.5853,83.7830,186.0571
8817,0.53,-5.4490,-0.0078,-9.4586,4.0095,1.7870,+10.0994,180.0831,185.8335
8818,0.54,-5.4683,+0.0439,-9.4552,3.9869,4.7089,-1.6750,120.1773,182.9805
8819,0.55,-5.5201,+0.1000,-9.4506,3.9304,1.7518,+9.2447,147.4446,191.4016
8820,0.53,-5.5315,+0.0512,-9.4545,3.9230,1.2972,+5.4567,87.0172,185.1703
8821,0.54,-5.5927,-0.0569,-9.4726,3.8799,1.8151,+9.6964,152.4879,182.6845
8822,0.55,-5.4134,+0.0420,-9.4821,4.0687,1.2795,+0.4338,106.1367,187.0343
8823,0.53,-5.2801,+0.3458,-9.4755,4.1955,4.9636,+8.3134,128.4313,204.4715
8824,0.53,-5.3820,-0.0606,-9.4704,4.0884,0.8225,+9.0914,133.4579,214.4882
8825,0.55,-5.6597,+0.0164,-9.4724,3.8128,1.8139,-3.0063,65.4751,183.5018
8826,0.55,-5.3017,-0.0093,-9.4830,4.1814,1.1085,+16.3391,306.8300,236.1278
8827,0.54,-5.4839,+0.0056,-9.4799,3.9960,1.0212,+0.1041,66.7827,188.0281
8828,0.54,-5.6108,+0.0074,-9.4676,3.8568,1.6534,+8.6560,130.3306,201.5079
8829,0.55,-5.5477,+0.0750,-9.4718,3.9241,0.8320,+4.1658,70.5770,188.9624
8830,0.55,-5.6318,+0.0536,-9.4744,3.8426,0.7215,+5.6007,98.2096,189.7361
8831,0.53,-5.5011,+0.2351,-9.4680,3.9670,1.4085,+2.7331,81.3415,177.2743
8832,0.54,-5.5129,+0.0950,-9.4619,3.9490,2.1745,+1.8751,87.2963,179.7569
8833,0.54,-5.6071,+0.1239,-9.4667,3.8595,1.2850,+7.2211,133.9877,185.0956
8834,0.54,-5.5923,-0.1990,-9.4792,3.8869,2.2764,+5.5777,157.1177,190.8224
8835,0.55,-5.5047,+0.3666,-9.4865,3.9818,21.2502,+1.6445,156.6421,186.2679
8836,0.54,-5.2904,-0.1471,-9.4898,4.1994,10.1464,+0.8820,153.9488,198.9320
8837,0.56,-5.7104,-0.0529,-9.4826,3.7723,3.3165,+3.7801,107.2421,179.6796
8838,0.53,-5.5696,-0.0054,-9.4796,3.9100,1.3188,+7.6842,108.3674,191.1913
8839,0.53,-5.6477,-0.0360,-9.4755,3.8278,3.7904,+1.9712,155.3373,181.8181
8840,0.53,-5.3531,-0.0117,-9.4778,4.1247,2.7974,+0.9301,88.2542,211.6611
8841,0.54,-5.6513,+0.0781,-9.4778,3.8265,1.4780,+10.8725,188.5683,194.8132
8842,0.53,-5.7245,-0.0858,-9.4688,3.7443,2.3713,+3.5351,68.0713,178.8979
8843,0.53,-5.5165,+0.0413,-9.4689,3.9524,1.5573,+10.7125,163.0761,202.0817
8844,0.54,-5.4404,-0.0283,-9.4700,4.0296,1.4320,+7.7419,137.6404,204.0208
8845,0.54,-5.6052,+0.0638,-9.4660,3.8609,0.9497,+5.7329,70.7198,181.8546
8846,0.54,-5.5380,+0.1183,-9.4736,3.9356,3.9301,+5.1204,75.6126,186.2891
8847,0.54,-5.5707,-0.0710,-9.4841,3.9134,4.3313,+6.2702,102.6954,184.4150
8848,0.54,-5.6263,-0.0400,-9.4706,3.8443,5.6110,+5.7842,160.5954,186.0468
8849,0.55,-5.2824,-0.1219,-9.4745,4.1921,15.0493,+4.2772,243.5525,206.1939
8850,0.52,-5.6451,-0.0989,-9.4739,3.8288,1.5682,+5.5568,99.3645,175.4202
8851,0.54,-5.4443,-0.0810,-9.4857,4.0413,1.9428,-1.7736,95.0571,185.5795
8852,0.53,-5.6742,+0.0622,-9.4928,3.8186,1.5300,+9.1233,129.9794,181.7353
8853,0.55,-5.5191,+0.0689,-9.4883,3.9692,1.3080,+1.5299,92.7691,186.7953
8854,0.55,-5.5974,+0.2034,-9.4742,3.8768,3.7681,+10.9131,172.9632,203.6691
8855,0.54,-5.7227,-0.0378,-9.4615,3.7387,1.2700,+2.7741,92.2635,176.4197
8856,0.55,-5.4472,-0.0292,-9.4674,4.0202,4.6433,+7.5430,191.1592,200.4623
8857,0.54,-5.8576,+0.0854,-9.4722,3.6146,1.9910,+5.3430,95.0857,164.2124
8858,0.55,-5.5377,-0.0786,-9.4738,3.9361,1.3271,+14.4224,276.2969,215.4576
8859,0.53,-5.6728,+0.1441,-9.4792,3.8064,1.0748,+2.0806,69.9694,175.3611
8860,0.54,-5.5070,+0.0010,-9.4860,3.9790,1.4106,+12.9569,238.1727,203.9593
8861,0.57,-5.6620,+0.0937,-9.4890,3.8270,1.9123,+3.2534,77.4839,178.9667
8862,0.55,-5.4229,-0.1506,-9.4739,4.0510,3.8016,+14.8401,305.0870,211.7475
8863,0.55,-5.4849,-0.0964,-9.4657,3.9809,2.3882,+0.7143,73.4274,189.0088
8864,0.55,-5.7173,-0.0083,-9.4758,3.7585,1.0799,+8.6509,120.4123,182.1407
8865,0.55,-5.5147,+0.1207,-9.4678,3.9532,2.1536,+6.5658,148.4712,190.4269
8866,0.54,-5.5868,+0.0183,-9.4710,3.8842,1.9948,+2.5441,73.7030,186.1501
8867,0.55,-5.4940,+0.2389,-9.4801,3.9861,1.5209,+8.9030,141.8133,201.1665
8868,0.53,-5.2961,+0.0808,-9.4860,4.1899,2.9328,-2.6945,117.8024,193.5650
8869,0.55,-5.6706,-0.0100,-9.4790,3.8084,1.9161,+8.9175,140.9531,191.0330
8870,0.55,-5.3727,+0.1037,-9.4735,4.1008,8.1481,+6.1108,136.5378,198.5031
8871,0.54,-5.2376,+0.2801,-9.4643,4.2268,60.9722,+5.9964,257.8640,208.5537
8872,0.54,-5.2651,+0.1385,-9.4654,4.2003,42.0922,+6.6020,212.2906,212.1345
8873,0.55,-5.7824,-0.0730,-9.4651,3.6827,1.7504,+4.8843,80.0236,171.7587
8874,0.54,-5.2144,-0.0155,-9.4609,4.2465,43.4335,+5.9400,291.1874,210.3577
8875,0.54,-5.2464,-0.1216,-9.4542,4.2078,31.8862,+6.2079,271.0752,212.0744
8876,0.55,-5.4115,+0.0640,-9.4516,4.0401,41.2880,+6.3148,309.9179,203.0999
8877,0.54,-5.1686,-0.0350,-9.4514,4.2828,39.2653,+8.7822,333.4087,225.7133
8878,0.54,-5.3196,-0.1122,-9.4628,4.1433,32.0962,+7.0831,277.2356,206.2385
8879,0.53,-4.9622,-0.2385,-9.4597,4.4974,67.1978,+8.0666,434.1117,230.8873
8880,0.54,-4.9815,-0.1494,-9.4523,4.4708,51.7665,+7.8545,386.7820,242.4196
8881,0.56,-5.0859,-0.1891,-9.4671,4.3812,47.6571,+8.2425,359.9146,232.2958
8882,0.55,-5.3686,-0.3715,-9.4690,4.1004,75.0530,+9.8767,420.3502,204.6993
8883,0.54,-4.8796,+0.0981,-9.4635,4.5839,73.2149,+7.5670,334.2027,227.4047
8884,0.55,-5.2977,+0.1875,-9.4700,4.1723,35.9505,+7.5516,408.5757,209.5928
8885,0.53,-4.6627,-0.4379,-9.4730,4.8102,84.2847,+8.6901,446.5297,240.3202
8886,0.54,-4.8364,-0.0081,-9.4664,4.6300,90.7694,+8.0303,438.0972,245.6014
8887,0.54,-4.7770,-0.0679,-9.4568,4.6798,67.3031,+8.1401,460.2261,258.4921
8888,0.56,-4.4774,+0.2101,-9.4571,4.9797,264.6382,+6.8954,410.7797,245.5384
8889,0.54,-5.3774,-0.0234,-9.4642,4.0868,13.0902,+6.8353,223.0283,204.4716
8890,0.55,-5.4013,-0.0436,-9.4467,4.0454,6.3829,+6.2244,143.1562,198.3224
8891,0.51,-5.7081,-0.0778,-9.4490,3.7409,4.8901,+5.0039,141.8375,184.2122
8892,0.53,-5.3928,-0.1225,-9.4621,4.0693,8.9890,+2.1568,146.0484,190.0584
8893,0.53,-5.3343,-0.2573,-9.4655,4.1312,24.7541,+2.6242,189.7783,197.0622
8894,0.54,-5.1730,-0.0172,-9.4584,4.2854,28.5221,+3.4931,203.4774,223.7418
8895,0.53,-5.6335,+0.1133,-9.4587,3.8252,2.3214,+3.7704,86.6740,183.5149
8896,0.55,-5.6519,-0.0327,-9.4540,3.8020,1.4803,+7.3625,124.3331,180.8719
8897,0.56,-5.5265,+0.1612,-9.4397,3.9133,1.2700,+0.4442,62.3158,175.3834
8898,0.54,-5.5045,+0.1022,-9.4405,3.9360,1.0247,+12.3977,209.5036,202.5151
8899,0.53,-5.5148,+0.0888,-9.4486,3.9338,1.3501,-1.8594,77.6492,176.5648
8900,0.53,-5.5427,-0.0628,-9.4450,3.9023,1.5582,+9.5861,162.2924,194.7889
8901,0.56,-5.5607,-0.0101,-9.4473,3.8866,2.7304,+8.6290,163.0329,188.7696
8902,0.56,-5.7037,-0.1600,-9.4623,3.7587,5.4858,+6.0625,158.9234,174.7148
8903,0.53,-5.2058,+0.0042,-9.4622,4.2564,38.6336,+5.0935,344.0553,220.0906
8904,0.54,-5.0722,+0.1404,-9.4527,4.3805,37.7167,+4.9974,332.1793,235.2423
8905,0.54,-5.3949,+0.0835,-9.4574,4.0625,15.0489,+4.7083,190.8494,200.1327
8906,0.57,-5.2168,-0.2737,-9.4501,4.2333,30.7715,+5.5651,269.5497,213.1685
8907,0.56,-5.3728,-0.0116,-9.4568,4.0840,25.2840,+5.7362,208.8071,199.8015
8908,0.54,-5.3509,+0.0655,-9.4588,4.1079,25.4055,+6.4865,238.9353,210.6721
8909,0.51,-5.6361,-0.0637,-9.4543,3.8182,4.3479,+6.5559,138.7102,183.1063
8910,0.54,-5.2678,+0.0735,-9.4633,4.1955,13.3195,+11.5913,292.6600,233.9110
8911,0.54,-5.5903,-0.0665,-9.4607,3.8704,19.3253,+7.0770,264.4833,197.2364
8912,0.54,-5.3115,+0.1071,-9.4491,4.1376,35.9787,+7.2550,264.5474,207.5683
8913,0.54,-4.9401,+0.0550,-9.4420,4.5019,86.6983,+7.0676,342.2183,236.6323
8914,0.56,-5.4586,-0.1371,-9.4438,3.9852,3.2108,+6.3215,151.7462,197.0267
8915,0.55,-5.3879,+0.0008,-9.4503,4.0624,11.0119,+6.2914,205.2080,202.0155
8916,0.53,-5.6170,-0.1443,-9.4501,3.8331,2.3588,+5.3015,106.8465,182.0421
8917,0.53,-5.3193,+0.0491,-9.4510,4.1316,23.5007,+7.1238,217.7603,208.1852
8918,0.53,-5.5236,-0.1886,-9.4676,3.9440,13.1603,+5.3059,128.7143,193.5644
8919,0.53,-5.0649,+0.1366,-9.4661,4.4013,29.3254,+5.4108,264.8542,226.6064
8920,0.52,-5.3595,+0.1926,-9.4735,4.1140,19.4483,+4.7972,178.5046,195.4968
8921,0.52,-5.2962,-0.0773,-9.4779,4.1817,30.5497,+6.3425,208.2245,209.5030
8922,0.54,-5.4680,+0.1711,-9.4733,4.0053,19.3665,+8.2369,217.6761,200.1925
8923,0.52,-5.1544,-0.0165,-9.4740,4.3196,38.6122,+9.0052,274.8276,229.1858
8924,0.54,-5.0986,-0.0652,-9.4796,4.3810,58.9531,+8.7132,325.2686,229.9398
8925,0.54,-5.2538,-0.0325,-9.4771,4.2232,35.5821,+8.8224,254.4033,217.9947
8926,0.52,-5.1886,+0.2317,-9.4509,4.2622,54.6749,+7.4710,287.2396,212.9766
8927,0.53,-5.2580,-0.1069,-9.4589,4.2009,29.3441,+7.2191,214.8205,206.7612
8928,0.53,-5.2423,+0.0914,-9.4616,4.2193,27.8399,+7.8270,237.9614,210.0762
8929,0.53,-5.3127,+0.1037,-9.4591,4.1464,32.8493,+7.3037,247.6876,204.1832
8930,0.53,-5.3161,+0.0324,-9.4628,4.1467,19.4262,+5.7137,168.7134,207.3319
8931,0.53,-5.3009,+0.0199,-9.4606,4.1598,32.7404,+4.9131,175.0982,195.6748
8932,0.54,-5.3103,+0.0313,-9.4723,4.1620,30.5282,+5.9447,185.8987,201.7866
8933,0.54,-5.1280,-0.0146,-9.4733,4.3453,42.3282,+6.4816,264.0001,220.5200
8934,0.53,-4.7960,+0.1565,-9.4686,4.6726,116.3316,+7.2547,470.8712,256.2224
8935,0.52,-5.0759,+0.1233,-9.4706,4.3947,52.7851,+6.2651,331.4102,229.8374
8936,0.51,-4.7323,-0.2661,-9.4659,4.7336,92.3221,+6.4416,434.5632,247.2295
8937,0.53,-4.7955,-0.0769,-9.4641,4.6686,95.3996,+5.5386,465.2778,245.3223
8938,0.53,-4.9212,+0.0916,-9.4723,4.5511,83.0108,+5.2919,497.7197,249.4051
8939,0.53,-5.0231,+0.0520,-9.4741,4.4510,49.7660,+5.1749,390.6926,238.4574
8940,0.53,-4.8838,-0.3671,-9.4653,4.5815,84.2179,+5.1188,434.7769,244.2357
8941,0.52,-4.6746,-0.1172,-9.4598,4.7851,86.0453,+5.6255,460.4364,262.2850
8942,0.53,-4.7414,-0.0963,-9.4582,4.7167,93.7090,+6.6711,499.6897,257.9153
8943,0.53,-5.0003,+0.1944,-9.4596,4.4593,44.7111,+7.2974,314.6335,225.1377
8944,0.54,-4.9978,-0.0848,-9.4568,4.4591,55.4469,+6.0948,351.1918,222.5021
8945,0.55,-4.7816,-0.2220,-9.4525,4.6709,81.6574,+5.9245,390.2137,240.3425
8946,0.54,-4.8473,+0.0356,-9.4492,4.6018,80.3839,+6.8128,472.8553,252.4061
8947,0.51,-4.8913,+0.1489,-9.4589,4.5676,62.7931,+7.4659,397.9457,248.5311
8948,0.53,-4.8191,+0.0281,-9.4630,4.6439,71.2871,+9.0893,438.0601,247.7967
8949,0.52,-5.0865,+0.0077,-9.4594,4.3729,36.8569,+7.0890,310.5690,222.7352
8950,0.52,-4.9696,-0.1130,-9.4545,4.4849,83.9044,+7.7037,398.4797,239.8451
8951,0.53,-5.1285,-0.4980,-9.4612,4.3327,54.9947,+8.2842,387.0175,229.7297
8952,0.53,-5.3271,-0.1261,-9.4507,4.1236,51.9719,+7.0435,269.7284,219.9024
8953,0.52,-5.4094,+0.3356,-9.4549,4.0456,54.5006,+6.8325,256.3443,198.6223
8954,0.54,-5.2357,+0.1183,-9.4394,4.2037,38.5074,+6.1643,353.3333,213.6294
8955,0.53,-5.4783,+0.6154,-9.4422,3.9640,9.0144,+6.0515,87.1313,199.0010
8956,0.52,-5.2679,-0.0272,-9.4477,4.1798,62.2266,+6.6452,300.9422,214.8927
8957,0.53,-5.4039,+0.0094,-9.4463,4.0425,43.6408,+6.9615,297.9206,201.9456
8958,0.54,-5.1081,-0.3323,-9.4428,4.3348,70.3722,+6.9135,363.2119,221.9166
8959,0.54,-5.3105,+0.2641,-9.4639,4.1534,17.7277,+7.2958,246.6010,206.6581
8960,0.54,-5.1248,+0.0672,-9.4650,4.3402,54.9098,+6.3815,291.0677,225.3573
8961,0.52,-5.4624,+0.0091,-9.4714,4.0090,20.0740,+6.2662,199.6272,190.4419
8962,0.54,-5.3105,+0.1327,-9.4638,4.1533,58.4441,+6.8997,283.3266,209.6773
8963,0.55,-5.2787,+0.0425,-9.4586,4.1798,39.8354,+7.1260,250.2314,214.2405
8964,0.53,-5.2917,+0.0322,-9.4651,4.1734,39.2144,+7.0631,307.5060,217.4866
8965,0.53,-5.2880,+0.1554,-9.4597,4.1717,48.5801,+6.2293,287.7644,210.9920
8966,0.53,-5.3028,+0.2728,-9.4539,4.1511,52.6783,+6.6211,302.8222,206.1449
8967,0.54,-5.0625,+0.2843,-9.4571,4.3946,84.0088,+6.0971,240.1036,215.4580
8968,0.54,-5.2841,+0.1061,-9.4604,4.1763,35.7383,+5.7851,235.1418,204.6663
8969,0.53,-5.2583,-0.0039,-9.4622,4.2039,38.7176,+5.8848,210.9365,196.1022
8970,0.53,-5.3922,-0.2315,-9.4558,4.0635,4.1416,+5.9611,217.6606,196.5248
8971,0.54,-4.6472,-0.5820,-9.4402,4.7930,233.0314,+5.8403,223.3445,214.7853
8972,0.52,-5.2008,-0.0111,-9.4313,4.2305,36.9826,+6.8854,236.6386,200.8475
8973,0.55,-5.4603,+1.3448,-9.4284,3.9681,11.8167,+6.6805,234.4587,196.1868
8974,0.55,-5.2243,+0.4054,-9.4341,4.2099,60.6056,+6.4409,232.5493,202.6928
8975,0.53,-5.3320,+0.1148,-9.4392,4.1072,28.8191,+6.1640,205.4318,190.4276
8976,0.54,-5.3901,-0.0911,-9.4424,4.0523,37.2080,+7.3307,237.5769,195.4067
8977,0.54,-5.4481,-0.0490,-9.4401,3.9919,52.3889,+6.6996,247.1124,198.1607
8978,0.55,-5.1058,-0.1473,-9.4344,4.3287,48.7430,+5.9293,250.2856,212.4675
8979,0.53,-5.3188,-0.0489,-9.4459,4.1271,25.1533,+5.4956,205.6952,198.1060
8980,0.55,-5.4051,-0.0251,-9.4513,4.0463,20.0176,+6.3499,184.0594,195.1598
8981,0.52,-5.2702,+0.0435,-9.4574,4.1872,28.7537,+6.7482,239.5611,196.7232
8982,0.52,-5.1560,+0.0539,-9.4582,4.3022,36.0963,+5.7811,294.2485,212.7660
8983,0.54,-4.9328,-0.1552,-9.4651,4.5323,31.6144,+7.1222,329.1981,231.4957
8984,0.54,-5.0022,-0.1212,-9.4511,4.4489,50.4097,+6.9688,329.3630,230.7613
8985,0.52,-5.0327,-0.0263,-9.4500,4.4174,45.1551,+7.7912,316.2692,220.8021
8986,0.53,-5.0049,-0.0596,-9.4493,4.4444,38.1842,+6.5229,301.5100,219.8296
8987,0.54,-5.1579,+0.1341,-9.4482,4.2903,33.7499,+6.9234,248.1421,200.2789
8988,0.53,-5.1438,+0.1626,-9.4502,4.3064,42.5632,+7.1291,253.7119,202.5810
8989,0.53,-4.0676,-0.2333,-9.4425,5.3749,533.1514,+7.1571,339.9477,271.4901
8990,0.53,-5.1348,+0.0256,-9.4450,4.3102,30.8623,+6.5509,195.8060,210.4425
8991,0.54,-4.9990,+0.2747,-9.4341,4.4351,42.5471,+8.4781,315.7620,230.5228
8992,0.54,-5.2810,+0.0993,-9.4465,4.1655,30.5011,+5.6687,176.7603,200.3260
8993,0.53,-5.3020,-0.0221,-9.4336,4.1317,34.3935,+6.5630,220.7704,196.0821
8994,0.54,-5.2367,+0.1166,-9.4490,4.2123,43.4056,+7.2697,225.0605,195.6620
8995,0.54,-5.2220,-0.0653,-9.4519,4.2299,39.4165,+7.1524,224.7450,203.2507
8996,0.53,-5.2709,-0.1508,-9.4467,4.1757,13.6153,+7.4320,161.8232,203.2188
8997,0.53,-4.0914,-2.7840,-9.4346,5.3432,497.8429,+9.4479,494.8381,273.7222
8998,0.54,-3.7546,-0.4057,-9.4374,5.6828,953.6826,+7.8574,296.9610,238.4383
8999,0.55,-3.7056,-0.1023,-9.4419,5.7363,929.6981,+6.3538,206.6129,226.9492
9000,0.53,-5.1251,+0.0931,-9.4470,4.3219,59.8814,+7.0359,223.3358,201.3454
9001,0.53,-4.9612,-0.2159,-9.4469,4.4857,91.1458,+6.3394,220.3513,217.1138
9002,0.55,-4.9842,+0.0256,-9.4416,4.4574,52.5883,+6.3145,213.1272,212.1361
9003,0.53,-5.1948,-0.1282,-9.4493,4.2545,21.2788,+6.6745,238.9011,202.9967
9004,0.52,-5.2131,-0.0518,-9.4413,4.2282,22.6215,+6.2139,249.3043,201.4904
9005,0.52,-6.1646,-3.1891,-9.4444,3.2798,61.3128,+6.7662,276.4127,190.1379
9006,0.53,-4.9236,-0.4368,-9.4432,4.5196,130.7030,+6.4656,193.2079,211.6491
9007,0.54,-6.3691,+0.6201,-9.4467,3.0776,159.9536,+6.2685,141.6574,117.5042
9008,0.53,-3.9595,-0.0447,-9.4479,5.4884,683.7108,+6.3007,216.0941,301.2136
9009,0.53,-5.2233,-0.0363,-9.4450,4.2217,32.3550,+7.1907,223.4028,205.8782
9010,0.53,-5.0734,-0.3621,-9.4372,4.3638,86.7401,+7.2685,263.9494,204.1099
9011,0.54,-5.0386,+0.4548,-9.4379,4.3993,34.5404,+7.2465,203.2119,217.8352
9012,0.53,-5.3468,+0.7088,-9.4312,4.0844,21.8713,+6.4334,124.6927,189.8620
9013,0.53,-4.6510,+0.3894,-9.4410,4.7901,172.0182,+7.0988,310.0545,251.1713
9014,0.55,-5.0060,+0.2290,-9.4490,4.4431,36.9289,+6.8919,311.9791,226.4729
9015,0.52,-5.0165,+0.3214,-9.4543,4.4378,41.3963,+5.7201,248.9796,222.9601
9016,0.52,-5.1964,+0.0605,-9.4535,4.2571,25.1739,+6.4683,248.7649,215.7904
9017,0.52,-5.2523,-0.0235,-9.4586,4.2063,7.8475,+5.1370,159.3678,199.1158
9018,0.54,-5.0651,+0.0086,-9.4561,4.3910,50.6558,+4.9178,262.1502,218.1757
9019,0.53,-5.1765,-0.0292,-9.4535,4.2770,51.5961,+7.2598,275.0833,223.0542
9020,0.53,-5.2561,+0.0379,-9.4514,4.1953,41.9588,+7.2089,202.1403,201.8499
9021,0.54,-5.2446,-0.0340,-9.4368,4.1922,49.9433,+6.9044,235.8815,204.7310
9022,0.51,-5.3407,+0.0343,-9.4491,4.1084,48.7211,+6.5599,214.2352,201.8578
9023,0.53,-4.8074,+0.2254,-9.4465,4.6391,224.6838,+7.3718,242.6667,246.5837
9024,0.53,-5.1258,+0.0572,-9.4410,4.3153,55.2347,+7.0438,182.7349,217.0815
9025,0.50,-5.3217,+0.1332,-9.4384,4.1167,34.2489,+7.2590,214.7475,211.1827
9026,0.53,-5.3342,-0.0355,-9.4482,4.1139,13.4420,+6.0769,238.9503,196.3995
9027,0.51,-4.9823,+0.4575,-9.4541,4.4718,104.7122,+4.2158,241.6710,239.0099
9028,0.51,-5.2811,-0.1511,-9.4477,4.1666,38.8328,+4.2056,226.3486,204.2633
9029,0.54,-5.1264,+0.1498,-9.4459,4.3194,55.0917,+4.7717,238.9811,215.3147
9030,0.52,-5.1704,-0.0001,-9.4453,4.2749,34.4223,+5.2009,183.1265,206.7627
9031,0.54,-5.2836,-0.2291,-9.4470,4.1635,13.6325,+5.4683,185.0733,192.4429
9032,0.53,-5.3511,-0.1353,-9.4469,4.0958,32.0836,+5.8303,181.8124,192.2948
9033,0.54,-5.2410,-0.2546,-9.4442,4.2033,31.0821,+6.1107,199.8635,209.6363
9034,0.54,-5.4663,-0.0173,-9.4339,3.9677,10.3128,+5.8151,143.4906,186.5750
9035,0.54,-5.3277,-0.1410,-9.4462,4.1185,20.0763,+6.5683,180.2203,199.2332
9036,0.53,-5.1109,+0.0602,-9.4514,4.3405,64.8934,+7.0337,266.3831,220.5438
9037,0.52,-5.4591,-0.1714,-9.4422,3.9831,6.8757,+5.7573,135.1128,193.6002
9038,0.53,-5.3692,-0.2084,-9.4390,4.0698,7.2441,+6.6020,151.2109,198.2216
9039,0.54,-5.2224,+0.0481,-9.4368,4.2143,19.2156,+5.3437,177.3238,203.3545
9040,0.51,-5.6394,-0.1219,-9.4422,3.8028,2.6341,+7.4805,107.2854,174.6727
9041,0.51,-5.4503,+0.0388,-9.4414,3.9910,2.2268,+5.3181,78.0426,184.2775
9042,0.54,-5.2060,+0.0326,-9.4357,4.2297,1.5011,+15.4769,298.7729,227.4821
9043,0.54,-5.5457,+0.1560,-9.4438,3.8981,1.5688,-0.4023,65.9825,168.2085
9044,0.56,-5.3728,-0.0027,-9.4370,4.0642,1.6967,+11.2108,218.9122,203.6903
9045,0.53,-5.4261,-0.1134,-9.4241,3.9980,7.9057,+2.8536,133.9050,184.5931
9046,0.55,-5.5046,-0.0674,-9.4327,3.9281,1.5062,+5.6672,102.0476,187.5488
9047,0.54,-5.2584,+0.0304,-9.4441,4.1856,16.0686,+3.4711,130.9772,203.9520
9048,0.52,-5.2928,-0.0872,-9.4439,4.1511,10.4374,+2.1306,105.4356,197.7077
9049,0.52,-5.1787,-0.0438,-9.4553,4.2765,10.9052,+2.0605,140.0052,205.5224
9050,0.53,-5.1198,-0.1811,-9.4643,4.3445,30.5645,+6.3974,221.9671,218.2290
9051,0.53,-5.2902,-0.0803,-9.4626,4.1724,16.4669,+8.0728,186.9015,214.0202
9052,0.54,-5.3635,+0.0232,-9.4531,4.0895,5.0618,+8.1124,151.8870,205.6552
9053,0.53,-5.6173,+0.2773,-9.4507,3.8334,3.7300,+3.8059,93.4077,183.5237
9054,0.53,-5.1760,-0.0694,-9.4566,4.2806,3.6499,+7.3872,200.0443,212.3324
9055,0.52,-5.3009,-0.2080,-9.4492,4.1483,4.2079,+2.1727,116.8253,198.2961
9056,0.53,-5.1525,-0.2025,-9.4506,4.2981,9.3596,+2.4669,156.0087,223.0005
9057,0.54,-4.9945,+0.0737,-9.4463,4.4518,19.8174,+6.0527,184.1626,229.4637
9058,0.53,-5.0980,-0.1141,-9.4519,4.3539,27.9758,+5.7695,203.8151,222.2050
9059,0.53,-5.2123,-0.1663,-9.4380,4.2257,12.4483,+6.1472,168.3433,205.9735
9060,0.53,-5.2741,-0.1394,-9.4438,4.1697,16.5156,+9.0344,257.5950,217.9522
9061,0.52,-5.1058,+0.1090,-9.4443,4.3385,33.6505,+5.5504,221.5565,219.6771
9062,0.53,-5.2073,-0.1319,-9.4357,4.2284,34.6245,+4.9468,236.0032,206.2082
9063,0.52,-5.1941,-0.0995,-9.4267,4.2326,20.6574,+5.3359,171.5633,204.3254
9064,0.54,-4.8682,+0.2424,-9.4286,4.5604,70.1955,+5.8526,250.6859,236.5058
9065,0.51,-5.0082,-0.0411,-9.4380,4.4298,63.0864,+4.6618,239.6744,215.5322
9066,0.53,-5.2107,+0.2334,-9.4323,4.2216,5.9442,+4.4488,181.7373,221.1131
9067,0.55,-5.3518,+0.0636,-9.4385,4.0867,6.6550,+5.1660,215.3359,210.0432
9068,0.53,-4.9579,-0.1246,-9.4464,4.4886,81.0584,+4.4632,216.5601,222.3812
9069,0.53,-5.0951,-0.1613,-9.4471,4.3520,46.0760,+5.2597,236.5681,212.0671
9070,0.54,-5.0403,-0.0306,-9.4466,4.4062,70.9888,+5.6289,208.1521,209.7285
9071,0.54,-5.0224,+0.0641,-9.4574,4.4351,64.7085,+5.5348,299.1506,222.6392
9072,0.53,-5.3663,+0.0535,-9.4457,4.0794,38.6945,+5.7652,246.2167,198.2251
9073,0.55,-5.2240,-0.0391,-9.4362,4.2123,46.8865,+5.9500,269.1149,218.2089
9074,0.53,-5.1927,+0.1235,-9.4420,4.2493,34.1981,+6.2329,248.8347,210.1482
9075,0.54,-5.0563,+0.0483,-9.4474,4.3911,65.4914,+6.6784,289.2003,214.9441
9076,0.53,-5.6100,-0.4443,-9.4461,3.8360,2.1352,+6.0563,95.7732,184.5035
9077,0.52,-5.3590,-0.1901,-9.4395,4.0805,2.3633,+7.0905,129.2757,203.2079
9078,0.54,-5.1706,+0.3452,-9.4455,4.2748,2.6840,+1.9279,91.9946,198.8742
9079,0.51,-5.4272,+0.1067,-9.4520,4.0248,1.6651,+3.3062,56.9761,191.6646
9080,0.55,-5.2204,-0.0071,-9.4524,4.2321,11.4990,+12.8314,294.8013,225.5304
9081,0.52,-5.1253,-0.0956,-9.4539,4.3286,34.1713,+7.1981,229.5762,208.0194
9082,0.54,-5.1529,+0.2125,-9.4446,4.2918,2.4266,+4.4827,123.0672,210.8209
9083,0.52,-5.3235,+0.0265,-9.4355,4.1120,2.9160,+6.3205,116.1062,201.1578
9084,0.54,-5.0366,+0.2443,-9.4527,4.4161,46.8324,+9.9167,330.1761,229.4506
9085,0.53,-4.9474,-0.1041,-9.4610,4.5136,66.8199,+8.1433,204.8048,231.7295
9086,0.52,-5.1471,+0.0502,-9.4448,4.2977,31.0360,+8.3822,317.8588,226.5113
9087,0.51,-5.1807,+0.0626,-9.4422,4.2614,26.6865,+8.9646,246.2257,213.7244
9088,0.53,-5.0851,+0.0443,-9.4545,4.3694,30.9223,+8.6408,249.9361,216.6286
9089,0.53,-5.1519,+0.0637,-9.4433,4.2914,46.1788,+7.6793,243.9579,210.5042
9090,0.54,-5.2173,-0.1036,-9.4464,4.2291,40.0203,+8.5093,285.0048,214.9156
9091,0.53,-5.3322,-0.0373,-9.4341,4.1019,15.9632,+7.6549,248.1859,199.6835
9092,0.53,-5.3895,+0.1005,-9.4308,4.0412,4.4143,+6.4367,142.3406,191.3900
9093,0.54,-5.1414,+0.1167,-9.4317,4.2902,8.8145,+2.8363,171.0582,201.8429
9094,0.52,-5.2394,-0.0624,-9.4347,4.1953,17.2432,+5.7109,181.1437,201.2687
9095,0.53,-5.4802,+0.0082,-9.4331,3.9529,3.8309,+3.7191,87.2911,186.6917
9096,0.54,-4.2933,-0.1540,-9.4365,5.1433,350.5404,+11.4307,1003.9529,288.5793
9097,0.52,-5.1489,-0.0968,-9.4405,4.2916,18.4223,+9.9261,223.8314,220.5455
9098,0.54,-5.3106,+0.0855,-9.4464,4.1358,23.0269,+8.6291,249.1834,206.5936
9099,0.53,-5.2120,+0.1377,-9.4426,4.2307,30.8569,+7.7526,258.9932,212.8183
9100,0.53,-5.2752,-0.1506,-9.4368,4.1617,7.0769,+5.2238,159.9291,204.8880
9101,0.53,-5.2116,+0.2616,-9.4316,4.2200,33.9820,+3.6453,240.3943,211.8877
9102,0.53,-5.4590,+0.2660,-9.4329,3.9739,2.1039,+2.4273,70.3731,183.9686
9103,0.53,-5.1032,+0.0275,-9.4307,4.3274,40.5702,+4.6411,242.7225,211.0343
9104,0.52,-5.3048,-0.0746,-9.4381,4.1333,11.4534,+4.2912,152.5304,199.3846
9105,0.53,-5.3550,-0.0785,-9.4382,4.0832,24.9859,+8.4809,286.3806,212.0404
9106,0.54,-4.9178,+0.0540,-9.4355,4.5177,75.4634,+6.6930,333.2381,245.0644
9107,0.53,-4.9999,-0.1166,-9.4414,4.4415,51.0466,+7.1327,265.1446,229.1914
9108,0.51,-5.0660,+0.0690,-9.4317,4.3657,57.7578,+6.9088,295.8023,224.8152
9109,0.54,-5.2178,+0.0145,-9.4304,4.2126,29.9107,+6.8114,224.8954,211.4532
9110,0.54,-5.2355,-0.0314,-9.4375,4.2019,54.9680,+8.6087,293.3858,212.8144
9111,0.54,-5.1918,-0.0970,-9.4378,4.2461,22.6690,+8.9326,258.3000,224.9789
9112,0.53,-5.1486,+0.1655,-9.4451,4.2964,32.9421,+7.8132,285.1679,217.0306
9113,0.54,-5.3414,-0.1805,-9.4391,4.0977,8.6273,+5.3486,166.7251,191.8745
9114,0.53,-5.6711,+0.4071,-9.4307,3.7595,16.0447,+3.1287,140.9068,167.2070
9115,0.54,-5.5968,-0.0195,-9.4228,3.8261,2.8167,+6.1406,115.7171,186.4642
9116,0.52,-5.4780,-0.0876,-9.4271,3.9491,1.4497,+1.2420,67.2462,185.4825
9117,0.54,-5.3295,-0.1728,-9.4349,4.1054,1.5853,+13.0019,216.2755,211.5400
9118,0.52,-5.3776,+0.0742,-9.4399,4.0623,1.1050,-0.3478,49.6702,188.3668
9119,0.53,-5.3162,-0.0742,-9.4466,4.1304,2.5312,+13.0790,262.7859,224.0001
9120,0.53,-5.3245,+0.0193,-9.4485,4.1241,1.6863,-0.8278,50.9593,189.0826
9121,0.53,-5.2463,-0.0532,-9.4492,4.2030,2.2724,+12.4015,262.0481,220.1517
9122,0.55,-5.3887,-0.0613,-9.4378,4.0491,2.7824,-2.6604,77.4418,183.8339
9123,0.54,-5.4503,+0.0204,-9.4383,3.9880,1.2102,+7.3715,104.4049,185.5853
9124,0.54,-5.5674,+0.0563,-9.4399,3.8725,2.7023,+7.9014,114.2598,182.9520
9125,0.55,-5.4764,+0.1273,-9.4425,3.9660,1.2494,+6.7865,138.9963,189.1386
9126,0.54,-5.2242,+0.0613,-9.4479,4.2237,1.7319,-4.0435,107.4485,196.5384
9127,0.53,-5.2522,+0.0793,-9.4443,4.1920,1.4687,+12.9102,212.0451,221.8922
9128,0.53,-5.2833,-0.0660,-9.4500,4.1668,1.8222,-2.5350,79.3065,200.1476
9129,0.55,-5.4581,+0.0719,-9.4543,3.9962,0.8720,+8.4606,107.1968,197.1313
9130,0.54,-5.5514,+0.0075,-9.4437,3.8923,1.2423,+5.5036,98.4044,185.0139
9131,0.55,-5.4242,+0.2353,-9.4458,4.0217,1.3855,+11.3453,181.7047,205.7656
9132,0.55,-5.5523,+0.1455,-9.4420,3.8897,1.8738,+3.8488,61.7684,184.8172
9133,0.54,-5.3197,-0.1030,-9.4327,4.1130,0.9779,+9.9199,141.7233,201.4134
9134,0.54,-5.5756,+0.0309,-9.4373,3.8618,1.3265,+1.7857,68.5143,176.8779
9135,0.55,-5.4725,-0.0539,-9.4350,3.9624,0.9144,+15.1561,271.5683,211.2371
9136,0.55,-5.4768,+0.2380,-9.4213,3.9445,2.1274,+1.0523,101.8305,195.8458
9137,0.55,-5.5744,-0.0733,-9.4186,3.8441,1.0830,+5.4574,90.5808,182.3187
9138,0.53,-5.5675,+0.0471,-9.4269,3.8593,2.2188,+10.6065,212.1323,206.5157
9139,0.56,-5.5660,-0.0601,-9.4171,3.8511,1.7263,+3.0580,72.1206,176.2067
9140,0.53,-5.3771,+0.0780,-9.4238,4.0467,1.1107,+15.7381,313.3366,218.3130
9141,0.53,-5.4259,-0.0316,-9.4220,3.9961,1.0195,-0.6537,62.6561,183.5291
9142,0.55,-5.4491,-0.1626,-9.4147,3.9656,1.7765,+14.8949,364.7563,222.1882
9143,0.56,-5.4103,-0.1454,-9.4199,4.0096,8.6181,-1.6421,118.7832,186.4310
9144,0.56,-5.3262,+0.0031,-9.4248,4.0987,12.9682,+2.5575,152.0562,194.6710
9145,0.54,-5.3612,+0.0249,-9.4206,4.0594,36.6479,+5.7466,256.7696,199.5191
9146,0.54,-5.2088,-0.0763,-9.4281,4.2194,27.0866,+6.1579,230.8179,212.9475
9147,0.54,-5.2047,-0.1676,-9.4233,4.2185,39.3675,+6.3487,308.0240,209.3011
9148,0.55,-5.0922,-0.1562,-9.4170,4.3248,38.1564,+6.5226,290.1449,212.6791
9149,0.53,-5.3074,-0.1105,-9.4087,4.1013,36.4374,+7.0768,283.3199,203.0826
9150,0.52,-5.6051,-0.1112,-9.4142,3.8091,11.3159,+6.1760,157.8853,181.9733
9151,0.53,-5.2487,-0.0302,-9.4152,4.1665,31.6334,+7.3287,229.9170,206.3748
9152,0.54,-5.3381,-0.0776,-9.4134,4.0753,26.5596,+7.8138,260.9286,202.9191
9153,0.53,-5.2654,-0.1882,-9.4153,4.1499,36.4155,+7.9567,234.8695,206.9946
9154,0.53,-5.3068,+0.1089,-9.4206,4.1138,26.5576,+7.6179,221.3559,199.7111
9155,0.54,-5.3632,-0.0449,-9.4111,4.0479,30.9307,+7.0913,207.2151,185.4620
9156,0.55,-5.3100,+0.0580,-9.4076,4.0977,43.2257,+6.7440,213.9306,189.7839
9157,0.56,-4.9611,-0.0323,-9.3961,4.4350,61.8104,+7.4426,343.1605,223.8618
9158,0.54,-5.1499,-0.0558,-9.4154,4.2655,22.3164,+7.4752,226.3308,216.0409
9159,0.54,-5.2873,-0.0902,-9.4280,4.1406,13.6156,+5.6136,189.7043,192.6017
9160,0.55,-5.5183,-0.1501,-9.4268,3.9085,13.6579,+6.6964,172.8270,186.1044
9161,0.55,-5.0601,+0.0676,-9.4165,4.3564,45.0640,+9.6107,312.0552,226.4640
9162,0.53,-5.0336,+0.1906,-9.4090,4.3754,39.8201,+9.1842,312.9180,228.4349
9163,0.54,-5.0911,-0.0364,-9.4192,4.3281,42.9760,+8.3586,304.8143,219.8828
9164,0.54,-5.1939,-0.0702,-9.4151,4.2213,36.3921,+8.6750,299.1440,215.5131
9165,0.55,-5.1108,-0.0553,-9.4243,4.3135,35.2983,+9.3084,253.2524,222.0037
9166,0.54,-5.2730,+0.0463,-9.4123,4.1393,30.8641,+8.6955,243.1991,205.5296
9167,0.53,-5.2616,-0.0557,-9.4155,4.1539,31.3256,+7.3778,224.5930,207.5580
9168,0.53,-5.3175,-0.0359,-9.4327,4.1153,21.2351,+7.2376,169.4729,196.0361
9169,0.52,-5.2054,-0.1599,-9.4250,4.2196,37.6512,+6.8069,217.7775,202.7439
9170,0.54,-5.3083,-0.1130,-9.4274,4.1191,29.6755,+7.2611,210.7267,201.9397
9171,0.55,-5.2450,-0.0744,-9.4346,4.1896,37.1831,+7.6312,251.1346,211.8590
9172,0.54,-5.1058,+0.2919,-9.4262,4.3204,39.1163,+8.7013,333.3961,226.6064
9173,0.54,-5.2705,+0.1109,-9.4156,4.1451,37.9258,+6.2836,238.5186,198.1119
9174,0.53,-5.4742,+0.1873,-9.4147,3.9405,39.9658,+7.7615,247.3553,188.2190
9175,0.55,-5.3627,-0.0968,-9.4197,4.0571,29.6122,+7.1083,210.9870,193.0016
9176,0.53,-5.0001,-0.2041,-9.4200,4.4199,51.8731,+7.1878,235.5099,218.5314
9177,0.55,-5.2238,+0.0741,-9.4137,4.1899,42.9297,+6.9333,250.3886,203.8965
9178,0.53,-5.1705,+0.1385,-9.4207,4.2502,36.9166,+7.9035,243.9445,209.7911
9179,0.51,-4.8752,-0.2790,-9.4117,4.5365,96.3001,+7.8250,308.5011,226.8635
9180,0.54,-5.1245,-0.0219,-9.4092,4.2847,27.7582,+7.0524,214.0487,204.1109
9181,0.51,-5.2001,-0.1557,-9.4045,4.2043,38.6283,+6.9057,257.2941,205.1790
9182,0.53,-5.2040,+0.1186,-9.4190,4.2150,46.0699,+7.6505,263.0937,207.9139
9183,0.53,-5.3077,-0.1223,-9.4229,4.1152,25.4582,+6.4370,245.7449,203.0397
9184,0.53,-5.2293,+0.0125,-9.4228,4.1935,65.9341,+7.5024,269.0668,212.1866
9185,0.53,-5.1155,-0.3348,-9.4210,4.3054,50.0678,+6.3938,283.6243,222.5608
9186,0.53,-5.0351,-0.1315,-9.3979,4.3628,68.0193,+5.7762,215.5594,222.7686
9187,0.52,-5.0496,-0.0065,-9.4066,4.3570,33.5834,+5.6976,168.9555,212.5533
9188,0.53,-5.1750,+0.0834,-9.4129,4.2380,39.4351,+6.3136,196.4803,207.6713
9189,0.53,-5.3065,+0.0610,-9.4151,4.1087,32.3367,+6.3477,195.5798,206.1273
9190,0.54,-5.1498,+0.1003,-9.4163,4.2665,29.3195,+5.7016,171.9715,209.2055
9191,0.52,-5.3535,-0.1739,-9.4259,4.0724,6.2226,+6.9684,198.6136,196.8304
9192,0.52,-5.3929,-0.1180,-9.4325,4.0396,15.9769,+4.6838,185.1445,186.6141
9193,0.52,-5.6766,-0.1555,-9.4370,3.7604,42.9857,-2.5491,92.9504,163.4472
9194,0.53,-5.5832,-0.0620,-9.4387,3.8555,2.8610,+2.9759,76.3182,181.6314
9195,0.55,-5.3868,-0.1621,-9.4142,4.0275,2.6969,+10.8908,191.6259,201.3911
9196,0.53,-5.2934,-0.0237,-9.4147,4.1212,1.8837,+2.8582,62.6996,197.0925
9197,0.54,-5.5343,+0.1172,-9.4297,3.8954,1.7248,+9.3436,150.3926,189.7442
9198,0.55,-5.1086,-0.0745,-9.4293,4.3207,6.4140,-3.2477,171.9311,212.7381
9199,0.54,-5.5356,-0.0123,-9.4323,3.8967,2.3123,+5.8786,72.5615,178.5146
9200,0.54,-5.5463,-0.1080,-9.4252,3.8790,1.7834,+11.3720,191.8263,190.0318
9201,0.52,-5.5009,-0.1079,-9.4293,3.9285,1.2265,+6.9054,126.3743,182.9835
9202,0.53,-5.4988,+0.0696,-9.4341,3.9353,1.4660,+6.4948,89.5434,179.5311
9203,0.56,-5.5332,-0.1209,-9.4349,3.9017,10.3804,+4.7580,79.9164,187.3737
9204,0.54,-5.4503,-0.0066,-9.4406,3.9903,1.4399,+12.8372,234.9229,209.2742
9205,0.54,-5.2665,-0.2415,-9.4477,4.1812,2.6241,-1.5853,109.7471,187.0184
9206,0.53,-5.4887,-0.0769,-9.4469,3.9581,1.3725,+7.0973,92.9992,181.9285
9207,0.56,-5.5877,+0.0182,-9.4392,3.8515,1.2747,+8.4854,116.8476,175.5234
9208,0.56,-5.5915,-0.0207,-9.4287,3.8373,0.7951,+4.2228,68.4077,177.1959
9209,0.53,-5.4876,+0.0988,-9.4400,3.9523,0.7894,+8.3142,109.9939,193.0832
9210,0.54,-5.4717,-0.1114,-9.4235,3.9518,1.0688,+9.4814,156.7338,191.0485
9211,0.53,-5.5562,-0.0897,-9.4328,3.8766,1.0832,-0.0479,61.2762,162.2018
9212,0.53,-5.2546,+0.2422,-9.4434,4.1889,1.8745,+10.4461,248.1015,214.4720
9213,0.55,-5.4771,+0.2266,-9.4528,3.9757,1.8099,-2.1734,53.7394,183.9116
9214,0.56,-5.3910,+0.0342,-9.4438,4.0529,1.4020,+13.6291,225.3064,212.9966
9215,0.55,-5.4733,-0.1724,-9.4447,3.9713,2.2908,+0.7589,78.4947,180.1090
9216,0.55,-5.4375,-0.1313,-9.4253,3.9879,4.3003,+4.2614,129.0357,175.1800
9217,0.53,-5.4686,-0.1038,-9.4208,3.9522,1.4629,+3.3147,59.4598,184.3733
9218,0.56,-5.4204,-0.0025,-9.4273,4.0068,3.5579,+5.1321,96.4925,182.4375
9219,0.55,-5.3987,-0.1480,-9.4325,4.0338,2.8187,+7.4067,131.9559,195.0972
9220,0.55,-5.5080,-0.1553,-9.4344,3.9264,2.0671,+5.0374,127.2895,194.5586
9221,0.53,-5.4708,-0.0286,-9.4256,3.9548,1.1762,+3.9889,95.1984,189.1208
9222,0.53,-5.3094,-0.0575,-9.4269,4.1175,1.0457,+0.5395,64.2720,194.7403
9223,0.54,-5.2396,-0.0602,-9.4284,4.1888,1.4456,+6.9011,119.8625,192.5133
9224,0.53,-5.5349,+0.0603,-9.4382,3.9033,1.3350,+5.0231,70.6945,180.0020
9225,0.54,-5.4814,-0.1735,-9.4465,3.9650,1.2653,+8.8017,143.3625,197.0165
9226,0.53,-5.2960,-0.0832,-9.4479,4.1519,2.3858,-1.9531,88.9827,198.3037
9227,0.53,-5.6047,-0.1838,-9.4479,3.8433,2.7045,+5.9174,120.9611,174.7684
9228,0.53,-5.2616,-0.0519,-9.4506,4.1890,4.9508,+6.3339,156.9366,202.0184
9229,0.55,-5.1487,+0.1494,-9.4615,4.3127,19.4338,+6.3518,251.9915,219.4722
9230,0.54,-4.8460,+0.1679,-9.4647,4.6187,82.1020,+7.3281,494.3107,246.4221
9231,0.52,-4.6958,-0.0771,-9.4617,4.7659,85.6332,+6.9390,393.1885,240.1708
9232,0.54,-4.8090,+0.0125,-9.4589,4.6499,59.2990,+6.3933,352.2620,232.2646
9233,0.53,-4.6869,+0.0273,-9.4493,4.7624,117.8831,+6.7540,494.6776,245.4303
9234,0.54,-5.2154,+0.3073,-9.4407,4.2253,51.5426,+6.8416,282.5169,204.4996
9235,0.55,-5.2153,+0.0404,-9.4342,4.2188,36.5364,+6.5979,247.4500,201.8687
9236,0.53,-5.0994,+0.2275,-9.4388,4.3394,50.3955,+7.9430,321.9773,213.6626
9237,0.52,-5.2843,+0.0645,-9.4426,4.1583,39.0128,+8.0196,268.7935,203.5352
9238,0.54,-5.1978,-0.0335,-9.4386,4.2408,56.9608,+9.3430,303.2776,215.5676
9239,0.54,-5.2540,+0.1275,-9.4532,4.1992,16.6816,+9.2046,233.4106,212.4550
9240,0.53,-5.4235,+0.0770,-9.4584,4.0348,9.5454,+7.6422,142.7428,200.4631
9241,0.52,-5.5281,-0.1447,-9.4426,3.9145,11.2650,+7.6588,173.7851,193.9100
9242,0.52,-5.5812,+0.0396,-9.4388,3.8576,4.4535,+6.7381,157.9763,182.4811
9243,0.54,-5.4016,-0.1479,-9.4473,4.0457,7.1439,+7.4767,159.3738,200.5998
9244,0.53,-5.4919,+0.1215,-9.4342,3.9423,7.9061,+5.8506,123.7396,185.6794
9245,0.53,-5.1932,-0.1544,-9.4366,4.2433,26.8317,+7.5996,249.7141,215.4891
9246,0.53,-5.3299,+0.0643,-9.4308,4.1009,14.6380,+5.7070,169.4139,203.8231
9247,0.52,-5.0828,-0.0675,-9.4310,4.3482,18.4611,+4.6785,214.6369,228.1260
9248,0.53,-5.3348,-0.1281,-9.4472,4.1123,7.4100,+3.7433,127.4426,197.7667
9249,0.54,-5.3462,-0.0858,-9.4391,4.0928,12.9408,+6.5386,123.1312,198.9345
9250,0.52,-5.2560,-0.0420,-9.4377,4.1817,7.7808,+6.6272,168.9720,209.2805
9251,0.54,-5.1654,+0.5694,-9.4488,4.2834,15.7305,+2.7194,75.5535,207.7044
9252,0.51,-4.9253,+0.2918,-9.4380,4.5127,28.9586,+5.3018,272.9264,226.6382
9253,0.53,-5.0217,-0.0716,-9.4198,4.3981,58.0812,+5.6180,248.0482,222.0964
9254,0.52,-5.4537,-0.2495,-9.4293,3.9757,2.2061,+4.7647,122.6699,195.2359
9255,0.53,-4.6965,-0.2417,-9.4452,4.7486,41.2766,+4.3146,238.9364,247.6796
9256,0.54,-5.0594,-0.3313,-9.4436,4.3842,27.2933,+5.1589,259.1983,223.3938
9257,0.51,-5.2802,-0.2024,-9.4608,4.1806,5.9315,+4.3001,131.2078,199.3682
9258,0.52,-5.0283,-0.0022,-9.4546,4.4264,31.7025,+3.2976,197.0633,214.2388
9259,0.53,-4.7760,-0.2052,-9.4479,4.6719,115.5871,+4.7636,354.1141,239.3176
9260,0.52,-5.0757,-0.1321,-9.4508,4.3751,35.0978,+4.0229,209.4020,209.6810
9261,0.54,-5.1549,-0.2935,-9.4512,4.2964,27.8871,+5.0882,199.0187,205.4816
9262,0.54,-5.3008,-0.0399,-9.4537,4.1529,10.2057,+4.3778,154.0293,197.7867
9263,0.52,-5.2333,+0.1842,-9.4467,4.2134,16.2153,+4.4608,157.4012,203.1121
9264,0.51,-5.1500,+0.0011,-9.4366,4.2865,25.4308,+4.0612,196.5990,210.8022
9265,0.53,-5.0143,-0.0024,-9.4368,4.4225,42.9605,+4.9067,242.1078,223.8699
9266,0.51,-5.0714,+0.0258,-9.4409,4.3695,54.5975,+6.9559,241.9612,225.2674
9267,0.53,-5.1052,+0.0231,-9.4457,4.3405,41.4934,+7.6263,221.7233,218.1881
9268,0.53,-5.4369,+0.1354,-9.4439,4.0070,13.8246,+7.2530,187.9861,193.1543
9269,0.53,-5.0006,-0.0539,-9.4470,4.4464,56.2856,+8.3987,306.1371,234.3186
9270,0.53,-5.2827,-0.0481,-9.4383,4.1556,32.4050,+7.2936,229.4879,201.1418
9271,0.52,-5.1952,+0.1303,-9.4392,4.2440,25.1039,+6.2343,165.1443,200.0253
9272,0.50,-5.1477,+0.0123,-9.4472,4.2995,34.5773,+7.5469,239.8948,206.0729
9273,0.53,-5.3748,-0.1274,-9.4544,4.0796,39.8609,+6.4390,237.8942,188.5022
9274,0.53,-5.1622,+0.0802,-9.4492,4.2870,43.6017,+6.0620,244.0239,210.8101
9275,0.53,-5.3830,+0.0933,-9.4458,4.0629,31.8045,+5.8963,213.7621,190.4299
9276,0.54,-5.1872,+0.0078,-9.4389,4.2517,30.0852,+5.3773,213.2231,209.3202
9277,0.52,-5.2155,+0.2822,-9.4471,4.2315,42.7588,+6.9987,268.8589,211.3801
9278,0.51,-5.0524,+0.1169,-9.4482,4.3957,38.2973,+7.8413,278.8291,217.8438
9279,0.52,-5.2052,+0.2012,-9.4531,4.2479,33.4288,+7.0740,256.0107,205.1352
9280,0.53,-5.1584,+0.1432,-9.4527,4.2943,32.0964,+6.7010,189.6232,201.4223
9281,0.53,-5.1292,+0.0027,-9.4469,4.3177,34.9173,+5.6455,249.1276,204.1546
9282,0.51,-4.9620,+0.0165,-9.4479,4.4859,37.2771,+6.8029,288.9957,227.4919
9283,0.52,-5.3003,+0.0590,-9.4541,4.1538,22.0832,+6.5671,192.7307,200.4033
9284,0.52,-5.1200,-0.0987,-9.4395,4.3195,33.7235,+7.2863,229.5801,213.9855
9285,0.53,-5.1236,-0.0174,-9.4312,4.3076,31.9210,+6.4356,211.1030,209.5302
9286,0.53,-5.3284,-0.0107,-9.4337,4.1053,45.0010,+6.3439,212.3281,196.4890
9287,0.53,-5.0677,+0.0523,-9.4488,4.3811,40.7534,+7.2437,216.8724,213.4935
9288,0.53,-5.2245,-0.0108,-9.4548,4.2303,33.7794,+7.1847,216.9169,205.4452
9289,0.51,-5.1723,+0.0923,-9.4705,4.2981,30.3267,+7.2105,223.8234,213.0276
9290,0.54,-5.6177,-0.3106,-9.4653,3.8476,5.5419,+7.3700,189.5237,187.8982
9291,0.54,-4.9230,-0.1773,-9.4527,4.5297,85.9164,+7.3361,330.6516,232.1387
9292,0.53,-4.8229,+0.0231,-9.4517,4.6288,55.4953,+8.4996,326.9246,233.5024
9293,0.54,-5.0792,+0.0301,-9.4460,4.3668,61.9340,+7.0663,357.7401,213.7730
9294,0.53,-4.9069,+0.0767,-9.4434,4.5365,62.6663,+7.2460,373.6758,222.4474
9295,0.54,-4.9271,-0.0371,-9.4302,4.5031,59.8642,+6.3161,321.8706,232.0864
9296,0.55,-4.7128,+0.0874,-9.4314,4.7187,126.7880,+6.5627,360.7750,231.3376
9297,0.52,-4.8159,-0.0403,-9.4295,4.6136,56.2861,+7.3607,355.3545,229.5121
9298,0.52,-4.6745,-0.1815,-9.4179,4.7435,111.2764,+7.1383,382.8940,231.8971
9299,0.54,-4.8511,-0.1556,-9.4216,4.5705,71.5308,+6.8072,382.1644,224.1990
9300,0.54,-4.8137,+0.0755,-9.4308,4.6172,69.3162,+6.9358,419.6973,233.5247
9301,0.55,-4.8818,+0.0453,-9.4401,4.5583,67.3213,+6.9721,378.0086,231.0027
9302,0.54,-4.6873,-0.0505,-9.4339,4.7465,67.5654,+6.6607,361.0045,243.7061
9303,0.53,-4.5977,-0.0545,-9.4275,4.8297,140.7587,+6.3556,369.4001,250.4516
9304,0.55,-4.8130,+0.0278,-9.4302,4.6171,65.2187,+6.8720,334.7090,222.3755
9305,0.53,-4.7039,+0.1428,-9.4319,4.7280,77.9160,+7.6058,340.5264,234.2976
9306,0.52,-4.6896,-0.0406,-9.4224,4.7328,111.3542,+7.6480,348.0816,227.6961
9307,0.53,-4.8558,-0.1760,-9.4187,4.5630,72.6090,+5.7207,273.3264,213.2684
9308,0.54,-4.8012,-0.0324,-9.4145,4.6133,67.1292,+7.5502,318.8936,221.6272
9309,0.52,-4.9267,+0.1722,-9.4237,4.4970,68.6763,+6.1060,301.7501,212.1311
9310,0.55,-4.7473,+0.1582,-9.4100,4.6627,58.1660,+5.5874,236.5452,211.0385
9311,0.53,-4.5905,-0.1047,-9.4240,4.8335,92.3699,+5.6086,259.8876,231.4262
9312,0.54,-4.4853,-0.1250,-9.4242,4.9388,191.6658,+7.2144,532.4905,262.6145
9313,0.52,-4.8398,-0.0239,-9.4283,4.5885,60.7759,+6.7693,354.1707,227.2705
9314,0.53,-5.0287,+0.0314,-9.4384,4.4096,53.3396,+6.1185,316.7409,209.7038
9315,0.53,-4.5923,-0.0777,-9.4350,4.8427,94.4031,+7.4788,474.6715,263.1148
9316,0.52,-4.7971,-0.0918,-9.4301,4.6330,71.7515,+6.2655,347.3692,237.9169
9317,0.52,-4.7358,+0.2260,-9.4170,4.6813,94.7758,+6.6788,382.3497,243.5185
9318,0.54,-4.7056,+0.2403,-9.4250,4.7194,108.0900,+5.9853,207.6865,239.8862
9319,0.52,-4.9362,+0.1072,-9.4388,4.5026,56.1542,+7.7294,337.5629,242.9929
9320,0.54,-5.0315,-0.0331,-9.4348,4.4033,34.6633,+8.5071,325.4954,221.9249
9321,0.53,-4.3404,-0.1387,-9.4268,5.0865,166.0119,+6.9467,324.3492,239.5652
9322,0.54,-4.5569,-0.3652,-9.4315,4.8745,112.4026,+6.2043,336.2101,246.0834
9323,0.52,-4.5513,-0.3097,-9.4162,4.8649,78.2737,+6.0959,320.3532,244.4631
9324,0.52,-4.7102,-0.1897,-9.4221,4.7119,75.9401,+5.8844,322.6703,235.8332
9325,0.52,-4.7330,-0.4485,-9.4221,4.6891,70.5625,+6.6957,326.1054,227.9752
9326,0.53,-4.5607,+0.2336,-9.4305,4.8698,101.7118,+6.6459,310.4139,243.8319
9327,0.53,-4.8084,-0.2628,-9.4292,4.6208,86.8101,+6.6523,421.1350,227.8790
9328,0.52,-4.5300,+0.1262,-9.4232,4.8932,85.1476,+6.5906,436.0847,250.1802
9329,0.54,-4.2929,-0.2607,-9.4159,5.1230,151.6676,+6.5434,451.6935,249.1957
9330,0.51,-4.7980,+0.1760,-9.4085,4.6106,47.6911,+5.9983,342.0928,223.5686
9331,0.53,-4.8892,+0.1679,-9.4214,4.5323,31.7378,+4.8528,141.6256,198.0776
9332,0.52,-5.1405,+0.0970,-9.4224,4.2819,5.0445,+4.6058,124.0110,204.0400
9333,0.53,-5.3063,+0.1233,-9.4283,4.1221,4.2050,+4.2809,86.7900,188.7435
9334,0.52,-5.2287,+0.0386,-9.4277,4.1990,7.6994,+4.8982,140.9726,191.0736
9335,0.51,-4.8886,+0.0665,-9.4285,4.5399,16.7632,+2.1655,152.3258,212.0260
9336,0.51,-4.9993,-0.0731,-9.4164,4.4171,15.6872,+4.2744,150.1873,216.9296
9337,0.51,-4.9326,-0.1139,-9.4167,4.4840,43.8012,+3.5846,191.4889,214.8592
9338,0.50,-5.2511,+0.0021,-9.4291,4.1780,6.3441,+4.7187,175.0642,194.1116
9339,0.51,-5.2820,+0.0313,-9.4205,4.1384,3.2739,+1.5826,55.6250,177.9445
9340,0.51,-5.3148,+0.0108,-9.4251,4.1103,1.4612,+11.3478,174.8338,197.5478
9341,0.53,-5.2771,-0.1576,-9.4198,4.1427,2.4365,-0.3241,98.2752,188.8707
9342,0.53,-5.3057,-0.0984,-9.4074,4.1016,3.2548,+13.2040,249.3478,214.5928
9343,0.51,-5.3447,+0.0114,-9.4140,4.0693,1.5421,+1.9009,87.7339,194.2979
9344,0.52,-5.2638,-0.2898,-9.4145,4.1506,4.0898,+7.3395,214.4492,193.9556
9345,0.53,-5.2653,-0.0003,-9.4079,4.1426,2.8327,+6.6112,129.4107,188.2404
9346,0.52,-4.9966,+0.0014,-9.4068,4.4102,14.9658,+9.7639,224.4207,221.3680
9347,0.53,-5.2120,+0.0244,-9.4222,4.2102,4.2309,+7.7332,175.4876,208.1969
9348,0.51,-4.8622,-0.2722,-9.4191,4.5569,27.7227,+9.0450,306.1623,233.2931
9349,0.53,-5.0396,-0.1268,-9.4185,4.3790,18.9152,+7.2243,261.2214,208.2352
9350,0.52,-4.9899,-0.5352,-9.4223,4.4324,15.3709,+9.0291,403.9807,221.7011
9351,0.52,-4.6710,-0.0454,-9.4207,4.7497,79.4429,+8.4685,341.8283,247.1266
9352,0.52,-5.1246,-0.0939,-9.4239,4.2992,7.6216,+8.1949,159.2960,212.8964
9353,0.53,-4.8501,-0.0078,-9.4207,4.5706,57.4237,+7.7672,262.0692,225.3127
9354,0.52,-5.1292,+0.0152,-9.4217,4.2925,30.0056,+8.0856,244.5605,210.6584
9355,0.51,-5.0043,-0.1807,-9.4153,4.4110,44.3046,+7.4297,265.7013,219.4466
9356,0.53,-4.9280,+0.0498,-9.4225,4.4945,49.1763,+7.4762,232.6603,214.9797
9357,0.52,-4.7450,-0.0507,-9.4126,4.6676,52.4782,+6.5957,247.6368,221.6750
9358,0.52,-5.4705,-0.4803,-9.4082,3.9377,9.8346,+5.3000,106.0529,179.7088
9359,0.51,-5.2444,+0.1313,-9.4098,4.1654,1.9068,+5.3646,86.3677,191.5540
9360,0.53,-5.2866,-0.0922,-9.4020,4.1154,5.8243,+7.6972,168.6548,196.0176
9361,0.53,-5.3345,+0.0507,-9.4076,4.0731,2.1158,+9.6542,156.2281,209.1694
9362,0.50,-5.3280,-0.0821,-9.4081,4.0800,1.9692,-1.2563,60.8482,185.1596
9363,0.52,-5.0299,+0.1613,-9.4053,4.3754,2.3376,+16.5237,353.2101,245.4388
9364,0.52,-5.2860,+0.0256,-9.4117,4.1258,2.1382,+0.2155,77.8023,188.1695
9365,0.53,-5.0722,-0.0435,-9.4092,4.3371,8.5263,+12.1292,307.1036,226.8120
9366,0.52,-4.7464,+0.2307,-9.3957,4.6494,69.4566,+7.8198,399.9464,252.8884
9367,0.52,-4.8298,-0.2860,-9.3947,4.5649,53.4351,+7.4632,285.6752,239.6017
9368,0.54,-5.0480,+0.0199,-9.3929,4.3450,32.0345,+7.7832,259.0401,223.2018
9369,0.52,-5.0319,+0.2520,-9.3949,4.3630,42.1418,+7.2947,292.8681,213.5499
9370,0.53,-4.9860,+0.2783,-9.4023,4.4163,79.2394,+6.9196,316.2322,221.6978
9371,0.52,-5.0799,+0.1151,-9.4005,4.3206,25.1925,+6.1898,213.5963,214.4839
9372,0.52,-4.8809,+0.1915,-9.4077,4.5268,76.6278,+6.8588,341.4710,234.0408
9373,0.52,-5.0577,+0.0751,-9.4225,4.3648,69.0430,+6.6627,287.5756,222.6947
9374,0.53,-5.0632,+0.1483,-9.4230,4.3598,48.0450,+7.8533,275.7974,215.6745
9375,0.53,-5.1696,-0.1547,-9.4170,4.2473,22.3526,+7.1510,205.8905,199.0275
9376,0.53,-5.0984,+0.1820,-9.4126,4.3142,21.6372,+7.5110,218.2912,210.6373
9377,0.52,-4.9707,-0.1665,-9.4068,4.4361,70.2937,+7.5250,304.6226,214.8009
9378,0.52,-5.0743,-0.0166,-9.4316,4.3573,47.9497,+7.1114,227.7384,210.2727
9379,0.54,-5.2947,+0.2105,-9.4175,4.1228,33.9463,+8.1553,258.3394,190.7549
9380,0.52,-5.1123,-0.0224,-9.4222,4.3099,30.0120,+6.7757,218.9370,210.8890
9381,0.54,-5.0682,+0.1409,-9.4197,4.3516,23.4481,+6.6707,191.1374,211.6033
9382,0.54,-5.1338,+0.0230,-9.4105,4.2767,56.1181,+6.6663,282.9099,208.8459
9383,0.52,-4.9916,-0.0324,-9.4023,4.4107,40.7414,+6.3953,223.2388,205.1499
9384,0.51,-5.0644,-0.2715,-9.3960,4.3316,31.5492,+6.7750,209.1245,208.9276
9385,0.53,-4.9804,+0.1475,-9.3886,4.4082,69.8156,+7.0472,289.4033,217.4855
9386,0.54,-5.0574,+0.0179,-9.3837,4.3263,36.6194,+8.4653,279.8833,212.7749
9387,0.54,-5.1951,-0.1761,-9.3875,4.1923,33.8926,+8.0566,250.6917,205.7365
9388,0.52,-4.9790,-0.0562,-9.3968,4.4178,27.1950,+7.3020,227.0629,221.8904
9389,0.52,-5.6141,+0.1081,-9.4084,3.7943,1.6954,+7.9386,129.7427,182.2157
9390,0.53,-5.5147,-0.1067,-9.4156,3.9009,3.9219,+7.5845,141.8084,183.9791
9391,0.52,-5.2296,-0.1031,-9.4174,4.1878,4.4091,+4.0390,155.2237,194.5842
9392,0.53,-5.2479,+0.1623,-9.4068,4.1589,3.2779,+2.6654,89.0560,190.4516
9393,0.53,-5.3776,+0.0160,-9.4031,4.0255,2.5736,+5.0072,129.5507,186.8242
9394,0.54,-5.3828,-0.0771,-9.4112,4.0284,2.1127,+3.3930,113.4492,184.9777
9395,0.53,-5.1990,+0.0600,-9.4248,4.2258,2.7731,-0.4910,108.6384,197.8951
9396,0.54,-5.2674,-0.0236,-9.4204,4.1530,3.5076,+10.2569,181.1116,206.2352
9397,0.54,-5.5061,+0.0055,-9.4305,3.9244,1.4084,+0.7821,47.7601,177.1320
9398,0.53,-5.2147,-0.1233,-9.4209,4.2062,1.3763,+13.3565,233.0310,228.7161
9399,0.56,-5.4784,-0.0513,-9.4152,3.9368,1.6787,+5.8413,103.1734,190.3007
9400,0.53,-5.4119,-0.0479,-9.4008,3.9889,1.8379,+8.4214,158.7401,195.0782
9401,0.52,-5.4145,+0.2744,-9.4090,3.9946,2.0918,+3.5806,89.1402,180.0748
9402,0.53,-5.3963,+0.0513,-9.4131,4.0168,1.0970,+3.8332,70.6339,185.2930
9403,0.53,-5.1907,-0.0828,-9.4132,4.2225,4.5678,+5.2742,170.8047,203.9981
9404,0.52,-5.2910,-0.0251,-9.4047,4.1138,8.2444,+7.7461,196.2561,207.6553
9405,0.53,-5.5131,+0.0017,-9.4083,3.8953,1.9091,+5.6377,123.7483,176.3657
9406,0.52,-4.8879,-0.0228,-9.4021,4.5142,30.5977,+9.6659,385.8555,236.2065
9407,0.53,-4.9043,-0.0908,-9.4000,4.4958,23.9840,+8.3881,342.4653,240.0595
9408,0.53,-4.3384,-0.1174,-9.3992,5.0608,89.8950,+8.5592,630.3804,290.2283
9409,0.52,-4.6911,+0.1286,-9.3973,4.7062,52.0048,+8.5575,448.2371,264.0524
9410,0.55,-4.5557,-0.2760,-9.4052,4.8495,74.3093,+8.9348,516.2856,262.3651
9411,0.51,-4.7006,+0.1186,-9.4012,4.7007,61.1400,+8.0712,396.3087,240.5661
9412,0.54,-4.8255,+0.1487,-9.4041,4.5786,54.4588,+8.7049,398.5018,249.3358
9413,0.54,-4.5159,+0.0419,-9.4163,4.9004,91.0327,+7.6446,501.6688,257.2045
9414,0.52,-4.6519,+0.0510,-9.4086,4.7568,57.9113,+6.4721,387.9535,250.8107
9415,0.51,-4.8464,+0.0309,-9.4000,4.5536,47.7364,+6.1808,337.4648,231.5019
9416,0.53,-4.7286,+0.0070,-9.3931,4.6644,81.7714,+6.1666,415.2390,230.9603
9417,0.53,-4.7603,-0.0472,-9.3912,4.6309,44.8166,+6.6791,329.0001,234.8506
9418,0.53,-4.8692,-0.1803,-9.3962,4.5271,64.8425,+6.3841,386.9354,228.4089
9419,0.53,-4.7584,-0.0702,-9.3851,4.6267,75.1494,+7.0541,421.7676,244.8230
9420,0.53,-4.8040,-0.0812,-9.3830,4.5790,53.8701,+6.5351,349.5469,229.8288
9421,0.53,-4.7426,+0.0287,-9.3936,4.6511,53.2347,+6.8807,313.9431,236.2787
9422,0.53,-4.9101,+0.1069,-9.3980,4.4879,62.0125,+6.7176,340.8809,215.2767
9423,0.52,-4.7311,-0.0146,-9.3757,4.6446,74.9721,+6.5351,333.1180,226.0944
9424,0.51,-4.6482,-0.1886,-9.3827,4.7345,101.0421,+6.3169,372.4819,232.4280
9425,0.53,-4.4494,+0.1882,-9.3843,4.9349,149.8874,+6.0833,294.5531,244.4291
9426,0.51,-4.6990,+0.0197,-9.3880,4.6889,94.8069,+6.8553,318.9541,232.3876
9427,0.52,-4.7806,-0.0087,-9.3893,4.6087,59.6166,+5.4864,269.0816,212.8491
9428,0.52,-4.2953,+0.3156,-9.3878,5.0925,148.9671,+6.4019,334.2698,261.6570
9429,0.52,-4.4731,-0.2246,-9.3858,4.9127,97.7856,+6.7324,382.4489,245.1783
9430,0.52,-4.5021,+0.0235,-9.3915,4.8894,94.8485,+7.3106,503.4360,260.3706
9431,0.53,-4.7614,+0.0096,-9.4009,4.6395,65.7370,+6.4176,331.6196,227.5751
9432,0.52,-4.6039,-0.0682,-9.3975,4.7936,82.2595,+6.4335,389.5151,238.3876
9433,0.53,-4.6945,-0.3044,-9.3968,4.7023,57.1895,+6.4717,399.7458,237.3723
9434,0.51,-4.5504,+0.0698,-9.3989,4.8485,73.4857,+7.6230,384.4684,251.2333
9435,0.52,-4.8229,+0.1598,-9.4115,4.5886,29.5041,+6.8883,274.6594,227.6935
9436,0.53,-4.4608,-0.0916,-9.3984,4.9376,167.1547,+8.2990,491.4911,238.8382
9437,0.53,-4.2553,-0.1002,-9.3901,5.1348,249.4959,+6.7161,370.6446,242.3249
9438,0.53,-4.0147,-0.5517,-9.3890,5.3743,350.5796,+6.8924,428.6373,264.2881
9439,0.53,-4.5826,-0.3435,-9.3913,4.8086,97.8564,+8.0527,364.8466,247.9598
9440,0.52,-4.9150,-0.1028,-9.4068,4.4918,59.5893,+7.7646,342.7778,222.5101
9441,0.53,-4.7561,-0.0166,-9.3913,4.6353,72.3568,+7.9672,335.7587,229.5330
9442,0.53,-4.6311,-0.0067,-9.3982,4.7671,99.9666,+8.1990,426.3977,240.0500
9443,0.52,-4.7976,+0.1361,-9.3893,4.5917,72.3120,+7.0673,352.4174,231.5836
9444,0.52,-4.5134,-0.0015,-9.3861,4.8728,81.3324,+8.0626,359.4349,256.8972
9445,0.51,-4.7135,-0.1068,-9.3888,4.6753,73.6849,+7.8300,318.5292,220.8321
9446,0.54,-4.4903,-0.3170,-9.3984,4.9081,130.9982,+8.1524,488.8406,247.9522
9447,0.53,-3.1282,+0.4281,-9.4061,6.2779,840.1664,+8.6820,960.9379,338.7864
9448,0.52,-4.7656,-0.1080,-9.4015,4.6359,72.1473,+7.4629,335.0944,226.4319
9449,0.51,-4.6209,-0.1047,-9.4014,4.7805,80.9247,+8.3679,418.6392,243.5948
9450,0.52,-4.2538,+0.0632,-9.3995,5.1458,117.7967,+8.3155,545.4121,279.7724
9451,0.54,-4.6947,+0.4472,-9.3993,4.7046,64.5580,+7.6617,596.9891,243.2523
9452,0.51,-3.8764,-0.4065,-9.3901,5.5138,255.5974,+6.9805,449.8787,276.2638
9453,0.52,-4.9149,-0.8120,-9.3879,4.4731,64.9386,+7.9588,446.5689,234.3768
9454,0.50,-3.8506,+0.0313,-9.3788,5.5282,218.9975,+7.6220,548.3728,277.5545
9455,0.52,-2.7907,+1.0962,-9.3720,6.5813,888.0397,+7.9389,552.8616,310.1990
9456,0.52,-4.1198,+0.0719,-9.3852,5.2653,133.5148,+7.8146,565.7608,269.6196
9457,0.50,-4.0114,-0.0983,-9.3861,5.3747,149.0059,+7.2231,487.7205,276.1899
9458,0.52,-3.8587,-0.4104,-9.3829,5.5241,263.4787,+6.1953,370.7209,285.4424
9459,0.52,-2.9739,+0.1046,-9.3778,6.4039,876.1386,+7.0292,360.5101,329.6856
9460,0.52,-3.1856,-0.6902,-9.3779,6.1923,631.3080,+8.2613,492.3371,326.4272
9461,0.53,-2.9991,-1.4283,-9.3777,6.3786,899.3182,+8.2638,450.2756,311.5934
9462,0.53,-3.7743,-0.7527,-9.3682,5.5940,244.7779,+8.5857,552.7229,289.2948
9463,0.51,-4.2806,+0.1945,-9.3759,5.0954,112.3136,+9.0472,523.3481,275.9874
9464,0.51,-4.4790,+0.5223,-9.3793,4.9002,201.5403,+9.4742,558.3668,255.7580
9465,0.51,-4.4578,+0.0646,-9.3930,4.9352,95.8834,+8.4976,367.8489,249.9978
9466,0.55,-5.2649,+0.0160,-9.3928,4.1279,55.7870,+7.6256,210.6153,195.6290
9467,0.52,-4.9414,-0.0686,-9.3863,4.4449,52.4148,+6.9328,208.1585,205.4755
9468,0.52,-5.1157,-0.1326,-9.3872,4.2715,30.2738,+7.7986,216.3366,198.6720
9469,0.51,-5.2831,-0.1728,-9.3935,4.1105,2.4178,+6.2814,122.8036,188.9010
9470,0.52,-4.9252,-0.1003,-9.3842,4.4591,56.7542,+5.7255,184.8972,212.1599
9471,0.53,-4.9564,-0.1792,-9.3866,4.4303,37.1496,+5.9931,244.2784,210.6410
9472,0.52,-4.8764,-0.0433,-9.3881,4.5117,65.9162,+6.0408,259.6846,212.8536
9473,0.52,-4.5510,-0.0085,-9.3872,4.8362,128.5940,+4.6427,254.2951,231.0866
9474,0.51,-4.6249,+0.0739,-9.3830,4.7581,118.5475,+5.3318,268.0082,236.7989
9475,0.54,-4.9745,-0.0910,-9.3849,4.4104,38.0206,+5.8856,226.2874,210.4406
9476,0.51,-5.1359,-0.2744,-9.3777,4.2418,41.7253,+6.5483,308.2415,210.9207
9477,0.51,-5.0785,-0.1851,-9.3923,4.3138,31.8149,+6.2412,271.3079,210.5797
9478,0.52,-4.8449,+0.0819,-9.4018,4.5570,28.7921,+4.3607,212.7656,218.8075
9479,0.51,-4.6505,-0.2774,-9.3904,4.7400,158.4043,+5.9206,472.8030,243.9767
9480,0.53,-4.8555,+0.1039,-9.3810,4.5255,37.1613,+5.5191,252.2572,217.5826
9481,0.52,-4.9128,+0.1919,-9.3850,4.4723,38.3650,+5.3171,157.5772,211.3863
9482,0.51,-4.9762,-0.0064,-9.3846,4.4084,39.7532,+4.9574,212.1274,206.8546
9483,0.53,-4.7943,-0.0040,-9.3959,4.6016,90.1100,+7.3191,333.1305,226.0745
9484,0.53,-5.1572,+0.1515,-9.3849,4.2276,28.5158,+7.3548,248.9634,199.8227
9485,0.52,-4.7400,-0.0925,-9.3898,4.6499,117.5063,+5.7640,199.1611,224.5068
9486,0.52,-4.8450,-0.1056,-9.3785,4.5335,78.9925,+5.2949,364.3105,217.2465
9487,0.52,-4.7141,-0.1053,-9.3693,4.6553,85.8895,+4.6246,210.7621,229.8646
9488,0.53,-5.1102,+0.0645,-9.3720,4.2618,28.2772,+4.5580,196.6682,203.9825
9489,0.53,-4.9068,+0.0896,-9.3620,4.4551,36.2968,+6.3547,244.7143,213.2653
9490,0.51,-5.7346,-0.7249,-9.3635,3.6289,14.5580,+5.2859,283.8962,183.0068
9491,0.51,-5.0847,-0.0995,-9.3732,4.2885,40.1454,+5.3161,169.8478,193.9626
9492,0.51,-5.0759,-0.1522,-9.3724,4.2965,40.5251,+5.8581,167.9246,188.4995
9493,0.53,-4.7384,-0.0166,-9.3700,4.6316,97.9620,+7.7855,336.7349,219.7230
9494,0.52,-4.8635,-0.2822,-9.3750,4.5115,75.6002,+6.7488,358.4543,221.9665
9495,0.53,-5.1187,-0.2005,-9.3905,4.2718,36.5919,+6.6283,215.9197,207.1766
9496,0.51,-4.9046,-0.0121,-9.3911,4.4865,53.7428,+7.6209,294.0731,222.7065
9497,0.51,-4.9579,+0.0656,-9.3825,4.4246,38.8329,+6.8181,239.0563,207.9812
9498,0.52,-5.1408,+0.0334,-9.3720,4.2312,28.2178,+5.6699,164.2173,185.6792
9499,0.54,-5.0298,-0.1260,-9.3758,4.3460,29.3381,+5.0373,204.5786,198.6245
9500,0.52,-4.8592,-0.0616,-9.3777,4.5185,48.6852,+7.8471,322.9101,224.8598
9501,0.51,-5.0643,-0.0919,-9.3794,4.3151,33.4304,+7.6896,269.4020,210.9487
9502,0.51,-4.8081,+0.0090,-9.3830,4.5749,43.3604,+7.4112,304.3447,227.0727
9503,0.52,-4.9813,-0.0178,-9.3733,4.3920,37.1437,+7.1550,262.8173,216.4503
9504,0.51,-4.9401,-0.0360,-9.3858,4.4457,42.4054,+6.6919,324.3631,225.1526
9505,0.53,-5.1635,+0.1869,-9.3813,4.2178,32.9422,+6.0536,276.0125,200.0213
9506,0.50,-5.0542,+0.3202,-9.3790,4.3248,41.3667,+5.8360,267.4491,210.8387
9507,0.52,-4.8547,+0.0532,-9.3755,4.5208,41.4705,+5.2486,230.7196,217.5103
9508,0.53,-4.9056,-0.1159,-9.3877,4.4821,38.5086,+5.0212,232.9574,220.7980
9509,0.51,-4.8890,-0.1066,-9.3747,4.4857,41.2888,+5.8736,224.9901,216.3763
9510,0.51,-5.0362,+0.1134,-9.3787,4.3426,44.0601,+6.6194,284.3467,215.8406
9511,0.51,-4.8369,+0.2186,-9.3728,4.5360,31.8484,+5.6063,223.2970,212.7423
9512,0.52,-5.3942,+0.6929,-9.3736,3.9794,22.7743,+4.7537,202.9092,189.3486
9513,0.52,-4.8555,-0.0978,-9.3712,4.5157,33.9825,+7.3223,260.7401,224.0113
9514,0.51,-4.9943,-0.0231,-9.3693,4.3750,33.2557,+4.5826,202.1757,206.0518
9515,0.52,-4.9429,-0.0402,-9.3822,4.4394,36.4862,+5.5630,224.7410,212.1497
9516,0.54,-5.0857,-0.1040,-9.3768,4.2911,33.7831,+6.2075,213.7905,206.1236
9517,0.52,-4.8712,+0.2610,-9.3783,4.5070,48.3269,+7.4881,347.9774,215.7602
9518,0.52,-4.9871,+0.0861,-9.3758,4.3887,33.5037,+5.2417,205.5826,197.6527
9519,0.52,-5.1242,+0.2440,-9.3802,4.2559,43.9009,+7.2845,218.7415,187.4055
9520,0.53,-4.8316,-0.0781,-9.3782,4.5467,76.0398,+7.0223,233.4331,225.7825
9521,0.53,-5.0230,+0.0607,-9.3688,4.3458,34.4035,+7.3583,243.0741,208.3690
9522,0.53,-4.9331,+0.0593,-9.3808,4.4477,23.8616,+7.5036,206.0224,208.0911
9523,0.51,-5.0900,-0.2237,-9.3778,4.2878,17.7042,+7.4879,229.8257,195.2437
9524,0.52,-5.0613,-0.1087,-9.3748,4.3135,29.1291,+7.0393,185.3200,195.0402
9525,0.52,-5.1832,-0.0764,-9.3627,4.1795,16.6490,+7.7549,224.8986,187.3975
9526,0.51,-5.5712,+0.3940,-9.3658,3.7946,17.9503,+6.9732,196.1699,151.3168
9527,0.52,-4.6505,+0.0987,-9.3585,4.7080,133.4165,+7.4791,254.9268,229.1034
9528,0.54,-4.6405,-0.1525,-9.3559,4.7154,146.9932,+6.4460,265.1386,214.1462
9529,0.53,-4.6024,+0.2292,-9.3612,4.7587,185.7984,+5.8199,187.2671,226.7740
9530,0.51,-4.8856,-0.1737,-9.3651,4.4794,48.3747,+6.0626,201.0515,209.1537
9531,0.51,-4.7220,+0.2875,-9.3592,4.6372,40.8127,+7.2262,266.2150,218.3336
9532,0.52,-5.0496,+0.0294,-9.3565,4.3069,23.8086,+4.8259,158.3018,195.4677
9533,0.50,-5.0364,+0.0131,-9.3598,4.3233,43.4433,+5.7613,177.7117,192.6603
9534,0.52,-4.9184,-0.1157,-9.3558,4.4374,34.0263,+5.3266,167.9562,199.3502
9535,0.52,-4.8513,-0.1391,-9.3790,4.5277,31.4802,+6.5976,177.9447,215.2528
9536,0.50,-4.9761,+0.1510,-9.3800,4.4039,30.2554,+7.9080,191.8601,204.8914
9537,0.52,-5.0386,+0.0316,-9.3759,4.3374,32.0096,+7.0598,195.5795,206.2599
9538,0.53,-5.0904,+0.1441,-9.3731,4.2827,34.3229,+6.0940,196.4010,192.9765
9539,0.52,-4.8890,+0.0821,-9.3678,4.4788,35.0801,+6.4854,228.8399,215.0840
9540,0.53,-4.7875,-0.2672,-9.3774,4.5899,95.8691,+7.3378,264.9456,218.0695
9541,0.53,-5.1021,-0.1542,-9.3653,4.2632,23.7187,+7.3046,261.9187,206.5866
9542,0.53,-4.9271,-0.1254,-9.3709,4.4438,42.4135,+4.5526,254.8614,206.1670
9543,0.54,-5.0642,+0.0698,-9.3616,4.2975,24.1528,+5.7169,211.7199,193.2504
9544,0.52,-5.0141,-1.4239,-9.3605,4.3464,25.0356,+4.7860,232.5108,195.9458
9545,0.53,-4.6719,-0.5330,-9.3417,4.6698,99.3801,+5.3550,280.8622,226.0682
9546,0.53,-4.9265,-0.0948,-9.3391,4.4126,55.7616,+4.8756,239.5126,195.0412
9547,0.53,-4.4496,+0.0459,-9.3542,4.9046,171.7444,+6.1118,273.7288,230.9957
9548,0.52,-4.2749,+0.2859,-9.3524,5.0775,128.4402,+5.9236,225.2628,236.3278
9549,0.51,-4.9340,+0.0229,-9.3603,4.4263,29.6986,+6.8377,216.2371,205.5329
9550,0.51,-5.0728,-0.0012,-9.3660,4.2933,46.2789,+7.7375,279.8696,194.5738
9551,0.53,-6.5383,-1.0969,-9.3712,2.8329,569.7771,+9.9209,1258.8711,253.2449
9552,0.53,-4.8993,-0.0631,-9.3748,4.4755,39.4679,+6.7399,244.2744,215.0754
9553,0.51,-5.0260,-0.0021,-9.3704,4.3444,50.0228,+7.1791,265.9684,209.0034
9554,0.53,-4.8140,-0.0182,-9.3752,4.5613,42.8436,+7.6362,242.8976,221.0750
9555,0.51,-5.0994,-0.0395,-9.3631,4.2637,20.7936,+6.0877,162.7499,184.7590
9556,0.54,-4.9390,+0.2203,-9.3580,4.4190,67.7240,+6.2288,254.2686,206.3948
9557,0.51,-4.8939,-0.0360,-9.3609,4.4670,48.6348,+6.4099,241.6318,208.8390
9558,0.53,-4.8812,-0.0227,-9.3582,4.4771,33.9771,+6.3765,211.4881,201.0551
9559,0.50,-4.7936,+0.0075,-9.3654,4.5718,27.6401,+6.7272,223.6418,213.3411
9560,0.52,-4.9758,+0.1125,-9.3747,4.3988,32.5545,+6.6207,212.2695,195.2743
9561,0.50,-4.9539,-0.0891,-9.3768,4.4230,29.5647,+6.7674,273.3331,202.7390
9562,0.52,-4.8978,-0.0224,-9.3714,4.4736,51.6779,+5.7803,301.2037,207.0358
9563,0.53,-5.0587,-0.0575,-9.3844,4.3258,24.1496,+4.3805,157.6412,198.3905
9564,0.51,-4.7184,-0.0954,-9.3729,4.6545,33.3246,+6.5847,248.5687,220.5811
9565,0.50,-4.7328,-0.0163,-9.3619,4.6291,43.7710,+5.4942,223.1459,215.2962
9566,0.52,-4.7654,+0.1136,-9.3602,4.5948,48.0425,+6.7527,285.6035,205.0734
9567,0.53,-4.8200,+0.0526,-9.3488,4.5288,42.9159,+6.4563,250.5407,200.5634
9568,0.51,-4.7620,+0.0167,-9.3544,4.5924,45.2213,+6.6304,230.5663,205.1731
9569,0.51,-4.2408,-0.9313,-9.3518,5.1109,281.1325,+6.2193,210.2326,227.2254
9570,0.52,-4.9976,-0.0229,-9.3584,4.3609,43.0327,+6.6137,224.3962,202.1734
9571,0.52,-4.9374,+0.1178,-9.3652,4.4278,57.1811,+7.2864,209.2179,213.0742
9572,0.52,-5.1014,+0.2838,-9.3710,4.2696,10.4975,+6.5902,181.5835,186.1317
9573,0.52,-5.0288,+0.2164,-9.3647,4.3359,34.1593,+7.3346,251.7422,189.7291
9574,0.51,-4.9224,+0.1151,-9.3667,4.4443,34.8158,+5.2206,206.1338,194.7583
9575,0.54,-4.5920,-0.3214,-9.3584,4.7664,78.0412,+4.6112,169.3273,211.3455
9576,0.54,-4.9904,+0.0253,-9.3679,4.3775,32.6294,+4.8636,196.1023,188.7135
9577,0.53,-4.9628,+0.0435,-9.3747,4.4119,36.7603,+4.7863,216.7843,201.8349
9578,0.51,-4.9607,+0.0578,-9.3710,4.4103,32.9325,+5.6104,191.2876,194.4457
9579,0.51,-5.0572,+0.0002,-9.3649,4.3077,29.8232,+5.4692,206.3752,189.5541
9580,0.52,-4.7314,-0.0241,-9.3682,4.6369,103.3308,+5.4677,215.3475,209.9669
9581,0.52,-5.1510,+0.1020,-9.3652,4.2142,18.8360,+5.5342,169.0641,183.4420
9582,0.51,-5.0301,+0.0682,-9.3727,4.3426,27.5288,+5.9555,182.1113,188.3798
9583,0.52,-4.9770,+0.1583,-9.3677,4.3907,36.1795,+4.4623,134.4571,195.5169
9584,0.53,-5.0512,-0.0327,-9.3639,4.3127,27.0336,+5.1100,197.2054,181.8752
9585,0.52,-4.9338,+0.1314,-9.3635,4.4297,15.3036,+5.7619,209.8209,191.0981
9586,0.50,-4.8908,+0.0147,-9.3569,4.4661,16.5314,+4.3940,190.7816,199.7224
9587,0.51,-4.6386,+0.1197,-9.3618,4.7232,52.3362,+4.1183,266.7090,220.3674
9588,0.50,-4.6983,-0.1205,-9.3695,4.6712,20.6662,+4.1952,182.8977,202.9786
9589,0.51,-4.8643,+0.3337,-9.3588,4.4945,10.0932,+4.4844,91.6166,193.2739
9590,0.50,-4.5542,-0.2538,-9.3606,4.8064,109.0899,+6.1132,347.8882,218.5261
9591,0.52,-4.4711,+0.1385,-9.3679,4.8969,54.4256,+6.5555,224.3839,221.5123
9592,0.50,-4.3790,-0.0956,-9.3718,4.9928,89.4042,+7.2358,285.5890,226.6160
9593,0.53,-4.5716,+0.0131,-9.3686,4.7971,38.4708,+6.7055,220.4346,214.3797
9594,0.52,-4.3538,+0.0880,-9.3758,5.0220,61.7337,+7.9185,326.0438,231.8734
9595,0.52,-4.5847,+0.0171,-9.3618,4.7771,42.1405,+7.8826,298.3730,219.2401
9596,0.50,-4.2417,-0.1258,-9.3667,5.1251,96.4755,+8.1735,378.8059,235.6682
9597,0.52,-4.5741,-0.5046,-9.3546,4.7805,40.1116,+7.7610,295.1521,217.5005
9598,0.51,-4.1214,+0.1080,-9.3668,5.2454,119.2867,+7.4155,362.2629,248.9741
9599,0.51,-4.4088,-0.0404,-9.3634,4.9545,59.2302,+7.6779,323.7543,234.9206
9600,0.48,-4.1019,-0.0006,-9.3635,5.2615,131.8295,+7.6305,441.0031,260.4639
9601,0.50,-4.1767,+0.1087,-9.3634,5.1867,121.2087,+7.5601,378.8809,237.6091
9602,0.51,-4.5747,+0.1567,-9.3516,4.7769,46.4018,+6.5541,281.4749,224.7417
9603,0.50,-4.6482,+0.0919,-9.3614,4.7132,51.7932,+7.1891,297.6790,217.7165
9604,0.50,-4.5444,-0.0757,-9.3656,4.8212,44.8742,+6.8559,331.6230,229.9916
9605,0.50,-4.8296,+0.0914,-9.3619,4.5323,32.4051,+5.1806,181.1671,202.7946
9606,0.52,-4.7167,+0.0136,-9.3539,4.6372,34.5483,+5.6105,226.0348,210.8120
9607,0.52,-4.7001,-0.0957,-9.3606,4.6605,36.1447,+5.5658,230.8014,210.5269
9608,0.51,-4.5702,-0.1390,-9.3626,4.7924,40.4749,+5.5525,257.2091,227.2691
9609,0.50,-4.8849,-0.0965,-9.3595,4.4746,51.9220,+4.4349,197.6873,194.8689
9610,0.51,-4.7463,+0.0938,-9.3522,4.6058,47.2980,+5.3259,236.4924,205.7117
9611,0.50,-4.7399,-0.1467,-9.3429,4.6030,36.8123,+5.0647,215.0318,214.7755
9612,0.52,-4.8673,+0.0344,-9.3549,4.4875,25.5370,+5.3939,186.5459,203.2869
9613,0.50,-4.9640,+0.0610,-9.3631,4.3991,22.8905,+5.9025,174.6816,198.5856
9614,0.50,-4.9226,+0.1417,-9.3547,4.4321,18.6163,+4.7463,157.7488,187.1082
9615,0.51,-4.9504,-0.0302,-9.3470,4.3966,15.9167,+4.4711,145.1353,197.7314
9616,0.50,-4.6588,-0.2068,-9.3468,4.6880,40.8926,+4.9227,214.4855,218.2343
9617,0.54,-4.7596,+0.0717,-9.3609,4.6013,23.5091,+6.2074,175.5501,206.6797
9618,0.50,-4.6981,+0.1082,-9.3617,4.6636,41.5370,+6.3306,200.5858,208.7480
9619,0.51,-4.6553,-0.0357,-9.3573,4.7020,56.4777,+6.7573,230.2836,207.8837
9620,0.50,-4.7995,+0.1681,-9.3530,4.5535,31.4176,+7.1592,214.3460,211.0521
9621,0.52,-4.7550,+0.1798,-9.3669,4.6119,44.0601,+7.8995,211.0491,210.0177
9622,0.52,-4.8115,-0.0753,-9.3644,4.5528,36.0999,+7.2244,245.5245,213.4971
9623,0.51,-4.6064,-0.0295,-9.3610,4.7546,38.8312,+5.0969,203.9872,217.7127
9624,0.52,-4.6099,+0.1026,-9.3617,4.7518,39.9884,+5.9781,223.4130,214.5686
9625,0.51,-4.7810,+0.0389,-9.3632,4.5822,31.5937,+4.3790,169.1439,203.6699
9626,0.52,-4.7635,+0.0513,-9.3502,4.5868,37.8163,+4.5670,183.9966,197.7655
9627,0.49,-4.7260,+0.0847,-9.3592,4.6332,34.0258,+5.8523,199.7843,213.6307
9628,0.50,-4.8215,+0.0245,-9.3555,4.5340,29.9305,+6.2240,225.7306,215.0135
9629,0.51,-4.7468,-0.0965,-9.3475,4.6007,34.1653,+5.3865,211.2903,211.4099
9630,0.51,-4.8697,-0.1540,-9.3530,4.4834,35.6241,+6.2009,233.9689,204.0690
9631,0.50,-4.9567,+0.0086,-9.3379,4.3812,24.9821,+6.5138,200.9180,198.7086
9632,0.51,-4.9736,-0.0655,-9.3488,4.3752,24.3095,+6.5066,210.3723,198.7532
9633,0.53,-4.6927,+0.0175,-9.3520,4.6593,45.8739,+7.4373,244.1844,219.0514
9634,0.52,-4.8694,-0.0398,-9.3497,4.4803,38.6802,+7.7930,232.2864,215.6704
9635,0.51,-4.8057,-0.0456,-9.3509,4.5453,39.6907,+6.5793,231.2294,211.3799
9636,0.51,-4.8695,-0.0327,-9.3514,4.4820,28.2007,+8.5211,241.9356,217.9464
9637,0.50,-4.8398,+0.1391,-9.3383,4.4984,42.6738,+7.6043,275.9630,213.7707
9638,0.51,-4.7621,+0.0841,-9.3344,4.5724,25.5205,+8.1232,234.6831,218.2882
9639,0.50,-4.8093,-0.1669,-9.3334,4.5241,31.7649,+7.8620,245.9290,209.4881
9640,0.51,-4.8616,-0.1712,-9.3444,4.4828,38.1168,+8.3765,260.7892,213.4097
9641,0.52,-4.8498,-0.0634,-9.3438,4.4941,34.4609,+7.8144,251.9013,206.8216
9642,0.51,-4.9181,-0.0580,-9.3545,4.4364,35.5207,+6.9945,243.3068,204.3175
9643,0.52,-4.4443,-0.0052,-9.3630,4.9187,213.4957,+8.0176,315.9231,247.6454
9644,0.51,-4.9565,-0.0820,-9.3546,4.3981,25.8405,+7.5139,227.6248,211.3935
9645,0.52,-4.8941,+0.0953,-9.3515,4.4575,24.6364,+7.4307,232.2745,209.9237
9646,0.51,-4.8869,+0.0872,-9.3524,4.4656,45.9135,+5.5013,232.8237,204.1915
9647,0.53,-4.2233,+0.4938,-9.3595,5.1361,381.5522,+6.7017,359.7618,253.4506
9648,0.50,-4.8602,+0.0308,-9.3658,4.5057,35.7344,+6.4291,264.4845,212.0445
9649,0.51,-4.7933,-0.1550,-9.3650,4.5717,42.1668,+7.5113,271.4971,214.3344
9650,0.51,-4.9036,+0.2909,-9.3686,4.4651,23.0006,+5.6541,177.3880,198.5638
9651,0.50,-4.9565,+0.1073,-9.3653,4.4088,35.2632,+6.3154,204.5108,192.7595
9652,0.51,-4.7406,-0.0410,-9.3639,4.6233,45.9532,+6.3328,226.4243,215.7162
9653,0.52,-4.7873,+0.0435,-9.3614,4.5741,47.9984,+7.0006,261.9101,213.5184
9654,0.52,-4.9461,+0.0173,-9.3747,4.4286,25.7161,+7.3735,240.7151,198.6863
9655,0.52,-4.8608,+0.0335,-9.3678,4.5070,34.3200,+5.7897,238.0140,210.4600
9656,0.50,-4.9045,+0.1059,-9.3649,4.4604,41.0427,+5.6606,239.9408,206.6480
9657,0.50,-4.9191,+0.0425,-9.3611,4.4420,36.9520,+7.4324,263.0291,200.8320
9658,0.52,-4.7548,-0.1137,-9.3494,4.5946,41.0253,+7.2964,237.9187,211.0515
9659,0.51,-4.8353,+0.1740,-9.3512,4.5159,29.3856,+7.0283,201.2867,209.4857
9660,0.52,-5.0997,+0.0369,-9.3539,4.2542,22.4608,+6.2495,173.2697,189.1591
9661,0.51,-4.8951,+0.0359,-9.3423,4.4471,32.2710,+6.3730,225.3200,204.7542
9662,0.50,-4.8554,+0.0390,-9.3363,4.4809,40.8091,+6.0793,229.5249,208.4857
9663,0.53,-4.7937,-0.0418,-9.3386,4.5450,30.2904,+7.5193,279.6095,215.6808
9664,0.54,-4.3263,-0.0776,-9.3370,5.0107,133.7164,+8.0753,278.1950,239.8765
9665,0.52,-4.7512,+0.1087,-9.3255,4.5743,39.0243,+6.9224,221.0883,212.0548
9666,0.51,-4.7844,-0.0498,-9.3277,4.5433,30.1391,+7.2422,199.1263,206.1850
9667,0.52,-5.8824,+1.6562,-9.3343,3.4518,137.9844,+7.8366,298.0016,177.9612
9668,0.50,-4.8100,-0.0390,-9.3463,4.5363,37.9437,+7.0306,290.2501,217.7854
9669,0.52,-4.9240,+0.0947,-9.3431,4.4191,39.8282,+4.8330,216.1517,202.9373
9670,0.52,-4.8536,+0.0090,-9.3291,4.4755,35.1956,+5.6092,220.7413,204.6841
9671,0.51,-4.8580,-0.2322,-9.3142,4.4562,41.3463,+6.2450,251.9629,209.2733
9672,0.50,-5.0843,+0.0899,-9.3299,4.2456,18.1415,+7.5667,253.3913,196.2444
9673,0.52,-4.7619,-0.0161,-9.3253,4.5634,56.7876,+5.0568,230.5122,216.8838
9674,0.53,-4.5762,-0.1446,-9.3208,4.7445,52.0083,+6.2249,266.4781,227.6515
9675,0.53,-5.0238,+0.2130,-9.3236,4.2999,34.2246,+4.6017,192.4825,194.9894
9676,0.53,-4.6845,-0.0790,-9.3150,4.6306,35.3355,+6.1923,201.6671,214.2987
9677,0.52,-4.5568,-0.0311,-9.3084,4.7516,55.9921,+6.1298,272.7304,215.9411
9678,0.51,-4.4322,-0.0612,-9.3043,4.8722,74.1323,+6.8742,340.5618,232.1681
9679,0.52,-3.5294,-0.3657,-9.3137,5.7843,438.3781,+7.5713,579.5056,283.5836
9680,0.51,-4.5544,-0.1146,-9.3203,4.7659,74.7782,+7.2982,327.4608,229.2942
9681,0.50,-4.4955,-0.0623,-9.3150,4.8196,67.9084,+6.8253,339.2309,226.8058
9682,0.52,-4.2978,-0.1298,-9.3260,5.0282,133.0299,+6.9108,413.9204,242.2836
9683,0.52,-4.4516,-0.1142,-9.3256,4.8740,74.0600,+7.3695,419.1870,237.4478
9684,0.50,-3.9618,+0.3662,-9.3290,5.3673,223.2102,+7.3202,409.7527,276.5988
9685,0.53,-4.2613,+0.1041,-9.3375,5.0762,121.1308,+6.6561,364.2862,260.0502
9686,0.50,-4.4051,-0.2437,-9.3378,4.9327,83.1988,+7.4914,482.0623,250.7660
9687,0.51,-4.3867,-0.1326,-9.3447,4.9580,67.8660,+5.5792,428.2688,240.4824
9688,0.50,-4.3757,+0.1767,-9.3397,4.9640,81.8405,+5.6557,379.2605,249.4540
9689,0.50,-4.6145,+0.0335,-9.3368,4.7222,73.4009,+6.2412,343.2683,231.8930
9690,0.52,-4.2636,-0.0175,-9.3376,5.0740,89.0804,+6.2289,341.8538,252.0210
9691,0.49,-4.1828,+0.3750,-9.3237,5.1408,127.2754,+6.3184,289.7208,254.2073
9692,0.51,-4.5730,+0.6370,-9.3244,4.7514,50.5069,+6.6541,388.2318,222.6261
9693,0.51,-4.6083,-0.0959,-9.3280,4.7197,32.3259,+6.4015,275.0473,224.2901
9694,0.52,-4.5292,-0.0621,-9.3400,4.8108,55.1653,+5.7903,301.9102,225.1467
9695,0.52,-4.6198,+0.0042,-9.3328,4.7130,59.9620,+5.7003,279.6988,217.5701
9696,0.49,-3.8705,+0.3139,-9.3326,5.4622,241.5942,+6.9408,390.1175,264.1967
9697,0.52,-4.3792,+0.1160,-9.3275,4.9484,84.6036,+5.0377,207.5128,229.3965
9698,0.50,-4.5393,+0.1392,-9.3214,4.7820,74.2300,+6.1992,254.2136,217.9800
9699,0.51,-4.6434,-0.0588,-9.3268,4.6833,88.5399,+6.1423,267.9215,217.6656
9700,0.51,-4.2048,-0.0500,-9.3386,5.1338,85.6086,+6.5402,222.3039,252.3446
9701,0.51,-4.2326,+0.1309,-9.3341,5.1016,92.4138,+6.4049,277.6725,246.7930
9702,0.49,-5.0986,-0.8000,-9.3372,4.2386,57.1859,+7.3000,350.7289,171.3368
9703,0.52,-4.5761,-0.2233,-9.3464,4.7702,35.6429,+6.9381,191.8025,220.9162
9704,0.50,-4.3933,-0.8482,-9.3483,4.9551,76.8411,+6.9315,324.5492,238.0845
9705,0.50,-4.2396,-0.3115,-9.3537,5.1141,63.7938,+6.6006,259.7036,236.5955
9706,0.50,-4.2753,+0.1778,-9.3508,5.0755,68.9473,+6.2101,290.2352,240.0779
9707,0.48,-4.2393,-0.1904,-9.3597,5.1205,105.7255,+7.0218,418.8223,252.4076
9708,0.51,-4.1540,+0.1024,-9.3500,5.1960,105.9920,+7.0152,387.1839,243.3098
9709,0.49,-4.5166,+0.1802,-9.3476,4.8309,37.5593,+7.2766,303.9548,228.2919
9710,0.48,-4.3734,-0.1988,-9.3455,4.9721,60.5984,+7.2978,302.9202,226.5883
9711,0.50,-4.5864,-0.0790,-9.3459,4.7595,27.2372,+6.5287,201.6166,219.6216
9712,0.50,-4.6004,-0.0405,-9.3415,4.7411,33.1575,+5.6840,195.5793,217.8561
9713,0.50,-4.5298,-0.2628,-9.3420,4.8122,35.5443,+6.7957,228.1731,218.8974
9714,0.48,-4.5315,+0.0466,-9.3362,4.8047,28.6355,+6.1657,180.1308,220.2198
9715,0.50,-4.6970,-0.0615,-9.3387,4.6418,30.4855,+5.7073,191.2610,212.8581
9716,0.50,-4.4849,-0.1413,-9.3446,4.8597,30.6535,+5.3425,189.2008,220.1175
9717,0.49,-4.5657,+0.0352,-9.3464,4.7807,43.5609,+4.8879,193.1904,201.5142
9718,0.49,-5.4176,+2.1959,-9.3424,3.9247,76.2537,+5.1174,164.7863,168.8809
9719,0.48,-4.5434,-0.5781,-9.3308,4.7873,21.9190,+5.1711,70.5310,222.9301
9720,0.49,-4.8182,+0.6836,-9.3283,4.5102,5.1221,+5.1643,164.8430,200.0132
9721,0.50,-4.6774,-0.0533,-9.3381,4.6606,11.8973,+4.7300,138.3993,217.2559
9722,0.50,-4.7238,-0.0367,-9.3245,4.6007,9.4850,+4.4934,138.8349,217.3879
9723,0.49,-4.9613,+0.1131,-9.3298,4.3685,8.8770,+4.1509,137.4051,192.3590
9724,0.51,-5.0509,+0.1512,-9.3435,4.2926,9.7073,+6.8814,157.0183,184.8575
9725,0.50,-4.4893,+0.1212,-9.3360,4.8468,51.8663,+5.9250,139.2151,219.0035
9726,0.51,-4.6470,-0.0376,-9.3347,4.6877,9.5162,+8.6184,202.4979,219.9496
9727,0.50,-4.7175,+0.0028,-9.3328,4.6153,16.3163,+6.6194,196.4353,214.8051
9728,0.50,-4.7837,-0.1369,-9.3248,4.5411,11.8149,+6.2938,206.1153,214.8515
9729,0.51,-4.5867,-0.2050,-9.3180,4.7313,55.0033,+2.6285,227.5692,217.7941
9730,0.49,-4.8465,-0.0078,-9.3042,4.4577,15.3187,+4.2698,150.9189,203.1406
9731,0.52,-4.7864,-0.0063,-9.3216,4.5352,13.1694,+5.7683,161.3064,210.6297
9732,0.50,-4.8758,+0.0260,-9.3381,4.4623,9.7656,+8.0982,201.1116,206.5810
9733,0.50,-4.9078,-0.0092,-9.3242,4.4165,11.2395,+6.7740,159.9578,199.0261
9734,0.49,-4.5723,+0.1560,-9.3277,4.7554,44.4990,+6.7874,262.5199,231.0366
9735,0.52,-4.7894,+0.0500,-9.3225,4.5330,34.0509,+7.1810,247.8811,217.6999
9736,0.50,-4.7693,-0.0295,-9.3289,4.5596,9.7559,+8.5495,193.3419,215.1128
9737,0.50,-4.5610,-0.0925,-9.3236,4.7627,13.0093,+5.0120,205.1736,219.4193
9738,0.50,-4.6712,+0.1085,-9.3351,4.6639,25.9784,+7.5514,318.0396,228.6143
9739,0.50,-4.5893,+0.1007,-9.3341,4.7448,39.5059,+6.1028,262.6801,224.7546
9740,0.49,-4.7357,-0.0284,-9.3431,4.6074,7.0100,+4.7800,147.2721,221.7530
9741,0.50,-4.7115,+0.0707,-9.3458,4.6343,22.1347,+6.9459,223.3265,220.1904
9742,0.48,-4.7154,-0.0508,-9.3361,4.6207,3.5729,+7.1835,149.2757,210.9810
9743,0.50,-4.8423,+0.1938,-9.3386,4.4963,11.9671,+5.7240,163.5688,201.7350
9744,0.49,-4.4929,+0.0367,-9.3464,4.8535,42.9431,+6.2014,324.2941,233.3432
9745,0.50,-5.0267,-0.0060,-9.3296,4.3029,4.8293,+4.6702,132.5333,187.5290
9746,0.49,-4.7674,-0.1590,-9.3297,4.5623,13.7943,+4.6786,135.7827,209.5022
9747,0.49,-4.8460,+0.2022,-9.3405,4.4945,17.9977,+5.7146,159.7653,207.1794
9748,0.51,-4.7453,+0.3235,-9.3583,4.6130,7.0096,+6.0597,139.9861,203.0675
9749,0.50,-4.8055,+0.0202,-9.3593,4.5538,6.2495,+5.2923,140.1387,207.4919
9750,0.49,-4.5442,+0.2501,-9.3488,4.8046,44.0151,+5.6352,294.6090,224.0325
9751,0.50,-4.5100,+0.0586,-9.3649,4.8549,38.5698,+5.7299,215.3422,225.9588
9752,0.49,-4.7918,-0.0679,-9.3596,4.5678,12.6573,+5.1756,151.6293,210.8635
9753,0.50,-4.4707,+0.1640,-9.3697,4.8990,64.9895,+4.7530,239.6841,231.2667
9754,0.50,-4.7445,+0.0625,-9.3649,4.6204,29.2739,+5.9718,202.6438,220.5392
9755,0.51,-4.7181,+0.0007,-9.3594,4.6413,34.5308,+5.4914,243.1416,220.8878
9756,0.52,-4.5958,-0.1163,-9.3580,4.7622,36.6000,+7.2256,324.2401,236.0139
9757,0.49,-4.5564,+0.2614,-9.3640,4.8076,44.1978,+6.5734,258.0802,230.5647
9758,0.51,-4.2809,+0.1984,-9.3568,5.0759,104.2929,+5.9583,366.7349,259.3491
9759,0.50,-4.5737,+0.0133,-9.3574,4.7838,28.1348,+5.6002,227.8514,229.4874
9760,0.50,-4.8394,-0.0680,-9.3628,4.5234,31.5842,+5.3579,230.5193,208.0508
9761,0.49,-4.8930,+0.0216,-9.3638,4.4709,17.0625,+5.3782,151.6225,192.1964
9762,0.49,-4.4632,-0.1319,-9.3645,4.9012,34.4601,+5.7779,174.8704,224.3005
9763,0.50,-4.9184,+0.0428,-9.3550,4.4366,5.8030,+5.3377,112.0967,205.5369
9764,0.48,-4.8121,+0.0662,-9.3610,4.5489,13.4937,+4.1570,93.0413,193.2668
9765,0.49,-4.8375,-0.0704,-9.3602,4.5226,14.2722,+5.9888,139.8259,207.5826
9766,0.51,-4.7079,-0.0797,-9.3547,4.6468,14.5088,+6.9391,164.9243,210.5230
9767,0.48,-4.9192,+0.0736,-9.3595,4.4403,3.2250,+5.5916,91.4961,191.3266
9768,0.52,-4.8689,+0.0198,-9.3702,4.5013,20.6872,+6.4631,147.7577,201.3475
9769,0.50,-4.7363,+0.0704,-9.3579,4.6216,15.4315,+8.4192,177.6262,213.3810
9770,0.51,-4.9499,-0.0607,-9.3509,4.4010,5.8834,+6.9214,119.9584,202.5827
9771,0.49,-4.8068,+0.2800,-9.3477,4.5409,15.8689,+5.0939,165.7006,202.3413
9772,0.48,-4.7799,+0.0967,-9.3615,4.5815,21.5945,+6.0799,196.0208,211.2477
9773,0.50,-5.0529,+0.0718,-9.3538,4.3009,8.3577,+3.3132,105.0552,180.0716
9774,0.51,-4.7387,-0.1838,-9.3477,4.6090,25.0918,+6.9284,200.9483,207.1504
9775,0.49,-4.5999,-0.0291,-9.3465,4.7466,26.7648,+5.6978,162.4591,219.4670
9776,0.50,-4.6727,-0.0528,-9.3459,4.6732,38.3594,+6.2496,208.2334,210.1953
9777,0.51,-4.6688,-0.1590,-9.3438,4.6750,29.3196,+4.9736,150.9971,211.1181
9778,0.50,-4.7782,+0.0440,-9.3505,4.5723,35.3224,+5.1786,181.1013,203.8013
9779,0.52,-4.5952,+0.0400,-9.3344,4.7392,28.7110,+4.9477,183.8793,215.5524
9780,0.49,-4.6616,+0.1527,-9.3347,4.6731,27.6569,+4.2864,176.4527,203.7104
9781,0.49,-4.6588,+0.0401,-9.3468,4.6880,29.4220,+6.1038,233.9455,213.0357
9782,0.50,-4.6290,-0.0952,-9.3443,4.7153,49.6370,+4.9918,228.9430,211.6965
9783,0.50,-4.4932,-0.0919,-9.3422,4.8490,34.7245,+5.4410,217.0293,221.7743
9784,0.49,-4.8795,+0.1821,-9.3451,4.4655,34.6408,+4.9246,209.7164,190.2468
9785,0.49,-4.5919,+0.1292,-9.3433,4.7514,54.9396,+3.9617,256.1793,222.5984
9786,0.50,-4.5607,+0.1167,-9.3536,4.7929,39.0143,+4.8993,230.4939,218.4595
9787,0.51,-4.8758,-0.1237,-9.3474,4.4716,12.9155,+6.0125,182.1749,188.1254
9788,0.52,-4.6264,-0.1837,-9.3485,4.7220,32.4416,+6.9320,224.7204,217.4445
9789,0.51,-4.6765,-0.0792,-9.3412,4.6646,29.1687,+5.7892,191.7805,212.9132
9790,0.48,-4.6617,-0.0977,-9.3573,4.6956,35.8644,+6.7044,255.6519,224.7731
9791,0.51,-4.8016,+0.0047,-9.3493,4.5477,27.8534,+4.8309,210.3011,207.0759
9792,0.51,-4.7460,+0.0349,-9.3409,4.5949,37.6847,+4.6097,213.1003,209.5454
9793,0.50,-4.5741,-0.1109,-9.3373,4.7632,45.4895,+6.2132,342.8415,223.7513
9794,0.51,-5.0226,+0.0143,-9.3348,4.3122,6.2669,+5.7117,147.5127,188.1770
9795,0.49,-4.6284,-0.1245,-9.3360,4.7076,45.8886,+5.3601,224.4841,213.3358
9796,0.50,-4.6907,-0.1042,-9.3363,4.6457,37.1886,+5.7123,245.4516,212.5160
9797,0.49,-4.7352,+0.0123,-9.3407,4.6054,39.1989,+6.6016,258.7413,206.1501
9798,0.51,-4.7980,-0.1347,-9.3322,4.5341,41.2797,+6.2244,244.0177,198.7984
9799,0.51,-4.8258,-0.0242,-9.3416,4.5157,45.9228,+7.0617,237.2971,197.1129
9800,0.51,-4.4482,+0.0851,-9.3393,4.8910,45.9917,+8.9703,283.0644,228.6789
9801,0.54,-4.3266,+0.0020,-9.3355,5.0089,96.0980,+7.0026,308.1318,235.1301
9802,0.55,-4.7209,-0.0315,-9.3411,4.6202,37.6535,+6.3874,241.2491,209.8524
9803,0.53,-4.6044,-0.1371,-9.3436,4.7392,42.1862,+6.3102,257.8162,220.9552
9804,0.54,-4.6267,-0.0562,-9.3441,4.7174,45.9339,+5.6411,270.6385,223.9454
9805,0.53,-4.7856,-0.0469,-9.3470,4.5614,40.6310,+5.4434,243.6834,210.3080
9806,0.53,-5.1145,+0.0834,-9.3566,4.2421,50.9825,+5.0536,189.7739,195.2335
9807,0.55,-4.6092,-0.1179,-9.3552,4.7459,50.5149,+5.5653,231.4134,213.7234
9808,0.54,-4.7414,-0.2019,-9.3569,4.6156,29.8694,+5.8206,207.2040,208.5964
9809,0.53,-4.9186,-0.1223,-9.3401,4.4215,22.3946,+7.0740,237.3466,194.7427
9810,0.55,-4.6417,-0.0905,-9.3493,4.7076,38.1420,+7.4207,250.8478,220.7164
9811,0.56,-4.6505,+0.0060,-9.3566,4.7061,22.7344,+7.2379,228.7512,215.8557
9812,0.53,-4.6825,-0.1846,-9.3373,4.6548,30.4973,+2.8753,188.5824,208.2529
9813,0.54,-4.6460,+0.0212,-9.3431,4.6971,24.0322,+4.0484,165.3322,214.2641
9814,0.53,-4.7518,+0.0530,-9.3398,4.5880,31.2586,+4.2782,196.7093,210.6644
9815,0.54,-4.8301,-0.0352,-9.3488,4.5187,32.8485,+4.6577,173.8338,204.8865
9816,0.55,-4.6646,+0.0935,-9.3594,4.6949,26.9533,+6.0086,213.7675,214.0158
9817,0.53,-4.7085,+0.0266,-9.3533,4.6448,31.5674,+5.7140,170.7412,204.8567
9818,0.54,-4.6991,+0.0309,-9.3310,4.6319,25.8198,+4.5522,172.1047,211.7767
9819,0.55,-4.6693,+0.0342,-9.3521,4.6828,37.0704,+6.7554,228.0501,213.4407
9820,0.53,-4.6640,-0.0238,-9.3556,4.6916,53.5758,+6.7446,153.9027,220.0355
9821,0.53,-4.5046,-0.3408,-9.3448,4.8402,52.1021,+6.8923,275.3714,223.6809
9822,0.55,-4.8028,-0.1428,-9.3463,4.5435,12.4442,+8.1451,224.7974,198.5373
9823,0.55,-4.6494,+0.0510,-9.3401,4.6907,10.5944,+5.3022,138.1142,202.1745
9824,0.55,-4.8080,+0.0173,-9.3483,4.5403,18.1988,+7.6190,218.0913,202.7181
9825,0.56,-4.8581,+0.0817,-9.3582,4.5002,12.9054,+7.5338,198.3127,203.1938
9826,0.54,-4.7277,-0.1059,-9.3644,4.6368,28.5120,+6.8063,244.5746,220.1939
9827,0.55,-4.4343,-0.0882,-9.3635,4.9292,40.3502,+8.0728,324.7094,239.5059
9828,0.52,-4.4967,-0.1011,-9.3573,4.8606,42.4855,+6.8838,216.8316,232.0335
9829,0.55,-4.3806,-0.1374,-9.3658,4.9852,41.6923,+8.0147,254.9862,250.1083
9830,0.54,-4.7071,-0.2722,-9.3647,4.6576,57.0517,+4.8886,198.6237,193.7408
9831,0.52,-4.4475,-0.0511,-9.3692,4.9217,41.2226,+2.6557,204.5310,218.6088
9832,0.54,-4.5763,-0.0666,-9.3551,4.7788,25.4053,+4.5162,200.9655,223.9942
9833,0.53,-4.5105,-0.1533,-9.3628,4.8523,44.5054,+6.0400,223.1321,227.0448
9834,0.55,-4.5189,-0.1008,-9.3570,4.8380,38.3082,+6.4520,246.6519,214.2807
9835,0.53,-4.5273,-0.1051,-9.3645,4.8372,38.3583,+6.2548,227.7326,220.6557
9836,0.53,-4.3848,-0.0117,-9.3540,4.9692,51.4686,+7.6922,321.2703,232.1401
9837,0.54,-4.5295,+0.0231,-9.3645,4.8351,42.3991,+6.6545,206.6188,219.0704
9838,0.53,-4.7899,+0.0526,-9.3593,4.5694,47.2473,+5.5636,182.4547,197.7525
9839,0.54,-4.7242,-0.0691,-9.3613,4.6371,41.7838,+6.6856,243.3788,207.8583
9840,0.54,-4.6337,-0.0065,-9.3558,4.7221,51.9408,+6.5101,169.2170,196.5030
9841,0.54,-4.6403,+0.1665,-9.3453,4.7050,36.6794,+7.0721,257.6441,211.2339
9842,0.53,-4.8266,-0.1008,-9.3476,4.5210,47.6829,+6.0553,244.4206,208.9280
9843,0.56,-4.6484,+0.2216,-9.3464,4.6980,38.5341,+6.5134,296.5072,215.4702
9844,0.53,-4.7649,-0.3159,-9.3386,4.5736,51.6575,+5.0652,268.4507,201.0687
9845,0.53,-4.7208,-0.2118,-9.3441,4.6233,40.3804,+5.7187,253.7645,209.7249
9846,0.54,-4.5348,-0.1880,-9.3339,4.7991,58.4612,+5.8681,320.4916,233.9492
9847,0.55,-4.4079,-0.1391,-9.3405,4.9327,103.9999,+6.2149,423.1211,243.7518
9848,0.53,-4.7843,-0.2060,-9.3439,4.5596,15.5381,+5.5968,169.1682,209.7673
9849,0.54,-4.7350,-0.1588,-9.3408,4.6058,28.6192,+5.7419,249.9523,210.6352
9850,0.53,-4.7828,+0.4071,-9.3239,4.5411,22.2507,+5.8124,212.5638,208.1369
9851,0.54,-4.4990,+0.0733,-9.3306,4.8316,54.8693,+6.5446,256.6614,222.2888
9852,0.55,-4.6491,-0.0082,-9.3366,4.6875,44.5288,+6.1887,239.2762,213.4489
9853,0.54,-4.8348,-0.1206,-9.3393,4.5045,20.0230,+6.9774,232.8388,205.2552
9854,0.54,3.8235,-9.8165,-9.3402,13.1637,19060.1250,+8.4351,1228.3500,632.1058
9855,0.53,-4.0558,+0.1302,-9.3343,5.2785,284.4554,+5.9851,225.2025,245.6284
9856,0.55,-4.9348,+0.0289,-9.3319,4.3970,1.1858,+5.6201,183.6153,211.1969
9857,0.54,-4.6083,-0.1472,-9.3333,4.7250,35.9065,+9.6955,272.9128,227.5809
9858,0.54,-4.6603,-0.0122,-9.3298,4.6694,34.6340,+8.0463,262.9573,217.7069
9859,0.54,-4.6085,-0.2011,-9.3384,4.7299,37.4813,+6.5330,245.3772,215.7270
9860,0.55,-4.6036,-0.0762,-9.3402,4.7366,29.6497,+7.0159,208.7092,216.7134
9861,0.55,-4.4712,+0.1669,-9.3538,4.8826,113.2850,+7.1489,357.1815,232.3317
9862,0.53,-4.4937,+0.1046,-9.3570,4.8633,44.9224,+6.0146,237.3258,226.0404
9863,0.54,-4.7116,+0.0437,-9.3509,4.6392,44.8820,+6.6871,213.2107,210.5842
9864,0.53,-4.7756,+0.0158,-9.3542,4.5786,49.9279,+7.2386,289.9733,213.6653
9865,0.54,-4.5769,+0.2093,-9.3481,4.7712,40.6057,+7.3385,268.9301,222.0125
9866,0.54,-4.7704,+0.0437,-9.3516,4.5812,32.2912,+5.3986,205.4430,208.0549
9867,0.55,-4.7737,-0.0787,-9.3445,4.5708,45.3418,+5.5727,239.4961,212.2758
9868,0.55,-4.7444,-0.0569,-9.3595,4.6151,34.3051,+6.3866,206.8216,209.2303
9869,0.55,-4.7444,-0.0042,-9.3523,4.6080,34.4929,+7.4078,253.5421,211.4855
9870,0.54,-4.5169,+0.0154,-9.3541,4.8372,38.5632,+7.8362,237.8576,225.2602
9871,0.53,-4.6702,+0.0887,-9.3602,4.6900,21.5679,+7.7388,193.7181,211.3490
9872,0.54,-4.8122,-0.0477,-9.3549,4.5427,27.2969,+7.1627,190.3412,197.2597
9873,0.55,-5.0622,-0.0670,-9.3480,4.2858,9.6544,+8.3531,143.0170,188.4782
9874,0.54,-5.1287,-0.0163,-9.3470,4.2183,4.8729,+5.3005,81.6140,177.7781
9875,0.55,-4.5720,+0.0646,-9.3486,4.7766,39.2495,+12.1005,311.6238,224.7818
9876,0.56,-4.7562,+0.0323,-9.3367,4.5805,23.1430,+8.8931,234.7372,203.2355
9877,0.52,-4.6659,+0.0383,-9.3336,4.6676,28.5766,+8.3077,226.9247,213.1066
9878,0.54,-4.6830,-0.1896,-9.3385,4.6556,30.3366,+8.4698,187.9607,208.8372
9879,0.54,-4.6613,+0.2060,-9.3479,4.6866,35.9509,+8.4054,225.5981,214.4658
9880,0.55,-4.8347,+0.0507,-9.3347,4.4999,10.5579,+7.0586,149.0454,205.7505
9881,0.53,-4.6967,+0.2169,-9.3494,4.6528,31.8036,+7.1357,177.6101,212.0067
9882,0.54,-5.0575,-0.0630,-9.3516,4.2941,2.8652,+4.1566,94.8876,185.7474
9883,0.55,-4.9800,-0.1215,-9.3614,4.3814,1.8996,+2.5227,90.8486,183.6570
9884,0.53,-4.9005,-0.1483,-9.3595,4.4590,2.2411,+8.9086,166.9844,201.5460
9885,0.54,-4.7145,-0.1102,-9.3526,4.6381,2.0253,-3.5169,87.5398,188.9038
9886,0.54,-4.6158,-0.1992,-9.3479,4.7321,3.3544,+15.5550,336.8286,238.3393
9887,0.56,-4.8483,-0.0116,-9.3519,4.5035,7.7138,+0.4509,179.7717,191.4907
9888,0.55,-4.5142,-0.1173,-9.3429,4.8288,52.6195,+6.9497,324.9649,235.6321
9889,0.54,-4.9263,-0.0390,-9.3399,4.4136,21.1462,+6.0460,225.3330,201.4626
9890,0.55,-4.6943,-0.0934,-9.3467,4.6524,49.9444,+6.6877,301.6389,231.1063
9891,0.54,-4.8431,+0.2316,-9.3426,4.4996,25.5091,+6.8889,257.0574,208.7921
9892,0.54,-4.9974,+0.1839,-9.3507,4.3534,21.9365,+6.5804,192.9719,187.0288
9893,0.55,-5.1281,+0.0100,-9.3515,4.2234,16.9677,+6.5895,194.0633,187.6113
9894,0.54,-4.6526,-0.0176,-9.3484,4.6958,39.7370,+5.8988,232.0246,219.8005
9895,0.55,-4.9413,-0.0618,-9.3521,4.4107,17.1172,+6.0717,187.0714,206.5452
9896,0.55,-4.5861,+0.3413,-9.3347,4.7486,25.6795,+6.4668,261.8333,217.9894
9897,0.54,-4.5471,-0.1060,-9.3382,4.7911,35.8765,+3.1804,191.4992,212.3466
9898,0.52,-4.8038,+0.0431,-9.3252,4.5214,32.3082,+3.6871,173.4562,197.9961
9899,0.55,-4.7248,+0.0757,-9.3367,4.6119,37.8177,+4.7681,185.1490,202.3235
9900,0.57,-4.6917,+0.0085,-9.3408,4.6491,41.9280,+4.6073,185.8252,199.5992
9901,0.54,-4.8802,-0.3006,-9.3407,4.4605,8.0329,+5.9382,132.1314,183.4680
9902,0.55,-4.6979,+0.2251,-9.3410,4.6431,30.4040,+4.9080,178.5679,201.4890
9903,0.55,-4.7824,+0.0233,-9.3442,4.5618,31.4508,+5.4621,193.6514,201.3095
9904,0.55,-4.6155,+0.0116,-9.3307,4.7152,49.2261,+7.7869,247.9679,207.3197
9905,0.56,-4.6851,-0.1736,-9.3362,4.6511,34.9442,+6.9059,243.3601,207.8734
9906,0.54,-4.7197,-0.0749,-9.3391,4.6194,46.9754,+6.1731,233.7997,214.5643
9907,0.55,-4.9457,-0.0691,-9.3235,4.3778,30.7190,+5.9397,225.7724,199.4289
9908,0.56,-5.1004,+0.0288,-9.3352,4.2348,4.9600,+8.4837,319.2944,190.6710
9909,0.55,-4.6375,-0.0975,-9.3314,4.6939,58.0854,+5.0964,192.1495,207.2890
9910,0.55,-4.8599,+0.0058,-9.3380,4.4782,22.3875,+5.8408,180.5197,195.1797
9911,0.54,-4.9400,+0.0600,-9.3431,4.4032,17.2673,+6.5856,259.3411,204.8755
9912,0.55,-4.6701,+0.1221,-9.3487,4.6786,28.4536,+6.4805,183.5056,218.2454
9913,0.54,-4.8970,-0.1016,-9.3400,4.4430,12.2966,+5.1463,130.3590,196.2659
9914,0.54,-4.8965,-0.0568,-9.3377,4.4412,15.6583,+6.7031,134.7915,195.6545
9915,0.53,-4.9738,-0.0076,-9.3388,4.3650,2.1730,+3.7422,80.0239,196.0204
9916,0.55,-4.9950,-0.0481,-9.3380,4.3430,1.8252,+8.0065,108.4347,189.7520
9917,0.58,-4.8862,+0.1218,-9.3368,4.4506,3.1176,+4.0750,104.5233,197.3370
9918,0.56,-4.7644,-0.0179,-9.3391,4.5746,2.2458,+14.5835,274.7563,225.5521
9919,0.56,-4.7969,+0.1879,-9.3429,4.5460,1.9808,+2.8187,126.7993,196.7380
9920,0.55,-4.9860,-0.0333,-9.3374,4.3514,1.4473,+5.0787,91.3457,182.6042
9921,0.56,-4.9281,+0.0459,-9.3269,4.3988,1.8057,+5.5898,92.6782,196.1943
9922,0.55,-5.1556,+0.1981,-9.3440,4.1884,6.2058,+8.0864,120.0125,188.6719
9923,0.57,-5.1233,+0.0111,-9.3415,4.2183,2.4824,+5.2419,112.1311,189.0955
9924,0.55,-4.7032,+0.1672,-9.3340,4.6308,1.7514,+16.1074,308.2202,224.5358
9925,0.54,-5.0050,+0.0304,-9.3466,4.3416,1.4296,-1.1847,75.5025,185.6679
9926,0.56,-4.9835,+0.1046,-9.3461,4.3627,1.1727,+12.1031,187.6815,202.0894
9927,0.56,-4.9865,+0.1507,-9.3496,4.3631,2.1449,-4.0411,86.0645,179.8607
9928,0.57,-4.8899,+0.0324,-9.3520,4.4621,2.6401,+16.7477,321.9659,222.6575
9929,0.58,-5.1824,+0.1377,-9.3573,4.1748,2.3645,+2.4147,126.8198,184.0682
9930,0.56,-5.0014,+0.0789,-9.3635,4.3622,1.3127,+12.1608,215.7595,209.7965
9931,0.55,-4.9403,-0.1049,-9.3558,4.4155,1.6976,-3.0915,132.5987,185.7789
9932,0.55,-5.2278,-0.0533,-9.3476,4.1198,2.0090,+8.6562,111.3727,186.0643
9933,0.57,-5.2465,-0.0486,-9.3450,4.0985,2.4110,+2.1368,96.0303,180.9107
9934,0.54,-5.1010,+0.0132,-9.3538,4.2528,1.5712,+10.0108,157.8986,205.0770
9935,0.55,-5.1411,+0.0749,-9.3586,4.2175,1.6930,+4.3892,80.3606,176.9808
9936,0.57,-5.2743,+0.0858,-9.3638,4.0895,1.7712,+10.4243,184.3543,191.8839
9937,0.56,-4.9895,-0.0175,-9.3490,4.3595,3.6575,-0.4645,120.1036,190.8968
9938,0.56,-5.2925,-0.1148,-9.3493,4.0568,3.4168,+7.3521,139.9290,189.3638
9939,0.57,-5.1212,-0.1733,-9.3446,4.2234,4.4716,-1.4295,100.0507,182.7134
9940,0.55,-5.2855,+0.0944,-9.3528,4.0674,1.6314,+9.2629,138.8407,195.7514
9941,0.58,-4.9718,+0.0141,-9.3529,4.3812,1.6482,-3.5353,70.3832,182.8015
9942,0.57,-5.0298,+0.1175,-9.3579,4.3281,1.9428,+14.1151,292.8255,219.0976
9943,0.56,-5.2306,+0.2076,-9.3497,4.1192,4.0088,-2.9010,105.2296,173.6810
9944,0.58,-4.9465,-0.1172,-9.3585,4.4120,9.4197,+12.3197,272.5006,229.3502
9945,0.54,-5.0213,+0.1298,-9.3594,4.3382,14.9096,+8.9913,241.8621,216.9955
9946,0.56,-5.0442,+0.0597,-9.3658,4.3216,15.4488,+8.1293,186.4872,207.8996
9947,0.55,-5.0541,+0.0447,-9.3718,4.3177,20.2681,+7.0685,212.7973,204.5376
9948,0.58,-4.8441,+0.2046,-9.3494,4.5052,15.1969,+5.4123,267.2464,215.5919
9949,0.54,-4.8616,-0.2914,-9.3469,4.4853,26.0493,+5.7842,284.6494,214.7268
9950,0.57,-5.1559,+0.1556,-9.3441,4.1882,33.2275,+7.4286,266.5379,211.1197
9951,0.54,-4.6139,+0.0821,-9.3536,4.7396,76.3047,+8.1639,429.8206,244.1254
9952,0.56,-5.3935,-0.1090,-9.3619,3.9684,5.8879,+6.8019,133.0182,179.4097
9953,0.55,-5.0069,+0.0646,-9.3457,4.3388,7.1591,+9.5085,174.2014,212.5966
9954,0.55,-4.9949,+0.1380,-9.3568,4.3619,11.6735,+8.8843,188.1246,220.9787
9955,0.57,-4.9504,+0.4102,-9.3572,4.4068,25.6405,+6.6712,186.3766,218.2545
9956,0.55,-4.8697,+0.1602,-9.3643,4.4947,23.3043,+6.5217,208.8886,220.0059
9957,0.56,-5.0476,-0.0980,-9.3754,4.3278,23.3065,+7.4636,250.7758,209.7428
9958,0.56,-4.9497,-0.2118,-9.3711,4.4214,30.8076,+5.2625,213.0331,207.6148
9959,0.56,-4.9972,-0.0373,-9.3815,4.3843,19.0594,+4.7818,180.4791,211.0846
9960,0.54,-5.0695,-0.0217,-9.3813,4.3118,4.9561,+5.4438,115.3965,205.7521
9961,0.56,-4.9742,-0.0554,-9.3765,4.4023,10.2200,+5.7434,119.0361,201.4088
9962,0.54,-4.7637,-0.1481,-9.3726,4.6089,22.6507,+4.4640,167.9274,209.8161
9963,0.57,-4.6932,-0.2764,-9.3584,4.6652,43.5984,+5.7570,249.8404,221.0798
9964,0.56,-4.4811,+0.0678,-9.3654,4.8843,73.5062,+6.5172,349.2614,235.1526
9965,0.54,-4.5239,-0.1067,-9.3551,4.8312,84.0688,+7.0747,390.4999,234.3021
9966,0.53,-5.0055,+0.3726,-9.3544,4.3489,27.9221,+7.0725,234.7417,201.8538
9967,0.56,-4.4514,+0.0426,-9.3600,4.9086,88.8180,+9.1899,457.9063,239.3210
9968,0.56,-4.5696,-0.0149,-9.3704,4.8008,55.3285,+7.3543,380.0472,234.0679
9969,0.55,-4.1666,-0.0628,-9.3655,5.1990,125.7466,+7.4868,432.5034,261.5413
9970,0.56,-4.2111,+0.2911,-9.3628,5.1517,152.2531,+8.3684,531.2944,255.1146
9971,0.54,-4.7549,-0.0825,-9.3530,4.5981,49.0341,+6.6497,302.3041,222.8080
9972,0.56,-4.3482,-0.0625,-9.3587,5.0104,110.7655,+7.2735,359.6388,238.7510
9973,0.55,-4.5373,-0.0923,-9.3635,4.8262,54.2161,+6.8071,295.0865,231.2937
9974,0.56,-4.6441,-0.2015,-9.3578,4.7138,59.4757,+5.8042,332.4931,221.2928
9975,0.56,-4.3724,+0.0992,-9.3624,4.9900,79.0611,+6.5035,368.6514,241.4405
9976,0.56,-4.2149,+0.1725,-9.3613,5.1463,103.0796,+6.9882,341.4025,236.0521
9977,0.56,-4.5474,-0.1212,-9.3660,4.8187,68.5227,+6.6376,350.2706,232.3157
9978,0.57,-4.5625,-0.0043,-9.3637,4.8013,61.1099,+6.6402,333.4852,229.5812
9979,0.55,-4.3342,+0.1346,-9.3660,5.0318,93.3426,+7.1987,399.4584,247.0167
9980,0.55,-4.6910,-0.0110,-9.3623,4.6713,53.2264,+6.7499,314.1807,215.9957
9981,0.55,-4.4029,+0.2780,-9.3533,4.9504,108.5547,+6.3110,370.5861,232.4389
9982,0.55,-4.5849,-0.2336,-9.3435,4.7586,49.4880,+5.8079,248.8831,223.8817
9983,0.56,-4.3673,-0.2619,-9.3553,4.9879,78.0372,+6.0499,350.6584,236.5127
9984,0.56,-4.5221,-0.2945,-9.3650,4.8429,67.2408,+5.3360,317.0876,226.2793
9985,0.55,-4.3993,-0.2898,-9.3594,4.9601,126.6798,+5.3919,436.9302,237.1223
9986,0.54,-4.7210,+0.5969,-9.3580,4.6370,38.2295,+5.0111,232.3860,210.8179
9987,0.54,-4.0149,+0.1376,-9.3518,5.3369,184.7668,+5.5907,304.4865,238.0564
9988,0.56,-4.5887,-0.2711,-9.3579,4.7692,55.9895,+6.2383,301.8149,226.7846
9989,0.56,-4.0155,+1.0496,-9.3495,5.3340,196.6686,+5.7490,336.7740,246.7179
9990,0.54,-3.5867,+0.2671,-9.3498,5.7631,330.4162,+4.1466,370.6626,275.1837
9991,0.58,-4.8642,-0.1204,-9.3498,4.4856,22.0686,+3.7768,204.8409,193.9817
9992,0.53,-4.6083,-0.2173,-9.3419,4.7336,58.7000,+3.6958,318.9389,218.9513
9993,0.53,-4.5153,-0.2777,-9.3345,4.8192,131.7473,+3.1170,192.9360,225.5732
9994,0.54,-4.6496,+0.0264,-9.3421,4.6924,66.9726,+3.1009,228.0855,209.0810
9995,0.55,-4.5594,+0.0310,-9.3610,4.8017,80.7980,+3.4205,229.5839,218.4254
9996,0.56,-4.7638,-0.0373,-9.3520,4.5883,40.9480,+4.4329,200.8895,208.0450
9997,0.56,-4.8085,-0.0440,-9.3578,4.5493,47.0905,+4.4371,214.6259,207.7737
9998,0.55,-4.9389,-0.0246,-9.3695,4.4306,39.0818,+5.6334,298.4848,215.3720
9999,0.55,-4.8139,-0.1660,-9.3545,4.5406,54.0082,+5.3097,257.4660,217.3344
