step,pmove,energy,energy_imag,potential,kinetic,variance,Lz,Lz_square,L_square
0,0.83,96.8067,+0.1678,-5.4001,102.2068,73.6904,-6.4200,195.8367,195.8367
1,0.85,96.6409,-0.0510,-5.3781,102.0191,60.2197,-6.7573,190.9044,190.9044
2,0.83,95.5836,+0.9903,-5.3951,100.9787,67.2422,-7.6147,201.4090,201.4090
3,0.83,95.5075,+1.3020,-5.4005,100.9079,52.5684,-7.8738,210.1035,210.1035
4,0.84,95.6859,+1.0413,-5.3829,101.0687,51.8711,-8.3176,220.3519,220.3519
5,0.84,95.4280,+0.6598,-5.3556,100.7837,51.8545,-8.5970,197.4183,197.4183
6,0.85,94.1215,+1.2962,-5.3610,99.4825,66.0801,-9.9198,187.1716,187.1716
7,0.84,93.9483,+1.3080,-5.3842,99.3324,59.7842,-10.0590,193.3407,193.3407
8,0.83,93.9642,+0.9359,-5.3900,99.3542,46.2393,-10.0938,201.3380,201.3380
9,0.82,93.5676,+0.4107,-5.3545,98.9221,48.6992,-10.4844,203.8177,203.8177
10,0.85,93.1384,+0.4209,-5.3727,98.5110,31.3408,-10.6570,199.3564,199.3564
11,0.84,92.4368,-0.0202,-5.3574,97.7942,37.3242,-11.3107,194.8205,194.8205
12,0.83,92.0274,+0.1122,-5.3672,97.3945,38.8945,-11.2609,188.9312,188.9312
13,0.85,91.8791,-0.1430,-5.3734,97.2525,36.6953,-11.8089,219.2534,219.2534
14,0.83,91.8225,+0.8266,-5.3589,97.1814,51.9922,-11.6497,194.6474,194.6474
15,0.84,91.2721,-0.1207,-5.3700,96.6421,48.2383,-12.0236,194.9161,194.9161
16,0.84,90.9313,+0.5013,-5.3545,96.2858,49.3438,-12.4768,201.5929,201.5929
17,0.83,91.3182,+0.2563,-5.3490,96.6673,77.1426,-12.4788,221.2432,221.2432
18,0.83,90.9505,+0.2329,-5.3576,96.3080,53.0283,-12.4725,205.9013,205.9013
19,0.83,90.3788,-0.4775,-5.3501,95.7288,52.2251,-12.9570,220.8936,220.8936
20,0.83,89.4192,+0.5953,-5.3714,94.7906,72.0381,-14.3175,243.2337,243.2337
21,0.81,89.5847,+0.3641,-5.3648,94.9496,47.0537,-14.0303,232.4069,232.4069
22,0.82,89.3978,+0.6955,-5.3552,94.7529,38.9751,-13.8669,224.0429,224.0429
23,0.83,88.7360,-0.0524,-5.3856,94.1216,52.2271,-14.5108,219.2101,219.2101
24,0.84,88.5084,-0.4208,-5.3920,93.9004,58.1299,-14.7412,230.8252,230.8252
25,0.83,88.2262,-0.0997,-5.4053,93.6316,35.7256,-14.9102,225.8244,225.8244
26,0.84,87.5329,-0.4636,-5.4094,92.9423,36.9092,-15.0073,214.0860,214.0860
27,0.84,87.1516,-0.3527,-5.4144,92.5661,35.0591,-15.6800,230.3247,230.3247
28,0.85,86.9679,+0.0441,-5.4293,92.3972,39.5762,-15.3629,218.7443,218.7443
29,0.84,86.5996,+0.0599,-5.4419,92.0415,39.4624,-15.4392,211.0971,211.0971
30,0.85,86.4609,+0.0506,-5.4442,91.9051,40.4722,-15.6963,217.3985,217.3985
31,0.85,86.0372,-0.0888,-5.4604,91.4977,38.4678,-15.2299,204.9030,204.9030
32,0.83,85.7682,-0.4611,-5.4623,91.2304,45.7095,-15.1123,201.4381,201.4381
33,0.85,85.5408,-0.4025,-5.4855,91.0263,33.8486,-14.6134,194.8242,194.8242
34,0.84,84.8729,+0.1167,-5.5278,90.4007,36.2886,-14.9598,195.1962,195.1962
35,0.84,84.5152,-0.3005,-5.5409,90.0561,52.4888,-15.1858,205.3474,205.3474
36,0.85,84.3013,-0.2946,-5.5439,89.8452,40.3774,-15.5701,218.9773,218.9773
37,0.84,83.3868,-0.4257,-5.5490,88.9358,39.9570,-16.1063,219.3849,219.3849
38,0.84,82.8088,+0.0142,-5.5611,88.3699,48.8687,-16.3781,223.8619,223.8619
39,0.84,82.9826,+0.2879,-5.5717,88.5543,34.6685,-16.1912,224.7733,224.7733
40,0.84,82.2705,+0.0766,-5.5832,87.8537,41.1055,-16.5534,214.7631,214.7631
41,0.84,81.8322,-0.4071,-5.5967,87.4288,41.4873,-16.5778,219.2070,219.2070
42,0.85,82.5446,-0.6577,-5.5905,88.1351,60.7495,-15.7408,202.7958,202.7958
43,0.86,82.2388,-0.6793,-5.6037,87.8425,35.7900,-16.2831,227.1467,227.1467
44,0.84,82.2909,-0.2109,-5.6174,87.9083,31.1973,-15.8016,214.0165,214.0165
45,0.85,81.3560,-0.4632,-5.6117,86.9678,58.4736,-16.2541,204.1858,204.1858
46,0.85,82.0200,-0.1888,-5.6074,87.6273,28.5483,-15.5551,202.2593,202.2593
47,0.85,81.3185,-0.6967,-5.6233,86.9419,34.3848,-15.9149,216.3228,216.3228
48,0.86,81.4560,+0.2016,-5.6188,87.0748,42.5200,-15.5505,225.0099,225.0099
49,0.84,80.7328,-0.0718,-5.6402,86.3730,34.2852,-15.6171,194.2545,194.2545
50,0.84,80.8220,-0.0098,-5.6479,86.4700,29.6685,-15.2211,197.4913,197.4913
51,0.83,80.1114,-0.6697,-5.6497,85.7611,33.7759,-15.7429,184.3158,184.3158
52,0.86,80.2432,-0.4406,-5.6378,85.8809,29.8242,-15.7440,187.7457,187.7457
53,0.87,80.4791,-0.0282,-5.6609,86.1400,25.8022,-15.2287,188.0688,188.0688
54,0.84,80.1566,+0.2387,-5.6761,85.8327,28.6343,-15.6494,204.5948,204.5948
55,0.84,80.0119,+0.0841,-5.6923,85.7042,27.9443,-15.0017,213.8587,213.8587
56,0.83,80.3184,+0.1006,-5.6892,86.0076,30.9473,-14.4450,204.1007,204.1007
57,0.84,80.1432,-0.3247,-5.6908,85.8340,27.4570,-14.5284,202.1625,202.1625
58,0.86,79.9763,-0.1824,-5.7144,85.6907,39.3511,-14.4522,196.4856,196.4856
59,0.85,79.7282,+0.4490,-5.7059,85.4342,25.2397,-14.4355,189.6830,189.6830
60,0.85,79.2580,+0.2024,-5.7314,84.9894,26.3120,-14.5182,200.8958,200.8958
61,0.85,78.9890,+0.6500,-5.7342,84.7233,30.0020,-14.4895,198.3343,198.3343
62,0.84,79.1384,+0.6970,-5.7400,84.8784,29.5195,-14.6116,200.5684,200.5684
63,0.85,79.2508,+0.5025,-5.7471,84.9980,29.6113,-14.3364,189.7483,189.7483
64,0.84,78.8347,+0.2652,-5.7671,84.6019,36.9731,-14.4205,193.9227,193.9227
65,0.84,78.6486,+0.3274,-5.7800,84.4285,44.9624,-14.1959,180.4489,180.4489
66,0.85,78.8084,-0.1678,-5.7634,84.5718,30.0728,-14.1579,170.5605,170.5605
67,0.84,78.3446,-0.3929,-5.7604,84.1050,30.3770,-14.6917,174.0623,174.0623
68,0.84,78.5384,-0.6357,-5.7412,84.2796,27.5972,-14.5005,186.0967,186.0967
69,0.85,78.0460,-0.3419,-5.7483,83.7942,28.5840,-15.0629,198.8290,198.8290
70,0.85,77.4935,+0.2299,-5.7697,83.2632,37.8647,-15.4551,207.5076,207.5076
71,0.85,77.2156,-0.3491,-5.7603,82.9759,32.0024,-15.7766,214.3583,214.3583
72,0.84,77.2439,-0.7288,-5.7735,83.0173,31.0967,-15.6901,209.2020,209.2020
73,0.83,76.9828,-0.3340,-5.7753,82.7581,36.7998,-16.1826,208.9900,208.9900
74,0.85,77.1474,-0.3654,-5.7744,82.9218,40.6196,-15.8992,204.6132,204.6132
75,0.83,76.6923,-0.3945,-5.7903,82.4825,43.5303,-15.7472,194.4810,194.4810
76,0.84,77.0697,-0.6443,-5.7989,82.8686,63.4771,-15.7924,207.1143,207.1143
77,0.85,76.5309,-0.5410,-5.8048,82.3357,51.3604,-16.0628,217.5880,217.5880
78,0.83,76.6132,-0.5297,-5.8277,82.4409,43.7388,-15.7622,213.5090,213.5090
79,0.84,75.9054,-0.7595,-5.8459,81.7513,42.4131,-16.3128,218.8760,218.8760
80,0.84,75.5707,-0.5206,-5.8261,81.3967,48.9585,-16.9117,216.8460,216.8460
81,0.84,75.1824,-0.6906,-5.8257,81.0080,44.4834,-17.4662,243.1241,243.1241
82,0.84,74.6573,-0.3464,-5.8251,80.4824,39.0449,-17.8333,245.0568,245.0568
83,0.82,74.4263,-0.6931,-5.8182,80.2445,42.4053,-17.9947,233.8671,233.8671
84,0.83,74.5766,-0.3652,-5.8326,80.4091,46.6016,-18.1248,251.0095,251.0095
85,0.84,74.4149,-0.7845,-5.8481,80.2630,47.1030,-17.7482,238.4896,238.4896
86,0.83,74.7335,-0.2081,-5.8184,80.5519,59.6274,-17.9066,249.1526,249.1526
87,0.82,74.4991,+0.0458,-5.8228,80.3218,66.0830,-18.6231,271.4016,271.4016
88,0.84,74.5493,-0.1146,-5.8226,80.3718,69.5962,-18.3787,277.8099,277.8099
89,0.84,73.5705,-0.3781,-5.8485,79.4191,62.4165,-18.9060,275.6852,275.6852
90,0.85,73.2836,-0.0910,-5.8351,79.1187,58.0171,-19.5594,295.1978,295.1978
91,0.84,73.9609,-0.0836,-5.8369,79.7979,51.0190,-18.5644,266.0712,266.0712
92,0.84,73.5189,+0.2714,-5.8232,79.3421,52.4482,-18.6441,252.6918,252.6918
93,0.84,73.3619,-0.4089,-5.7995,79.1614,52.5664,-19.9461,285.8369,285.8369
94,0.84,73.0145,-0.5477,-5.8066,78.8211,60.5322,-20.2634,293.0502,293.0502
95,0.84,73.0165,-0.3045,-5.8011,78.8176,63.1001,-20.2923,289.6849,289.6849
96,0.84,72.7877,-0.5855,-5.8136,78.6014,59.4727,-21.1957,324.7912,324.7912
97,0.82,72.2831,-0.5240,-5.8360,78.1191,71.1196,-20.9892,309.1358,309.1358
98,0.82,71.5329,-0.2294,-5.7914,77.3243,67.5952,-22.2333,321.0610,321.0610
99,0.83,71.7084,-0.1952,-5.8010,77.5094,72.9561,-22.2905,330.8628,330.8628
100,0.82,71.4613,-0.2943,-5.8279,77.2892,78.6768,-22.1834,318.7182,318.7182
101,0.83,70.6924,-0.3809,-5.8252,76.5176,81.2432,-22.8918,310.6714,310.6714
102,0.79,71.8415,-0.7304,-5.7750,77.6165,77.0566,-22.1298,320.5287,320.5287
103,0.80,70.9447,-0.0585,-5.8112,76.7559,102.9619,-23.8073,376.5661,376.5661
104,0.80,70.6301,-0.2509,-5.8261,76.4562,80.9297,-24.0676,364.3805,364.3805
105,0.79,70.4602,-0.4991,-5.8197,76.2799,84.2891,-24.0224,357.7278,357.7278
106,0.81,70.7224,-0.5467,-5.8180,76.5404,83.8262,-24.1059,357.4715,357.4715
107,0.81,69.9332,-0.6482,-5.7989,75.7321,93.1035,-25.9240,401.4566,401.4566
108,0.80,69.4699,-0.5582,-5.8056,75.2755,85.3291,-27.0649,446.9764,446.9764
109,0.77,69.3020,-0.2036,-5.7907,75.0927,95.6250,-27.4456,459.0814,459.0814
110,0.79,68.6213,-0.2839,-5.7984,74.4197,114.4683,-28.3206,481.6558,481.6558
111,0.80,68.1993,-0.6923,-5.8062,74.0055,106.3765,-28.4899,473.0188,473.0188
112,0.78,68.2771,-0.6169,-5.7967,74.0738,100.4141,-28.7174,484.7256,484.7256
113,0.78,68.2251,-0.0715,-5.8217,74.0468,104.3418,-28.9565,507.8336,507.8336
114,0.79,67.3748,-0.1778,-5.8347,73.2095,125.1597,-29.2317,490.5468,490.5468
115,0.79,67.3029,+0.5272,-5.7879,73.0908,135.1333,-29.3706,467.6049,467.6049
116,0.79,66.7439,+0.5627,-5.7888,72.5328,109.9336,-30.1285,484.1803,484.1803
117,0.78,66.8205,-0.1498,-5.7735,72.5940,110.7539,-30.9457,536.1140,536.1140
118,0.79,66.5181,-0.6442,-5.7636,72.2818,104.2295,-31.8310,531.6965,531.6965
119,0.78,66.0201,-0.4257,-5.7679,71.7879,105.4883,-33.5284,579.0135,579.0135
120,0.78,65.2703,-0.2465,-5.7774,71.0477,121.2104,-34.1781,605.6691,605.6691
121,0.80,65.1694,-0.8007,-5.8142,70.9836,100.6602,-33.6781,586.4873,586.4873
122,0.77,65.2643,+0.3622,-5.8365,71.1007,118.2217,-35.2115,666.7371,666.7371
123,0.78,65.2967,+0.6287,-5.8174,71.1141,100.6167,-36.1790,721.5105,721.5105
124,0.77,63.8127,+0.6013,-5.8178,69.6305,110.0181,-36.7142,679.4751,679.4751
125,0.76,64.7261,-0.0234,-5.8144,70.5405,140.8589,-36.5003,714.8560,714.8560
126,0.77,64.2629,+0.4470,-5.8158,70.0787,135.6616,-36.7520,696.8922,696.8922
127,0.77,63.8075,+0.7744,-5.8321,69.6396,138.7314,-38.0808,754.4142,754.4142
128,0.75,63.5445,+0.3892,-5.7854,69.3299,137.3657,-37.7561,714.4155,714.4155
129,0.76,62.8528,+0.6695,-5.7889,68.6416,135.5105,-38.0611,698.8162,698.8162
130,0.77,63.3205,+0.5782,-5.7941,69.1145,124.7239,-38.7782,754.5426,754.5426
131,0.77,63.0087,-0.2950,-5.8018,68.8105,142.7268,-38.7588,733.1478,733.1478
132,0.77,62.9559,+0.4932,-5.8127,68.7686,117.2231,-40.9637,852.9364,852.9364
133,0.77,62.5592,+0.8760,-5.7802,68.3394,143.6919,-41.6709,858.0559,858.0559
134,0.75,62.2278,+0.9269,-5.7887,68.0165,157.9219,-42.0224,855.6068,855.6068
135,0.77,62.5156,+0.3804,-5.7856,68.3012,192.5701,-42.1431,878.7820,878.7820
136,0.74,62.8101,+0.1673,-5.7743,68.5844,248.7949,-42.4725,913.0865,913.0865
137,0.75,62.6579,+0.2000,-5.7771,68.4350,149.5413,-42.8565,897.7769,897.7769
138,0.75,62.2128,+0.2833,-5.7747,67.9874,150.3586,-43.3600,883.2567,883.2567
139,0.76,61.7074,-0.2526,-5.7498,67.4572,165.7097,-43.3600,868.2882,868.2882
140,0.74,61.4359,-0.7859,-5.7491,67.1850,197.7124,-45.9216,996.7207,996.7207
141,0.74,61.0895,+0.1957,-5.7206,66.8101,170.9421,-46.6688,1017.7094,1017.7094
142,0.75,60.0474,-0.2757,-5.7240,65.7714,217.6389,-47.2315,1005.2969,1005.2969
143,0.74,60.2716,-0.4990,-5.7124,65.9840,152.8235,-47.4050,1044.1648,1044.1648
144,0.75,60.6039,+0.2740,-5.7179,66.3217,176.1765,-45.8640,964.8278,964.8278
145,0.76,60.0382,-0.7186,-5.7135,65.7517,142.5825,-45.7709,938.0134,938.0134
146,0.74,58.5469,-0.9963,-5.7298,64.2767,601.4197,-46.7996,884.4182,884.4182
147,0.75,59.1286,-1.0118,-5.7389,64.8675,150.7571,-48.5623,1055.7483,1055.7483
148,0.73,58.7498,-0.6152,-5.7280,64.4777,154.0696,-47.6884,978.2020,978.2020
149,0.74,58.5274,-0.4850,-5.7228,64.2503,143.2954,-50.4457,1128.8286,1128.8286
150,0.74,58.6166,-0.1561,-5.6929,64.3094,174.9041,-50.4833,1107.9490,1107.9490
151,0.75,58.3707,+0.5235,-5.7349,64.1056,173.6697,-50.7968,1144.7319,1144.7319
152,0.75,57.6558,+0.5274,-5.7379,63.3937,187.5447,-51.7762,1166.0679,1166.0679
153,0.74,57.7402,+0.2260,-5.7336,63.4737,159.1230,-51.5219,1144.5238,1144.5238
154,0.74,57.0860,+0.2716,-5.7140,62.8000,164.2578,-53.7938,1257.3369,1257.3369
155,0.75,56.5743,+0.0842,-5.7106,62.2849,137.7810,-53.6193,1224.4629,1224.4629
156,0.74,57.1253,-0.9071,-5.7162,62.8415,183.6970,-51.4800,1125.4489,1125.4489
157,0.74,57.6269,-0.0587,-5.7272,63.3540,169.4905,-53.1505,1251.1256,1251.1256
158,0.74,56.1934,-0.1720,-5.7178,61.9112,160.3364,-53.4107,1201.7891,1201.7891
159,0.74,55.7019,+0.1402,-5.7376,61.4395,161.8669,-55.9611,1318.4510,1318.4510
160,0.74,55.3635,+0.7777,-5.7262,61.0897,145.9871,-56.9897,1348.1018,1348.1018
161,0.73,55.7323,+1.4484,-5.7274,61.4597,155.0481,-57.9377,1440.2773,1440.2773
162,0.73,55.6198,+1.6772,-5.7109,61.3307,172.6570,-58.9129,1476.8904,1476.8904
163,0.74,54.8060,+0.5647,-5.6933,60.4993,250.0498,-60.9655,1553.7034,1553.7034
164,0.72,54.0310,+0.1264,-5.7374,59.7684,177.6091,-60.4695,1492.4565,1492.4565
165,0.73,54.8761,+0.3999,-5.7355,60.6116,155.9231,-62.4025,1647.0620,1647.0620
166,0.73,53.6000,+0.1204,-5.7535,59.3534,163.5474,-62.2791,1554.9828,1554.9828
167,0.73,53.1242,-0.1517,-5.7556,58.8798,160.6953,-63.0165,1581.0597,1581.0597
168,0.72,53.5814,-0.7887,-5.7431,59.3245,181.1394,-63.5300,1626.1362,1626.1362
169,0.73,52.6692,+0.4528,-5.7330,58.4022,213.5374,-65.5170,1656.3599,1656.3599
170,0.71,54.1276,+0.4262,-5.7140,59.8415,232.0579,-64.2425,1689.5876,1689.5876
171,0.72,52.3535,+0.9296,-5.7188,58.0723,188.0608,-62.6733,1485.1332,1485.1332
172,0.73,53.4354,-0.3708,-5.7200,59.1554,169.2144,-64.1227,1653.3096,1653.3096
173,0.73,52.2540,-0.4695,-5.7053,57.9592,208.9910,-64.3325,1608.0819,1608.0819
174,0.74,51.8094,-0.9030,-5.6842,57.4936,151.5564,-66.4697,1658.7620,1658.7620
175,0.71,52.3973,-2.0383,-5.6961,58.0934,179.9346,-67.1818,1740.4985,1740.4985
176,0.72,51.3542,-1.0170,-5.6916,57.0458,234.6045,-67.0659,1686.4578,1686.4578
177,0.71,51.7325,+0.5305,-5.6498,57.3823,152.0183,-68.8551,1804.5782,1804.5782
178,0.71,52.4568,+0.3526,-5.6613,58.1180,174.8145,-68.0457,1776.9177,1776.9177
179,0.71,51.6661,+0.8089,-5.6697,57.3358,160.5811,-68.5105,1751.3042,1751.3042
180,0.72,50.5252,+0.7819,-5.6645,56.1897,170.8635,-70.2270,1786.7111,1786.7111
181,0.72,49.7771,-0.0634,-5.6508,55.4279,164.0308,-71.5108,1811.9089,1811.9089
182,0.73,50.6296,+0.7102,-5.6359,56.2655,156.8110,-71.9388,1879.2905,1879.2905
183,0.72,49.2566,-0.1281,-5.6279,54.8845,196.5896,-74.5733,1988.4305,1988.4305
184,0.72,50.0973,-0.2057,-5.6220,55.7194,198.1812,-73.5256,1978.6973,1978.6973
185,0.72,50.6718,-1.0055,-5.6318,56.3036,171.6729,-72.1187,1914.2317,1914.2317
186,0.72,49.9034,+0.6863,-5.6072,55.5106,168.2920,-72.9241,1926.6747,1926.6747
187,0.72,50.1714,+0.0156,-5.6197,55.7911,224.1072,-72.5806,1931.2184,1931.2184
188,0.71,50.2338,-0.7617,-5.6399,55.8737,220.9275,-72.8217,1956.8831,1956.8831
189,0.72,49.3235,-1.0967,-5.6236,54.9470,164.7993,-73.7898,1949.1206,1949.1206
190,0.73,49.5011,+0.0800,-5.6161,55.1171,169.6487,-74.7605,2020.9124,2020.9124
191,0.74,49.0787,-0.0117,-5.6209,54.6996,159.2542,-72.5289,1863.9207,1863.9207
192,0.73,49.3180,-0.4442,-5.6176,54.9356,186.0837,-74.8437,2022.2968,2022.2968
193,0.73,48.3212,+0.2561,-5.6176,53.9388,166.0913,-76.3028,2065.1445,2065.1445
194,0.71,49.2906,-0.3112,-5.6283,54.9189,225.2664,-77.5764,2196.7449,2196.7449
195,0.72,49.1756,-0.2959,-5.6278,54.8034,168.2876,-78.4761,2250.8022,2250.8022
196,0.72,47.4258,-1.3938,-5.6693,53.0951,175.6943,-79.9861,2260.4604,2260.4604
197,0.71,48.1146,-0.6537,-5.6795,53.7940,177.4253,-80.8895,2355.9688,2355.9688
198,0.71,47.3773,-0.5965,-5.6624,53.0397,160.6831,-78.9952,2194.3784,2194.3784
199,0.70,47.5232,-0.4334,-5.6592,53.1823,205.0618,-79.1380,2248.9194,2248.9194
200,0.71,48.0411,+0.6753,-5.6658,53.7069,182.1501,-79.2463,2267.1958,2267.1958
201,0.68,46.8716,-0.3914,-5.6344,52.5061,149.0901,-80.0737,2233.7759,2233.7759
202,0.70,47.6150,-0.8911,-5.6176,53.2326,163.8135,-77.7804,2155.0022,2155.0022
203,0.67,47.8388,+0.2333,-5.6086,53.4474,208.9966,-79.4338,2257.5293,2257.5293
204,0.70,47.0244,-0.5774,-5.6240,52.6484,275.0781,-77.9393,2120.5112,2120.5112
205,0.68,46.7703,+0.5667,-5.6304,52.4007,175.1228,-77.5011,2086.1553,2086.1553
206,0.67,46.0138,+0.6918,-5.6507,51.6646,193.7947,-79.2461,2183.3521,2183.3521
207,0.68,46.6265,+0.1613,-5.6450,52.2715,154.9077,-77.7147,2097.0503,2097.0503
208,0.71,46.4040,+0.0914,-5.6652,52.0692,174.6179,-78.5242,2183.0869,2183.0869
209,0.69,46.7128,+0.2760,-5.6453,52.3582,215.9121,-79.1691,2223.6980,2223.6980
210,0.68,46.8101,+0.5862,-5.6212,52.4313,256.5652,-81.5858,2336.5920,2336.5920
211,0.70,46.0406,-1.1406,-5.5828,51.6233,161.8650,-80.7921,2237.8779,2237.8779
212,0.68,45.4868,+0.1754,-5.6001,51.0869,147.5725,-82.5502,2298.6064,2298.6064
213,0.67,45.8736,+0.5462,-5.6186,51.4922,239.5452,-82.8710,2308.4636,2308.4636
214,0.71,45.9754,-0.0894,-5.6108,51.5862,124.9270,-84.4329,2426.9531,2426.9531
215,0.67,45.0212,+0.3566,-5.5911,50.6123,191.1122,-84.5189,2379.7476,2379.7476
216,0.68,45.4921,+0.0824,-5.5720,51.0641,207.2612,-85.7894,2467.6763,2467.6763
217,0.67,45.4316,-0.0832,-5.5861,51.0177,182.0693,-86.8556,2563.9973,2563.9973
218,0.66,45.9907,+0.1151,-5.5884,51.5791,181.2839,-86.4151,2579.2144,2579.2144
219,0.68,45.2520,-0.8020,-5.5747,50.8267,177.7809,-87.8146,2624.9810,2624.9810
220,0.69,44.8448,+0.0405,-5.6002,50.4450,207.4191,-87.7841,2609.8899,2609.8899
221,0.67,45.8606,+0.0164,-5.6028,51.4634,186.3989,-86.4796,2608.0249,2608.0249
222,0.69,44.5021,-0.0432,-5.5927,50.0948,198.7942,-86.1686,2513.6606,2513.6606
223,0.68,44.9417,-0.5587,-5.5874,50.5291,176.2969,-86.4331,2547.5923,2547.5923
224,0.69,45.3805,-0.4671,-5.5850,50.9655,175.6240,-87.9497,2638.9932,2638.9932
225,0.68,44.9201,-0.4394,-5.5841,50.5042,181.4011,-85.9511,2461.0833,2461.0833
226,0.69,45.3007,+0.0507,-5.6078,50.9085,178.1243,-83.2977,2315.6655,2315.6655
227,0.70,44.5814,-0.4687,-5.5993,50.1807,204.3646,-86.1240,2391.6191,2391.6191
228,0.69,44.0338,-0.5982,-5.6189,49.6527,166.6364,-86.8636,2471.7078,2471.7078
229,0.68,43.7343,+0.6041,-5.5796,49.3139,158.8057,-88.3836,2547.6101,2547.6101
230,0.68,43.4676,+1.2567,-5.6213,49.0889,191.4066,-87.4506,2493.8096,2493.8096
231,0.67,42.6452,-0.0804,-5.5820,48.2272,142.5315,-88.1734,2511.9341,2511.9341
232,0.69,43.7586,-0.0097,-5.5398,49.2984,187.6953,-89.8419,2645.4224,2645.4224
233,0.69,43.2353,+0.8387,-5.5418,48.7771,147.3452,-89.2472,2593.2290,2593.2290
234,0.69,43.1362,-0.3319,-5.5267,48.6629,149.7146,-89.5102,2575.1091,2575.1091
235,0.69,43.8229,+0.5861,-5.5414,49.3643,196.2864,-87.7694,2515.6028,2515.6028
236,0.68,43.7254,+0.2612,-5.5462,49.2716,186.8726,-87.1518,2460.4980,2460.4980
237,0.69,42.7750,+0.3216,-5.5393,48.3143,165.4403,-87.9601,2440.2163,2440.2163
238,0.68,43.3636,+1.2832,-5.5502,48.9138,199.0985,-86.9100,2429.6926,2429.6926
239,0.67,42.8316,+0.5194,-5.5486,48.3803,229.0144,-90.6241,2636.7925,2636.7925
240,0.66,42.9698,+0.3902,-5.5439,48.5136,161.8719,-90.4696,2610.5430,2610.5430
241,0.69,42.2180,+0.7223,-5.5602,47.7782,186.1334,-90.6667,2590.9482,2590.9482
242,0.66,42.6178,+0.1460,-5.5345,48.1523,169.7308,-92.4977,2732.8257,2732.8257
243,0.68,42.6717,+0.8617,-5.5366,48.2083,194.7566,-89.2188,2531.5605,2531.5605
244,0.68,41.2037,-0.6250,-5.5662,46.7699,174.8961,-89.5669,2516.0796,2516.0796
245,0.66,40.3327,-1.6416,-5.5597,45.8925,144.2614,-92.2072,2589.6221,2589.6221
246,0.69,41.4410,-0.4263,-5.5569,46.9979,206.8834,-91.8935,2649.0957,2649.0957
247,0.67,41.2488,-0.1221,-5.5406,46.7894,155.1348,-94.8682,2829.3271,2829.3271
248,0.67,41.0161,-0.2468,-5.5359,46.5520,160.1954,-94.9062,2817.7700,2817.7700
249,0.68,40.3627,-1.4015,-5.5514,45.9141,167.8359,-92.6028,2643.9297,2643.9297
250,0.68,40.8368,-1.4434,-5.5447,46.3815,174.3636,-93.4702,2742.5146,2742.5146
251,0.68,40.5772,-1.0799,-5.5425,46.1197,159.1957,-93.7623,2722.8120,2722.8120
252,0.67,40.7291,-0.9847,-5.5803,46.3094,172.1385,-91.7908,2613.6873,2613.6873
253,0.67,40.3986,-0.8156,-5.5267,45.9254,167.4795,-95.1595,2781.3413,2781.3413
254,0.66,40.7461,+0.6530,-5.5685,46.3146,144.9584,-94.5038,2758.4285,2758.4285
255,0.66,40.7325,-0.1888,-5.5402,46.2728,201.6388,-96.2869,2896.8643,2896.8643
256,0.68,40.8307,-0.4807,-5.5190,46.3496,159.1884,-96.4837,2867.9351,2867.9351
257,0.67,41.1883,-0.7049,-5.5415,46.7299,258.2642,-96.2755,2885.7229,2885.7229
258,0.66,40.4902,-0.0767,-5.5182,46.0084,321.4771,-96.1635,2832.9292,2832.9292
259,0.67,40.3818,+0.4477,-5.5568,45.9386,172.1636,-95.7483,2809.0698,2809.0698
260,0.68,39.9929,+1.2132,-5.5247,45.5176,171.8395,-96.9066,2848.2671,2848.2671
261,0.67,39.4616,+0.9024,-5.5203,44.9819,210.0314,-96.8960,2856.8271,2856.8271
262,0.67,39.3010,+0.6430,-5.5618,44.8629,189.3660,-95.8518,2764.7583,2764.7583
263,0.68,39.3051,+1.1473,-5.5668,44.8718,152.1685,-93.5055,2645.1541,2645.1541
264,0.67,39.0925,+0.1557,-5.5494,44.6419,204.2085,-93.9756,2687.1057,2687.1057
265,0.68,38.6937,+0.9287,-5.5712,44.2649,221.8616,-96.4155,2826.6057,2826.6057
266,0.66,38.6477,+0.0005,-5.5746,44.2223,136.9755,-96.7037,2883.5488,2883.5488
267,0.68,38.7287,-0.2552,-5.5859,44.3146,189.3588,-96.0703,2806.9453,2806.9453
268,0.66,39.2824,+0.8449,-5.5970,44.8794,182.5680,-98.2116,2970.0918,2970.0918
269,0.68,38.3334,-0.0927,-5.5408,43.8741,183.3156,-98.8234,2922.3135,2922.3135
270,0.67,38.4506,+0.6695,-5.5655,44.0161,200.0234,-99.3406,2982.4580,2982.4580
271,0.67,37.4319,-0.8770,-5.5649,42.9968,216.2330,-101.0744,3046.5420,3046.5420
272,0.67,37.9548,-0.4345,-5.5632,43.5180,190.9191,-100.4151,3035.7822,3035.7822
273,0.67,38.1842,-0.3722,-5.5318,43.7160,182.9323,-99.6872,2997.1184,2997.1184
274,0.68,37.8133,+0.5780,-5.5303,43.3435,190.4515,-97.8327,2810.1475,2810.1475
275,0.67,38.1060,+0.3987,-5.5415,43.6475,225.0117,-99.9585,2979.6643,2979.6643
276,0.68,37.8839,+0.0172,-5.5365,43.4204,147.4908,-102.0065,3080.0557,3080.0557
277,0.68,37.3441,+1.3322,-5.5149,42.8590,207.3395,-100.4858,2957.5542,2957.5542
278,0.66,38.5399,+0.7062,-5.5354,44.0753,228.9165,-100.8048,3064.7549,3064.7549
279,0.66,38.5285,+1.1376,-5.5007,44.0292,156.9572,-101.8135,3164.2573,3164.2573
280,0.65,37.3341,+0.4418,-5.5487,42.8828,256.4028,-99.7418,2975.2937,2975.2937
281,0.67,37.3873,-0.9350,-5.5342,42.9215,175.7225,-100.3894,2985.2417,2985.2417
282,0.66,38.3101,+0.6606,-5.4935,43.8035,222.5396,-99.9950,2998.1086,2998.1086
283,0.67,37.2564,-0.5313,-5.5151,42.7715,223.7212,-101.1793,2991.9067,2991.9067
284,0.67,37.7171,-0.0068,-5.5061,43.2232,177.5487,-102.0861,3079.2383,3079.2383
285,0.66,37.0037,+0.3816,-5.4853,42.4890,203.0605,-104.3309,3197.0469,3197.0469
286,0.67,37.7836,-0.2873,-5.5036,43.2873,130.6450,-103.3980,3174.4365,3174.4365
287,0.66,37.9758,+0.5085,-5.4938,43.4696,162.2225,-104.7547,3256.6799,3256.6799
288,0.65,37.2154,-0.6323,-5.4827,42.6982,182.7935,-103.3157,3152.5171,3152.5171
289,0.67,36.8118,+1.0006,-5.4838,42.2956,170.9413,-104.0609,3181.0168,3181.0168
290,0.67,36.6842,+0.4098,-5.4663,42.1505,161.1106,-104.1470,3157.7729,3157.7729
291,0.65,36.5764,-0.2211,-5.4894,42.0658,177.4216,-105.1098,3241.5298,3241.5298
292,0.64,36.1134,-0.1503,-5.4862,41.5996,154.9550,-104.7404,3156.2695,3156.2695
293,0.67,37.2356,-1.0182,-5.4445,42.6801,188.8999,-106.6289,3313.7507,3313.7507
294,0.67,37.5570,+0.1275,-5.4538,43.0108,168.0731,-105.7361,3293.0947,3293.0947
295,0.65,35.5206,-0.0596,-5.4295,40.9501,134.9108,-104.9141,3114.4419,3114.4419
296,0.66,36.0681,-0.4548,-5.4236,41.4917,215.1536,-105.2022,3156.1184,3156.1184
297,0.66,34.8929,+1.1092,-5.4259,40.3188,136.7301,-106.0922,3160.5366,3160.5366
298,0.67,35.8026,+0.3186,-5.4670,41.2696,189.8490,-107.8860,3308.0010,3308.0010
299,0.65,35.2475,-1.1446,-5.4797,40.7272,151.7906,-108.7943,3313.5579,3313.5579
300,0.66,36.1100,-0.8141,-5.4583,41.5683,189.2478,-108.4599,3334.8459,3334.8459
301,0.63,36.1190,-0.0183,-5.4664,41.5855,239.2982,-107.4942,3280.9565,3280.9565
302,0.64,35.2113,+0.1327,-5.4322,40.6436,162.2838,-106.8303,3223.8687,3223.8687
303,0.62,35.8267,+0.7162,-5.4278,41.2545,190.7532,-109.1658,3388.7407,3388.7407
304,0.61,35.3967,+0.0884,-5.4330,40.8296,191.1208,-108.7255,3319.7349,3319.7349
305,0.64,34.7654,+0.2010,-5.4389,40.2043,131.0785,-111.7611,3528.9385,3528.9385
306,0.63,35.2396,-0.2932,-5.4552,40.6949,217.4877,-108.4116,3343.6638,3343.6638
307,0.63,34.1388,-0.1192,-5.4303,39.5691,174.7753,-108.3224,3248.9512,3248.9512
308,0.65,34.0897,+0.4003,-5.4373,39.5270,256.5366,-109.0983,3364.0581,3364.0581
309,0.64,34.7205,-0.3601,-5.4682,40.1887,173.6344,-111.4787,3545.4712,3545.4712
310,0.61,33.7339,-1.0916,-5.4721,39.2060,174.5671,-110.8037,3411.6860,3411.6860
311,0.63,34.6780,-0.7781,-5.4583,40.1363,218.8516,-111.9370,3534.3723,3534.3723
312,0.63,34.2673,-0.7740,-5.4841,39.7514,173.7841,-112.7647,3599.6997,3599.6997
313,0.62,34.4646,-0.5563,-5.4685,39.9331,169.2528,-114.0398,3685.9722,3685.9722
314,0.60,34.5821,+0.1959,-5.4769,40.0589,219.2938,-112.5728,3603.2534,3603.2534
315,0.62,34.1458,+0.7665,-5.4456,39.5914,139.4075,-111.7591,3513.9243,3513.9243
316,0.63,34.9100,-0.5001,-5.4439,40.3539,125.1016,-110.4531,3482.1030,3482.1030
317,0.64,34.2364,+0.4740,-5.4559,39.6923,174.4150,-108.6639,3323.9702,3323.9702
318,0.64,34.9311,+0.8197,-5.4219,40.3530,166.9231,-110.9028,3498.6108,3498.6108
319,0.63,34.0081,+0.6610,-5.4538,39.4619,157.1165,-111.7514,3488.0483,3488.0483
320,0.61,34.6325,-0.3490,-5.4572,40.0896,191.3816,-113.0110,3602.1968,3602.1968
321,0.63,33.8375,+0.6639,-5.4420,39.2795,168.3870,-113.8384,3608.8838,3608.8838
322,0.63,33.7353,-0.7169,-5.4425,39.1777,193.7294,-113.4963,3580.2520,3580.2520
323,0.62,34.1084,+0.8452,-5.4532,39.5616,180.7906,-114.3512,3655.5295,3655.5295
324,0.61,32.6311,+0.1655,-5.4284,38.0594,157.9187,-114.2955,3571.0923,3571.0923
325,0.64,32.3779,+1.0399,-5.4047,37.7827,172.2661,-114.0927,3569.2151,3569.2151
326,0.63,33.2791,+0.2620,-5.4309,38.7100,207.6577,-112.0081,3472.5762,3472.5762
327,0.64,33.5712,+0.8887,-5.3837,38.9549,196.9187,-111.7042,3473.0454,3473.0454
328,0.64,33.5701,-0.1287,-5.4106,38.9807,233.6434,-112.1186,3509.1892,3509.1892
329,0.63,32.6953,+0.4061,-5.4228,38.1181,161.5045,-111.0448,3336.3679,3336.3679
330,0.63,33.4094,+0.0951,-5.4146,38.8240,231.8351,-113.7682,3602.0710,3602.0710
331,0.63,32.4471,-0.4649,-5.4090,37.8561,160.5430,-113.8223,3524.7317,3524.7317
332,0.62,31.8754,+0.5891,-5.4144,37.2899,168.7982,-114.0717,3534.0366,3534.0366
333,0.62,31.8059,-0.2426,-5.4166,37.2225,157.6116,-111.5799,3370.3486,3370.3486
334,0.64,31.3755,-0.1276,-5.4234,36.7988,187.0679,-114.3183,3534.8228,3534.8228
335,0.62,31.3804,+0.6189,-5.3956,36.7761,181.2846,-114.2867,3535.7271,3535.7271
336,0.63,31.5844,-0.8703,-5.4622,37.0466,188.6440,-116.0923,3660.0742,3660.0742
337,0.61,31.5603,-1.5000,-5.4511,37.0114,177.8400,-114.4406,3584.1191,3584.1191
338,0.64,32.1681,+0.3252,-5.4470,37.6151,161.6355,-114.0084,3592.5845,3592.5845
339,0.64,31.9371,-0.2269,-5.4603,37.3974,162.6491,-113.7931,3600.3096,3600.3096
340,0.62,31.4361,-0.9299,-5.4581,36.8942,239.6220,-116.4066,3678.4038,3678.4038
341,0.61,31.1933,-0.8709,-5.4422,36.6354,178.5198,-116.8041,3688.2444,3688.2444
342,0.62,32.1958,-0.0096,-5.4343,37.6301,164.6703,-117.3591,3794.8772,3794.8772
343,0.62,31.7486,-0.1602,-5.4700,37.2186,338.6182,-115.7430,3661.2598,3661.2598
344,0.62,31.5285,+0.4901,-5.4787,37.0072,148.2416,-114.8048,3601.0640,3601.0640
345,0.63,30.0282,+0.6551,-5.4569,35.4850,140.3802,-116.1501,3606.4351,3606.4351
346,0.63,29.6483,-0.0105,-5.4421,35.0904,98.8763,-114.7385,3487.2627,3487.2627
347,0.62,29.8128,-0.7747,-5.4263,35.2391,140.5001,-117.5151,3671.7729,3671.7729
348,0.62,30.0788,+0.0862,-5.4441,35.5229,115.9131,-118.8198,3771.5491,3771.5491
349,0.63,29.7348,-0.4342,-5.4419,35.1767,126.9931,-119.6369,3823.6816,3823.6816
350,0.62,29.8916,+0.4371,-5.4254,35.3170,135.0876,-121.5780,3909.6299,3909.6299
351,0.61,29.6416,-0.0502,-5.3905,35.0321,113.9804,-121.3720,3871.1826,3871.1826
352,0.62,30.0034,+0.1541,-5.4317,35.4352,133.9393,-120.5459,3859.3843,3859.3843
353,0.61,28.5762,-0.0259,-5.3922,33.9684,175.1506,-119.7233,3713.2295,3713.2295
354,0.64,29.8617,+0.5014,-5.4317,35.2933,116.1758,-118.9191,3759.2322,3759.2322
355,0.63,29.8433,-0.0743,-5.4172,35.2605,154.9908,-119.9196,3836.4492,3836.4492
356,0.63,29.6769,-0.4204,-5.3963,35.0732,115.2617,-121.9671,3904.5820,3904.5820
357,0.63,29.5395,+0.3527,-5.3696,34.9091,143.6909,-123.7022,3989.7046,3989.7046
358,0.63,28.8491,+0.1244,-5.3415,34.1907,135.9230,-123.0947,3905.1997,3905.1997
359,0.63,30.1632,-0.5305,-5.3453,35.5085,139.2569,-124.5914,4073.0679,4073.0679
360,0.64,28.5664,-0.0668,-5.3165,33.8829,144.2839,-126.3449,4143.8359,4143.8359
361,0.61,28.5051,+0.1096,-5.3723,33.8773,145.0908,-124.8795,4040.1460,4040.1460
362,0.63,28.9445,+0.6945,-5.3385,34.2830,147.7579,-124.0073,3991.1274,3991.1274
363,0.62,28.9629,+0.0647,-5.3445,34.3074,139.4641,-126.5979,4144.4580,4144.4580
364,0.61,27.9107,+0.9527,-5.3186,33.2294,161.5556,-126.0265,4045.5303,4045.5303
365,0.61,28.5137,+0.3969,-5.2910,33.8047,161.1774,-127.4937,4177.4692,4177.4692
366,0.61,27.8944,+0.0812,-5.2974,33.1918,243.6127,-132.5709,4483.7920,4483.7920
367,0.61,28.7871,-0.3904,-5.2603,34.0474,153.1442,-132.2229,4505.9097,4505.9097
368,0.62,28.8125,+0.5904,-5.2699,34.0824,127.1233,-132.3591,4496.0073,4496.0073
369,0.61,28.6063,+1.0376,-5.3112,33.9175,131.4715,-131.1803,4391.5723,4391.5723
370,0.61,27.6647,+1.2311,-5.2757,32.9405,124.6799,-129.4445,4295.3779,4295.3779
371,0.64,27.8258,+0.1159,-5.2961,33.1220,175.6879,-131.5912,4440.8359,4440.8359
372,0.60,28.1939,+0.2425,-5.2926,33.4865,130.7602,-131.2925,4414.7339,4414.7339
373,0.61,26.7139,+1.1723,-5.3190,32.0329,189.3580,-131.8450,4389.1250,4389.1250
374,0.61,27.3908,+0.4831,-5.2659,32.6567,132.9714,-133.1464,4498.1709,4498.1709
375,0.61,27.4854,+0.0600,-5.2915,32.7769,140.3887,-133.1119,4506.3857,4506.3857
376,0.62,27.6490,+0.6610,-5.2758,32.9248,133.8149,-131.0493,4405.6689,4405.6689
377,0.62,26.6172,+0.5194,-5.3408,31.9581,172.9465,-132.1742,4450.5713,4450.5713
378,0.62,26.5044,-0.1658,-5.3436,31.8480,143.0443,-132.7293,4442.0352,4442.0352
379,0.60,26.0895,+0.2000,-5.3144,31.4039,138.6179,-134.3480,4539.5889,4539.5889
380,0.61,26.2492,-0.4102,-5.3286,31.5778,177.2954,-132.6023,4476.2476,4476.2476
381,0.62,25.3965,+0.5718,-5.3172,30.7138,140.9171,-134.7536,4595.8472,4595.8472
382,0.60,25.7388,+0.5523,-5.2802,31.0190,153.4771,-132.4562,4408.1763,4408.1763
383,0.60,26.6475,-0.2434,-5.2953,31.9428,145.6088,-132.5323,4478.8716,4478.8716
384,0.61,26.4652,-0.5603,-5.3304,31.7956,245.8584,-132.6147,4520.8174,4520.8174
385,0.61,25.8300,-1.2572,-5.2976,31.1277,112.8115,-131.4588,4350.9702,4350.9702
386,0.61,26.4562,-0.1012,-5.3013,31.7574,118.2884,-132.0369,4412.5625,4412.5625
387,0.59,26.3643,+0.1499,-5.3380,31.7023,282.3014,-133.6726,4543.2178,4543.2178
388,0.60,26.1348,+0.3877,-5.3101,31.4449,186.1319,-133.4148,4516.9170,4516.9170
389,0.62,25.2880,-0.0549,-5.3529,30.6408,127.2556,-131.5597,4372.8721,4372.8721
390,0.62,25.3261,-0.4466,-5.3298,30.6559,135.2882,-134.4724,4526.8325,4526.8325
391,0.63,24.9530,-0.6386,-5.3716,30.3246,144.0397,-136.5217,4662.9834,4662.9834
392,0.60,25.3371,-0.8972,-5.3849,30.7220,157.7769,-135.0874,4582.9575,4582.9575
393,0.61,24.4373,-0.1703,-5.3441,29.7814,129.0009,-133.9870,4430.8091,4430.8091
394,0.61,25.3110,+0.4101,-5.3377,30.6487,133.6208,-134.6185,4493.3320,4493.3320
395,0.62,24.7289,-0.0102,-5.3444,30.0732,144.9494,-135.0371,4495.8042,4495.8042
396,0.61,24.8215,-0.6591,-5.3464,30.1679,132.5614,-134.3096,4471.0693,4471.0693
397,0.60,23.7928,-1.1320,-5.3383,29.1312,227.0202,-136.4193,4560.1250,4560.1250
398,0.61,24.7969,-1.1736,-5.3733,30.1702,131.4981,-132.1661,4325.1855,4325.1855
399,0.61,25.5742,-0.7698,-5.3497,30.9239,173.6797,-134.7286,4550.0469,4550.0469
400,0.60,24.1986,-0.1477,-5.3589,29.5576,132.8420,-135.1928,4479.8682,4479.8682
401,0.58,24.4979,+0.2639,-5.3374,29.8352,146.3615,-136.9588,4641.3291,4641.3291
402,0.56,25.3105,+0.1363,-5.2892,30.5997,172.6812,-137.3138,4709.5767,4709.5767
403,0.57,24.6206,+0.5617,-5.3379,29.9584,174.9703,-136.3841,4609.9082,4609.9082
404,0.58,24.8374,+0.6269,-5.3462,30.1836,190.0102,-135.5605,4583.5117,4583.5117
405,0.57,25.0130,+0.6263,-5.3198,30.3328,157.2367,-137.4682,4732.3096,4732.3096
406,0.58,23.8493,+0.0492,-5.3083,29.1575,192.0628,-138.1156,4704.6753,4704.6753
407,0.58,23.5029,+0.5404,-5.3217,28.8246,139.6534,-137.5975,4634.8203,4634.8203
408,0.58,23.2404,-0.0540,-5.3101,28.5505,141.8707,-137.1439,4593.3701,4593.3701
409,0.57,23.9032,-0.6615,-5.3472,29.2504,195.2443,-134.8340,4492.7310,4492.7310
410,0.57,23.9530,-1.1162,-5.3587,29.3117,169.0732,-135.4402,4525.6860,4525.6860
411,0.58,22.9362,-0.5026,-5.3677,28.3039,123.5082,-137.1829,4618.6836,4618.6836
412,0.56,24.3013,-0.6132,-5.3322,29.6335,199.1084,-138.4668,4725.4385,4725.4385
413,0.57,23.4483,-0.0862,-5.3281,28.7765,127.8227,-138.4277,4705.5288,4705.5288
414,0.59,24.3389,-0.2290,-5.3229,29.6618,274.4324,-138.8746,4739.6880,4739.6880
415,0.58,24.3223,-1.1455,-5.3156,29.6379,151.2689,-137.6433,4659.9043,4659.9043
416,0.58,24.9539,-1.7442,-5.3050,30.2589,206.1364,-137.1049,4692.0786,4692.0786
417,0.58,24.6239,-0.3384,-5.2981,29.9220,133.4063,-134.9258,4508.6982,4508.6982
418,0.58,23.9433,-0.2167,-5.2661,29.2095,201.9564,-137.1785,4623.5674,4623.5674
419,0.55,23.2010,-0.0781,-5.2756,28.4766,157.3380,-139.3852,4707.6255,4707.6255
420,0.57,23.3657,+0.0896,-5.2811,28.6468,410.3353,-138.3678,4670.1841,4670.1841
421,0.58,23.9501,-0.8849,-5.3248,29.2749,663.0475,-138.5951,4757.1855,4757.1855
422,0.57,22.6948,-0.1925,-5.3027,27.9975,167.8112,-139.0531,4687.5640,4687.5640
423,0.58,23.0571,-0.6419,-5.3352,28.3923,129.6494,-138.9719,4699.2314,4699.2314
424,0.59,23.0407,-0.1953,-5.3278,28.3684,140.1518,-137.0165,4529.1221,4529.1221
425,0.57,21.8674,-0.3293,-5.3150,27.1823,267.5258,-139.5609,4633.6772,4633.6772
426,0.57,21.9156,-0.3216,-5.3377,27.2533,152.2684,-143.2319,4919.2729,4919.2729
427,0.56,21.7013,+0.1848,-5.3233,27.0246,168.8396,-140.8978,4722.9370,4722.9370
428,0.57,22.1910,-0.3331,-5.3537,27.5448,148.4515,-140.6759,4814.6270,4814.6270
429,0.57,22.8561,+0.4121,-5.3021,28.1582,124.4417,-141.7849,4902.8853,4902.8853
430,0.57,21.9805,-0.4119,-5.3602,27.3407,155.1530,-143.1278,4928.5381,4928.5381
431,0.58,21.9118,-0.3746,-5.3749,27.2866,139.6021,-141.9707,4846.1528,4846.1528
432,0.58,23.1516,+0.3340,-5.3430,28.4946,174.2232,-142.1870,4941.6318,4941.6318
433,0.58,22.4303,-0.4770,-5.2884,27.7187,178.7368,-137.3803,4569.6782,4569.6782
434,0.56,22.8339,-0.5098,-5.3209,28.1548,165.5999,-139.7513,4740.9282,4740.9282
435,0.57,22.3451,+0.0715,-5.3349,27.6800,255.0670,-138.1860,4610.9131,4610.9131
436,0.58,22.7605,-0.6813,-5.3335,28.0940,130.5129,-139.2520,4695.7798,4695.7798
437,0.58,21.3038,-0.6353,-5.3281,26.6319,377.7387,-139.5823,4649.4092,4649.4092
438,0.59,21.8175,-0.7973,-5.3065,27.1240,133.9941,-141.6071,4833.2373,4833.2373
439,0.58,21.3746,+0.0590,-5.2771,26.6517,118.2314,-143.3506,4935.0518,4935.0518
440,0.57,21.2491,+0.5971,-5.3058,26.5549,149.4324,-141.7404,4815.4580,4815.4580
441,0.57,21.6115,+0.1559,-5.3265,26.9381,220.4380,-143.7657,4989.5195,4989.5195
442,0.56,21.3639,-0.2839,-5.3351,26.6990,141.7055,-142.1416,4872.6699,4872.6699
443,0.56,21.9567,-1.1817,-5.2850,27.2417,157.7777,-141.7735,4846.6660,4846.6660
444,0.58,21.5284,-1.2783,-5.3079,26.8363,134.3719,-141.7208,4820.1729,4820.1729
445,0.58,21.3978,+0.2347,-5.3170,26.7147,136.0238,-140.7836,4764.6416,4764.6416
446,0.57,20.4405,-0.3070,-5.3394,25.7799,145.7614,-143.7467,4910.1572,4910.1572
447,0.57,19.9585,-0.7174,-5.3324,25.2908,200.2090,-144.0680,4937.3418,4937.3418
448,0.58,20.7698,-0.6699,-5.4083,26.1780,103.0457,-142.6974,4904.2666,4904.2666
449,0.57,20.4916,-0.4924,-5.3462,25.8377,122.2955,-141.9749,4831.1279,4831.1279
450,0.60,20.9701,-0.2089,-5.3435,26.3136,134.5291,-144.6578,5044.2153,5044.2153
451,0.57,20.3332,-0.8947,-5.3315,25.6647,149.3463,-142.4899,4822.0122,4822.0122
452,0.60,21.1092,-0.1678,-5.3255,26.4347,147.0859,-143.8839,4994.7246,4994.7246
453,0.57,20.6103,-0.2145,-5.2928,25.9031,160.5080,-144.8549,5004.6064,5004.6064
454,0.59,20.9201,-0.8798,-5.3185,26.2385,112.8260,-144.2622,4971.0981,4971.0981
455,0.57,21.0002,-1.2475,-5.2610,26.2613,141.7683,-145.0868,5039.8257,5039.8257
456,0.59,21.7081,-0.8043,-5.2675,26.9756,152.5672,-146.7716,5177.5986,5177.5986
457,0.57,21.6622,-0.2248,-5.2939,26.9560,134.5591,-143.5870,4968.8696,4968.8696
458,0.58,21.5795,-1.0523,-5.2771,26.8566,137.7633,-144.9967,5036.0845,5036.0845
459,0.58,20.1009,-0.9135,-5.3022,25.4030,149.2122,-143.9940,4900.1055,4900.1055
460,0.59,19.6756,-0.6831,-5.2747,24.9503,105.5627,-144.6812,4915.3193,4915.3193
461,0.59,19.8327,+0.3065,-5.2891,25.1218,148.3950,-142.6067,4799.5977,4799.5977
462,0.59,19.8780,-0.3919,-5.2982,25.1762,138.7705,-143.7419,4914.3115,4914.3115
463,0.56,19.2489,-0.0554,-5.3352,24.5841,146.9905,-142.9594,4822.7129,4822.7129
464,0.56,20.0490,+0.7419,-5.3499,25.3989,154.5417,-145.1509,5003.2910,5003.2910
465,0.57,19.7986,+0.4462,-5.3308,25.1294,159.3394,-141.9498,4783.4941,4783.4941
466,0.56,20.2947,-0.1149,-5.3232,25.6179,171.4785,-143.9895,4896.5137,4896.5137
467,0.57,20.5695,-0.2701,-5.3267,25.8961,205.6915,-143.8816,4914.4521,4914.4521
468,0.58,20.5447,-1.0437,-5.2822,25.8269,121.5138,-143.7639,4886.2871,4886.2871
469,0.58,19.0187,-0.7876,-5.2896,24.3083,190.6066,-143.9740,4782.9258,4782.9258
470,0.58,19.2918,+0.3168,-5.2885,24.5803,179.0764,-142.8880,4744.1494,4744.1494
471,0.59,19.8104,+0.2619,-5.2604,25.0708,239.2401,-141.2616,4678.4966,4678.4966
472,0.58,20.4686,-0.7399,-5.2951,25.7637,126.3459,-143.8506,4852.6289,4852.6289
473,0.58,19.8748,-0.2425,-5.2869,25.1617,204.1306,-143.8213,4851.6904,4851.6904
474,0.56,19.4294,+0.3695,-5.2905,24.7199,158.6533,-143.5389,4813.7212,4813.7212
475,0.59,19.7282,+0.8446,-5.2609,24.9891,193.2634,-142.5661,4775.5547,4775.5547
476,0.57,19.6593,-0.4390,-5.3306,24.9899,98.5782,-144.4845,4856.4727,4856.4727
477,0.58,19.8745,-1.0361,-5.3335,25.2080,268.1126,-145.1687,4965.0034,4965.0034
478,0.58,19.5696,-0.5500,-5.3233,24.8929,141.9332,-147.3318,5078.4678,5078.4678
479,0.59,18.8751,-0.6074,-5.3132,24.1883,203.9931,-146.7791,5011.5693,5011.5693
480,0.56,19.0337,+0.4050,-5.3013,24.3350,196.7395,-143.5033,4788.8203,4788.8203
481,0.59,18.7853,+0.0295,-5.2996,24.0848,180.5584,-144.0613,4773.0732,4773.0732
482,0.58,19.2272,+0.8254,-5.3362,24.5634,89.4680,-145.7745,4927.0371,4927.0371
483,0.58,19.0966,+0.1793,-5.3038,24.4004,119.3198,-143.8640,4784.2588,4784.2588
484,0.59,19.3858,+0.1594,-5.3131,24.6989,118.8992,-146.9688,5010.2734,5010.2734
485,0.56,18.9571,-0.1818,-5.3206,24.2777,102.5004,-146.9147,5008.8105,5008.8105
486,0.56,18.8071,-0.5677,-5.3296,24.1368,129.9639,-148.0473,5089.3110,5089.3110
487,0.57,19.1076,-0.8469,-5.3138,24.4214,130.5319,-148.1450,5116.3022,5116.3022
488,0.57,18.5231,-0.7912,-5.3203,23.8434,115.8759,-150.4720,5219.9062,5219.9062
489,0.57,18.6124,-0.5846,-5.3331,23.9455,112.8414,-148.1935,5089.8691,5089.8691
490,0.57,18.3991,+0.0161,-5.3150,23.7141,102.3875,-149.6525,5183.1484,5183.1484
491,0.59,17.6417,+0.1002,-5.3459,22.9876,101.4400,-150.9160,5227.2246,5227.2246
492,0.57,17.7212,+0.7067,-5.3247,23.0459,173.7385,-149.1706,5114.8838,5114.8838
493,0.58,17.7129,+0.6791,-5.3640,23.0769,135.6776,-151.3420,5284.7529,5284.7529
494,0.57,18.0036,+0.0990,-5.3144,23.3180,134.1273,-153.1057,5390.0547,5390.0547
495,0.58,18.5540,+0.5930,-5.3472,23.9012,116.6152,-153.6099,5461.3643,5461.3643
496,0.55,17.9255,-0.6857,-5.3521,23.2776,109.5986,-152.3846,5328.6367,5328.6367
497,0.56,17.6743,-0.5078,-5.3166,22.9909,132.5980,-150.6958,5193.3193,5193.3193
498,0.57,18.3170,-0.0600,-5.3122,23.6293,183.6128,-152.9575,5380.3018,5380.3018
499,0.55,17.9208,+0.4172,-5.3280,23.2488,157.9677,-149.2630,5102.9473,5102.9473
500,0.59,18.9967,+0.6654,-5.3126,24.3093,143.4466,-150.1511,5198.2061,5198.2061
501,0.54,18.1626,-0.1802,-5.2804,23.4430,173.3142,-147.9588,5006.0845,5006.0845
502,0.51,19.5473,+0.2311,-5.2883,24.8356,163.9750,-146.5671,4996.6099,4996.6099
503,0.54,18.4481,+0.8078,-5.2504,23.6985,102.6418,-145.3926,4844.8530,4844.8530
504,0.55,19.6210,+0.3016,-5.2528,24.8738,137.4622,-144.2839,4830.4678,4830.4678
505,0.54,18.0256,-0.2091,-5.2911,23.3168,129.1439,-148.3831,5036.8306,5036.8306
506,0.54,18.2235,+0.1104,-5.3407,23.5642,138.1800,-146.6235,4956.9297,4956.9297
507,0.54,17.1772,+0.7150,-5.3351,22.5123,160.3985,-149.7213,5102.1074,5102.1074
508,0.54,18.6884,+0.0881,-5.3614,24.0498,136.1238,-148.7368,5124.0469,5124.0469
509,0.54,17.9273,-0.1055,-5.3295,23.2568,101.5301,-148.5138,5084.8892,5084.8892
510,0.53,17.4635,+0.8077,-5.3556,22.8192,123.1233,-149.5414,5103.0977,5103.0977
511,0.53,17.4363,-0.1578,-5.3321,22.7685,120.8608,-151.6054,5240.2715,5240.2715
512,0.53,17.9354,+0.4265,-5.2802,23.2156,209.3447,-151.8153,5227.5537,5227.5537
513,0.54,16.9664,+1.1712,-5.2619,22.2283,142.8365,-152.2205,5202.1060,5202.1060
514,0.56,17.6930,+1.1654,-5.2757,22.9687,120.6424,-153.4567,5347.0010,5347.0010
515,0.55,16.8403,-0.1450,-5.2778,22.1181,126.4628,-153.6995,5342.9238,5342.9238
516,0.54,17.1983,+0.1383,-5.2710,22.4693,115.1959,-153.9444,5377.6914,5377.6914
517,0.54,18.0040,+0.2504,-5.2774,23.2814,112.1439,-153.1617,5343.8027,5343.8027
518,0.53,17.7186,-0.1084,-5.2908,23.0093,130.0132,-154.3420,5442.8301,5442.8301
519,0.53,17.7924,-0.1287,-5.3160,23.1084,158.0629,-154.1715,5438.5635,5438.5635
520,0.53,17.4577,-0.3856,-5.3442,22.8020,105.6959,-152.7569,5346.6260,5346.6260
521,0.54,18.0196,-0.4829,-5.3694,23.3891,139.0132,-153.7716,5464.0771,5464.0771
522,0.54,17.3157,-0.3137,-5.3962,22.7119,143.7982,-150.5357,5188.6733,5188.6733
523,0.56,16.5875,-0.0567,-5.3514,21.9389,227.4088,-148.7438,5011.4629,5011.4629
524,0.55,17.0770,+0.2564,-5.3436,22.4206,545.0347,-150.7670,5220.2285,5220.2285
525,0.54,16.2152,+0.5118,-5.3326,21.5479,107.4273,-150.9759,5151.8389,5151.8389
526,0.55,16.3304,-0.2872,-5.3378,21.6682,126.5460,-152.0834,5267.9277,5267.9277
527,0.53,16.5937,+0.3912,-5.3449,21.9386,106.8476,-152.9635,5322.3027,5322.3027
528,0.53,16.2232,+0.1596,-5.3440,21.5672,146.9468,-150.4433,5126.2964,5126.2964
529,0.52,16.4293,+0.0462,-5.3364,21.7657,153.6798,-150.0817,5110.4033,5110.4033
530,0.53,16.5900,-0.4910,-5.3223,21.9123,174.2979,-153.2856,5340.9453,5340.9453
531,0.54,15.8972,-0.2615,-5.3185,21.2157,104.5014,-153.1607,5233.1919,5233.1919
532,0.52,16.6689,-0.3395,-5.2951,21.9640,209.9813,-157.8827,5607.0996,5607.0996
533,0.55,16.0026,-0.0785,-5.3266,21.3292,124.2187,-157.7437,5577.9229,5577.9229
534,0.54,15.9619,+0.1745,-5.2988,21.2608,204.3633,-155.8400,5453.5566,5453.5566
535,0.54,16.2675,-0.1086,-5.3106,21.5781,223.4452,-157.4956,5556.4658,5556.4658
536,0.54,16.6737,-0.3160,-5.3064,21.9801,149.7947,-154.0552,5346.3057,5346.3057
537,0.54,17.3701,-0.1200,-5.2866,22.6567,145.0389,-152.2181,5268.4707,5268.4707
538,0.54,16.8920,+0.6139,-5.2900,22.1820,165.5140,-154.4531,5368.7920,5368.7920
539,0.53,16.2094,+0.4845,-5.2334,21.4428,156.3752,-156.7076,5460.6997,5460.6997
540,0.53,16.5544,+0.1470,-5.3143,21.8687,111.9259,-154.7932,5391.0312,5391.0312
541,0.52,16.3941,-0.3061,-5.3304,21.7246,121.2384,-154.3265,5351.0527,5351.0527
542,0.55,16.2849,-0.4252,-5.3452,21.6301,193.2585,-153.6521,5291.7109,5291.7109
543,0.54,16.4259,-0.7359,-5.3002,21.7261,110.9923,-155.7248,5474.0146,5474.0146
544,0.53,15.9757,-0.6825,-5.3391,21.3148,93.2934,-154.2661,5324.5791,5324.5791
545,0.53,15.5123,-0.7397,-5.3544,20.8668,103.3108,-152.9657,5239.7134,5239.7134
546,0.53,15.6559,-0.8344,-5.3933,21.0492,172.7712,-154.2120,5331.8926,5331.8926
547,0.52,16.3312,+0.2411,-5.3036,21.6348,171.9341,-151.9303,5226.2227,5226.2227
548,0.54,16.3293,-0.3545,-5.2999,21.6292,93.4968,-154.0447,5349.7012,5349.7012
549,0.53,16.2501,+0.2249,-5.3086,21.5587,118.7222,-155.8221,5450.8184,5450.8184
550,0.53,14.7168,-0.1559,-5.3180,20.0348,104.5546,-158.5872,5566.0605,5566.0605
551,0.52,15.1274,-0.1555,-5.3211,20.4485,140.9404,-157.0256,5459.5908,5459.5908
552,0.54,15.2368,+0.1368,-5.2936,20.5304,136.1563,-157.1510,5525.0996,5525.0996
553,0.54,15.4576,-0.5864,-5.2679,20.7255,95.7773,-160.2473,5712.9082,5712.9082
554,0.52,15.2430,-0.4108,-5.2648,20.5077,115.1932,-159.6712,5691.9053,5691.9053
555,0.54,15.1706,-0.0897,-5.2328,20.4034,107.2650,-156.1635,5426.1694,5426.1694
556,0.54,15.1078,+0.3207,-5.2840,20.3918,256.5591,-154.8748,5377.0293,5377.0293
557,0.53,14.3830,-0.7109,-5.2981,19.6810,110.9265,-156.8794,5452.0972,5452.0972
558,0.55,15.8026,-0.9175,-5.2796,21.0822,368.6082,-157.4466,5595.1748,5595.1748
559,0.54,14.5122,-1.1791,-5.3128,19.8251,99.1008,-160.0605,5700.6675,5700.6675
560,0.56,15.5187,+0.3981,-5.3245,20.8431,361.6467,-157.0829,5569.1587,5569.1587
561,0.53,14.3714,-0.3867,-5.3358,19.7071,89.9599,-156.9303,5486.1426,5486.1426
562,0.56,13.8731,-0.3528,-5.3317,19.2048,636.7788,-159.4749,5624.1919,5624.1919
563,0.55,14.5491,+0.2422,-5.2988,19.8479,97.4503,-160.6416,5730.2363,5730.2363
564,0.54,14.6778,+0.1609,-5.3351,20.0128,170.3677,-155.3848,5359.8013,5359.8013
565,0.53,14.2950,+0.1367,-5.3916,19.6866,160.6732,-157.2726,5494.6694,5494.6694
566,0.53,14.3923,-0.5302,-5.3712,19.7634,104.9348,-158.2959,5584.5420,5584.5420
567,0.54,15.2992,-0.8700,-5.3855,20.6847,242.6845,-156.2479,5506.8140,5506.8140
568,0.54,14.2114,-0.8653,-5.3809,19.5923,92.1039,-158.0280,5573.2832,5573.2832
569,0.54,14.0202,+0.0656,-5.3653,19.3855,93.4309,-158.5343,5608.2568,5608.2568
570,0.55,14.3654,+0.2800,-5.3674,19.7327,148.1550,-156.7561,5472.8896,5472.8896
571,0.53,14.7748,+0.1422,-5.3884,20.1632,117.9746,-154.9350,5382.7358,5382.7358
572,0.54,14.8093,+0.7445,-5.3704,20.1796,93.6597,-153.9104,5249.9072,5249.9072
573,0.55,13.5269,+0.1302,-5.3634,18.8903,127.6765,-156.5752,5350.2822,5350.2822
574,0.53,14.7073,-0.0395,-5.3780,20.0853,112.2448,-156.9494,5452.1206,5452.1206
575,0.54,13.4854,+0.5577,-5.3793,18.8647,194.6810,-155.8697,5318.6338,5318.6338
576,0.54,15.3053,-0.1572,-5.3438,20.6491,354.2904,-158.3626,5583.8428,5583.8428
577,0.53,15.1202,-0.5940,-5.3372,20.4573,206.8168,-161.6355,5824.4487,5824.4487
578,0.53,13.7636,+0.0177,-5.3338,19.0974,101.0310,-160.5490,5636.9287,5636.9287
579,0.53,13.9713,+1.4466,-5.3466,19.3180,101.5585,-159.9363,5587.5415,5587.5415
580,0.53,14.7110,+0.6545,-5.2941,20.0051,179.2270,-160.9117,5707.2915,5707.2915
581,0.55,13.8260,+0.1412,-5.2915,19.1175,104.8107,-161.4677,5718.3076,5718.3076
582,0.53,14.3018,-0.1865,-5.2941,19.5959,104.0305,-161.1032,5698.9619,5698.9619
583,0.53,14.7624,+0.0658,-5.2950,20.0574,135.1280,-161.1923,5732.6323,5732.6323
584,0.54,14.2287,+0.2298,-5.3513,19.5799,102.3260,-159.5952,5592.0293,5592.0293
585,0.52,13.6804,+0.4163,-5.3245,19.0049,85.7581,-159.3861,5526.9160,5526.9160
586,0.52,13.8808,+0.5135,-5.3324,19.2132,99.3468,-156.9145,5426.5322,5426.5322
587,0.54,13.8948,-0.4524,-5.3174,19.2122,114.1668,-158.0798,5509.9497,5509.9497
588,0.53,14.6930,+0.0492,-5.3088,20.0018,111.3799,-154.6724,5314.4839,5314.4839
589,0.55,13.2570,+0.5832,-5.3655,18.6224,126.3406,-155.1085,5246.3428,5246.3428
590,0.54,13.6054,+0.0673,-5.3569,18.9624,98.8320,-156.4799,5369.0122,5369.0122
591,0.54,13.8184,-0.3583,-5.3389,19.1573,172.7228,-157.7200,5435.9092,5435.9092
592,0.55,14.0734,-0.6754,-5.3910,19.4644,128.3143,-157.1611,5460.1709,5460.1709
593,0.53,13.9190,-0.8095,-5.3820,19.3009,129.4547,-156.5768,5397.2690,5397.2690
594,0.53,13.8031,-0.2715,-5.3548,19.1579,59.0632,-154.7733,5272.1938,5272.1938
595,0.56,14.6116,+0.0703,-5.3364,19.9480,273.8557,-156.4759,5411.7510,5411.7510
596,0.53,13.7720,+1.7376,-5.3450,19.1170,210.9224,-155.7819,5365.2549,5365.2549
597,0.54,13.2044,+0.8724,-5.4212,18.6256,81.3133,-155.5912,5325.3848,5325.3848
598,0.55,15.2843,-0.3754,-5.3816,20.6659,375.2458,-158.1351,5605.5005,5605.5005
599,0.53,15.3069,-1.1323,-5.3819,20.6888,180.5994,-154.7652,5388.8682,5388.8682
600,0.54,13.3837,-0.0456,-5.3887,18.7724,111.7104,-157.3471,5449.5630,5449.5630
601,0.55,14.0205,-0.3889,-5.3976,19.4181,127.8154,-157.9459,5547.2832,5547.2832
602,0.54,13.1955,+0.2248,-5.3680,18.5634,100.9681,-158.6825,5511.7671,5511.7671
603,0.54,13.3245,+0.5515,-5.4072,18.7317,125.6165,-158.9122,5569.9297,5569.9297
604,0.53,13.5847,+0.4591,-5.3567,18.9414,87.9818,-156.3701,5373.2705,5373.2705
605,0.54,13.1790,+0.1799,-5.2995,18.4785,76.8732,-159.6695,5588.5078,5588.5078
606,0.53,12.1856,-0.3694,-5.3310,17.5166,116.5211,-161.3340,5607.1870,5607.1870
607,0.53,13.7001,+0.3204,-5.3313,19.0314,144.6098,-161.5113,5756.4551,5756.4551
608,0.53,13.8721,+0.6583,-5.3666,19.2387,100.4514,-162.2019,5767.2192,5767.2192
609,0.54,12.1413,+0.5125,-5.3555,17.4968,92.5702,-163.8397,5802.8301,5802.8301
610,0.53,13.1647,+0.2383,-5.3663,18.5310,102.9530,-162.2934,5740.9941,5740.9941
611,0.54,13.4167,+0.5358,-5.3434,18.7600,82.9775,-160.2915,5615.2422,5615.2422
612,0.53,13.6314,-0.2035,-5.3139,18.9453,91.7265,-163.6036,5825.1309,5825.1309
613,0.54,13.4166,-0.3504,-5.2958,18.7125,110.3998,-159.5978,5559.2944,5559.2944
614,0.54,12.9046,+0.0964,-5.3530,18.2576,102.9010,-161.7092,5677.8604,5677.8604
615,0.55,13.2709,-0.2425,-5.3106,18.5815,85.6064,-161.9249,5686.1104,5686.1104
616,0.51,12.5910,-0.6763,-5.2869,17.8779,72.9736,-163.7374,5753.8955,5753.8955
617,0.52,13.4511,-0.3485,-5.2789,18.7300,90.6900,-161.6861,5691.9707,5691.9707
618,0.54,13.2447,-0.6552,-5.3011,18.5457,81.5514,-162.0807,5720.6377,5720.6377
619,0.54,12.8252,-0.2939,-5.3209,18.1461,91.3895,-160.1250,5573.2539,5573.2539
620,0.53,12.8916,-0.6026,-5.3184,18.2100,76.3060,-161.6906,5690.2393,5690.2393
621,0.54,12.6803,-0.0634,-5.3236,18.0038,76.0322,-159.7531,5506.0293,5506.0293
622,0.52,12.6685,-0.0359,-5.3137,17.9822,91.8695,-163.2563,5741.4775,5741.4775
623,0.53,12.6541,-0.4181,-5.2990,17.9531,74.8060,-164.4502,5857.5537,5857.5537
624,0.53,11.9850,-0.3648,-5.3120,17.2970,94.5402,-164.1948,5790.3262,5790.3262
625,0.53,12.1237,-0.8927,-5.3320,17.4558,42.4176,-163.0384,5679.0352,5679.0352
626,0.54,12.7307,-0.1759,-5.3440,18.0747,61.0509,-163.6489,5739.5713,5739.5713
627,0.54,12.8880,+0.5597,-5.3296,18.2176,111.6771,-159.5193,5446.0166,5446.0166
628,0.52,13.2549,+0.0084,-5.3360,18.5909,194.8064,-162.4341,5676.8135,5676.8135
629,0.53,13.7032,+0.6771,-5.2991,19.0024,272.7628,-163.9609,5846.9487,5846.9487
630,0.53,13.6528,-0.6970,-5.3429,18.9957,363.9427,-162.8375,5748.5762,5748.5762
631,0.52,12.9210,-0.3315,-5.3186,18.2396,85.3559,-163.1467,5743.8384,5743.8384
632,0.52,12.9979,-1.0392,-5.2833,18.2812,116.4371,-163.5980,5772.7197,5772.7197
633,0.54,12.9423,+1.1985,-5.3375,18.2797,118.2776,-161.0464,5612.9639,5612.9639
634,0.52,12.6536,+0.6066,-5.3386,17.9922,88.4051,-162.1234,5673.0439,5673.0439
635,0.54,12.6186,-0.0419,-5.2991,17.9177,87.2785,-162.9671,5714.4453,5714.4453
636,0.52,13.6758,+0.5134,-5.3102,18.9860,98.3759,-161.5048,5679.8809,5679.8809
637,0.53,13.1764,+0.1507,-5.3419,18.5183,75.1693,-165.4617,5954.8560,5954.8560
638,0.54,12.2572,+0.1175,-5.3682,17.6254,105.5748,-164.0650,5775.1729,5775.1729
639,0.53,12.8558,+0.3995,-5.3711,18.2269,89.0149,-164.0889,5807.3574,5807.3574
640,0.54,12.1156,+0.4292,-5.3286,17.4441,96.2797,-167.2242,5980.7007,5980.7007
641,0.53,13.9192,-0.1180,-5.3264,19.2456,107.6940,-163.6033,5826.8682,5826.8682
642,0.54,12.4567,-0.2019,-5.3077,17.7643,83.9512,-163.3568,5741.6025,5741.6025
643,0.53,12.4422,+0.1097,-5.2721,17.7142,64.3900,-162.5813,5683.4199,5683.4199
644,0.54,12.6017,-0.3664,-5.2710,17.8727,90.1665,-165.6068,5914.1909,5914.1909
645,0.53,12.9948,+0.5624,-5.3298,18.3246,127.9265,-161.5700,5648.6216,5648.6216
646,0.53,12.4081,+0.2230,-5.3454,17.7535,119.4055,-161.8994,5621.8340,5621.8340
647,0.53,12.0247,+0.4295,-5.2901,17.3148,73.4516,-163.3002,5699.1177,5699.1177
648,0.55,12.8774,+1.2521,-5.3550,18.2324,702.6992,-162.0346,5693.7598,5693.7598
649,0.54,12.3716,+0.2319,-5.3163,17.6879,86.7266,-162.8706,5691.9165,5691.9165
650,0.53,12.4922,-0.0995,-5.2933,17.7856,170.6698,-165.5906,5884.2100,5884.2100
651,0.51,12.0423,+0.2445,-5.3221,17.3644,130.5540,-165.1447,5861.7100,5861.7100
652,0.53,12.2346,-0.2105,-5.3191,17.5538,107.2450,-166.8158,5993.1255,5993.1255
653,0.54,11.8100,-0.6129,-5.3502,17.1602,94.5287,-165.9788,5909.7295,5909.7295
654,0.53,13.8735,+0.5646,-5.2999,19.1734,708.9990,-162.0885,5747.3838,5747.3838
655,0.53,11.9959,+0.3114,-5.3108,17.3067,154.0454,-162.5658,5661.3530,5661.3530
656,0.56,11.5715,+0.2627,-5.3116,16.8832,76.4510,-161.7462,5592.7676,5592.7676
657,0.53,12.4190,+0.4937,-5.3278,17.7468,262.8303,-167.6557,6086.1514,6086.1514
658,0.53,12.3527,-0.0787,-5.3175,17.6702,176.9631,-165.4432,5920.7852,5920.7852
659,0.56,11.3525,+0.6392,-5.3657,16.7182,96.1215,-166.1211,5923.9912,5923.9912
660,0.54,11.5867,-0.0519,-5.3426,16.9293,100.4817,-160.4521,5562.1572,5562.1572
661,0.54,11.4985,+0.9354,-5.3687,16.8672,115.9110,-163.9265,5806.3486,5806.3486
662,0.53,11.8674,-0.3867,-5.3628,17.2303,149.1818,-162.7428,5754.0288,5754.0288
663,0.54,11.6401,+0.0071,-5.3845,17.0246,88.0247,-163.0106,5729.5518,5729.5518
664,0.52,12.3165,+0.5356,-5.3901,17.7066,605.9858,-163.0667,5822.9717,5822.9717
665,0.55,10.8967,-0.3508,-5.3902,16.2869,75.5147,-163.4169,5715.4004,5715.4004
666,0.55,10.9703,-0.6190,-5.3801,16.3505,129.6145,-163.4500,5743.8076,5743.8076
667,0.53,11.1558,+0.0662,-5.3721,16.5278,62.6684,-166.3410,5929.0059,5929.0059
668,0.53,11.0905,+0.1007,-5.3765,16.4669,93.9665,-165.5719,5876.5298,5876.5298
669,0.54,11.7432,-0.1246,-5.3482,17.0914,123.6318,-163.2360,5779.9355,5779.9355
670,0.54,11.0290,-0.1769,-5.4028,16.4317,76.7893,-162.8141,5702.3965,5702.3965
671,0.53,10.9294,+1.3441,-5.3742,16.3036,124.2123,-165.0027,5861.5327,5861.5327
672,0.55,10.5540,+0.0017,-5.3863,15.9403,52.9147,-166.5509,5904.7876,5904.7876
673,0.53,10.7280,+1.0654,-5.4039,16.1319,52.0968,-162.5935,5627.0000,5627.0000
674,0.54,12.4543,+0.3238,-5.3775,17.8318,697.4952,-166.7681,6047.5264,6047.5264
675,0.54,11.9120,-0.0726,-5.3918,17.3038,70.0076,-167.1998,6048.0132,6048.0132
676,0.54,10.1849,-0.4256,-5.4020,15.5869,96.6016,-163.6886,5710.7124,5710.7124
677,0.56,11.0803,-0.0990,-5.3988,16.4791,67.7779,-166.6703,5972.1816,5972.1816
678,0.54,10.1189,-0.1097,-5.4040,15.5229,105.8221,-162.4505,5646.2812,5646.2812
679,0.56,11.0644,+0.3523,-5.4053,16.4696,173.4583,-166.7589,5973.2319,5973.2319
680,0.54,12.4581,+0.1232,-5.3587,17.8168,296.4987,-166.4660,6016.1201,6016.1201
681,0.54,11.4220,+0.4546,-5.3873,16.8093,164.8354,-163.4379,5749.6445,5749.6445
682,0.52,12.4557,-0.2431,-5.3897,17.8454,770.2520,-162.4747,5747.6250,5747.6250
683,0.53,11.4254,-0.4243,-5.3645,16.7898,82.6759,-163.9827,5755.6543,5755.6543
684,0.55,10.8938,-0.2057,-5.4113,16.3051,76.5036,-164.4126,5766.3438,5766.3438
685,0.54,11.5401,-0.3789,-5.4103,16.9504,85.6848,-164.7460,5849.8857,5849.8857
686,0.55,11.4606,-0.3345,-5.3986,16.8591,86.8557,-164.7027,5830.0049,5830.0049
687,0.55,10.9290,-0.4780,-5.3814,16.3104,99.8419,-164.2954,5724.0005,5724.0005
688,0.55,11.1971,-0.0811,-5.3789,16.5761,77.2309,-162.5405,5652.5469,5652.5469
689,0.54,10.8364,-0.4614,-5.4122,16.2486,76.0182,-166.1877,5889.0327,5889.0327
690,0.55,10.6572,-0.7892,-5.3899,16.0471,113.0198,-164.0833,5744.0752,5744.0752
691,0.55,10.6904,+0.5250,-5.3809,16.0713,99.3522,-163.8426,5708.9844,5708.9844
692,0.53,11.0628,+0.2972,-5.3891,16.4519,126.9271,-164.4380,5790.1436,5790.1436
693,0.53,11.0829,-0.5696,-5.4187,16.5016,100.2790,-162.6455,5656.7666,5656.7666
694,0.53,11.7969,-0.9039,-5.4340,17.2310,292.4829,-165.3873,5894.9585,5894.9585
695,0.56,11.3784,-0.4615,-5.4084,16.7868,308.1379,-166.5626,5979.1343,5979.1343
696,0.53,11.0772,+0.1800,-5.4019,16.4790,101.4284,-167.0925,5972.9248,5972.9248
697,0.53,10.4175,-0.4617,-5.3978,15.8153,75.9268,-166.2489,5885.1372,5885.1372
698,0.55,10.6622,-0.3892,-5.3938,16.0560,79.4468,-166.6739,5939.0000,5939.0000
699,0.54,10.5718,-0.5716,-5.3923,15.9640,79.3715,-166.8666,5902.6987,5902.6987
700,0.54,10.8080,-0.3959,-5.4068,16.2148,84.1333,-170.1559,6185.8682,6185.8682
701,0.54,11.5344,-0.5468,-5.3662,16.9005,107.0346,-165.7060,5934.2007,5934.2007
702,0.52,10.9937,+0.0992,-5.3955,16.3893,96.6061,-169.3684,6139.2007,6139.2007
703,0.53,10.4917,-0.2425,-5.4280,15.9198,83.6605,-166.3561,5890.8940,5890.8940
704,0.52,11.8158,+0.8746,-5.4415,17.2573,92.8451,-166.9920,6010.3267,6010.3267
705,0.54,10.8320,+1.1701,-5.4916,16.3235,159.5715,-167.5249,6028.8716,6028.8716
706,0.53,10.7048,+0.5690,-5.4427,16.1474,94.9395,-164.3663,5765.9287,5765.9287
707,0.54,10.4284,+0.0131,-5.4536,15.8820,95.9770,-161.7217,5582.2686,5582.2686
708,0.53,10.9591,-0.4164,-5.4300,16.3891,126.4582,-162.9243,5693.6211,5693.6211
709,0.53,12.4735,+0.0021,-5.4293,17.9028,679.7356,-164.2963,5885.3486,5885.3486
710,0.53,12.0556,-1.1245,-5.4100,17.4656,386.9670,-164.5512,5869.2549,5869.2549
711,0.55,11.4458,+0.1391,-5.4354,16.8812,638.7640,-163.3203,5734.1221,5734.1221
712,0.56,12.1549,+0.4374,-5.4479,17.6028,909.4377,-165.9139,5965.9072,5965.9072
713,0.53,10.2043,+0.2556,-5.4890,15.6932,92.7300,-162.1864,5618.7349,5618.7349
714,0.52,10.5521,-0.5188,-5.4764,16.0285,152.0856,-165.5373,5864.6489,5864.6489
715,0.53,10.7296,-0.4625,-5.4589,16.1886,88.1009,-166.0341,5875.6353,5875.6353
716,0.54,11.0508,+0.2065,-5.4382,16.4890,237.1337,-165.8333,5896.0830,5896.0830
717,0.54,10.2577,+0.6211,-5.4205,15.6782,139.9073,-165.6747,5875.9673,5875.9673
718,0.54,10.9442,+0.1076,-5.4427,16.3869,100.5804,-165.6628,5928.7686,5928.7686
719,0.54,10.3821,+0.2176,-5.4348,15.8169,94.7439,-164.7848,5820.8311,5820.8311
720,0.54,11.4581,-1.1889,-5.4354,16.8934,100.0562,-164.4407,5839.8682,5839.8682
721,0.53,10.8435,-0.0901,-5.4304,16.2739,93.7085,-166.0831,5924.5630,5924.5630
722,0.55,10.2889,-0.1414,-5.4018,15.6908,89.1703,-163.4016,5704.2471,5704.2471
723,0.55,9.6067,-0.1755,-5.3992,15.0058,100.3112,-166.3951,5850.5508,5850.5508
724,0.53,11.2355,+0.1832,-5.3607,16.5962,110.5255,-166.4031,5939.4771,5939.4771
725,0.55,10.6117,-0.3540,-5.3438,15.9555,94.7959,-164.3614,5738.2148,5738.2148
726,0.53,10.9861,-0.1353,-5.3714,16.3576,195.1753,-166.1469,5879.6411,5879.6411
727,0.55,10.9666,-0.7662,-5.4326,16.3992,107.7635,-163.8284,5703.5103,5703.5103
728,0.52,10.9330,+0.0790,-5.4149,16.3479,331.3748,-165.0955,5803.0283,5803.0283
729,0.53,10.7822,-0.2319,-5.4406,16.2228,119.8274,-166.2133,5882.4971,5882.4971
730,0.52,11.2578,+0.4992,-5.4571,16.7149,396.1275,-166.2240,5914.8018,5914.8018
731,0.53,10.6995,+0.4406,-5.4332,16.1327,104.0893,-164.4827,5756.9150,5756.9150
732,0.53,10.0101,+0.5852,-5.4559,15.4660,52.4857,-168.0251,5971.1924,5971.1924
733,0.54,9.8304,-0.0807,-5.4516,15.2820,59.6247,-166.9162,5860.2295,5860.2295
734,0.54,9.5101,+0.2629,-5.4184,14.9285,131.3609,-167.1632,5839.7764,5839.7764
735,0.54,8.9131,+0.2657,-5.4440,14.3572,84.1847,-166.4435,5793.2876,5793.2876
736,0.56,10.1254,+0.3420,-5.4422,15.5676,109.7498,-170.4484,6130.6470,6130.6470
737,0.54,11.0501,-0.2231,-5.4160,16.4661,115.9399,-169.7116,6114.0850,6114.0850
738,0.53,11.5331,-0.4745,-5.4187,16.9517,382.9885,-167.8073,5999.4673,5999.4673
739,0.53,10.0942,-0.3142,-5.4154,15.5096,132.2674,-168.3069,5977.0703,5977.0703
740,0.54,10.4234,-0.5618,-5.4160,15.8394,112.3066,-166.1393,5846.0459,5846.0459
741,0.53,10.4986,+0.0816,-5.3668,15.8654,64.5958,-167.1253,5898.5571,5898.5571
742,0.55,9.3854,-0.1773,-5.4375,14.8229,187.4848,-167.6399,5875.4463,5875.4463
743,0.54,10.2968,+0.1574,-5.4524,15.7492,149.1026,-165.9566,5841.1533,5841.1533
744,0.53,10.5960,-0.3624,-5.4715,16.0675,159.2929,-164.7252,5769.3706,5769.3706
745,0.54,10.2352,+0.0032,-5.4414,15.6766,115.1379,-163.9870,5715.8271,5715.8271
746,0.52,10.4325,-0.1806,-5.4473,15.8799,52.6866,-163.6105,5699.8984,5699.8984
747,0.55,10.3987,-0.3954,-5.4400,15.8387,58.4637,-164.3914,5758.6338,5758.6338
748,0.55,9.9022,+0.2219,-5.4271,15.3294,111.8993,-162.9285,5643.8931,5643.8931
749,0.53,9.8199,+0.3035,-5.4252,15.2451,74.6165,-165.6525,5795.8701,5795.8701
750,0.54,10.9597,-0.1424,-5.4091,16.3688,117.0783,-165.9688,5899.8804,5899.8804
751,0.54,9.9120,-0.4018,-5.3877,15.2997,86.0365,-165.6935,5784.9873,5784.9873
752,0.53,10.5801,-0.0565,-5.3846,15.9647,76.1509,-167.6170,5967.5850,5967.5850
753,0.52,9.9104,+0.7025,-5.3989,15.3093,79.3573,-167.4599,5933.0747,5933.0747
754,0.53,9.7210,-0.6079,-5.3787,15.0997,78.9563,-167.1783,5904.5029,5904.5029
755,0.53,9.6899,+0.3836,-5.4431,15.1330,49.3670,-166.9878,5900.0342,5900.0342
756,0.55,9.7704,+0.0268,-5.4532,15.2237,92.9254,-169.7827,6092.1963,6092.1963
757,0.54,10.0532,-0.7334,-5.4398,15.4930,184.8439,-166.7664,5897.8247,5897.8247
758,0.54,9.3779,+0.2009,-5.4315,14.8094,75.4434,-167.3972,5905.0762,5905.0762
759,0.54,9.7507,+0.4047,-5.4350,15.1857,91.9273,-164.8783,5747.4722,5747.4722
760,0.53,10.0378,-0.1784,-5.4441,15.4819,205.2997,-162.4588,5625.7402,5625.7402
761,0.55,9.2026,-0.1789,-5.4357,14.6383,99.5395,-164.1071,5647.3535,5647.3535
762,0.54,9.2217,-0.4055,-5.4729,14.6946,44.5708,-166.2079,5847.7070,5847.7070
763,0.55,9.3095,-0.0286,-5.4149,14.7244,115.3846,-168.5157,5998.7515,5998.7515
764,0.55,9.0221,+0.5153,-5.4321,14.4543,100.3541,-168.0142,5942.0210,5942.0210
765,0.54,9.5070,+0.2959,-5.4238,14.9308,101.4331,-169.2721,6079.5918,6079.5918
766,0.55,9.3539,-0.5529,-5.4460,14.7999,82.2953,-168.3321,6000.3062,6000.3062
767,0.53,9.6760,-0.1012,-5.4630,15.1390,213.9370,-169.3756,6112.5986,6112.5986
768,0.54,9.3915,-0.1044,-5.4762,14.8676,111.7980,-168.1773,6010.5557,6010.5557
769,0.55,9.1679,-0.0151,-5.4818,14.6497,57.7742,-166.0798,5847.7871,5847.7871
770,0.55,9.6187,-0.2017,-5.4892,15.1078,68.8279,-166.7477,5912.8145,5912.8145
771,0.54,9.9003,-0.1071,-5.4922,15.3925,89.3676,-164.2660,5743.3389,5743.3389
772,0.54,9.9862,-0.0152,-5.4652,15.4515,69.3629,-163.5779,5684.3550,5684.3550
773,0.55,10.0046,-0.5466,-5.4494,15.4541,82.3077,-169.8857,6130.1025,6130.1025
774,0.54,9.6733,-0.1050,-5.4774,15.1507,118.6650,-166.1633,5872.6133,5872.6133
775,0.54,8.9371,+0.0006,-5.5211,14.4582,281.8708,-166.1780,5824.3174,5824.3174
776,0.52,10.0434,+0.5015,-5.4659,15.5093,183.4226,-163.9923,5744.0239,5744.0239
777,0.55,9.0138,+0.4737,-5.4691,14.4829,97.6261,-167.0419,5895.0103,5895.0103
778,0.56,9.6683,+0.4816,-5.4168,15.0851,94.5673,-168.0072,5978.2368,5978.2368
779,0.55,10.8478,-0.4406,-5.4116,16.2594,197.9145,-166.6428,5939.9917,5939.9917
780,0.53,9.0224,+0.2777,-5.4312,14.4536,61.1077,-167.4117,5908.7168,5908.7168
781,0.54,10.6658,-0.1583,-5.3699,16.0358,180.0574,-168.1821,6031.2495,6031.2495
782,0.55,10.4857,-0.0748,-5.3790,15.8647,127.4665,-166.6992,5927.2617,5927.2617
783,0.55,9.4773,-0.6944,-5.4186,14.8960,109.1524,-164.3756,5710.5850,5710.5850
784,0.54,9.6710,-1.1438,-5.4493,15.1203,141.3504,-169.3728,6065.4771,6065.4771
785,0.53,8.8489,-0.3498,-5.4589,14.3078,69.5498,-169.2167,6028.0703,6028.0703
786,0.53,10.0378,-0.3777,-5.4635,15.5013,89.4422,-163.9683,5711.7817,5711.7817
787,0.53,9.6883,-0.4309,-5.4539,15.1422,75.1868,-166.2409,5873.5112,5873.5112
788,0.55,9.7342,-0.4546,-5.4255,15.1597,218.9583,-165.3271,5824.0908,5824.0908
789,0.53,9.7250,+0.0988,-5.4530,15.1780,70.2143,-167.9310,5975.0728,5975.0728
790,0.54,9.6025,-0.1402,-5.4592,15.0617,104.1372,-169.5994,6101.4092,6101.4092
791,0.56,8.7517,-1.2976,-5.4457,14.1974,91.2791,-168.9532,5998.2266,5998.2266
792,0.54,9.4112,-0.3417,-5.4399,14.8512,69.7216,-171.4862,6151.6831,6151.6831
793,0.54,9.7451,+0.1118,-5.4583,15.2034,77.0530,-168.3870,6001.4937,6001.4937
794,0.53,9.4142,-0.0359,-5.4243,14.8385,238.7886,-171.1493,6181.0962,6181.0962
795,0.55,9.9751,+1.4630,-5.4165,15.3916,421.2932,-170.2509,6192.5435,6192.5435
796,0.55,8.9755,+1.1910,-5.4350,14.4105,81.8217,-167.8275,5928.4658,5928.4658
797,0.52,9.2815,+0.1189,-5.4426,14.7241,85.9745,-172.2453,6271.3926,6271.3926
798,0.53,9.3892,+0.7004,-5.4306,14.8198,69.2202,-173.0081,6293.7100,6293.7100
799,0.54,9.0338,+0.1206,-5.4284,14.4622,121.1143,-172.1959,6230.8467,6230.8467
800,0.55,9.5634,+0.3886,-5.3860,14.9494,101.8359,-174.7373,6419.1431,6419.1431
801,0.53,9.1955,+0.4694,-5.3971,14.5926,72.8718,-175.1194,6434.0303,6434.0303
802,0.53,10.2291,+0.3618,-5.3743,15.6034,65.8718,-172.0764,6270.3135,6270.3135
803,0.54,9.7635,-0.2808,-5.3880,15.1515,188.9963,-169.7808,6066.2197,6066.2197
804,0.54,9.8328,-0.3687,-5.4169,15.2497,64.8402,-169.6619,6055.6235,6055.6235
805,0.52,9.4837,-0.1134,-5.4335,14.9173,96.4875,-169.5524,6059.6016,6059.6016
806,0.55,9.7395,-0.1434,-5.4597,15.1992,97.4377,-171.0161,6201.8301,6201.8301
807,0.54,9.1668,-0.5582,-5.4625,14.6294,103.5003,-169.9548,6089.2769,6089.2769
808,0.56,8.5032,-0.5757,-5.4640,13.9671,106.0786,-171.3126,6124.1948,6124.1948
809,0.55,8.7587,+0.0535,-5.4641,14.2227,73.2882,-169.2465,6004.4678,6004.4678
810,0.57,8.9650,-0.3756,-5.4653,14.4303,73.5412,-168.9197,6005.6631,6005.6631
811,0.55,9.2564,+0.0065,-5.4559,14.7123,84.4681,-166.6101,5865.8311,5865.8311
812,0.55,9.1249,-0.3527,-5.4595,14.5844,79.7579,-169.3022,6022.6050,6022.6050
813,0.55,8.8618,+0.1145,-5.4523,14.3141,75.7556,-169.5575,6034.5942,6034.5942
814,0.53,8.2477,+0.4306,-5.4762,13.7240,80.0485,-168.7407,5931.3896,5931.3896
815,0.53,8.9291,-0.0875,-5.4209,14.3501,68.2501,-170.7596,6111.7515,6111.7515
816,0.54,8.5180,-0.0993,-5.4628,13.9808,89.7675,-172.9369,6241.0752,6241.0752
817,0.55,9.1877,+0.6653,-5.4561,14.6438,73.9634,-169.9927,6073.5747,6073.5747
818,0.55,9.4895,+0.2280,-5.4665,14.9559,50.9999,-175.2919,6478.2910,6478.2910
819,0.55,9.1415,-0.0435,-5.4326,14.5741,93.1263,-173.2356,6300.8613,6300.8613
820,0.56,8.7587,+0.7334,-5.4378,14.1965,80.7255,-170.4098,6085.9521,6085.9521
821,0.54,8.9363,-0.3108,-5.4588,14.3952,79.5750,-170.8373,6115.6138,6115.6138
822,0.54,9.3267,+0.0623,-5.4909,14.8175,215.8093,-170.3057,6165.5059,6165.5059
823,0.54,9.1217,+0.7191,-5.4820,14.6037,86.6250,-167.4973,5917.0615,5917.0615
824,0.55,8.9961,+0.4406,-5.5117,14.5077,84.8455,-168.8423,5993.6055,5993.6055
825,0.55,8.4134,+0.7149,-5.4907,13.9041,91.8520,-168.3811,5918.7139,5918.7139
826,0.55,8.8604,+0.4250,-5.4931,14.3535,65.9232,-169.1445,6026.5801,6026.5801
827,0.54,8.7699,-0.1756,-5.5024,14.2723,62.9581,-169.4895,6062.3521,6062.3521
828,0.53,8.7535,+0.2909,-5.4710,14.2245,103.6223,-169.6640,6044.1924,6044.1924
829,0.56,9.4268,+0.8118,-5.4693,14.8961,98.6226,-168.4770,5986.2910,5986.2910
830,0.56,9.0997,+0.4670,-5.4745,14.5741,78.7702,-167.8169,5959.8521,5959.8521
831,0.55,9.7635,+0.4713,-5.4463,15.2098,99.7097,-166.8426,5902.0093,5902.0093
832,0.53,9.3502,+0.0556,-5.4554,14.8056,156.9395,-172.1993,6262.7393,6262.7393
833,0.54,9.5112,-0.1753,-5.4499,14.9611,109.1709,-169.9401,6112.8623,6112.8623
834,0.56,8.7898,+0.8638,-5.4683,14.2581,72.7449,-165.7328,5783.0864,5783.0864
835,0.56,8.7722,-0.6515,-5.4395,14.2117,81.8564,-170.4228,6103.5596,6103.5596
836,0.55,8.5681,-0.0621,-5.4387,14.0068,94.8032,-170.5971,6108.8857,6108.8857
837,0.54,11.2453,+0.8589,-5.4134,16.6586,1432.3843,-166.2940,5982.7148,5982.7148
838,0.55,9.5770,-0.6147,-5.4212,14.9981,380.5637,-164.8266,5789.2803,5789.2803
839,0.56,9.0761,+0.3572,-5.4437,14.5198,396.5928,-163.8511,5726.6680,5726.6680
840,0.55,9.8431,-0.7739,-5.4508,15.2940,140.0054,-164.8393,5799.4746,5799.4746
841,0.56,9.3775,+0.1329,-5.4399,14.8174,73.9983,-165.6651,5808.6289,5808.6289
842,0.55,9.4974,+0.2481,-5.4434,14.9408,119.4627,-165.6606,5820.4707,5820.4707
843,0.57,8.8297,-0.1127,-5.4419,14.2716,120.7680,-166.4087,5839.1401,5839.1401
844,0.55,10.5812,+0.3369,-5.4510,16.0322,296.8123,-169.2469,6084.7261,6084.7261
845,0.52,9.0300,-0.8749,-5.4239,14.4539,96.2023,-170.0639,6082.2148,6082.2148
846,0.55,9.2296,-0.1166,-5.4378,14.6673,85.3579,-167.1680,5885.1104,5885.1104
847,0.55,9.1147,-0.5361,-5.4668,14.5815,68.3928,-166.6108,5862.5947,5862.5947
848,0.56,9.1611,-0.3355,-5.4486,14.6097,96.5719,-167.8799,5958.6250,5958.6250
849,0.55,9.6428,-0.3066,-5.4238,15.0666,66.9606,-166.5852,5882.4736,5882.4736
850,0.56,10.6710,-0.0474,-5.4254,16.0964,375.9826,-170.2844,6215.3447,6215.3447
851,0.54,10.2146,-0.1752,-5.4091,15.6237,112.2238,-171.7572,6272.9331,6272.9331
852,0.54,9.5229,-0.6310,-5.4613,14.9842,219.8159,-171.2944,6254.0117,6254.0117
853,0.53,9.7440,+0.5072,-5.4414,15.1854,122.6823,-172.6709,6360.2759,6360.2759
854,0.56,8.9472,-0.0084,-5.4635,14.4107,90.8808,-171.6279,6229.8638,6229.8638
855,0.53,8.8408,-0.5144,-5.4666,14.3075,60.4597,-171.9672,6257.4316,6257.4316
856,0.54,10.5233,+0.5553,-5.4877,16.0110,136.8174,-166.1170,5915.2065,5915.2065
857,0.55,9.0945,+0.2043,-5.4637,14.5582,58.5075,-169.0630,6025.3950,6025.3950
858,0.54,9.9114,+0.3577,-5.4943,15.4057,240.7680,-168.1055,6040.3711,6040.3711
859,0.54,8.9101,-0.3480,-5.4412,14.3513,104.8259,-167.2503,5891.2734,5891.2734
860,0.54,9.0202,-0.0416,-5.4906,14.5108,92.2068,-170.1865,6104.1714,6104.1714
861,0.53,9.4901,-0.2340,-5.4781,14.9682,72.2726,-166.1257,5810.8516,5810.8516
862,0.55,9.2942,+0.1319,-5.4496,14.7438,90.5224,-167.0339,5880.9175,5880.9175
863,0.53,9.0084,+0.4885,-5.4651,14.4735,75.3144,-171.7764,6214.3086,6214.3086
864,0.55,9.0244,-0.5483,-5.4569,14.4813,73.9757,-169.5381,6059.3027,6059.3027
865,0.54,8.4129,+0.4211,-5.4830,13.8958,76.9927,-172.7462,6214.3799,6214.3799
866,0.54,9.0841,+0.0479,-5.4518,14.5360,80.6801,-171.1572,6163.8223,6163.8223
867,0.55,8.8204,+0.3668,-5.4684,14.2888,68.9144,-171.0255,6118.2422,6118.2422
868,0.54,9.7148,-0.0011,-5.4846,15.1994,84.3363,-170.2748,6143.1763,6143.1763
869,0.53,8.8094,+0.9134,-5.4775,14.2869,74.2536,-170.5783,6126.3359,6126.3359
870,0.54,8.2588,+0.0198,-5.4817,13.7406,70.3883,-171.1568,6158.8584,6158.8584
871,0.55,8.6294,-0.4130,-5.4846,14.1140,82.4907,-170.1883,6073.2334,6073.2334
872,0.54,8.1485,-0.7490,-5.4860,13.6345,82.0548,-171.1620,6134.7119,6134.7119
873,0.53,8.7315,+0.2726,-5.4899,14.2213,77.5514,-172.8312,6259.4912,6259.4912
874,0.54,8.7684,-0.5665,-5.4732,14.2416,67.9291,-171.2067,6149.9453,6149.9453
875,0.53,9.3601,-0.0655,-5.4275,14.7876,69.1093,-171.2402,6188.7363,6188.7363
876,0.55,9.0710,+0.7034,-5.4724,14.5434,86.0368,-169.3278,6043.7666,6043.7666
877,0.53,8.7088,+0.9062,-5.4723,14.1811,107.7803,-170.2844,6088.8369,6088.8369
878,0.54,9.4627,+0.4859,-5.4884,14.9511,110.9639,-166.4998,5876.1006,5876.1006
879,0.55,9.0496,+0.0439,-5.4991,14.5488,131.7891,-168.9717,6030.9541,6030.9541
880,0.55,8.9098,+0.8670,-5.4761,14.3859,144.5676,-167.8128,5915.3047,5915.3047
881,0.53,9.5811,+0.5283,-5.4814,15.0625,131.2377,-165.7388,5802.3022,5802.3022
882,0.53,9.3685,+0.0487,-5.4975,14.8660,138.7652,-166.4583,5870.9863,5870.9863
883,0.52,9.7400,-0.2917,-5.5049,15.2449,92.6265,-165.2470,5798.4707,5798.4707
884,0.54,9.4211,+0.4748,-5.4857,14.9068,97.4811,-171.7747,6218.2642,6218.2642
885,0.55,9.7029,+0.2258,-5.5064,15.2093,133.7298,-168.8567,6044.9150,6044.9150
886,0.53,9.2193,-0.9819,-5.4786,14.6980,98.0397,-167.9137,5958.1235,5958.1235
887,0.53,9.2726,-0.3392,-5.4520,14.7247,115.6487,-167.3352,5888.4263,5888.4263
888,0.54,9.5369,-0.7386,-5.5070,15.0439,123.1396,-171.0146,6174.3271,6174.3271
889,0.53,9.3766,-0.3773,-5.4811,14.8577,81.6333,-169.9169,6107.2783,6107.2783
890,0.54,8.8814,+0.0987,-5.4803,14.3617,109.5586,-172.9151,6275.8232,6275.8232
891,0.54,9.7241,+0.3295,-5.5201,15.2442,345.9977,-171.0164,6189.8755,6189.8755
892,0.52,8.9382,+0.2668,-5.5339,14.4721,107.4656,-170.9538,6147.8350,6147.8350
893,0.53,8.1492,-0.1399,-5.5383,13.6875,133.8464,-172.4289,6225.7461,6225.7461
894,0.54,9.2156,-0.3109,-5.4899,14.7055,80.4035,-169.8587,6105.0166,6105.0166
895,0.54,9.2617,+0.3376,-5.4717,14.7334,78.0082,-170.1953,6121.8604,6121.8604
896,0.52,9.8199,+0.2880,-5.4680,15.2879,93.7005,-168.9706,6051.0576,6051.0576
897,0.54,9.1395,-1.0213,-5.4834,14.6228,253.6450,-168.5640,5967.2432,5967.2432
898,0.54,9.4087,+0.6746,-5.4771,14.8858,240.7282,-170.9923,6158.5610,6158.5610
899,0.56,10.1565,+1.5198,-5.4627,15.6192,678.3208,-170.1781,6127.0908,6127.0908
900,0.52,11.9447,-0.6920,-5.4553,17.4001,2445.6367,-169.3101,6204.8984,6204.8984
901,0.51,9.5507,+0.1884,-5.4732,15.0239,173.3413,-169.4055,6061.9150,6061.9150
902,0.54,8.8785,-0.3288,-5.4526,14.3311,100.4171,-169.5687,6069.5293,6069.5293
903,0.51,10.1572,+0.5165,-5.4561,15.6133,923.7124,-171.9920,6296.7861,6296.7861
904,0.53,9.1614,+0.3002,-5.4499,14.6112,87.4306,-169.3695,6043.3047,6043.3047
905,0.52,8.9289,+0.7246,-5.4418,14.3707,96.0220,-170.3876,6089.5869,6089.5869
906,0.51,8.9362,+0.5164,-5.4420,14.3782,133.6904,-174.6471,6390.4937,6390.4937
907,0.55,8.2668,-0.1552,-5.4238,13.6905,156.0670,-173.0585,6209.3838,6209.3838
908,0.54,9.4598,+0.4911,-5.4452,14.9050,197.0762,-173.5559,6360.8594,6360.8594
909,0.53,6.7142,+0.9905,-5.4414,12.1555,1029.5599,-174.5327,6264.0864,6264.0864
910,0.54,9.3651,+2.1386,-5.4434,14.8085,84.7539,-172.1878,6249.9971,6249.9971
911,0.53,8.7381,+0.3388,-5.4147,14.1528,75.3154,-170.7470,6150.0674,6150.0674
912,0.54,8.6415,+0.5858,-5.4485,14.0899,66.5677,-172.8059,6279.7734,6279.7734
913,0.52,8.7769,-0.2485,-5.4389,14.2158,64.6400,-176.0226,6486.4385,6486.4385
914,0.53,7.9977,+0.8586,-5.4530,13.4507,96.9547,-173.9823,6297.2441,6297.2441
915,0.52,9.4156,+0.4915,-5.4338,14.8494,278.4080,-171.9901,6222.3232,6222.3232
916,0.53,8.6888,-0.3117,-5.4171,14.1059,82.5023,-172.0233,6202.9971,6202.9971
917,0.51,7.1080,-0.4159,-5.4402,12.5483,134.2639,-176.1104,6380.8584,6380.8584
918,0.56,8.9262,+0.7726,-5.4764,14.4026,105.1921,-178.4105,6669.2432,6669.2432
919,0.55,8.0481,-0.0350,-5.4734,13.5215,45.6019,-174.7493,6337.1987,6337.1987
920,0.54,8.0701,+0.2287,-5.4675,13.5376,73.0482,-177.2659,6506.2969,6506.2969
921,0.56,7.6774,+0.2005,-5.4432,13.1207,53.9606,-175.9687,6379.0732,6379.0732
922,0.55,8.2605,-0.1821,-5.4493,13.7097,95.7139,-175.5446,6377.4312,6377.4312
923,0.53,7.8036,+0.4436,-5.4887,13.2923,51.0657,-170.7202,6024.6475,6024.6475
924,0.54,7.7645,-0.0923,-5.4514,13.2159,58.0805,-171.7014,6106.2773,6106.2773
925,0.55,8.4852,+0.4377,-5.4305,13.9157,227.1384,-171.9204,6141.2988,6141.2988
926,0.56,8.5270,-0.4184,-5.3842,13.9112,58.0212,-174.7595,6362.7749,6362.7749
927,0.53,7.8458,-0.5879,-5.4415,13.2873,55.0897,-174.7612,6339.7671,6339.7671
928,0.55,7.6000,+0.5403,-5.4261,13.0261,109.1114,-177.3064,6532.6938,6532.6938
929,0.53,8.1769,+0.4845,-5.4359,13.6128,94.7213,-179.3465,6711.8472,6711.8472
930,0.54,7.9083,+0.6198,-5.4353,13.3437,82.1236,-176.1400,6466.9258,6466.9258
931,0.54,7.3694,+0.8348,-5.4210,12.7904,123.6251,-176.5392,6441.2021,6441.2021
932,0.54,8.2347,+0.0733,-5.4284,13.6631,76.0250,-177.0279,6503.2070,6503.2070
933,0.55,7.8346,+0.1437,-5.4495,13.2841,77.6411,-173.2250,6227.4497,6227.4497
934,0.52,8.8106,-0.0073,-5.4323,14.2428,79.0919,-175.2984,6427.3604,6427.3604
935,0.56,9.0994,+0.3191,-5.4587,14.5582,77.3112,-175.2839,6446.0098,6446.0098
936,0.54,8.5037,+0.2701,-5.4316,13.9354,93.9631,-175.0980,6400.8745,6400.8745
937,0.56,8.0959,+0.5862,-5.4422,13.5381,97.9765,-176.2290,6471.7041,6471.7041
938,0.54,8.2864,+0.3762,-5.4544,13.7409,86.2897,-175.7641,6436.4355,6436.4355
939,0.52,7.7715,-0.0011,-5.4098,13.1812,75.6572,-174.8696,6331.9541,6331.9541
940,0.56,7.7513,+0.1660,-5.4260,13.1774,88.3308,-175.2016,6364.9414,6364.9414
941,0.54,8.3111,+0.5406,-5.4555,13.7665,100.1163,-174.1060,6326.3042,6326.3042
942,0.54,7.7403,+0.2670,-5.4380,13.1783,60.6991,-175.2619,6375.9883,6375.9883
943,0.53,7.5510,+0.0943,-5.4405,12.9915,82.0586,-177.4018,6536.9502,6536.9502
944,0.54,7.8269,+0.7576,-5.4205,13.2474,46.0456,-177.1590,6528.4932,6528.4932
945,0.54,7.7473,+0.0018,-5.4354,13.1828,68.4922,-179.7507,6712.1489,6712.1489
946,0.55,7.6724,+0.1122,-5.4345,13.1069,79.7946,-176.6283,6484.3125,6484.3125
947,0.56,7.8723,+0.6039,-5.4252,13.2975,62.9240,-176.8327,6517.0215,6517.0215
948,0.55,7.9960,-1.0094,-5.4181,13.4141,59.3786,-174.8066,6343.3652,6343.3652
949,0.55,7.9708,-0.4932,-5.4549,13.4257,77.0842,-174.3120,6332.0659,6332.0659
950,0.55,7.4472,-0.6566,-5.4500,12.8972,73.6833,-174.5834,6298.6445,6298.6445
951,0.57,8.1737,-0.2463,-5.4444,13.6181,80.6977,-175.7791,6473.8594,6473.8594
952,0.53,7.6915,+0.2822,-5.4361,13.1276,96.6530,-173.8112,6276.5396,6276.5396
953,0.55,8.3481,-0.5884,-5.4643,13.8124,95.1170,-172.6630,6236.1367,6236.1367
954,0.56,8.2246,-0.7133,-5.4443,13.6689,80.7201,-172.5828,6221.5991,6221.5991
955,0.55,7.8853,-0.1469,-5.4311,13.3164,67.4096,-174.8877,6375.7710,6375.7710
956,0.53,7.7440,-0.5859,-5.4716,13.2155,70.3758,-176.3551,6483.8252,6483.8252
957,0.54,7.6510,+0.4156,-5.4853,13.1363,57.2638,-173.7934,6297.0151,6297.0151
958,0.55,8.0406,-0.3588,-5.4652,13.5059,68.8742,-173.7422,6307.1016,6307.1016
959,0.55,8.1090,+0.0016,-5.4684,13.5774,58.8923,-171.8212,6201.4204,6201.4204
960,0.56,7.4728,+0.4203,-5.4767,12.9495,59.5096,-174.9513,6343.8833,6343.8833
961,0.55,7.3697,-0.1638,-5.4894,12.8591,66.0499,-176.0467,6444.8037,6444.8037
962,0.55,8.0288,-0.8950,-5.5038,13.5326,48.8638,-177.2736,6597.7915,6597.7915
963,0.55,7.7406,+0.5070,-5.4611,13.2017,63.8832,-174.4272,6353.3867,6353.3867
964,0.56,7.3676,+0.5064,-5.4894,12.8570,54.0548,-174.6140,6338.2725,6338.2725
965,0.54,7.3055,-0.2338,-5.4779,12.7834,60.6431,-174.6256,6346.9961,6346.9961
966,0.53,7.6461,+0.0743,-5.4851,13.1312,58.0384,-174.8914,6386.7119,6386.7119
967,0.54,7.3188,+0.0948,-5.5344,12.8531,101.8403,-172.3751,6163.9873,6163.9873
968,0.56,7.6013,+0.2586,-5.4864,13.0877,150.1952,-172.7230,6222.9648,6222.9648
969,0.54,7.1221,-0.6638,-5.4857,12.6078,69.3282,-171.8487,6140.9990,6140.9990
970,0.56,7.3092,-0.1903,-5.5209,12.8301,83.2915,-169.7256,6028.6060,6028.6060
971,0.55,7.2921,-0.6604,-5.5193,12.8114,101.2925,-169.6414,5982.1196,5982.1196
972,0.57,8.4509,+0.0097,-5.5505,14.0014,98.9510,-170.9632,6112.3047,6112.3047
973,0.55,7.8809,-0.0563,-5.5242,13.4051,96.9241,-170.6838,6069.7969,6069.7969
974,0.54,8.3012,-0.1650,-5.5432,13.8445,81.7018,-170.0055,6040.9961,6040.9961
975,0.57,7.0009,+0.2220,-5.5557,12.5565,65.3442,-168.0080,5853.6523,5853.6523
976,0.55,6.9769,-0.5136,-5.5372,12.5141,67.5169,-168.5672,5869.3760,5869.3760
977,0.56,6.8101,+0.3940,-5.5234,12.3335,193.7687,-171.7506,6140.9941,6140.9941
978,0.55,7.5554,-0.7379,-5.5430,13.0984,82.5638,-170.8790,6114.1006,6114.1006
979,0.54,7.9316,+0.0209,-5.5572,13.4889,56.0753,-169.9300,6043.6880,6043.6880
980,0.54,7.3115,+0.2081,-5.5146,12.8261,188.0661,-173.5243,6234.6670,6234.6670
981,0.55,7.9329,+0.0161,-5.5295,13.4624,68.2150,-173.1015,6228.1387,6228.1387
982,0.55,6.9744,+0.4637,-5.5173,12.4917,90.5335,-174.4737,6294.9824,6294.9824
983,0.55,7.4768,-0.2034,-5.5210,12.9978,120.0830,-175.3403,6405.5312,6405.5312
984,0.55,7.7640,-0.3428,-5.5056,13.2696,60.9098,-172.0894,6180.1318,6180.1318
985,0.55,8.9164,+0.5711,-5.5166,14.4330,1564.5182,-172.4030,6278.1011,6278.1011
986,0.53,8.0191,-1.0044,-5.5024,13.5215,217.9191,-172.4956,6260.4004,6260.4004
987,0.57,7.1096,-0.1546,-5.5097,12.6193,37.4008,-173.0426,6232.2407,6232.2407
988,0.57,7.3031,+0.9927,-5.4686,12.7717,59.6905,-173.9421,6279.0820,6279.0820
989,0.54,11.3245,+2.8218,-5.4581,16.7826,6605.2861,-173.7427,6670.4824,6670.4824
990,0.54,9.6862,+2.2762,-5.4502,15.1364,1627.5634,-174.7414,6542.0029,6542.0029
991,0.56,9.5981,+1.3167,-5.4723,15.0703,1325.5016,-175.8544,6605.3291,6605.3291
992,0.55,6.4690,+0.6038,-5.4478,11.9168,147.3437,-174.7029,6249.3047,6249.3047
993,0.56,9.0723,-0.3545,-5.4807,14.5530,361.3531,-172.1837,6255.6021,6255.6021
994,0.54,8.3109,+0.6757,-5.4670,13.7779,136.8466,-175.7702,6453.2568,6453.2568
995,0.55,6.4623,+1.0909,-5.4545,11.9167,139.3778,-174.4187,6262.0469,6262.0469
996,0.56,7.6711,+0.0809,-5.4734,13.1445,90.2284,-175.8135,6416.5249,6416.5249
997,0.56,7.5994,+0.7856,-5.4446,13.0440,52.3211,-178.0595,6572.9062,6572.9062
998,0.55,7.4815,+0.6858,-5.4757,12.9573,44.1617,-176.0191,6406.4912,6406.4912
999,0.54,7.4922,+0.8237,-5.4495,12.9417,49.1601,-178.8608,6612.3750,6612.3750
1000,0.55,8.8628,-0.1291,-5.5044,14.3672,449.4924,-173.7666,6322.8994,6322.8994
1001,0.54,8.3193,-0.1872,-5.5341,13.8534,153.2766,-169.9250,6025.3481,6025.3481
1002,0.56,8.0591,+1.2590,-5.5051,13.5642,324.8359,-172.1290,6162.6729,6162.6729
1003,0.54,8.2868,-0.0381,-5.4709,13.7577,57.2896,-172.5159,6213.2739,6213.2739
1004,0.54,7.5811,-0.2700,-5.4714,13.0525,101.4442,-172.5263,6167.0195,6167.0195
1005,0.53,7.8609,+0.2142,-5.5044,13.3653,87.8783,-173.4786,6258.5234,6258.5234
1006,0.55,7.6205,-0.3100,-5.5181,13.1386,101.6338,-174.3624,6294.5967,6294.5967
1007,0.56,7.7337,-0.1363,-5.4859,13.2196,49.6776,-174.7773,6346.3413,6346.3413
1008,0.54,7.2137,-0.5965,-5.4681,12.6817,76.0071,-178.1242,6553.8711,6553.8711
1009,0.55,7.4965,+0.0754,-5.4639,12.9604,51.7728,-177.4702,6522.0898,6522.0898
1010,0.55,7.1317,+0.7436,-5.4507,12.5824,60.8312,-177.0391,6486.3252,6486.3252
1011,0.54,7.9866,-0.1216,-5.4763,13.4629,95.6655,-174.2009,6338.4785,6338.4785
1012,0.55,7.8030,-0.2038,-5.4998,13.3028,46.6160,-173.2243,6235.3057,6235.3057
1013,0.53,7.3500,-0.7998,-5.4992,12.8492,62.3747,-177.4157,6512.7148,6512.7148
1014,0.53,7.4169,-0.2906,-5.4656,12.8825,62.2470,-178.3319,6579.1694,6579.1694
1015,0.53,7.1236,+0.3844,-5.5065,12.6301,59.7881,-177.4482,6489.6685,6489.6685
1016,0.53,7.2124,-1.2550,-5.4983,12.7108,63.3831,-177.6588,6515.8779,6515.8779
1017,0.53,7.1890,+0.1847,-5.4895,12.6786,165.9909,-178.5097,6579.7173,6579.7173
1018,0.54,6.8149,-0.6494,-5.5101,12.3250,177.8962,-177.1733,6484.1973,6484.1973
1019,0.53,6.6686,+0.3507,-5.5069,12.1755,35.1553,-177.2120,6432.3799,6432.3799
1020,0.55,8.4947,+0.0121,-5.4841,13.9788,740.5654,-175.9701,6491.6104,6491.6104
1021,0.53,7.4809,+0.3873,-5.4945,12.9754,489.8620,-174.5898,6345.4434,6345.4434
1022,0.55,7.3884,-0.6422,-5.5095,12.8979,71.5473,-173.3183,6254.3057,6254.3057
1023,0.53,7.3975,-0.2503,-5.5079,12.9054,60.3539,-173.4318,6232.6611,6232.6611
1024,0.55,7.7694,+0.4164,-5.4923,13.2617,83.0777,-175.0125,6411.1221,6411.1221
1025,0.55,7.5480,+0.2674,-5.4637,13.0117,47.2925,-174.9082,6376.5078,6376.5078
1026,0.54,7.7877,-0.0005,-5.5047,13.2924,45.9469,-174.9770,6463.2144,6463.2144
1027,0.53,7.9836,+0.1146,-5.5114,13.4950,107.7430,-172.1474,6258.0640,6258.0640
1028,0.55,8.2880,-0.0992,-5.5348,13.8228,221.9605,-171.3610,6171.7295,6171.7295
1029,0.53,7.3741,-0.3216,-5.4904,12.8645,88.4941,-172.6069,6210.2637,6210.2637
1030,0.53,7.2533,+2.9294,-5.5434,12.7967,108.0909,-172.5384,6196.2979,6196.2979
1031,0.53,7.9534,-0.0146,-5.4750,13.4284,176.7276,-171.1949,6132.6211,6132.6211
1032,0.54,7.4014,-0.3521,-5.4954,12.8968,64.2074,-172.7249,6238.2646,6238.2646
1033,0.56,7.2035,+0.7893,-5.5257,12.7292,69.3860,-173.7340,6291.0361,6291.0361
1034,0.54,7.2584,+0.8555,-5.5199,12.7783,92.3956,-175.2316,6399.5112,6399.5112
1035,0.56,7.1874,+0.5163,-5.4940,12.6814,55.2433,-174.3842,6338.4463,6338.4463
1036,0.54,7.2769,+0.7827,-5.5215,12.7984,65.2074,-173.9531,6325.5625,6325.5625
1037,0.55,7.4965,+0.2100,-5.4871,12.9836,84.7547,-171.6382,6153.0107,6153.0107
1038,0.55,7.5324,+0.0844,-5.4661,12.9985,87.5996,-172.7068,6230.3115,6230.3115
1039,0.54,7.5349,+0.0940,-5.4754,13.0103,59.5565,-172.9501,6244.5029,6244.5029
1040,0.54,7.7630,-0.0437,-5.4886,13.2516,55.3395,-175.2136,6398.3867,6398.3867
1041,0.55,8.1226,+0.1459,-5.4512,13.5738,93.9185,-174.9317,6435.2583,6435.2583
1042,0.55,9.0838,+1.6756,-5.4488,14.5326,833.5493,-174.5390,6479.8145,6479.8145
1043,0.54,8.0429,+3.3449,-5.4715,13.5144,229.7400,-173.7303,6346.7637,6346.7637
1044,0.56,7.6803,+2.5664,-5.4712,13.1515,49.3510,-175.9527,6490.5430,6490.5430
1045,0.54,7.9115,+0.8205,-5.5030,13.4145,59.8267,-175.6056,6473.5044,6473.5044
1046,0.56,7.4246,-0.8238,-5.5215,12.9461,114.6791,-178.1758,6651.0615,6651.0615
1047,0.54,7.5573,+0.0842,-5.5218,13.0791,116.4982,-178.8577,6709.6396,6709.6396
1048,0.55,6.9718,+0.3441,-5.5375,12.5093,67.9815,-176.4035,6474.5576,6474.5576
1049,0.54,6.6653,+0.3576,-5.5419,12.2071,120.7880,-176.7437,6479.1846,6479.1846
1050,0.54,7.1739,+0.0892,-5.5456,12.7195,76.6879,-175.9633,6451.1782,6451.1782
1051,0.55,7.3486,+0.3852,-5.5061,12.8547,130.6878,-176.2204,6443.3047,6443.3047
1052,0.54,9.0398,+1.3886,-5.5003,14.5401,1009.1306,-172.6742,6295.0332,6295.0332
1053,0.55,7.0070,+0.2757,-5.4743,12.4813,80.0708,-175.2973,6335.8477,6335.8477
1054,0.55,7.4569,+0.7842,-5.4797,12.9366,57.7776,-174.0827,6282.1851,6282.1851
1055,0.52,8.4082,-0.2292,-5.4798,13.8880,166.6488,-173.8802,6337.7319,6337.7319
1056,0.55,7.7652,-2.0195,-5.4888,13.2540,253.7782,-175.9905,6462.4551,6462.4551
1057,0.54,8.3367,+0.0698,-5.4887,13.8254,338.0639,-175.2791,6444.1064,6444.1064
1058,0.55,7.5328,-0.5666,-5.4991,13.0319,113.2867,-178.1221,6583.5127,6583.5127
1059,0.54,8.0858,+0.6320,-5.5188,13.6046,592.4686,-175.1273,6397.1191,6397.1191
1060,0.55,6.6404,+0.5483,-5.4807,12.1211,71.4812,-176.2343,6422.0986,6422.0986
1061,0.54,7.5146,+0.6382,-5.5014,13.0161,143.1299,-175.9656,6428.8213,6428.8213
1062,0.54,7.3841,-0.0816,-5.5089,12.8930,101.7946,-176.3484,6486.2690,6486.2690
1063,0.54,8.7405,+0.7521,-5.4977,14.2382,1243.3898,-176.5230,6598.2676,6598.2676
1064,0.56,7.3325,-0.6183,-5.4864,12.8189,78.7560,-177.2352,6535.8818,6535.8818
1065,0.55,7.8365,-0.4453,-5.4880,13.3245,297.7009,-174.6572,6319.0269,6319.0269
1066,0.56,7.4303,-0.1282,-5.5012,12.9315,100.8524,-175.2757,6392.0288,6392.0288
1067,0.55,7.2237,-0.4713,-5.5159,12.7397,109.9235,-177.8191,6582.8618,6582.8618
1068,0.53,6.7177,-0.0853,-5.4992,12.2169,78.5185,-176.3226,6431.1538,6431.1538
1069,0.55,6.9820,+0.2676,-5.4949,12.4769,70.6432,-176.0523,6420.4058,6420.4058
1070,0.54,7.3507,-0.6720,-5.5197,12.8704,70.2027,-175.7101,6445.7637,6445.7637
1071,0.54,7.6973,+0.1337,-5.4952,13.1926,77.7859,-173.9523,6296.3564,6296.3564
1072,0.54,7.3038,+0.1725,-5.5012,12.8049,42.7299,-175.1068,6373.3125,6373.3125
1073,0.55,6.8328,-0.0606,-5.4609,12.2937,55.8740,-181.0296,6763.7778,6763.7778
1074,0.54,6.5075,+0.1768,-5.4609,11.9684,74.6990,-180.2666,6649.6729,6649.6729
1075,0.53,6.2719,-0.2643,-5.4778,11.7498,59.8624,-180.1506,6625.1558,6625.1558
1076,0.53,6.6594,-0.1427,-5.4849,12.1443,79.3198,-181.1492,6735.9717,6735.9717
1077,0.57,6.0651,+0.9351,-5.5062,11.5714,82.8020,-178.0147,6480.4990,6480.4990
1078,0.56,7.2701,+0.0719,-5.5038,12.7739,47.1997,-176.6682,6452.2437,6452.2437
1079,0.57,6.6882,+0.3979,-5.4789,12.1670,63.3565,-178.4252,6526.6133,6526.6133
1080,0.57,6.3944,+0.7807,-5.4422,11.8366,35.4723,-176.1825,6394.2480,6394.2480
1081,0.55,6.4153,+0.0238,-5.4824,11.8977,34.5056,-180.8572,6730.7622,6730.7622
1082,0.54,6.6848,+0.5030,-5.4796,12.1644,59.4134,-178.8365,6607.6367,6607.6367
1083,0.56,10.5727,+1.8887,-5.4909,16.0636,5549.9990,-175.0271,6564.0117,6564.0117
1084,0.56,6.6686,-0.4787,-5.5081,12.1767,214.3394,-174.8663,6306.0117,6306.0117
1085,0.54,5.4755,-0.0695,-5.5404,11.0159,130.3875,-174.5341,6230.5693,6230.5693
1086,0.54,6.8997,+0.2646,-5.5251,12.4248,82.9012,-175.3432,6360.2979,6360.2979
1087,0.55,7.4623,-0.3292,-5.5191,12.9814,281.5037,-176.0337,6437.8623,6437.8623
1088,0.57,6.3244,+0.3387,-5.5122,11.8366,55.6335,-175.0838,6311.5820,6311.5820
1089,0.54,7.7322,-0.2584,-5.4895,13.2217,320.4797,-173.5866,6309.0259,6309.0259
1090,0.56,7.6002,-0.0210,-5.5541,13.1543,178.4707,-172.2380,6210.1953,6210.1953
1091,0.56,7.2154,-0.6008,-5.5485,12.7638,63.9899,-171.7626,6133.7998,6133.7998
1092,0.57,7.4213,+0.0127,-5.5412,12.9626,58.5583,-169.3131,5956.5518,5956.5518
1093,0.56,7.0170,-0.0040,-5.5453,12.5622,69.3219,-169.6825,5984.8115,5984.8115
1094,0.57,6.4104,+0.3550,-5.5559,11.9663,77.5639,-170.0165,6014.2012,6014.2012
1095,0.57,6.9064,-0.0663,-5.5591,12.4655,120.0610,-172.4168,6150.1895,6150.1895
1096,0.57,6.1390,-0.1041,-5.5510,11.6900,69.0880,-172.3555,6085.5161,6085.5161
1097,0.54,7.1349,-0.0754,-5.5300,12.6649,61.3526,-171.9775,6127.1543,6127.1543
1098,0.54,7.4665,-0.0056,-5.5359,13.0024,77.7350,-171.8561,6141.7764,6141.7764
1099,0.57,6.0106,-0.6599,-5.5219,11.5325,293.2843,-174.8755,6318.3828,6318.3828
1100,0.55,7.4372,+0.1268,-5.5230,12.9601,118.3476,-172.6241,6184.9419,6184.9419
1101,0.54,7.2669,-0.1594,-5.5279,12.7948,94.0103,-172.3780,6181.0986,6181.0986
1102,0.53,6.8757,+0.2723,-5.5164,12.3920,40.9296,-176.4163,6448.4019,6448.4019
1103,0.53,6.6523,-0.2862,-5.5533,12.2056,47.9192,-172.7572,6180.7744,6180.7744
1104,0.57,5.9410,+0.4812,-5.5353,11.4764,41.6631,-175.3661,6319.4844,6319.4844
1105,0.55,6.3879,-0.1877,-5.5511,11.9390,55.9352,-178.7939,6594.2852,6594.2852
1106,0.56,7.0098,-0.3193,-5.5646,12.5744,45.8135,-171.1216,6119.7515,6119.7515
1107,0.55,6.1922,-0.5524,-5.5754,11.7676,105.7242,-173.2294,6192.6206,6192.6206
1108,0.55,6.9533,+0.4580,-5.5972,12.5505,49.1053,-175.8204,6439.9688,6439.9688
1109,0.55,5.7028,+0.3059,-5.5922,11.2950,59.6340,-172.5704,6103.8457,6103.8457
1110,0.58,6.7469,+0.3100,-5.5693,12.3163,39.5899,-174.2530,6312.4248,6312.4248
1111,0.56,7.3355,+0.0581,-5.5613,12.8968,60.6160,-172.3847,6182.8945,6182.8945
1112,0.56,7.0367,+0.5934,-5.5578,12.5945,100.3718,-169.3150,5955.9209,5955.9209
1113,0.54,7.0720,+0.0590,-5.5471,12.6191,83.6825,-173.8443,6267.5688,6267.5688
1114,0.54,7.3392,-0.2778,-5.5609,12.9001,71.9004,-173.6047,6280.6553,6280.6553
1115,0.54,7.1610,-0.2637,-5.5731,12.7341,56.2438,-172.9044,6221.3057,6221.3057
1116,0.56,6.4515,-0.0775,-5.5814,12.0329,42.6309,-173.1612,6210.5938,6210.5938
1117,0.56,6.2541,+0.5772,-5.5464,11.8005,70.0541,-176.7470,6454.9175,6454.9175
1118,0.56,6.5669,+0.0762,-5.5321,12.0990,100.2718,-176.6130,6436.0996,6436.0996
1119,0.56,6.7499,+0.1086,-5.5609,12.3109,83.9029,-173.6610,6260.8965,6260.8965
1120,0.55,6.8698,-0.0505,-5.5520,12.4217,45.1411,-173.6630,6263.8818,6263.8818
1121,0.56,6.6709,-0.2138,-5.5288,12.1998,67.4398,-172.7311,6160.1758,6160.1758
1122,0.54,7.2575,+0.3531,-5.5454,12.8029,101.7581,-172.5298,6173.7705,6173.7705
1123,0.55,7.3566,-0.0851,-5.5203,12.8769,59.2326,-174.1202,6282.3843,6282.3843
1124,0.54,7.0293,+0.3348,-5.5499,12.5791,62.8381,-177.9690,6557.3359,6557.3359
1125,0.55,7.1626,+0.5122,-5.5360,12.6986,62.3566,-173.0439,6211.0576,6211.0576
1126,0.54,7.1269,-0.1670,-5.5377,12.6646,74.6530,-175.5531,6412.3350,6412.3350
1127,0.56,7.0348,-0.2259,-5.5169,12.5516,76.1395,-173.6561,6253.5908,6253.5908
1128,0.55,7.7107,+0.0527,-5.5094,13.2201,96.7844,-173.8554,6297.7822,6297.7822
1129,0.54,7.0227,+0.5176,-5.5273,12.5500,78.7016,-173.5611,6268.4238,6268.4238
1130,0.55,7.5335,-0.5276,-5.5337,13.0672,120.6566,-174.0412,6353.9033,6353.9033
1131,0.55,6.1147,-0.5889,-5.5199,11.6346,92.8611,-175.9123,6426.3135,6426.3135
1132,0.56,6.5464,+0.1144,-5.5018,12.0482,91.3694,-176.8437,6526.2256,6526.2256
1133,0.57,7.2789,+0.1507,-5.5185,12.7973,126.1473,-176.4819,6489.8027,6489.8027
1134,0.55,7.7072,-0.0664,-5.5117,13.2188,102.7864,-175.0850,6417.6074,6417.6074
1135,0.53,7.2270,+0.1375,-5.5013,12.7282,92.2691,-177.3525,6623.4092,6623.4092
1136,0.54,8.2870,+0.6038,-5.5522,13.8392,178.9683,-173.3934,6377.7036,6377.7036
1137,0.55,7.7916,-0.1391,-5.5662,13.3578,209.8986,-175.1344,6480.6875,6480.6875
1138,0.57,7.1969,-0.1695,-5.5546,12.7515,63.5151,-175.0281,6414.7412,6414.7412
1139,0.54,6.8440,+0.2029,-5.5535,12.3975,89.7863,-177.8694,6588.2583,6588.2583
1140,0.55,6.7380,-0.1346,-5.5765,12.3145,69.9630,-176.1989,6451.2031,6451.2031
1141,0.54,6.4086,-0.0065,-5.5157,11.9243,75.6589,-174.8165,6333.7793,6333.7793
1142,0.54,6.9807,-0.7083,-5.5194,12.5001,208.9960,-174.9206,6342.6855,6342.6855
1143,0.54,7.7353,-0.0745,-5.5135,13.2487,373.2791,-178.8759,6698.7505,6698.7505
1144,0.54,3.9275,+16.9734,-5.5427,9.4703,2082.3674,-175.1984,6214.6064,6214.6064
1145,0.54,17.6644,-2.6490,-5.5343,23.1986,35207.9805,-177.8600,7259.4961,7259.4961
1146,0.57,7.9875,-3.1256,-5.5113,13.4988,552.6372,-176.2825,6556.5845,6556.5845
1147,0.56,7.3664,+0.2660,-5.5241,12.8906,468.8782,-176.7704,6497.2588,6497.2588
1148,0.55,6.6216,+0.1275,-5.5197,12.1413,97.4896,-177.9859,6546.8184,6546.8184
1149,0.54,6.2943,-0.2588,-5.5118,11.8061,53.1497,-182.6971,6869.3438,6869.3438
1150,0.54,9.9150,-4.2342,-5.5360,15.4510,3609.7932,-179.4980,6807.1646,6807.1646
1151,0.56,4.7057,-2.9377,-5.5638,10.2695,557.5381,-178.5823,6542.3618,6542.3618
1152,0.56,3.9439,-6.5309,-5.5645,9.5083,1297.2385,-178.9292,6505.0903,6505.0903
1153,0.55,6.6852,+0.0002,-5.5657,12.2509,76.9754,-179.5225,6649.4292,6649.4292
1154,0.55,6.7155,-0.3777,-5.5327,12.2481,93.5494,-175.4511,6353.8936,6353.8936
1155,0.56,7.4278,-0.0799,-5.5216,12.9495,80.2044,-176.1801,6444.3271,6444.3271
1156,0.55,7.7371,+0.1843,-5.4995,13.2365,106.3856,-176.5691,6485.5908,6485.5908
1157,0.54,6.7285,-0.2337,-5.5222,12.2507,82.9659,-177.1444,6479.3174,6479.3174
1158,0.56,7.2908,+0.1921,-5.5514,12.8422,55.3920,-175.6951,6423.0991,6423.0991
1159,0.55,6.5317,-0.2327,-5.5406,12.0723,74.1865,-176.4966,6414.4023,6414.4023
1160,0.56,7.5233,-0.3596,-5.5366,13.0599,120.0212,-175.5406,6425.9639,6425.9639
1161,0.56,6.3934,+0.2243,-5.5475,11.9409,81.7255,-176.1083,6391.2061,6391.2061
1162,0.55,6.3560,-0.6319,-5.5280,11.8840,114.0623,-176.5274,6431.2520,6431.2520
1163,0.56,7.4237,-0.1031,-5.5336,12.9573,80.6639,-176.3460,6485.7295,6485.7295
1164,0.56,6.6875,-0.8334,-5.5449,12.2323,81.2493,-176.2368,6425.0225,6425.0225
1165,0.54,6.0246,-0.8611,-5.5144,11.5389,237.5707,-175.7012,6334.1738,6334.1738
1166,0.55,6.8725,+0.0753,-5.5168,12.3893,56.3529,-176.4435,6435.7939,6435.7939
1167,0.55,6.4363,-0.1238,-5.5267,11.9630,82.3377,-176.2735,6407.7300,6407.7300
1168,0.54,6.9202,-0.0501,-5.4916,12.4118,64.6042,-178.6930,6586.5771,6586.5771
1169,0.55,7.1509,+0.2265,-5.5278,12.6787,87.4954,-175.5494,6387.1084,6387.1084
1170,0.55,7.2848,-0.5700,-5.5292,12.8140,78.0320,-174.9083,6358.3135,6358.3135
1171,0.55,6.3317,+0.0097,-5.5453,11.8770,116.4037,-175.6982,6385.2617,6385.2617
1172,0.54,6.8696,+0.0470,-5.5370,12.4066,66.8232,-176.3451,6446.9902,6446.9902
1173,0.53,7.2569,+0.3238,-5.5362,12.7931,129.4788,-178.4058,6604.8940,6604.8940
1174,0.54,6.4595,-0.0821,-5.5316,11.9911,80.1514,-178.5868,6576.4023,6576.4023
1175,0.56,6.5712,-0.0012,-5.5371,12.1084,83.0363,-179.5988,6653.5332,6653.5332
1176,0.55,6.9532,-0.0264,-5.5496,12.5029,65.7805,-176.1127,6385.7129,6385.7129
1177,0.55,5.8325,+0.4899,-5.5298,11.3623,72.1298,-175.5477,6300.8066,6300.8066
1178,0.56,6.5498,-0.0883,-5.5255,12.0753,75.5240,-177.2560,6477.1885,6477.1885
1179,0.56,6.3145,-0.1242,-5.5303,11.8448,65.9479,-176.6938,6406.3345,6406.3345
1180,0.57,5.9011,-0.6735,-5.5140,11.4151,67.3096,-177.9644,6490.9307,6490.9307
1181,0.54,6.6868,-0.3585,-5.5259,12.2127,65.0245,-178.2384,6543.5527,6543.5527
1182,0.58,6.1334,-0.1858,-5.5303,11.6638,73.2390,-175.4553,6320.9209,6320.9209
1183,0.54,6.4787,-0.4169,-5.5171,11.9958,51.3500,-177.1603,6461.6816,6461.6816
1184,0.54,6.2559,+0.2565,-5.5095,11.7654,57.5383,-176.9956,6440.3809,6440.3809
1185,0.56,6.8185,+0.5640,-5.5237,12.3422,189.2000,-176.2157,6402.0117,6402.0117
1186,0.55,6.1000,+0.6549,-5.5419,11.6419,103.0622,-177.2130,6454.5576,6454.5576
1187,0.55,6.4103,-0.1269,-5.5371,11.9473,72.6601,-175.9123,6381.2642,6381.2642
1188,0.56,6.3309,+0.1926,-5.5050,11.8359,52.6727,-176.8720,6438.2832,6438.2832
1189,0.55,7.2713,-0.3455,-5.5203,12.7916,81.5339,-176.3245,6467.6133,6467.6133
1190,0.54,6.8234,-0.0934,-5.5232,12.3466,63.7907,-179.6239,6710.9336,6710.9336
1191,0.56,5.9210,+0.2629,-5.5253,11.4463,44.6113,-176.6095,6440.2002,6440.2002
1192,0.53,6.2628,-0.2363,-5.5554,11.8182,45.0830,-176.3976,6409.6016,6409.6016
1193,0.55,6.4772,+0.1980,-5.5430,12.0202,49.3383,-177.9433,6532.2554,6532.2554
1194,0.56,6.1147,+0.4993,-5.5554,11.6701,64.5527,-176.6615,6427.4468,6427.4468
1195,0.54,5.7753,-0.1406,-5.5508,11.3261,62.0667,-178.4914,6568.7495,6568.7495
1196,0.55,6.3594,-0.0558,-5.5582,11.9177,30.3703,-177.7395,6523.2910,6523.2910
1197,0.56,6.0801,+0.1947,-5.5301,11.6102,50.0611,-178.3851,6514.9170,6514.9170
1198,0.55,6.2298,-0.1352,-5.5215,11.7513,50.5521,-180.2658,6673.5571,6673.5571
1199,0.55,6.6709,-0.2283,-5.4831,12.1540,152.2261,-182.2234,6856.7119,6856.7119
1200,0.53,6.2280,-0.1600,-5.5322,11.7602,82.4322,-180.3312,6718.9883,6718.9883
1201,0.52,5.8514,-0.1934,-5.5551,11.4065,54.3526,-174.3736,6271.9653,6271.9653
1202,0.51,6.1153,-0.4344,-5.5495,11.6649,44.5253,-175.8749,6386.8496,6386.8496
1203,0.52,6.8143,-0.2971,-5.5370,12.3513,64.2607,-180.2753,6759.8623,6759.8623
1204,0.51,7.0766,-0.4283,-5.5841,12.6607,287.0753,-176.0172,6504.4331,6504.4331
1205,0.52,6.5567,-0.4552,-5.5599,12.1166,41.2556,-178.9468,6659.5781,6659.5781
1206,0.52,6.6266,-0.1898,-5.5402,12.1667,77.5808,-169.1686,5938.9526,5938.9526
1207,0.51,7.0577,-0.0218,-5.5358,12.5936,119.4418,-176.3581,6520.0063,6520.0063
1208,0.51,6.9692,+0.0584,-5.5310,12.5002,115.1900,-175.1521,6434.0918,6434.0918
1209,0.50,6.6779,+0.0410,-5.5291,12.2070,63.7857,-175.6962,6426.1221,6426.1221
1210,0.51,6.9754,-0.0271,-5.5160,12.4914,64.4586,-174.8246,6372.3008,6372.3008
1211,0.51,7.1036,-0.2748,-5.5149,12.6185,106.7960,-175.0937,6354.7783,6354.7783
1212,0.52,6.0679,+0.0911,-5.4862,11.5542,37.1284,-175.7738,6370.0181,6370.0181
1213,0.53,5.0944,-0.6515,-5.5060,10.6004,127.8084,-182.2720,6827.1572,6827.1572
1214,0.51,5.7087,-0.4366,-5.5469,11.2555,33.5272,-178.2741,6579.9521,6579.9521
1215,0.52,6.1671,+0.3219,-5.5532,11.7203,47.2934,-178.2975,6576.7666,6576.7666
1216,0.52,6.2656,+0.1831,-5.5446,11.8103,53.5862,-177.6260,6551.5674,6551.5674
1217,0.53,6.7728,+0.1535,-5.5529,12.3257,67.7804,-180.6559,6790.7637,6790.7637
1218,0.52,6.6418,+0.3334,-5.5344,12.1763,76.7944,-180.7808,6792.5098,6792.5098
1219,0.50,6.6656,+0.7499,-5.5273,12.1928,93.9624,-176.8128,6503.1387,6503.1387
1220,0.50,6.5907,+0.2190,-5.5261,12.1167,192.4771,-175.8959,6429.1460,6429.1460
1221,0.52,6.7249,+0.2693,-5.5134,12.2383,104.4821,-176.0498,6456.1318,6456.1318
1222,0.51,6.4059,+0.1006,-5.5129,11.9189,128.8763,-172.5073,6160.8813,6160.8813
1223,0.52,7.4905,-0.3770,-5.5201,13.0106,133.5423,-170.5655,6098.1514,6098.1514
1224,0.51,6.4724,+0.0819,-5.4751,11.9475,72.8178,-176.2971,6448.3076,6448.3076
1225,0.52,6.5035,-0.0742,-5.4955,11.9990,67.8278,-174.6771,6344.2769,6344.2769
1226,0.50,7.2061,+0.3929,-5.4942,12.7003,75.3681,-176.2907,6507.6328,6507.6328
1227,0.51,6.9093,-0.1348,-5.4951,12.4043,68.0271,-179.8057,6707.0034,6707.0034
1228,0.51,6.9473,-0.0544,-5.4680,12.4153,73.8403,-179.9180,6736.6392,6736.6392
1229,0.49,7.9559,-0.0756,-5.4668,13.4226,210.6501,-175.6887,6512.3613,6512.3613
1230,0.51,7.9190,-0.2452,-5.4617,13.3807,123.3488,-174.8056,6435.0698,6435.0698
1231,0.50,7.6806,-0.5960,-5.4859,13.1665,99.5894,-171.7402,6195.2041,6195.2041
1232,0.52,7.3953,+0.1781,-5.4836,12.8789,84.6855,-171.9488,6154.9395,6154.9395
1233,0.54,7.2285,+0.0939,-5.5043,12.7328,70.2730,-176.1448,6469.4287,6469.4287
1234,0.52,6.8139,+0.3017,-5.5313,12.3453,80.7048,-173.7859,6265.0361,6265.0361
1235,0.50,6.7771,-0.5540,-5.5767,12.3538,102.3289,-174.6271,6344.1865,6344.1865
1236,0.51,7.5648,+0.3204,-5.5470,13.1118,114.2616,-174.2424,6368.4971,6368.4971
1237,0.51,7.1904,+0.3051,-5.5533,12.7437,135.1545,-170.6959,6075.8848,6075.8848
1238,0.52,7.1602,+0.3438,-5.5364,12.6966,131.1960,-174.7234,6332.8281,6332.8281
1239,0.50,7.0749,-0.0857,-5.5436,12.6184,97.1824,-175.4157,6379.1196,6379.1196
1240,0.52,7.7283,+0.4084,-5.5203,13.2486,105.9517,-173.5312,6274.0459,6274.0459
1241,0.50,8.4839,-0.5376,-5.5379,14.0219,166.8520,-169.8663,6056.4170,6056.4170
1242,0.53,7.6125,+0.4704,-5.4954,13.1079,109.5421,-172.3576,6186.8975,6186.8975
1243,0.52,8.2689,+0.0537,-5.5095,13.7784,203.6060,-171.6013,6169.0693,6169.0693
1244,0.52,8.3908,-0.6944,-5.4860,13.8768,148.7783,-173.9404,6323.8525,6323.8525
1245,0.50,8.4683,-0.3821,-5.5132,13.9816,172.8622,-174.4768,6389.2720,6389.2720
1246,0.51,8.1056,-0.1399,-5.5287,13.6343,140.6109,-174.5931,6438.4736,6438.4736
1247,0.51,8.1363,-1.0828,-5.5303,13.6665,151.1832,-170.9729,6140.4653,6140.4653
1248,0.50,11.9809,+7.5777,-5.5310,17.5119,4177.1904,-172.6378,6424.8594,6424.8594
1249,0.51,6.0620,-3.6971,-5.5523,11.6143,973.2202,-172.5629,6227.7603,6227.7603
1250,0.51,7.3295,+0.3363,-5.5535,12.8829,213.9881,-172.2877,6214.6489,6214.6489
1251,0.48,10.3630,-0.6270,-5.5367,15.8997,944.8737,-173.1605,6420.6875,6420.6875
1252,0.50,8.1115,+0.5523,-5.5014,13.6129,225.6442,-174.4103,6428.3428,6428.3428
1253,0.52,11.5805,+0.6622,-5.5095,17.0899,1880.3240,-174.2556,6553.4316,6553.4316
1254,0.51,8.1975,-0.2783,-5.5093,13.7067,269.9223,-175.4019,6502.7661,6502.7661
1255,0.51,9.7893,-0.0568,-5.5157,15.3050,528.9122,-172.6104,6387.8828,6387.8828
1256,0.50,8.7832,+0.1239,-5.4851,14.2682,153.5582,-174.0146,6412.8184,6412.8184
1257,0.50,8.3054,-0.6971,-5.4996,13.8051,243.5487,-171.1602,6177.2676,6177.2676
1258,0.52,8.5891,+0.0888,-5.5229,14.1120,173.8015,-172.8330,6324.0259,6324.0259
1259,0.49,9.6642,-0.6455,-5.5440,15.2082,758.1652,-170.7675,6278.6738,6278.6738
1260,0.53,8.6413,-0.6333,-5.5450,14.1863,317.4388,-171.2174,6212.7764,6212.7764
1261,0.52,11.4521,-0.0503,-5.5298,16.9818,1013.2936,-172.2162,6512.3613,6512.3613
1262,0.50,8.7341,+0.2363,-5.5031,14.2372,230.7703,-172.5713,6326.5742,6326.5742
1263,0.50,7.8521,-0.9665,-5.5417,13.3938,218.4382,-175.8033,6498.9834,6498.9834
1264,0.49,17.0770,-4.1757,-5.5444,22.6214,24189.5625,-176.2691,7069.4316,7069.4316
1265,0.50,7.6370,-0.3989,-5.5416,13.1785,98.3043,-174.7198,6414.3125,6414.3125
1266,0.51,7.7880,+0.9459,-5.4978,13.2858,228.9033,-176.2244,6482.9512,6482.9512
1267,0.51,8.8036,-0.1721,-5.5106,14.3143,482.8877,-177.7242,6681.2822,6681.2822
1268,0.49,7.0768,+0.4467,-5.5029,12.5796,125.2121,-175.1414,6399.6289,6399.6289
1269,0.51,7.4604,-0.5916,-5.5034,12.9638,144.9033,-173.8122,6288.0054,6288.0054
1270,0.50,7.8892,-0.0069,-5.5174,13.4066,209.1228,-175.2358,6443.8750,6443.8750
1271,0.49,7.2025,+1.0155,-5.5143,12.7169,155.1004,-177.3033,6548.0576,6548.0576
1272,0.49,8.6506,+0.7782,-5.4714,14.1221,141.5824,-175.2500,6466.7437,6466.7437
1273,0.49,8.3121,-0.1976,-5.5086,13.8207,411.5410,-174.6793,6395.9800,6395.9800
1274,0.52,6.8948,+1.4941,-5.5124,12.4072,99.0468,-176.5135,6490.6968,6490.6968
1275,0.49,7.9535,+0.2400,-5.5313,13.4848,229.1534,-175.1840,6494.6367,6494.6367
1276,0.51,7.8028,+0.7753,-5.5531,13.3559,165.6525,-174.8711,6402.3140,6402.3140
1277,0.52,9.4791,-0.7873,-5.5205,14.9997,871.5334,-175.4983,6522.0879,6522.0879
1278,0.50,7.6773,-0.3901,-5.5260,13.2033,179.1445,-176.7896,6549.0674,6549.0674
1279,0.52,8.6610,+0.2631,-5.5293,14.1903,260.7380,-178.2723,6709.2217,6709.2217
1280,0.49,7.5220,-0.5716,-5.5283,13.0503,249.1343,-174.0339,6368.5469,6368.5469
1281,0.50,8.7725,-0.8829,-5.5325,14.3050,274.0367,-174.6887,6459.4912,6459.4912
1282,0.49,8.1004,-0.1142,-5.5267,13.6271,249.0934,-174.1844,6402.0166,6402.0166
1283,0.51,9.0653,+0.5630,-5.5168,14.5821,258.0178,-173.9839,6456.9717,6456.9717
1284,0.51,7.2029,+1.0973,-5.5459,12.7488,153.7539,-174.5788,6386.0601,6386.0601
1285,0.50,8.2978,+0.2833,-5.5413,13.8391,263.6855,-174.2078,6402.9512,6402.9512
1286,0.50,7.4736,-0.5462,-5.5146,12.9883,280.8047,-172.2232,6221.0361,6221.0361
1287,0.52,7.8644,-1.3228,-5.5108,13.3752,173.7843,-173.6156,6336.3950,6336.3950
1288,0.51,7.6259,-0.4048,-5.5148,13.1407,157.8286,-176.3070,6500.2700,6500.2700
1289,0.51,7.8002,+0.5997,-5.5136,13.3138,161.3775,-174.0034,6346.7832,6346.7832
1290,0.53,8.3785,-0.2319,-5.4826,13.8611,214.4349,-171.1945,6182.0293,6182.0293
1291,0.53,8.8777,+0.2022,-5.4928,14.3705,199.0816,-172.3473,6276.0186,6276.0186
1292,0.48,8.2479,-0.2291,-5.5217,13.7695,147.1892,-173.9570,6388.2188,6388.2188
1293,0.50,7.9476,-1.0794,-5.5304,13.4780,122.1341,-174.4856,6413.1147,6413.1147
1294,0.52,10.3974,-0.3263,-5.5296,15.9270,2163.1135,-173.4625,6548.6919,6548.6919
1295,0.52,7.7009,+0.0203,-5.5450,13.2459,158.7706,-173.1594,6281.5356,6281.5356
1296,0.50,10.5232,+0.0811,-5.5293,16.0525,2130.1777,-172.9449,6333.8687,6333.8687
1297,0.50,8.5770,-0.6922,-5.5017,14.0787,526.7266,-176.4559,6617.2354,6617.2354
1298,0.51,7.8436,-0.2084,-5.5194,13.3630,159.0944,-175.1489,6487.2114,6487.2114
1299,0.49,8.0811,-0.0467,-5.5083,13.5894,173.7661,-174.5247,6432.4067,6432.4067
1300,0.52,8.2236,-0.7385,-5.4827,13.7063,142.9293,-176.1987,6525.1348,6525.1348
1301,0.51,7.9485,-0.0825,-5.5359,13.4844,152.8882,-172.5219,6272.4883,6272.4883
1302,0.50,6.6986,-0.0361,-5.4892,12.1878,347.8445,-175.0700,6343.3833,6343.3833
1303,0.53,7.8990,-0.4569,-5.5164,13.4154,121.1163,-174.7205,6402.9907,6402.9907
1304,0.49,8.2474,-0.3325,-5.5031,13.7505,117.0266,-175.5220,6474.8369,6474.8369
1305,0.52,8.9438,+0.0126,-5.5198,14.4636,196.9416,-172.4871,6310.5112,6310.5112
1306,0.51,8.1233,+0.5693,-5.5285,13.6518,166.3655,-171.2312,6150.2925,6150.2925
1307,0.50,7.8184,-0.2413,-5.5210,13.3393,149.4302,-174.0507,6362.3906,6362.3906
1308,0.52,7.7526,+0.4396,-5.4967,13.2493,119.4232,-175.5210,6453.3340,6453.3340
1309,0.53,8.1768,+0.2041,-5.5079,13.6847,123.0974,-177.2982,6585.7275,6585.7275
1310,0.51,7.8591,-0.2985,-5.5315,13.3906,202.0016,-176.9186,6541.8418,6541.8418
1311,0.51,8.4496,+0.0735,-5.5269,13.9765,136.5844,-176.0361,6546.4912,6546.4912
1312,0.51,7.4538,+0.2921,-5.5367,12.9905,153.6148,-176.6132,6517.2344,6517.2344
1313,0.51,8.0894,-0.3611,-5.5416,13.6310,122.8463,-174.5205,6420.0752,6420.0752
1314,0.50,7.8196,-0.0144,-5.5307,13.3502,136.0173,-175.8967,6519.4038,6519.4038
1315,0.51,7.4479,-0.9008,-5.5197,12.9676,150.4260,-176.6087,6540.8369,6540.8369
1316,0.49,7.9845,-0.3490,-5.5268,13.5113,132.4752,-173.2112,6308.9751,6308.9751
1317,0.50,7.5451,+0.6973,-5.5154,13.0606,122.2405,-174.8701,6378.7607,6378.7607
1318,0.50,7.6871,-0.4958,-5.5523,13.2394,134.5244,-175.3025,6404.6836,6404.6836
1319,0.52,7.7213,+0.6864,-5.5494,13.2707,163.2415,-176.4381,6537.9238,6537.9238
1320,0.50,6.9665,+0.2986,-5.4799,12.4464,100.4600,-180.3698,6753.7266,6753.7266
1321,0.50,7.4787,+0.1645,-5.5412,13.0199,90.0459,-178.3857,6662.6641,6662.6641
1322,0.51,8.8029,-0.8524,-5.5519,14.3548,928.6400,-177.4895,6638.1143,6638.1143
1323,0.51,7.5912,+0.6271,-5.5209,13.1121,148.5720,-177.0404,6536.9189,6536.9189
1324,0.50,8.3780,-1.0818,-5.5131,13.8911,436.0874,-176.4782,6507.5649,6507.5649
1325,0.51,6.1458,-0.6912,-5.5361,11.6820,298.5815,-176.4242,6390.4136,6390.4136
1326,0.51,7.7607,-0.4678,-5.5166,13.2774,163.6430,-177.5319,6604.1396,6604.1396
1327,0.51,7.3099,+0.1101,-5.5079,12.8178,89.4717,-179.1208,6662.0708,6662.0708
1328,0.51,7.3956,+0.9249,-5.5092,12.9048,79.6554,-180.6720,6806.8325,6806.8325
1329,0.51,7.3988,+0.6476,-5.4751,12.8740,86.6685,-179.1183,6693.5566,6693.5566
1330,0.50,7.1329,-0.6748,-5.5274,12.6603,140.3415,-177.9766,6592.6006,6592.6006
1331,0.50,8.0269,-0.4080,-5.5127,13.5396,258.5428,-180.2655,6782.1523,6782.1523
1332,0.52,7.6290,-0.0408,-5.5028,13.1319,90.9834,-178.1402,6615.7773,6615.7773
1333,0.49,6.9608,-1.0362,-5.5201,12.4809,94.4630,-177.6396,6547.6182,6547.6182
1334,0.52,6.8587,-0.8104,-5.5192,12.3778,88.1313,-175.8209,6439.0146,6439.0146
1335,0.51,7.1282,+0.4014,-5.5197,12.6479,81.0756,-175.2058,6380.0332,6380.0332
1336,0.52,6.9576,-0.1361,-5.5328,12.4903,83.0229,-177.2968,6538.2095,6538.2095
1337,0.49,7.3574,+0.2348,-5.5254,12.8828,79.6366,-173.7074,6295.2637,6295.2637
1338,0.50,7.4123,+0.1882,-5.5383,12.9506,87.3816,-176.1832,6491.7441,6491.7441
1339,0.51,7.6797,+0.0170,-5.5281,13.2078,125.5394,-175.1890,6423.3252,6423.3252
1340,0.51,7.6804,+0.3222,-5.5406,13.2210,95.2222,-176.7555,6535.6602,6535.6602
1341,0.51,6.3936,-0.0637,-5.5279,11.9215,476.3816,-174.7666,6301.8750,6301.8750
1342,0.49,7.6237,+0.7677,-5.5547,13.1784,146.1167,-172.3416,6180.5625,6180.5625
1343,0.51,7.7447,+0.0273,-5.5388,13.2835,79.1206,-173.4090,6277.0874,6277.0874
1344,0.51,8.2202,+0.5791,-5.4862,13.7065,164.6379,-174.1391,6329.1172,6329.1172
1345,0.50,8.7292,+0.7821,-5.5021,14.2313,256.7229,-174.7471,6423.6172,6423.6172
1346,0.51,7.9143,-0.5664,-5.5074,13.4217,287.2253,-175.4216,6406.0566,6406.0566
1347,0.49,9.5972,+0.6992,-5.4723,15.0695,318.8413,-174.2203,6424.8965,6424.8965
1348,0.49,7.6863,-0.0805,-5.5037,13.1901,96.3904,-175.3837,6413.6758,6413.6758
1349,0.50,7.3276,+0.1100,-5.5133,12.8409,144.1546,-175.7225,6450.2861,6450.2861
1350,0.51,9.2802,+1.0513,-5.4777,14.7578,588.7294,-175.5984,6526.1553,6526.1553
1351,0.50,8.4544,-0.1389,-5.5065,13.9609,132.8058,-175.3070,6468.9375,6468.9375
1352,0.48,8.4854,+0.0931,-5.4969,13.9823,139.1651,-175.6701,6510.4624,6510.4624
1353,0.50,7.5693,-0.1271,-5.4968,13.0661,109.9363,-177.0553,6563.1890,6563.1890
1354,0.49,8.6327,+0.1216,-5.4821,14.1148,130.0110,-175.2025,6473.9834,6473.9834
1355,0.50,7.5872,-0.3074,-5.4864,13.0737,124.9261,-176.2481,6452.0361,6452.0361
1356,0.52,7.8398,-0.3077,-5.5105,13.3503,90.5462,-174.6441,6390.3311,6390.3311
1357,0.51,7.9214,-0.2150,-5.4935,13.4149,92.2549,-175.4525,6436.2695,6436.2695
1358,0.49,7.4900,-0.0559,-5.4915,12.9815,95.8164,-177.8005,6595.9390,6595.9390
1359,0.51,7.9374,-0.2045,-5.4963,13.4337,127.0661,-176.4940,6521.5479,6521.5479
1360,0.50,8.3636,-0.1724,-5.5258,13.8894,149.3768,-176.1752,6547.5889,6547.5889
1361,0.49,7.4925,-0.7244,-5.5414,13.0339,209.1238,-175.7943,6449.2905,6449.2905
1362,0.49,7.2388,+0.6338,-5.5533,12.7921,150.1411,-177.7067,6564.3711,6564.3711
1363,0.52,7.4267,+0.5801,-5.5571,12.9838,100.5285,-175.2793,6417.9263,6417.9263
1364,0.52,8.2423,-0.2749,-5.5425,13.7848,169.2939,-177.8441,6613.9033,6613.9033
1365,0.52,7.4105,-0.5254,-5.5610,12.9715,86.0580,-175.0172,6397.9688,6397.9688
1366,0.49,7.5543,+0.1569,-5.5962,13.1505,95.0828,-175.6671,6439.2578,6439.2578
1367,0.51,7.1300,-0.1129,-5.6089,12.7389,132.6461,-174.7885,6374.8164,6374.8164
1368,0.50,8.1883,-0.7172,-5.5768,13.7651,164.1228,-173.7301,6339.8496,6339.8496
1369,0.50,7.6944,+0.2040,-5.5584,13.2527,132.4157,-176.5698,6515.5020,6515.5020
1370,0.53,8.3743,-0.0914,-5.5502,13.9245,111.6956,-177.6087,6610.7739,6610.7739
1371,0.50,7.2076,-0.3073,-5.5494,12.7569,96.1191,-177.4309,6531.6968,6531.6968
1372,0.51,7.5711,+0.6819,-5.5546,13.1257,97.4855,-175.0429,6384.9302,6384.9302
1373,0.52,7.7791,-0.1117,-5.5559,13.3350,92.8284,-174.8806,6385.2852,6385.2852
1374,0.48,7.3813,+0.3877,-5.5316,12.9129,154.0561,-174.5414,6323.8018,6323.8018
1375,0.50,7.7959,-0.1954,-5.5380,13.3339,99.6108,-175.3528,6409.8320,6409.8320
1376,0.49,7.4145,+0.2797,-5.5496,12.9640,108.3707,-176.9966,6523.4531,6523.4531
1377,0.49,7.7031,+0.2176,-5.5704,13.2735,95.5759,-174.4104,6356.5713,6356.5713
1378,0.49,7.6343,+0.9321,-5.5482,13.1825,143.7804,-175.9881,6469.9463,6469.9463
1379,0.51,7.0118,-0.0172,-5.5275,12.5393,134.0798,-176.9289,6509.9927,6509.9927
1380,0.51,6.9577,+0.1864,-5.5114,12.4691,75.1003,-178.2194,6566.4316,6566.4316
1381,0.52,6.8581,-0.1085,-5.4851,12.3432,72.1422,-178.5215,6561.4385,6561.4385
1382,0.51,7.8281,+0.5905,-5.5139,13.3420,385.3113,-177.0024,6513.0674,6513.0674
1383,0.50,6.9869,+0.5406,-5.5302,12.5171,92.9122,-178.1472,6549.5215,6549.5215
1384,0.50,8.3833,+0.5907,-5.5240,13.9073,358.1549,-178.9399,6709.7988,6709.7988
1385,0.48,8.0147,-0.6608,-5.5447,13.5594,627.2358,-177.9907,6622.0796,6622.0796
1386,0.50,7.5606,+1.4064,-5.5232,13.0838,132.5896,-175.5877,6412.5767,6412.5767
1387,0.49,8.4484,+0.2657,-5.4915,13.9399,760.6823,-174.6046,6405.7588,6405.7588
1388,0.49,7.3320,-0.4245,-5.5191,12.8511,100.6380,-176.0078,6422.7422,6422.7422
1389,0.51,6.7631,-0.7502,-5.5233,12.2864,93.6434,-175.1853,6353.2959,6353.2959
1390,0.50,8.2158,+0.0879,-5.5495,13.7652,136.6651,-173.3947,6279.3760,6279.3760
1391,0.50,8.0479,+0.2115,-5.5447,13.5926,89.5280,-174.8141,6335.5566,6335.5566
1392,0.50,8.1867,-0.4218,-5.5353,13.7220,132.4590,-173.4922,6276.6802,6276.6802
1393,0.51,7.5437,-0.0838,-5.5203,13.0640,135.3021,-174.8646,6326.9053,6326.9053
1394,0.52,7.9726,-0.0993,-5.4975,13.4701,112.6714,-175.3084,6352.0483,6352.0483
1395,0.50,11.0816,+1.6953,-5.5579,16.6395,2655.9421,-174.3473,6511.4688,6511.4688
1396,0.51,8.7725,+0.8422,-5.5174,14.2900,352.3556,-174.9038,6399.0542,6399.0542
1397,0.50,8.8749,-0.5448,-5.5421,14.4170,224.7806,-173.4225,6331.2451,6331.2451
1398,0.50,9.4123,-0.3960,-5.5300,14.9423,491.0851,-174.0742,6386.9355,6386.9355
1399,0.49,9.0830,+0.3892,-5.5138,14.5968,188.1390,-173.0415,6286.3594,6286.3594
1400,0.50,8.9521,-0.9850,-5.5255,14.4776,351.3898,-173.1977,6278.5967,6278.5967
1401,0.49,8.6658,+2.6664,-5.5186,14.1844,629.8537,-174.1302,6317.5918,6317.5918
1402,0.50,6.3925,+0.0702,-5.4950,11.8875,270.7319,-174.4435,6213.8301,6213.8301
1403,0.48,7.3417,-0.0366,-5.4853,12.8270,80.9346,-175.8112,6379.7598,6379.7598
1404,0.50,7.1651,+0.0840,-5.4719,12.6371,77.0296,-173.7758,6236.4561,6236.4561
1405,0.52,7.6454,+0.0951,-5.4691,13.1145,115.7984,-175.5826,6378.9287,6378.9287
1406,0.53,9.0324,-0.2574,-5.4740,14.5063,152.5568,-176.0275,6473.5947,6473.5947
1407,0.50,11.0007,+0.2325,-5.4509,16.4516,2681.1292,-175.7890,6598.1709,6598.1709
1408,0.50,8.0289,+0.3453,-5.4305,13.4594,147.3932,-175.4997,6369.6680,6369.6680
1409,0.50,8.7657,+0.5138,-5.4500,14.2157,366.4612,-175.5146,6436.2021,6436.2021
1410,0.51,8.2463,+0.2377,-5.5001,13.7464,127.2757,-174.5761,6340.7607,6340.7607
1411,0.48,7.9790,+0.2610,-5.5005,13.4795,142.2149,-175.4713,6387.4238,6387.4238
1412,0.51,7.3265,-0.0562,-5.5507,12.8772,145.3190,-173.4182,6244.2803,6244.2803
1413,0.49,8.1525,-0.2819,-5.4993,13.6518,163.4048,-174.5684,6345.6299,6345.6299
1414,0.50,7.5011,+0.3920,-5.5092,13.0103,251.3689,-174.3840,6308.3643,6308.3643
1415,0.50,8.5116,-0.6247,-5.5307,14.0423,290.9805,-173.9809,6338.3022,6338.3022
1416,0.48,8.1678,-0.3090,-5.5378,13.7056,113.7337,-173.8378,6312.9712,6312.9712
1417,0.49,8.4462,+0.4942,-5.5177,13.9639,165.3749,-174.7686,6401.5947,6401.5947
1418,0.51,8.1456,-0.2371,-5.5131,13.6587,165.0386,-171.5679,6135.9561,6135.9561
1419,0.51,7.6134,+0.7862,-5.5250,13.1384,147.9812,-173.2025,6272.2881,6272.2881
1420,0.52,7.9832,+0.3936,-5.5408,13.5240,168.2224,-174.3361,6336.3232,6336.3232
1421,0.50,9.1605,-0.6408,-5.5138,14.6742,617.2168,-174.8552,6486.0664,6486.0664
1422,0.51,10.1808,+0.8132,-5.5217,15.7025,1415.2421,-175.8766,6612.6138,6612.6138
1423,0.52,8.1113,-1.5881,-5.5335,13.6448,122.8195,-174.1815,6334.5996,6334.5996
1424,0.50,9.2663,-0.9191,-5.5491,14.8154,280.9485,-174.0529,6426.4478,6426.4478
1425,0.51,10.3031,-0.5374,-5.5233,15.8264,1426.9912,-175.7612,6617.7983,6617.7983
1426,0.51,11.8434,-1.7747,-5.5233,17.3667,3756.1985,-174.5251,6605.5264,6605.5264
1427,0.50,8.0484,+1.0434,-5.5462,13.5945,85.0827,-175.4975,6416.6855,6416.6855
1428,0.51,8.0690,+0.9442,-5.5430,13.6120,92.9573,-175.6192,6411.6768,6411.6768
1429,0.51,7.3747,-0.3907,-5.5254,12.9001,193.3803,-175.2167,6366.3789,6366.3789
1430,0.50,7.9601,+0.2960,-5.5375,13.4976,82.7559,-178.0052,6587.7495,6587.7495
1431,0.49,7.4804,+0.6083,-5.5391,13.0195,109.8873,-178.5074,6606.5527,6606.5527
1432,0.51,7.9003,-0.2147,-5.5249,13.4253,105.4331,-178.4463,6638.1216,6638.1216
1433,0.51,6.7509,+0.4906,-5.5228,12.2737,112.5962,-176.6565,6483.9941,6483.9941
1434,0.50,7.2077,+0.9710,-5.5046,12.7124,999.0133,-176.4939,6536.0640,6536.0640
1435,0.49,9.4130,-0.4313,-5.5534,14.9665,398.1150,-175.0497,6481.4336,6481.4336
1436,0.51,6.0489,+1.3549,-5.5356,11.5845,892.2173,-175.7365,6360.8037,6360.8037
1437,0.50,8.4512,+1.0736,-5.5318,13.9830,182.1273,-176.0520,6501.9087,6501.9087
1438,0.51,7.2978,-0.1724,-5.5453,12.8431,206.3780,-174.7435,6387.8906,6387.8906
1439,0.51,8.3273,-0.0692,-5.5647,13.8920,320.5503,-174.3678,6401.4531,6401.4531
1440,0.51,8.5362,-0.3143,-5.5781,14.1144,215.6894,-172.1958,6252.2319,6252.2319
1441,0.51,7.9700,+0.1978,-5.5656,13.5356,143.0666,-172.4676,6245.3350,6245.3350
1442,0.49,8.8743,-0.9427,-5.5469,14.4212,313.6365,-174.9833,6450.4922,6450.4922
1443,0.49,7.7415,+0.1700,-5.5370,13.2785,151.5753,-174.8114,6345.7383,6345.7383
1444,0.51,8.6422,+0.8111,-5.5261,14.1683,381.9130,-176.1117,6505.1118,6505.1118
1445,0.48,7.9203,+0.7328,-5.5620,13.4823,173.5331,-174.0291,6320.3145,6320.3145
1446,0.49,7.9798,-0.2154,-5.5691,13.5489,114.3670,-173.6122,6309.9326,6309.9326
1447,0.52,7.8121,+0.2923,-5.5474,13.3595,151.4108,-172.9549,6229.0352,6229.0352
1448,0.52,8.7142,-0.6371,-5.5580,14.2723,504.4395,-170.7157,6142.5527,6142.5527
1449,0.52,7.3008,-0.1019,-5.5661,12.8669,103.7578,-170.5457,6068.7178,6068.7178
1450,0.51,6.4350,-8.2460,-5.5550,11.9900,91.1108,-173.0114,6158.3877,6158.3877
1451,0.50,8.2486,+0.9542,-5.5737,13.8222,312.7609,-171.6387,6202.4648,6202.4648
1452,0.50,8.0313,-0.4153,-5.5525,13.5838,1392.5654,-171.9223,6230.0117,6230.0117
1453,0.52,6.2507,+0.3658,-5.5592,11.8099,904.1978,-172.9591,6173.9629,6173.9629
1454,0.50,9.9922,+0.2819,-5.5555,15.5476,2389.8435,-171.6146,6280.8105,6280.8105
1455,0.51,7.0199,+0.8169,-5.5374,12.5573,86.6124,-172.3807,6179.8535,6179.8535
1456,0.50,8.5184,-3.8024,-5.5423,14.0607,711.3533,-174.7650,6397.5908,6397.5908
1457,0.52,15.7523,+3.8192,-5.5469,21.2992,13911.0010,-173.7387,6605.4004,6605.4004
1458,0.51,9.4419,-7.1567,-5.5247,14.9666,2562.4456,-173.0158,6283.6152,6283.6152
1459,0.51,7.4930,+0.6348,-5.5543,13.0474,114.9538,-173.5336,6271.4834,6271.4834
1460,0.51,8.4681,-0.3710,-5.5204,13.9885,556.9983,-173.1925,6302.7153,6302.7153
1461,0.50,7.0088,+0.0450,-5.5306,12.5394,87.2385,-173.1211,6233.7734,6233.7734
1462,0.51,8.2026,+0.5584,-5.5138,13.7164,187.9495,-174.8325,6402.2031,6402.2031
1463,0.50,7.9645,+0.3033,-5.5194,13.4839,346.1195,-175.1149,6368.1597,6368.1597
1464,0.51,7.5342,+0.3509,-5.5206,13.0548,142.0218,-175.9167,6432.4785,6432.4785
1465,0.50,10.6193,-0.5955,-5.5313,16.1506,2555.5710,-174.9232,6624.1577,6624.1577
1466,0.50,7.5386,-0.0459,-5.5081,13.0467,125.2744,-175.0541,6353.3828,6353.3828
1467,0.52,7.7476,+0.5042,-5.5233,13.2709,92.2535,-176.4034,6472.3945,6472.3945
1468,0.50,8.2768,+1.1914,-5.5001,13.7768,134.6198,-177.3066,6556.5762,6556.5762
1469,0.51,8.5200,-1.1861,-5.4931,14.0131,419.4388,-179.4264,6751.9849,6751.9849
1470,0.52,7.7354,+1.3579,-5.5227,13.2582,308.9357,-175.7028,6445.3311,6445.3311
1471,0.51,7.7640,+0.4270,-5.5191,13.2832,98.3721,-175.5809,6429.8672,6429.8672
1472,0.49,9.7292,-1.2249,-5.5433,15.2725,1671.8120,-173.0193,6416.9873,6416.9873
1473,0.51,9.3372,+1.1279,-5.5130,14.8502,847.0782,-174.1747,6432.9897,6432.9897
1474,0.49,6.5466,+6.8226,-5.5346,12.0812,973.6713,-175.0568,6267.9341,6267.9341
1475,0.51,4.1990,-2.9142,-5.5433,9.7423,2602.2334,-173.2261,6000.0894,6000.0894
1476,0.49,7.6295,+0.8764,-5.5610,13.1905,138.8226,-174.4121,6328.2056,6328.2056
1477,0.52,8.2839,+1.3352,-5.5724,13.8563,217.4077,-172.1262,6246.4043,6246.4043
1478,0.50,7.1359,-0.5942,-5.5803,12.7163,68.3925,-170.0837,5996.8037,5996.8037
1479,0.51,7.6909,+0.2053,-5.5724,13.2633,173.4036,-172.9083,6235.0186,6235.0186
1480,0.49,6.5461,+2.9317,-5.5735,12.1196,239.2602,-174.3131,6258.5908,6258.5908
1481,0.49,10.7512,+1.8295,-5.5600,16.3112,2800.6101,-173.4768,6532.0723,6532.0723
1482,0.52,10.5434,-0.2729,-5.5522,16.0956,1767.7037,-174.9854,6567.7129,6567.7129
1483,0.49,8.1299,-0.1744,-5.5582,13.6881,186.1236,-173.0098,6276.6787,6276.6787
1484,0.51,8.6397,+0.8756,-5.5617,14.2014,391.6030,-174.1025,6402.7524,6402.7524
1485,0.53,15.0277,+8.9217,-5.5350,20.5628,7851.1396,-177.7209,7244.7012,7244.7012
1486,0.51,6.8326,+1.6488,-5.5504,12.3830,2496.5449,-175.1792,6458.1196,6458.1196
1487,0.50,9.0936,+0.3992,-5.5553,14.6490,736.8962,-174.9995,6490.2764,6490.2764
1488,0.49,7.6354,-0.2188,-5.5225,13.1579,134.3751,-174.5038,6345.6074,6345.6074
1489,0.50,7.2243,-0.3225,-5.5333,12.7577,99.4614,-172.9045,6221.7256,6221.7256
1490,0.50,7.6063,-0.5532,-5.5311,13.1374,176.5488,-178.1595,6610.2979,6610.2979
1491,0.50,7.8906,+0.1105,-5.5448,13.4353,206.4957,-176.2180,6460.5332,6460.5332
1492,0.49,10.0553,-0.0084,-5.5133,15.5686,2680.7124,-178.0163,6722.7974,6722.7974
1493,0.51,8.3402,+1.6817,-5.5012,13.8414,330.7907,-179.9182,6751.6650,6751.6650
1494,0.50,8.9299,-1.0241,-5.5220,14.4519,945.9832,-177.1449,6630.1401,6630.1401
1495,0.50,7.0106,-0.3034,-5.5206,12.5311,136.4614,-179.2227,6614.7002,6614.7002
1496,0.52,6.3294,+0.4024,-5.5198,11.8493,189.4408,-181.7487,6759.2261,6759.2261
1497,0.50,7.7647,-0.3904,-5.5409,13.3056,273.6432,-177.2442,6540.8281,6540.8281
1498,0.51,7.7554,+0.6633,-5.5448,13.3002,474.1834,-178.1086,6611.2021,6611.2021
1499,0.50,7.7582,-0.4291,-5.5491,13.3073,378.2291,-179.2394,6701.9707,6701.9707
1500,0.51,7.1612,+0.8198,-5.5369,12.6981,278.7989,-177.8957,6579.9082,6579.9082
1501,0.51,6.7937,-0.8705,-5.5039,12.2976,98.3595,-176.0958,6360.2148,6360.2148
1502,0.49,8.4108,-0.0372,-5.5045,13.9153,313.4570,-175.8129,6435.0913,6435.0913
1503,0.49,8.2530,-0.7396,-5.5129,13.7660,1113.9167,-177.6832,6564.3115,6564.3115
1504,0.50,7.7160,-0.2531,-5.4813,13.1973,118.8621,-177.6487,6528.4272,6528.4272
1505,0.51,8.6166,+0.1808,-5.5083,14.1249,217.7050,-177.4803,6572.2715,6572.2715
1506,0.50,8.9767,-0.6921,-5.5147,14.4915,503.3564,-178.6850,6727.5576,6727.5576
1507,0.51,7.8510,+0.0554,-5.5364,13.3874,120.0963,-178.8367,6650.7041,6650.7041
1508,0.50,7.6334,+0.9946,-5.5293,13.1627,136.3192,-175.4788,6389.8760,6389.8760
1509,0.51,7.7979,+0.4700,-5.5280,13.3259,181.0535,-179.0112,6660.1914,6660.1914
1510,0.50,8.5674,-0.3990,-5.5126,14.0800,592.0640,-177.2033,6574.9907,6574.9907
1511,0.52,7.8239,-0.2901,-5.5003,13.3242,111.1844,-177.0161,6504.6538,6504.6538
1512,0.52,8.7640,-0.8405,-5.5242,14.2882,296.1101,-175.6011,6491.0986,6491.0986
1513,0.53,7.9048,-0.8690,-5.5142,13.4191,168.9064,-176.0607,6450.0508,6450.0508
1514,0.51,7.9890,-0.3369,-5.5147,13.5037,141.6828,-175.8011,6426.0503,6426.0503
1515,0.50,9.3529,-1.0008,-5.5172,14.8700,476.2266,-173.9638,6407.5469,6407.5469
1516,0.49,10.0727,-0.4915,-5.5471,15.6199,1297.9005,-171.6516,6313.0645,6313.0645
1517,0.48,8.0603,+0.5374,-5.5353,13.5955,122.0145,-175.6787,6466.6260,6466.6260
1518,0.51,8.6639,-0.5062,-5.5443,14.2082,200.5469,-175.1069,6446.6865,6446.6865
1519,0.51,8.5058,+0.1720,-5.5312,14.0370,169.7945,-174.0209,6358.3784,6358.3784
1520,0.51,7.9201,-0.0538,-5.4987,13.4188,237.0579,-173.5581,6313.6577,6313.6577
1521,0.50,8.9387,-0.6155,-5.5186,14.4573,475.0146,-171.9979,6179.9131,6179.9131
1522,0.50,7.9233,+0.1103,-5.5272,13.4504,89.3520,-176.3991,6497.6108,6497.6108
1523,0.51,8.0989,-0.2265,-5.5417,13.6406,134.2211,-176.0056,6487.7241,6487.7241
1524,0.52,7.7800,-0.0698,-5.5440,13.3240,188.5766,-176.4235,6463.4189,6463.4189
1525,0.50,8.5632,-1.7467,-5.5061,14.0693,539.9111,-175.4579,6418.9199,6418.9199
1526,0.52,6.2305,-0.0438,-5.5443,11.7748,391.8081,-175.0807,6326.4741,6326.4741
1527,0.49,7.1382,+0.6632,-5.5185,12.6568,113.8905,-174.8833,6346.5762,6346.5762
1528,0.50,7.6320,+0.4810,-5.5264,13.1584,165.1024,-177.9706,6575.2598,6575.2598
1529,0.49,7.7983,-0.3713,-5.5290,13.3273,261.2047,-175.9459,6444.2637,6444.2637
1530,0.50,7.5374,-0.4096,-5.5294,13.0668,122.1974,-176.7295,6530.5640,6530.5640
1531,0.50,7.3050,-0.7439,-5.5260,12.8310,143.2078,-177.9118,6575.6514,6575.6514
1532,0.51,8.1424,-0.2454,-5.5263,13.6687,107.7311,-176.9841,6552.4863,6552.4863
1533,0.50,6.4480,+0.6997,-5.5239,11.9720,162.3726,-176.1919,6429.7422,6429.7422
1534,0.51,7.5693,+0.6943,-5.5320,13.1012,187.7105,-178.5341,6604.0635,6604.0635
1535,0.50,8.3336,+0.6899,-5.5299,13.8636,311.2804,-178.8767,6716.5840,6716.5840
1536,0.50,3.3192,+1.3661,-5.4705,8.7896,2591.3933,-176.3614,6241.5425,6241.5425
1537,0.51,7.7587,+0.2489,-5.4930,13.2517,166.3160,-178.4665,6659.2480,6659.2480
1538,0.52,6.7115,-0.8437,-5.4799,12.1913,430.7048,-177.5158,6502.1812,6502.1812
1539,0.51,6.6874,-1.0083,-5.4967,12.1841,186.2461,-178.3157,6545.9180,6545.9180
1540,0.53,10.4954,+0.2796,-5.4768,15.9722,2042.5566,-179.5681,6807.5215,6807.5215
1541,0.50,8.1736,-0.5743,-5.5088,13.6824,167.3314,-175.9923,6475.2588,6475.2588
1542,0.52,8.5417,+0.3933,-5.5069,14.0485,222.0547,-175.1901,6440.2803,6440.2803
1543,0.53,8.2856,+0.5568,-5.4773,13.7629,159.6829,-174.7944,6390.5684,6390.5684
1544,0.50,7.7057,+0.7697,-5.5019,13.2076,136.4936,-175.3221,6415.5371,6415.5371
1545,0.51,7.0896,+0.1387,-5.5250,12.6145,144.6303,-173.2287,6228.6094,6228.6094
1546,0.51,11.8542,-3.4189,-5.5367,17.3908,4667.3208,-174.3327,6465.1685,6465.1685
1547,0.52,10.6359,-0.6588,-5.5367,16.1726,2710.1384,-175.5409,6577.8320,6577.8320
1548,0.52,10.5449,-6.4699,-5.5410,16.0859,1378.2869,-173.6281,6441.5996,6441.5996
1549,0.53,6.8983,+1.0712,-5.5083,12.4066,572.5504,-175.0728,6330.3950,6330.3950
1550,0.51,5.5678,-0.1471,-5.5337,11.1016,6875.9634,-174.6653,6386.4463,6386.4463
1551,0.50,14.3725,-4.6601,-5.5544,19.9269,8959.8945,-174.2176,6778.7256,6778.7256
1552,0.50,20.1593,-1.3041,-5.5724,25.7317,27005.8066,-171.5865,6878.2598,6878.2598
1553,0.49,1.2032,-4.2545,-5.5876,6.7907,6503.0830,-172.1177,5682.8447,5682.8447
1554,0.51,5.4028,-0.9300,-5.5441,10.9469,3688.4792,-174.1695,6192.0278,6192.0278
1555,0.50,8.2982,+0.0373,-5.5593,13.8576,438.1746,-173.2184,6289.7451,6289.7451
1556,0.51,10.4971,-1.9797,-5.5531,16.0503,2937.4116,-174.0973,6568.3540,6568.3540
1557,0.51,8.3396,+0.5221,-5.5392,13.8788,866.4969,-173.5431,6350.7598,6350.7598
1558,0.51,8.4264,+0.2209,-5.5474,13.9738,254.1816,-175.7983,6510.2588,6510.2588
1559,0.51,12.7728,+2.7225,-5.5378,18.3107,3828.3977,-175.2784,6626.6445,6626.6445
1560,0.50,7.7784,+0.1163,-5.5212,13.2997,130.4792,-175.1554,6383.1860,6383.1860
1561,0.52,9.5490,+3.5480,-5.5248,15.0738,1007.6717,-175.9784,6564.4985,6564.4985
1562,0.53,22.8217,-10.2169,-5.5390,28.3608,47463.2344,-173.4452,7575.3213,7575.3213
1563,0.52,7.9007,+0.6658,-5.5533,13.4541,402.8396,-173.4956,6278.6182,6278.6182
1564,0.51,8.5843,-0.2460,-5.5454,14.1297,202.5290,-173.4388,6305.4868,6305.4868
1565,0.52,7.4358,+0.4180,-5.5182,12.9541,132.5660,-174.6729,6326.0063,6326.0063
1566,0.50,8.7573,+1.0963,-5.5484,14.3056,349.4465,-177.4255,6614.9458,6614.9458
1567,0.48,12.3153,+6.3339,-5.5151,17.8304,4878.2031,-177.2396,6831.5273,6831.5273
1568,0.49,15.7105,-11.2726,-5.5143,21.2248,9338.5020,-175.9403,7100.3584,7100.3584
1569,0.52,6.9685,+1.7775,-5.5067,12.4752,3728.2585,-176.4159,6390.1211,6390.1211
1570,0.50,12.8864,-4.0963,-5.4963,18.3827,5666.4199,-176.9846,6871.6479,6871.6479
1571,0.50,7.7892,-0.2202,-5.5038,13.2929,289.8521,-175.1683,6345.8682,6345.8682
1572,0.49,6.1571,-0.0656,-5.4871,11.6442,832.7127,-176.3190,6364.5801,6364.5801
1573,0.51,7.0823,+1.2683,-5.4770,12.5593,2270.3728,-177.7350,6568.7539,6568.7539
1574,0.50,7.9206,+0.1179,-5.4987,13.4193,4720.9478,-176.1200,6398.1841,6398.1841
1575,0.50,15.1492,+0.5109,-5.4989,20.6481,7173.2134,-176.5244,6826.3208,6826.3208
1576,0.49,10.3535,+1.0969,-5.4641,15.8176,1889.1221,-178.2715,6868.0430,6868.0430
1577,0.50,15.3083,-1.5436,-5.4245,20.7328,6019.8892,-178.4309,7005.8779,7005.8779
1578,0.50,11.1838,+6.8823,-5.4764,16.6602,4662.1050,-175.7922,6574.0576,6574.0576
1579,0.49,19.0884,+0.4979,-5.5075,24.5958,30868.8301,-177.5023,7712.7808,7712.7808
1580,0.51,17.0273,+6.2838,-5.4930,22.5203,15594.3213,-176.9172,7339.8906,7339.8906
1581,0.50,10.4304,+0.9767,-5.5205,15.9509,3888.4473,-176.7649,6789.6309,6789.6309
1582,0.51,8.6910,+0.5052,-5.5179,14.2089,480.4942,-176.0656,6491.3213,6491.3213
1583,0.49,7.8263,-0.2202,-5.4967,13.3230,302.6877,-176.7450,6494.0493,6494.0493
1584,0.51,6.4544,-3.3237,-5.4816,11.9361,100.2573,-175.9102,6321.1421,6321.1421
1585,0.54,18.4943,+7.6189,-5.5010,23.9954,13191.2002,-174.9050,7162.5488,7162.5488
1586,0.50,1.6172,+4.1544,-5.5070,7.1242,8920.4648,-175.4643,5729.7817,5729.7817
1587,0.50,6.2522,+0.4398,-5.4905,11.7426,89.0031,-176.7005,6309.3105,6309.3105
1588,0.50,8.0804,-0.2403,-5.5007,13.5811,660.1003,-176.8863,6501.1958,6501.1958
1589,0.50,7.0695,+0.3913,-5.4862,12.5557,173.5057,-175.7819,6341.4785,6341.4785
1590,0.52,8.2751,+0.4682,-5.4714,13.7465,264.4232,-178.3687,6635.6162,6635.6162
1591,0.51,8.9806,+0.0584,-5.4489,14.4294,776.8784,-175.9642,6496.7188,6496.7188
1592,0.52,7.9538,-0.8504,-5.4702,13.4240,130.3399,-174.0098,6293.2109,6293.2109
1593,0.50,8.1512,-0.6536,-5.4767,13.6279,110.9860,-173.7746,6308.6768,6308.6768
1594,0.51,6.5809,+1.0295,-5.5129,12.0938,199.4273,-173.3538,6204.4121,6204.4121
1595,0.50,9.6816,-0.9800,-5.5051,15.1867,2166.9626,-175.2124,6469.1699,6469.1699
1596,0.51,9.2042,+0.8270,-5.5052,14.7094,1274.5519,-174.7231,6404.3467,6404.3467
1597,0.52,10.5648,+1.4802,-5.5079,16.0727,7761.1860,-175.2343,6496.4805,6496.4805
1598,0.50,8.2864,-0.4181,-5.5062,13.7926,251.9168,-173.2286,6236.0449,6236.0449
1599,0.50,7.5790,+0.6852,-5.5482,13.1272,123.2534,-175.5276,6382.4678,6382.4678
1600,0.52,7.5743,-0.4454,-5.5370,13.1114,136.0041,-174.8357,6335.5693,6335.5693
1601,0.50,7.1640,+0.5086,-5.5244,12.6884,75.1915,-175.7129,6366.9912,6366.9912
1602,0.50,8.5336,+0.1318,-5.5081,14.0417,217.2148,-177.5123,6582.0762,6582.0762
1603,0.52,6.7487,+0.1759,-5.4991,12.2477,78.8911,-177.2730,6454.1211,6454.1211
1604,0.51,7.3663,+0.2289,-5.5461,12.9124,253.3217,-175.7114,6395.3340,6395.3340
1605,0.51,7.3805,-0.3097,-5.5488,12.9293,133.2030,-175.2145,6350.5029,6350.5029
1606,0.51,7.5669,-0.2131,-5.5370,13.1039,119.7837,-175.9410,6383.5522,6383.5522
1607,0.53,7.3840,-0.1015,-5.5259,12.9099,81.9131,-175.6522,6374.7075,6374.7075
1608,0.52,8.1017,+0.9047,-5.5388,13.6405,110.3496,-177.5949,6562.9326,6562.9326
1609,0.52,7.1625,+0.1488,-5.5317,12.6942,117.6019,-176.3119,6413.3936,6413.3936
1610,0.52,7.2756,+0.2730,-5.5106,12.7862,123.8747,-176.7504,6478.1221,6478.1221
1611,0.53,4.8569,-10.2906,-5.5567,10.4136,1852.0010,-176.1876,6276.3164,6276.3164
1612,0.50,7.8039,-0.5170,-5.5646,13.3685,138.7702,-175.6605,6426.1372,6426.1372
1613,0.52,8.6838,-0.1720,-5.5739,14.2577,290.9883,-175.2478,6419.8291,6419.8291
1614,0.51,7.5720,+0.5586,-5.5716,13.1437,99.1248,-176.6584,6467.8813,6467.8813
1615,0.51,8.0951,+0.0420,-5.5777,13.6728,114.1228,-171.6189,6133.6436,6133.6436
1616,0.53,7.4701,-0.2501,-5.5802,13.0504,96.1428,-175.1431,6373.7861,6373.7861
1617,0.52,9.4612,+1.0001,-5.5641,15.0253,2005.2551,-171.4612,6278.5586,6278.5586
1618,0.52,7.5107,+0.9477,-5.5339,13.0446,127.1527,-173.9496,6270.1782,6270.1782
1619,0.50,7.5954,+1.2951,-5.5324,13.1278,121.1874,-172.2958,6168.5605,6168.5605
1620,0.51,7.1944,+0.0587,-5.5516,12.7460,72.2514,-174.9261,6333.9043,6333.9043
1621,0.50,6.3346,-5.3242,-5.5479,11.8825,234.5753,-175.4519,6316.9297,6316.9297
1622,0.51,9.3155,+0.2329,-5.5843,14.8998,1301.3184,-175.0292,6412.7412,6412.7412
1623,0.49,8.7289,+0.5319,-5.5845,14.3133,413.1859,-172.6327,6240.2915,6240.2915
1624,0.51,7.8583,-0.6634,-5.5653,13.4235,123.7412,-171.5057,6139.4629,6139.4629
1625,0.49,7.6977,-0.4114,-5.5823,13.2799,97.7027,-172.1294,6196.3672,6196.3672
1626,0.52,7.0354,+0.3308,-5.5660,12.6014,151.6706,-173.0207,6187.4761,6187.4761
1627,0.49,7.7092,-0.0225,-5.5773,13.2864,117.6435,-173.5354,6264.8408,6264.8408
1628,0.51,8.9806,-0.0617,-5.5789,14.5595,986.9594,-176.1422,6552.7739,6552.7739
1629,0.51,7.0392,-0.4496,-5.5649,12.6041,111.8868,-174.5320,6311.6265,6311.6265
1630,0.52,8.3713,-2.8343,-5.5614,13.9326,1071.2660,-172.4862,6275.5620,6275.5620
1631,0.50,16.2905,+8.1522,-5.5418,21.8323,19675.6777,-173.9828,6899.2939,6899.2939
1632,0.50,7.9348,+0.6364,-5.5450,13.4798,172.0018,-173.0154,6254.2695,6254.2695
1633,0.50,-23.3137,-1.2686,-5.5276,-17.7860,235585.8594,-173.1740,4470.3823,4470.3823
1634,0.50,12.8114,+0.3035,-5.5469,18.3583,7885.2168,-174.2182,6627.8887,6627.8887
1635,0.50,6.6004,+0.3109,-5.5291,12.1295,63.6789,-174.3757,6220.5039,6220.5039
1636,0.52,6.5061,+1.4067,-5.5207,12.0268,246.6253,-175.9387,6390.3862,6390.3862
1637,0.52,7.2258,+0.1394,-5.4598,12.6855,140.9356,-178.5672,6599.2822,6599.2822
1638,0.52,6.5841,+0.5107,-5.5067,12.0908,43.8868,-179.9296,6650.5596,6650.5596
1639,0.51,7.3547,+0.4436,-5.4967,12.8515,165.5731,-179.7626,6684.6025,6684.6025
1640,0.52,7.0105,+0.5439,-5.4907,12.5012,99.0183,-177.0225,6447.0635,6447.0635
1641,0.50,7.3643,-0.3626,-5.5101,12.8744,105.8205,-177.0264,6466.6309,6466.6309
1642,0.51,6.6833,+0.3488,-5.5309,12.2141,112.9414,-176.4665,6354.5786,6354.5786
1643,0.50,6.8921,+0.5090,-5.5320,12.4241,131.4561,-176.9872,6458.2100,6458.2100
1644,0.51,6.5167,+0.6957,-5.5363,12.0530,89.3992,-178.1258,6512.9434,6512.9434
1645,0.49,7.2856,-0.3753,-5.5132,12.7989,111.3062,-177.9528,6539.0933,6539.0933
1646,0.52,8.0544,-0.0531,-5.5396,13.5940,119.9769,-179.4593,6648.7178,6648.7178
1647,0.48,7.6593,-0.0124,-5.5041,13.1634,157.3154,-177.7708,6505.5098,6505.5098
1648,0.52,10.8913,-0.7032,-5.5162,16.4075,2046.7574,-178.0670,6602.4707,6602.4707
1649,0.52,7.8458,-1.4825,-5.4918,13.3376,127.1738,-176.3482,6416.6313,6416.6313
1650,0.51,8.9783,+0.0278,-5.4799,14.4582,998.2691,-176.4030,6459.4160,6459.4160
1651,0.50,15.0981,+1.3306,-5.4892,20.5872,15191.3379,-177.3069,6638.6562,6638.6562
1652,0.51,6.1815,+0.4545,-5.5040,11.6855,308.5186,-176.4930,6411.5000,6411.5000
1653,0.51,6.6250,-0.1846,-5.5439,12.1690,67.1905,-175.8499,6375.3169,6375.3169
1654,0.51,6.2303,+0.3923,-5.5191,11.7494,348.3519,-176.8780,6435.4873,6435.4873
1655,0.51,7.5345,-0.3441,-5.5198,13.0543,106.5709,-180.0070,6702.3252,6702.3252
1656,0.52,7.4431,+0.5948,-5.5135,12.9566,158.3510,-178.0197,6550.7412,6550.7412
1657,0.52,7.5013,+0.2132,-5.5507,13.0520,96.5408,-179.7112,6702.4131,6702.4131
1658,0.52,7.2983,+0.5044,-5.5499,12.8483,76.0306,-175.6797,6361.8809,6361.8809
1659,0.52,6.9141,+0.0550,-5.5336,12.4476,72.3047,-174.6660,6305.5889,6305.5889
1660,0.51,7.4839,-0.0509,-5.5648,13.0487,99.6110,-174.5484,6319.9570,6319.9570
1661,0.52,7.1330,+0.0699,-5.5626,12.6956,136.2325,-176.7853,6472.0469,6472.0469
1662,0.50,8.2663,-0.2310,-5.5360,13.8023,209.7894,-175.1487,6403.2520,6403.2520
1663,0.51,8.0408,+0.6183,-5.5447,13.5855,315.4666,-174.8136,6387.5044,6387.5044
1664,0.52,7.2853,+0.7285,-5.5639,12.8493,107.9981,-173.9046,6244.6104,6244.6104
1665,0.51,7.2610,+0.6400,-5.5366,12.7976,106.3158,-173.7039,6249.9941,6249.9941
1666,0.51,7.9101,-0.0006,-5.5434,13.4535,132.5428,-172.4252,6159.4512,6159.4512
1667,0.50,7.2441,+0.0729,-5.5638,12.8078,110.3418,-173.8892,6258.1138,6258.1138
1668,0.51,7.3684,-0.0217,-5.5489,12.9173,90.7784,-174.4538,6307.6665,6307.6665
1669,0.50,7.1482,+0.1096,-5.5428,12.6910,128.4455,-174.8720,6320.8662,6320.8662
1670,0.50,7.5877,+0.1535,-5.5411,13.1288,284.6259,-175.1960,6381.0000,6381.0000
1671,0.53,7.8470,+0.3540,-5.5420,13.3890,116.3687,-176.8141,6492.7490,6492.7490
1672,0.52,7.2648,-0.2826,-5.5172,12.7820,132.7305,-176.9733,6481.3535,6481.3535
1673,0.53,7.3919,+0.0117,-5.5384,12.9303,100.2461,-177.5401,6506.6392,6506.6392
1674,0.52,7.0699,+0.2875,-5.5225,12.5924,107.1904,-175.2706,6339.5117,6339.5117
1675,0.52,8.2633,+0.1047,-5.5418,13.8051,168.8240,-176.4348,6472.2993,6472.2993
1676,0.51,8.3730,+1.9690,-5.5483,13.9213,331.2961,-176.7508,6555.7148,6555.7148
1677,0.50,6.7863,+0.8123,-5.5199,12.3061,153.7502,-174.8391,6260.9658,6260.9658
1678,0.51,7.6324,+0.3148,-5.5095,13.1420,107.3191,-176.6883,6487.8291,6487.8291
1679,0.51,7.3417,-0.2379,-5.5384,12.8801,81.1497,-178.7657,6606.5122,6606.5122
1680,0.51,7.3828,+0.3113,-5.5326,12.9154,177.0585,-175.8328,6437.2012,6437.2012
1681,0.51,6.9870,-0.6375,-5.5382,12.5252,116.9193,-177.9344,6536.4326,6536.4326
1682,0.52,6.9804,-0.5794,-5.5601,12.5405,119.0950,-177.3300,6524.4580,6524.4580
1683,0.49,5.1615,-1.5851,-5.5685,10.7300,471.5276,-177.7377,6350.5063,6350.5063
1684,0.50,8.2811,-0.0851,-5.5020,13.7831,638.6453,-181.5378,6919.8555,6919.8555
1685,0.51,7.5052,-0.0101,-5.5179,13.0231,101.7164,-179.6655,6679.5947,6679.5947
1686,0.51,6.8639,-0.6730,-5.5158,12.3797,97.2702,-177.8434,6505.9043,6505.9043
1687,0.51,6.8854,+0.3505,-5.5122,12.3976,109.2778,-178.4628,6530.5713,6530.5713
1688,0.52,6.2702,+0.1351,-5.5437,11.8139,118.9734,-177.1744,6435.5264,6435.5264
1689,0.50,5.2602,+0.3488,-5.5355,10.7957,181.6303,-178.2050,6458.4614,6458.4614
1690,0.52,7.2271,+0.3144,-5.5237,12.7508,74.2518,-175.9254,6427.6172,6427.6172
1691,0.50,7.8679,-0.0310,-5.5538,13.4218,243.8133,-175.2444,6388.0117,6388.0117
1692,0.51,6.4671,+0.2371,-5.5524,12.0195,69.0816,-176.1094,6373.4443,6373.4443
1693,0.51,6.6118,+0.5336,-5.5551,12.1668,97.0015,-176.4468,6375.5078,6375.5078
1694,0.51,7.3654,+0.8186,-5.5488,12.9142,252.2765,-178.9333,6596.5864,6596.5864
1695,0.50,4.9779,+0.9243,-5.5740,10.5519,109.3336,-177.8240,6321.9146,6321.9146
1696,0.50,7.1448,+0.3094,-5.5475,12.6924,269.0423,-178.4393,6570.5913,6570.5913
1697,0.51,7.0068,+0.5967,-5.5387,12.5456,187.4168,-178.3965,6509.5107,6509.5107
1698,0.52,8.1687,-0.1912,-5.5156,13.6843,293.3310,-177.7318,6547.6514,6547.6514
1699,0.52,7.3915,+0.3849,-5.5146,12.9061,93.3593,-178.3255,6568.2109,6568.2109
1700,0.51,8.2286,-0.0805,-5.5091,13.7377,461.4537,-178.1933,6591.7891,6591.7891
1701,0.50,7.8194,-0.0990,-5.4975,13.3169,232.9811,-178.4244,6603.4434,6603.4434
1702,0.51,6.5026,+0.0324,-5.5084,12.0109,92.1389,-177.8825,6470.8452,6470.8452
1703,0.52,6.6580,-0.3516,-5.5132,12.1711,65.7037,-178.7560,6544.9585,6544.9585
1704,0.51,7.3370,-0.2244,-5.5148,12.8517,166.2438,-176.5776,6439.3267,6439.3267
1705,0.50,6.5156,+0.2020,-5.5321,12.0477,129.1835,-179.7122,6658.1279,6658.1279
1706,0.52,6.4168,+0.1144,-5.5250,11.9418,87.1273,-175.7963,6344.0449,6344.0449
1707,0.52,7.0807,+0.1401,-5.5376,12.6184,103.0935,-178.7209,6565.6709,6565.6709
1708,0.49,7.3876,-0.4783,-5.5495,12.9370,131.6110,-176.5971,6460.2544,6460.2544
1709,0.53,6.9204,-0.9428,-5.5445,12.4649,94.4597,-180.1494,6667.9072,6667.9072
1710,0.52,6.6749,-0.6843,-5.5635,12.2384,93.1917,-178.5391,6535.5068,6535.5068
1711,0.52,7.5229,-2.7887,-5.5427,13.0656,317.7466,-178.0318,6543.2485,6543.2485
1712,0.51,5.8578,+0.1066,-5.5619,11.4197,132.9353,-177.0880,6380.6733,6380.6733
1713,0.51,6.4320,+0.2171,-5.5635,11.9955,234.8306,-174.4993,6242.3628,6242.3628
1714,0.53,6.9694,+0.4109,-5.5601,12.5295,125.9903,-174.5239,6287.3652,6287.3652
1715,0.49,6.5029,-0.3810,-5.5589,12.0618,89.0294,-173.1436,6170.7051,6170.7051
1716,0.50,8.2270,+0.7225,-5.5722,13.7991,600.1297,-172.7492,6219.2725,6219.2725
1717,0.53,7.5573,+0.4613,-5.5611,13.1184,118.9964,-173.6480,6244.3574,6244.3574
1718,0.51,9.2722,-0.9728,-5.5359,14.8082,1330.5115,-177.0124,6559.1455,6559.1455
1719,0.50,7.9528,+2.1995,-5.5197,13.4725,610.4703,-176.4940,6450.4370,6450.4370
1720,0.52,6.5775,+0.2281,-5.5578,12.1353,66.7728,-175.6075,6318.7070,6318.7070
1721,0.50,6.7456,+0.8397,-5.5552,12.3008,191.3450,-176.6351,6426.1123,6426.1123
1722,0.49,7.0445,+0.1356,-5.5595,12.6040,74.2050,-175.7839,6367.9922,6367.9922
1723,0.52,7.5711,+0.2476,-5.5374,13.1085,168.1661,-175.9500,6392.0386,6392.0386
1724,0.54,7.7429,-0.0111,-5.5588,13.3018,210.5419,-175.1915,6348.2065,6348.2065
1725,0.50,7.8451,-0.0933,-5.5431,13.3881,208.4375,-175.6415,6401.1152,6401.1152
1726,0.53,8.5797,-0.3978,-5.5859,14.1657,1229.6692,-175.8454,6444.9341,6444.9341
1727,0.51,6.8050,-0.7349,-5.5953,12.4003,127.1802,-173.6753,6216.5947,6216.5947
1728,0.51,7.1883,-0.2095,-5.6005,12.7888,110.0285,-174.9964,6332.8232,6332.8232
1729,0.51,8.3964,-1.0170,-5.5769,13.9733,536.6774,-176.2411,6478.1357,6478.1357
1730,0.49,-6.8984,-11.4983,-5.5660,-1.3324,48950.8320,-178.0443,5876.9971,5876.9971
1731,0.51,7.3416,-1.5602,-5.5880,12.9296,245.3225,-175.9050,6367.3477,6367.3477
1732,0.51,7.1796,-0.3128,-5.5395,12.7191,471.9297,-178.2611,6529.1797,6529.1797
1733,0.52,8.0157,-2.0360,-5.5425,13.5582,726.3304,-176.8313,6468.0996,6468.0996
1734,0.51,7.2750,-0.1281,-5.5519,12.8269,214.1213,-175.8361,6395.3398,6395.3398
1735,0.53,7.7567,-0.3027,-5.5536,13.3103,171.5629,-173.5434,6238.4375,6238.4375
1736,0.52,6.7603,-0.8886,-5.5543,12.3146,133.8791,-175.1137,6278.8691,6278.8691
1737,0.51,7.3322,+0.2420,-5.5440,12.8761,113.2822,-175.8036,6370.0767,6370.0767
1738,0.52,7.4481,-0.5236,-5.5472,12.9953,157.1248,-174.4439,6319.1143,6319.1143
1739,0.51,7.5181,-0.6403,-5.5528,13.0709,140.7050,-174.6895,6321.9653,6321.9653
1740,0.51,6.4375,-0.2760,-5.5638,12.0013,124.9012,-171.5633,6039.1309,6039.1309
1741,0.51,6.2968,+0.1684,-5.5837,11.8805,99.6213,-175.4960,6339.5986,6339.5986
1742,0.50,6.1388,-0.8735,-5.5980,11.7368,127.3186,-176.5466,6374.6963,6374.6963
1743,0.51,7.4727,+0.1255,-5.5592,13.0319,275.7583,-178.2382,6571.8730,6571.8730
1744,0.51,7.9215,-0.4382,-5.5459,13.4675,331.5060,-174.1696,6307.6191,6307.6191
1745,0.52,7.6430,-0.2617,-5.5298,13.1728,146.4974,-174.4056,6312.0586,6312.0586
1746,0.50,8.2210,+1.0906,-5.5197,13.7408,1266.0237,-174.4302,6398.9497,6398.9497
1747,0.52,6.4673,-0.1369,-5.5035,11.9708,329.1350,-173.8254,6226.3730,6226.3730
1748,0.51,7.8600,+1.9760,-5.5006,13.3605,145.7917,-177.0603,6498.7900,6498.7900
1749,0.51,6.9901,+1.0401,-5.5185,12.5086,150.5848,-175.2638,6367.1890,6367.1890
1750,0.50,6.2741,+0.0306,-5.5177,11.7918,107.2285,-177.3782,6445.8345,6445.8345
1751,0.50,6.9361,-0.1953,-5.5315,12.4676,85.6780,-180.8514,6760.5947,6760.5947
1752,0.51,6.1413,-0.4197,-5.5392,11.6805,80.8786,-179.1099,6606.3428,6606.3428
1753,0.53,7.2586,+0.5093,-5.5337,12.7922,92.5797,-177.8231,6578.5088,6578.5088
1754,0.50,7.5029,+1.1917,-5.5674,13.0703,193.7462,-176.4417,6485.1431,6485.1431
1755,0.50,7.2603,-0.2022,-5.5687,12.8290,102.6008,-175.2172,6387.3101,6387.3101
1756,0.50,7.3921,-0.3368,-5.5860,12.9781,91.5428,-177.6370,6553.6030,6553.6030
1757,0.53,6.8904,-0.2847,-5.5685,12.4589,106.5885,-174.5907,6260.6523,6260.6523
1758,0.50,7.4736,-0.4040,-5.5457,13.0193,220.4895,-175.4318,6356.4927,6356.4927
1759,0.51,8.0586,-0.0120,-5.5588,13.6174,450.1120,-178.4450,6585.9023,6585.9023
1760,0.52,6.6810,-0.1857,-5.5460,12.2270,125.9301,-178.5559,6561.3584,6561.3584
1761,0.52,7.1113,+0.0765,-5.5291,12.6404,167.4465,-177.6894,6503.8789,6503.8789
1762,0.51,5.6562,-0.1298,-5.5287,11.1848,91.8456,-177.2666,6409.1738,6409.1738
1763,0.51,6.6589,+0.5493,-5.5438,12.2027,82.8083,-173.8096,6196.0708,6196.0708
1764,0.52,6.1970,+0.1630,-5.5432,11.7403,76.8248,-178.0870,6464.1724,6464.1724
1765,0.50,6.5662,+0.2375,-5.5603,12.1266,88.6693,-177.1643,6450.6567,6450.6567
1766,0.50,6.9484,+0.3083,-5.5559,12.5044,61.5684,-177.3480,6467.3281,6467.3281
1767,0.52,6.8409,+0.0129,-5.5388,12.3798,91.6722,-180.1064,6647.8242,6647.8242
1768,0.50,6.1228,-0.3151,-5.5104,11.6333,87.7914,-178.7523,6496.7734,6496.7734
1769,0.52,6.0298,+0.0259,-5.5122,11.5420,80.2886,-177.1166,6351.5332,6351.5332
1770,0.50,6.6901,-0.3396,-5.5614,12.2515,60.5195,-178.8539,6538.5259,6538.5259
1771,0.51,6.5212,-1.1418,-5.5377,12.0589,82.2606,-175.6594,6284.7295,6284.7295
1772,0.53,6.5133,+0.2000,-5.5811,12.0943,105.1301,-174.3100,6204.3130,6204.3130
1773,0.52,5.9269,-0.4533,-5.6058,11.5327,76.6249,-172.1372,6047.1362,6047.1362
1774,0.51,6.5199,+0.0279,-5.6095,12.1294,73.9010,-174.5633,6249.5459,6249.5459
1775,0.51,5.8645,-0.0552,-5.5870,11.4515,66.9162,-175.9958,6317.9717,6317.9717
1776,0.50,6.4493,-0.2626,-5.5875,12.0368,73.8685,-179.4511,6571.3047,6571.3047
1777,0.51,6.1836,+0.0613,-5.6106,11.7942,74.5545,-176.9507,6395.1748,6395.1748
1778,0.52,5.6952,-0.8307,-5.5803,11.2755,60.0748,-178.5670,6477.6387,6477.6387
1779,0.52,6.1240,-0.0307,-5.5806,11.7046,65.5203,-176.4059,6361.8813,6361.8813
1780,0.53,6.1868,-0.1808,-5.5512,11.7380,100.8717,-176.0632,6337.7661,6337.7661
1781,0.53,5.8194,-0.5702,-5.5847,11.4041,55.6041,-176.6420,6390.3955,6390.3955
1782,0.52,5.8553,-0.2733,-5.6227,11.4780,84.2897,-174.3543,6239.4932,6239.4932
1783,0.51,6.2317,-0.3450,-5.6328,11.8645,67.7516,-178.4171,6569.9434,6569.9434
1784,0.53,5.9882,+0.0094,-5.6382,11.6264,39.4312,-179.3984,6620.5117,6620.5117
1785,0.54,6.2180,+0.1455,-5.6226,11.8406,82.5450,-177.0313,6430.8013,6430.8013
1786,0.51,6.2252,+0.3199,-5.6331,11.8583,118.6530,-178.5341,6550.7222,6550.7222
1787,0.53,5.6102,+0.2785,-5.6135,11.2237,42.9639,-177.0641,6385.6060,6385.6060
1788,0.51,6.0375,-0.3171,-5.5790,11.6165,87.0966,-178.4004,6478.2773,6478.2773
1789,0.52,1.8934,-2.0528,-5.5752,7.4686,5065.3979,-175.6711,5994.5215,5994.5215
1790,0.51,6.2617,-0.1022,-5.5887,11.8504,44.1028,-174.4539,6189.4854,6189.4854
1791,0.52,5.7424,-0.5400,-5.5696,11.3120,45.6490,-178.1183,6426.6396,6426.6396
1792,0.51,5.9561,+0.0025,-5.5746,11.5307,64.3097,-174.4589,6169.9883,6169.9883
1793,0.54,6.8145,-1.4718,-5.5799,12.3945,362.3384,-177.5133,6440.3877,6440.3877
1794,0.52,6.3289,-0.0730,-5.5548,11.8837,38.1915,-179.5700,6549.2998,6549.2998
1795,0.51,6.3446,+0.1354,-5.5314,11.8760,142.3408,-176.5505,6366.8281,6366.8281
1796,0.51,6.4227,+0.1434,-5.5290,11.9517,97.3809,-178.5253,6502.7588,6502.7588
1797,0.51,6.0046,+0.5217,-5.5413,11.5459,78.7640,-180.5313,6616.7920,6616.7920
1798,0.53,6.0064,-0.3343,-5.5279,11.5343,55.7358,-178.4162,6466.2227,6466.2227
1799,0.51,6.5705,+0.1051,-5.5614,12.1319,76.9884,-177.4167,6412.3271,6412.3271
1800,0.50,6.0731,+0.2723,-5.5812,11.6543,51.9757,-177.3700,6350.4951,6350.4951
1801,0.49,6.5230,+0.5950,-5.5877,12.1107,67.7099,-179.4487,6554.4854,6554.4854
1802,0.51,6.1010,-0.1019,-5.5929,11.6939,83.7979,-177.6708,6404.1860,6404.1860
1803,0.50,6.3244,-0.2669,-5.5887,11.9131,86.9475,-179.9685,6591.1992,6591.1992
1804,0.49,6.3406,+0.1890,-5.5637,11.9043,120.5640,-177.5734,6427.7783,6427.7783
1805,0.51,6.6565,-0.1721,-5.5708,12.2273,115.2297,-174.0459,6209.6855,6209.6855
1806,0.52,5.9693,+0.0497,-5.5488,11.5181,72.3510,-175.3305,6237.4683,6237.4683
1807,0.52,5.9179,+0.0335,-5.5586,11.4764,62.0931,-181.0106,6666.4819,6666.4819
1808,0.52,6.3572,-0.2250,-5.5554,11.9126,88.8354,-180.4647,6650.6260,6650.6260
1809,0.51,6.5939,-0.1945,-5.5795,12.1734,109.7204,-180.4819,6659.3535,6659.3535
1810,0.50,5.8994,+0.6593,-5.5783,11.4777,73.8036,-182.3933,6775.1641,6775.1641
1811,0.53,5.9792,+0.3502,-5.5807,11.5599,81.0197,-179.4131,6570.8394,6570.8394
1812,0.52,5.6043,+0.3224,-5.5815,11.1858,78.1075,-178.6571,6522.5513,6522.5513
1813,0.51,5.8744,-0.5023,-5.5444,11.4189,65.0226,-177.5388,6422.6665,6422.6665
1814,0.51,6.1163,+0.1648,-5.5541,11.6704,93.7240,-180.6116,6669.6743,6669.6743
1815,0.53,5.6499,-0.2126,-5.5434,11.1933,95.3911,-179.4897,6553.1289,6553.1289
1816,0.52,5.2763,+0.2801,-5.5280,10.8043,158.2699,-182.6829,6784.1846,6784.1846
1817,0.53,5.8331,-0.4889,-5.5191,11.3522,62.3183,-181.3594,6718.3232,6718.3232
1818,0.53,5.2001,-0.5159,-5.5481,10.7482,109.1746,-178.4836,6493.9780,6493.9780
1819,0.52,6.4576,+0.0769,-5.5667,12.0243,62.6734,-176.8615,6407.2236,6407.2236
1820,0.52,6.2843,-0.2230,-5.5752,11.8595,70.6902,-181.5130,6711.3057,6711.3057
1821,0.52,6.1305,+0.1349,-5.5880,11.7185,71.5731,-178.0255,6478.3623,6478.3623
1822,0.51,6.0584,+0.1410,-5.5688,11.6272,95.8551,-177.5295,6431.9365,6431.9365
1823,0.51,6.0722,-0.0116,-5.5668,11.6390,77.1329,-179.0234,6498.4668,6498.4668
1824,0.52,5.9173,+0.4926,-5.5792,11.4964,131.6163,-177.7736,6396.5430,6396.5430
1825,0.53,5.9379,+0.4531,-5.5721,11.5100,120.2065,-178.8080,6496.9834,6496.9834
1826,0.53,5.9105,+0.1935,-5.5526,11.4632,64.9133,-179.3664,6554.7065,6554.7065
1827,0.51,6.1182,+0.3385,-5.5534,11.6716,78.4374,-177.6857,6483.1763,6483.1763
1828,0.52,5.9199,+0.1854,-5.5598,11.4797,137.0786,-180.8120,6695.4521,6695.4521
1829,0.53,6.6414,-0.4455,-5.5832,12.2246,128.4658,-176.6354,6439.7935,6439.7935
1830,0.53,6.4928,-0.0360,-5.5714,12.0643,72.6247,-179.3651,6586.5708,6586.5708
1831,0.53,6.6071,-0.0560,-5.5657,12.1728,72.4029,-177.7837,6474.9854,6474.9854
1832,0.55,6.1292,+0.0103,-5.5782,11.7074,103.9728,-178.3006,6510.0776,6510.0776
1833,0.51,6.3809,-0.0909,-5.5704,11.9513,88.3444,-180.1421,6648.1646,6648.1646
1834,0.51,6.1419,+0.4990,-5.5379,11.6798,136.3234,-180.0473,6624.5430,6624.5430
1835,0.50,6.2458,+0.0933,-5.5222,11.7680,92.7973,-181.1047,6729.9893,6729.9893
1836,0.52,6.3650,-0.3796,-5.5396,11.9045,112.6062,-181.3454,6748.1641,6748.1641
1837,0.51,5.9184,-0.3364,-5.5508,11.4692,89.4993,-181.7257,6737.1699,6737.1699
1838,0.52,6.3809,+0.1555,-5.5628,11.9437,150.4835,-178.3337,6518.3882,6518.3882
1839,0.52,5.9994,-0.3554,-5.5650,11.5644,82.0335,-178.4752,6523.1646,6523.1646
1840,0.51,5.4357,+0.3268,-5.5550,10.9906,46.9985,-182.1332,6735.8921,6735.8921
1841,0.51,5.8817,+0.1183,-5.5724,11.4541,68.2540,-182.3041,6779.4619,6779.4619
1842,0.52,5.9774,-0.1448,-5.5891,11.5666,41.6474,-181.9999,6748.9873,6748.9873
1843,0.54,5.9047,+0.2362,-5.6141,11.5188,42.2400,-179.5251,6583.7817,6583.7817
1844,0.53,5.4799,+0.0912,-5.5868,11.0668,59.1866,-180.7683,6651.2432,6651.2432
1845,0.52,5.3533,-0.4867,-5.5916,10.9449,48.3791,-182.5298,6787.1030,6787.1030
1846,0.52,4.9214,+0.4361,-5.6030,10.5244,28.1677,-178.8445,6491.7705,6491.7705
1847,0.54,4.9098,+0.2664,-5.6189,10.5287,23.3648,-181.3803,6698.1943,6698.1943
1848,0.51,4.5142,-0.3202,-5.6374,10.1515,110.7178,-182.6572,6739.8970,6739.8970
1849,0.51,4.4573,-0.0902,-5.6251,10.0824,22.3704,-180.8407,6602.3359,6602.3359
1850,0.54,4.7987,-0.3830,-5.6038,10.4026,15.5105,-176.4514,6275.7109,6275.7109
1851,0.51,4.8808,-0.3081,-5.5985,10.4792,23.0628,-182.1033,6716.5059,6716.5059
1852,0.52,4.8552,+0.4145,-5.5909,10.4461,35.2584,-182.7104,6764.8174,6764.8174
1853,0.55,4.7959,+0.4024,-5.6038,10.3998,59.7351,-179.7231,6544.5747,6544.5747
1854,0.51,5.3713,+0.3142,-5.5906,10.9620,108.6139,-180.5873,6649.7061,6649.7061
1855,0.53,5.2809,-0.1036,-5.5780,10.8589,42.8546,-178.7600,6499.7715,6499.7715
1856,0.52,4.4840,-0.6009,-5.5451,10.0291,55.6128,-180.4108,6533.1846,6533.1846
1857,0.53,4.6069,+0.1236,-5.5819,10.1888,169.2483,-180.3908,6557.2598,6557.2598
1858,0.54,4.7403,+0.4576,-5.5760,10.3163,26.7591,-180.4543,6554.3604,6554.3604
1859,0.54,5.2759,+0.0338,-5.5476,10.8235,38.8304,-176.8753,6285.3818,6285.3818
1860,0.53,5.3132,-0.2291,-5.5836,10.8968,78.6190,-178.0261,6362.7979,6362.7979
1861,0.53,4.1038,-0.1818,-5.5670,9.6707,151.9922,-180.7510,6550.2026,6550.2026
1862,0.52,5.5589,+0.0868,-5.5843,11.1432,37.5456,-179.2515,6477.9629,6477.9629
1863,0.54,5.9096,+0.3471,-5.5992,11.5088,51.7542,-175.7022,6268.1577,6268.1577
1864,0.53,5.4828,+0.3912,-5.5835,11.0662,57.6163,-181.3917,6654.1621,6654.1621
1865,0.53,5.0791,+0.0189,-5.5862,10.6653,48.2413,-180.9087,6604.4492,6604.4492
1866,0.52,4.9955,-0.1838,-5.6096,10.6051,37.5139,-177.5297,6342.5649,6342.5649
1867,0.50,4.9883,-0.4202,-5.6160,10.6043,36.2203,-182.0668,6702.7397,6702.7397
1868,0.52,5.2940,-0.4258,-5.6494,10.9434,82.8890,-177.7382,6433.9707,6433.9707
1869,0.53,5.2920,-0.3334,-5.6248,10.9168,56.6907,-178.7995,6493.4141,6493.4141
1870,0.56,5.7281,-0.3306,-5.6350,11.3632,59.9123,-175.7493,6278.6802,6278.6802
1871,0.52,4.7849,+0.3173,-5.6315,10.4164,61.1774,-180.8851,6619.4766,6619.4766
1872,0.52,4.9534,-0.0224,-5.6417,10.5951,50.4702,-178.2632,6435.8701,6435.8701
1873,0.54,5.0447,+0.3320,-5.6106,10.6553,59.2934,-181.7041,6662.8906,6662.8906
1874,0.53,5.2490,+0.6246,-5.6204,10.8695,72.6151,-179.9435,6568.9688,6568.9688
1875,0.53,5.0938,+0.1350,-5.5933,10.6871,47.2648,-181.1685,6639.2642,6639.2642
1876,0.53,4.8106,-0.2729,-5.6197,10.4303,57.4345,-179.2719,6535.4165,6535.4165
1877,0.54,4.3178,-0.1528,-5.6094,9.9272,56.1022,-179.8004,6530.3701,6530.3701
1878,0.53,5.1190,-0.1554,-5.6017,10.7206,71.3528,-179.6673,6544.2383,6544.2383
1879,0.52,4.9267,+0.1398,-5.5833,10.5099,66.1365,-178.9880,6437.5171,6437.5171
1880,0.53,4.7447,+0.8069,-5.5655,10.3102,61.4033,-178.8242,6432.0107,6432.0107
1881,0.53,5.4530,+0.6608,-5.6014,11.0545,67.4671,-181.3831,6690.7393,6690.7393
1882,0.52,5.4127,+0.1632,-5.5737,10.9864,73.9317,-179.8245,6555.4287,6555.4287
1883,0.54,5.5865,-0.2892,-5.5999,11.1864,97.6203,-177.5013,6374.0742,6374.0742
1884,0.53,5.6284,+0.1401,-5.5973,11.2257,105.5975,-177.5497,6386.9824,6386.9824
1885,0.50,5.4545,+0.1438,-5.5772,11.0316,91.7960,-178.5927,6452.8828,6452.8828
1886,0.52,5.5834,+0.0450,-5.5698,11.1532,84.9621,-178.3858,6451.4863,6451.4863
1887,0.54,5.6938,+0.0971,-5.5789,11.2728,92.8451,-179.4870,6553.7705,6553.7705
1888,0.53,5.4230,-0.7318,-5.5766,10.9996,81.3015,-178.8590,6483.0254,6483.0254
1889,0.53,5.3323,-0.2579,-5.5662,10.8986,87.3281,-178.4945,6481.9531,6481.9531
1890,0.52,5.6566,-0.3588,-5.5953,11.2520,74.5504,-179.3170,6547.6533,6547.6533
1891,0.54,5.4897,+0.0701,-5.6021,11.0918,68.9444,-180.3964,6608.5645,6608.5645
1892,0.53,5.6857,-0.1943,-5.6152,11.3009,66.7504,-178.4049,6495.4668,6495.4668
1893,0.53,4.5618,+2.5087,-5.6160,10.1777,37.8013,-179.5939,6507.3955,6507.3955
1894,0.51,5.1814,-0.2261,-5.5714,10.7527,38.7021,-178.8534,6480.5947,6480.5947
1895,0.53,4.8721,+0.1562,-5.5827,10.4547,58.5262,-186.7737,7035.9175,7035.9175
1896,0.52,5.2859,+0.0757,-5.6019,10.8878,56.9512,-181.7885,6694.4912,6694.4912
1897,0.54,5.0698,-0.0044,-5.5926,10.6624,50.0910,-178.8331,6464.8818,6464.8818
1898,0.51,4.8011,+0.5957,-5.5770,10.3781,85.7262,-181.9096,6677.1572,6677.1572
1899,0.52,5.0527,+0.2636,-5.5761,10.6288,53.9305,-178.7770,6456.6655,6456.6655
1900,0.52,5.2125,-0.0235,-5.5932,10.8057,48.1095,-179.4956,6520.4746,6520.4746
1901,0.51,5.9581,+0.0240,-5.5881,11.5463,180.7391,-179.7289,6537.6113,6537.6113
1902,0.54,4.2593,-0.0278,-5.5673,9.8265,42.8863,-183.0219,6720.9736,6720.9736
1903,0.54,5.0431,-0.0754,-5.6191,10.6623,59.8391,-181.0054,6612.6030,6612.6030
1904,0.53,4.5955,-0.9970,-5.6045,10.1999,20.1607,-185.1794,6896.2627,6896.2627
1905,0.53,4.7432,+0.1337,-5.6266,10.3699,65.5175,-183.8200,6791.0918,6791.0918
1906,0.53,4.9807,-0.6969,-5.5866,10.5673,54.4065,-180.9996,6651.2778,6651.2778
1907,0.55,4.7720,-0.7254,-5.6027,10.3747,51.0293,-181.2400,6620.4277,6620.4277
1908,0.51,5.2220,+0.0081,-5.5945,10.8164,44.0899,-185.3254,6966.3618,6966.3618
1909,0.53,5.3783,-0.0101,-5.5624,10.9407,56.6688,-184.1170,6877.3086,6877.3086
1910,0.53,4.9282,-0.0803,-5.5878,10.5160,65.6381,-183.0211,6795.7593,6795.7593
1911,0.53,5.0485,+0.1692,-5.6061,10.6546,52.2380,-181.9364,6706.4229,6706.4229
1912,0.51,5.5571,+0.1441,-5.6013,11.1584,71.0746,-181.6986,6701.2188,6701.2188
1913,0.52,5.3639,+0.2144,-5.5752,10.9391,79.7356,-180.4536,6578.5078,6578.5078
1914,0.53,5.3114,-0.4499,-5.5466,10.8580,50.8792,-184.0100,6834.9492,6834.9492
1915,0.53,5.1651,-0.5607,-5.5605,10.7256,44.5272,-183.1410,6752.1011,6752.1011
1916,0.53,5.1973,+0.0596,-5.5634,10.7607,57.9075,-182.7467,6735.4121,6735.4121
1917,0.52,5.2806,+0.1262,-5.5827,10.8634,85.9111,-181.3630,6672.0029,6672.0029
1918,0.53,5.0883,-0.3531,-5.5247,10.6130,47.3364,-183.0385,6767.9644,6767.9644
1919,0.53,5.6243,-0.2723,-5.5344,11.1587,71.5721,-182.4394,6750.6206,6750.6206
1920,0.53,5.2756,-0.2623,-5.5581,10.8337,62.7625,-181.0624,6660.0835,6660.0835
1921,0.53,4.7612,+0.1946,-5.5601,10.3213,57.2573,-183.1421,6769.3330,6769.3330
1922,0.52,4.1425,-0.1185,-5.5612,9.7037,45.9904,-181.7177,6643.6699,6643.6699
1923,0.54,4.7421,-0.3014,-5.5502,10.2923,77.0085,-185.3745,6909.0107,6909.0107
1924,0.55,5.2311,-0.3039,-5.5806,10.8117,69.9305,-182.5613,6739.7124,6739.7124
1925,0.53,4.6181,-0.1230,-5.5695,10.1876,69.5675,-184.9465,6893.7842,6893.7842
1926,0.53,4.7777,-0.0151,-5.5492,10.3269,72.1664,-182.7772,6748.3257,6748.3257
1927,0.55,5.2124,-0.1643,-5.5317,10.7441,75.9796,-186.1678,7009.8418,7009.8418
1928,0.54,5.0078,+1.7205,-5.5408,10.5486,406.6451,-185.7765,6981.7222,6981.7222
1929,0.53,9.4484,-1.4163,-5.5671,15.0155,5859.2886,-183.0939,7068.4360,7068.4360
1930,0.54,5.5213,+8.8741,-5.5663,11.0876,248.7859,-182.1727,6774.8408,6774.8408
1931,0.52,3.4972,+3.4536,-5.5433,9.0405,636.3102,-184.1500,6755.8848,6755.8848
1932,0.52,6.3794,-0.1550,-5.5143,11.8937,1009.2033,-183.4083,6872.9131,6872.9131
1933,0.56,4.1784,+0.2275,-5.5544,9.7328,92.6533,-184.3712,6829.0674,6829.0674
1934,0.51,4.7811,-0.5792,-5.6054,10.3866,67.2095,-180.5258,6587.6519,6587.6519
1935,0.55,5.0307,-0.0965,-5.6000,10.6307,115.7311,-181.1831,6677.9316,6677.9316
1936,0.52,4.5091,-0.1950,-5.5960,10.1051,34.7679,-182.7927,6734.7061,6734.7061
1937,0.55,6.1242,-0.4923,-5.6043,11.7285,757.1978,-182.5761,6874.2891,6874.2891
1938,0.54,5.1932,+1.9715,-5.5977,10.7909,195.0167,-183.9090,6885.6631,6885.6631
1939,0.53,3.8654,-0.0422,-5.5855,9.4508,47.6582,-183.8992,6778.9541,6778.9541
1940,0.54,4.5383,+0.2159,-5.5810,10.1193,45.6606,-184.7232,6880.5176,6880.5176
1941,0.52,4.2810,-0.1281,-5.5832,9.8643,56.5713,-186.1819,6960.9414,6960.9414
1942,0.53,4.3521,+0.2720,-5.5723,9.9244,57.0488,-182.9389,6710.2432,6710.2432
1943,0.54,4.6645,+0.0298,-5.5991,10.2636,41.8946,-181.9837,6689.2959,6689.2959
1944,0.54,4.8265,-0.4980,-5.5861,10.4126,48.1965,-181.5841,6645.8311,6645.8311
1945,0.53,5.2884,-0.0229,-5.6258,10.9142,93.3265,-180.3333,6632.2363,6632.2363
1946,0.54,4.9537,-0.0140,-5.6397,10.5934,70.2688,-181.2608,6655.7842,6655.7842
1947,0.55,4.4948,-0.1149,-5.6269,10.1217,35.4831,-179.5229,6506.6875,6506.6875
1948,0.52,4.7448,+0.4436,-5.6136,10.3583,61.2653,-177.1708,6372.2202,6372.2202
1949,0.53,5.1712,-0.1366,-5.6087,10.7799,62.3506,-178.4619,6490.5942,6490.5942
1950,0.52,4.5083,+0.1611,-5.6205,10.1288,69.3959,-180.2001,6595.6719,6595.6719
1951,0.52,4.2234,+0.4789,-5.5963,9.8197,33.6520,-179.5401,6503.1802,6503.1802
1952,0.53,5.2773,-1.0851,-5.5872,10.8645,83.0043,-182.8539,6766.1860,6766.1860
1953,0.52,4.7974,+0.5896,-5.6100,10.4074,49.0609,-181.4026,6660.7627,6660.7627
1954,0.52,5.2307,-0.0238,-5.5845,10.8152,84.9323,-181.3996,6665.2681,6665.2681
1955,0.53,5.2120,-0.1948,-5.6117,10.8237,175.4573,-179.0318,6484.6401,6484.6401
1956,0.52,4.6007,+0.0523,-5.6257,10.2264,77.1158,-178.4183,6449.1309,6449.1309
1957,0.54,4.1519,+0.0229,-5.5980,9.7499,78.2739,-179.7634,6506.0879,6506.0879
1958,0.53,4.2305,+0.3845,-5.6158,9.8463,36.9519,-179.2320,6490.9795,6490.9795
1959,0.54,4.9021,-0.2093,-5.6133,10.5154,62.2518,-178.5409,6464.0254,6464.0254
1960,0.54,4.8862,-0.1791,-5.6239,10.5101,63.1229,-179.2921,6521.4346,6521.4346
1961,0.53,4.6006,-0.4035,-5.6007,10.2013,37.1187,-181.4286,6645.9536,6645.9536
1962,0.55,4.9461,-0.8496,-5.6044,10.5506,45.2596,-175.8644,6272.5654,6272.5654
1963,0.53,4.6461,-0.3231,-5.6003,10.2464,75.1874,-181.4003,6631.1191,6631.1191
1964,0.53,4.8470,-0.0753,-5.6036,10.4506,66.6090,-181.7225,6670.3511,6670.3511
1965,0.54,4.9174,+0.1248,-5.5887,10.5061,46.4563,-180.2316,6593.9805,6593.9805
1966,0.53,4.1632,-0.2893,-5.5718,9.7350,67.9046,-179.7079,6535.3047,6535.3047
1967,0.55,4.5033,-0.2790,-5.5565,10.0598,35.8014,-181.6266,6661.3120,6661.3120
1968,0.54,4.4779,-0.4050,-5.5596,10.0375,45.1077,-182.2138,6701.2227,6701.2227
1969,0.53,5.3192,+0.4749,-5.5886,10.9078,54.6634,-183.6469,6827.1313,6827.1313
1970,0.52,4.4743,+0.3774,-5.5964,10.0707,37.3551,-181.0627,6591.6465,6591.6465
1971,0.54,4.3589,+0.2383,-5.5565,9.9154,43.8206,-187.7017,7094.9395,7094.9395
1972,0.54,4.2569,-0.2033,-5.5652,9.8220,39.7922,-179.6070,6485.1338,6485.1338
1973,0.54,4.4342,-0.1426,-5.5583,9.9926,47.0990,-182.3622,6704.5195,6704.5195
1974,0.54,4.1964,-0.4697,-5.5107,9.7071,47.5281,-184.2609,6829.4038,6829.4038
1975,0.54,4.2864,-0.5216,-5.5513,9.8377,44.1342,-182.0128,6662.8809,6662.8809
1976,0.54,3.8345,-0.3735,-5.5738,9.4083,26.6952,-182.4472,6641.1167,6641.1167
1977,0.55,3.9707,+0.2600,-5.5447,9.5154,13.3526,-184.6610,6814.6895,6814.6895
1978,0.54,4.7983,+0.3013,-5.5557,10.3540,41.8508,-184.1089,6846.1953,6846.1953
1979,0.53,4.3983,+0.4286,-5.5582,9.9566,46.2438,-176.7718,6278.5840,6278.5840
1980,0.54,4.3080,-0.1370,-5.5664,9.8744,63.3962,-183.0311,6732.5327,6732.5327
1981,0.52,4.5168,+0.4177,-5.5643,10.0811,62.6575,-183.3948,6765.7783,6765.7783
1982,0.53,4.5845,+0.5383,-5.5622,10.1467,64.5453,-179.3974,6482.3672,6482.3672
1983,0.54,4.3416,+0.6248,-5.5549,9.8964,62.0809,-182.6868,6727.9609,6727.9609
1984,0.55,4.8053,+0.1300,-5.5270,10.3323,64.4170,-184.5803,6894.0015,6894.0015
1985,0.53,4.3751,+0.3084,-5.4957,9.8708,61.0329,-183.2823,6751.6250,6751.6250
1986,0.51,3.9951,+0.2247,-5.5354,9.5305,64.5514,-182.0107,6644.4287,6644.4287
1987,0.53,4.4241,+0.2503,-5.5551,9.9792,40.8413,-181.4287,6619.1709,6619.1709
1988,0.54,2.5092,+0.8948,-5.5708,8.0800,617.5064,-184.0664,6695.6797,6695.6797
1989,0.51,6.7205,+0.5430,-5.5921,12.3126,1578.8230,-183.4822,6935.0693,6935.0693
1990,0.52,4.0902,+0.2905,-5.5764,9.6666,43.0451,-183.0500,6716.8804,6716.8804
1991,0.55,7.3661,-0.3963,-5.5532,12.9193,3881.0730,-179.2854,6678.9741,6678.9741
1992,0.53,3.9886,+0.7461,-5.6017,9.5903,51.4445,-180.7955,6565.9990,6565.9990
1993,0.53,3.4824,+0.2925,-5.6042,9.0867,61.6134,-176.4114,6236.5703,6236.5703
1994,0.53,3.4546,-0.1749,-5.6323,9.0869,97.9180,-180.6813,6569.2427,6569.2427
1995,0.55,4.4668,-0.2097,-5.6368,10.1036,40.2628,-185.9205,6951.2490,6951.2490
1996,0.54,0.1368,-1.0468,-5.6379,5.7747,4565.5806,-184.7053,6649.5361,6649.5361
1997,0.53,3.7747,-0.8413,-5.6159,9.3906,206.1366,-184.9426,6871.8140,6871.8140
1998,0.53,2.3500,-0.9068,-5.6169,7.9668,617.9651,-186.2771,6879.2871,6879.2871
1999,0.56,4.6919,+0.0610,-5.6046,10.2965,97.0353,-184.9463,6896.9463,6896.9463
2000,0.55,4.5413,-0.5341,-5.5972,10.1385,35.2740,-177.9282,6361.9082,6361.9082
2001,0.53,5.0040,+0.1338,-5.5932,10.5972,71.6147,-178.7796,6455.1807,6455.1807
2002,0.54,4.6444,-0.0056,-5.5957,10.2401,60.9333,-179.0942,6460.0479,6460.0479
2003,0.54,4.3471,-0.4583,-5.5760,9.9231,132.8426,-181.8630,6678.4648,6678.4648
2004,0.55,4.6864,+0.1605,-5.6001,10.2865,68.7904,-180.7361,6604.7852,6604.7852
2005,0.55,4.4977,+0.1447,-5.5975,10.0952,58.7943,-185.7433,6987.8564,6987.8564
2006,0.53,4.2515,-0.9920,-5.6227,9.8742,26.1779,-179.5291,6495.2529,6495.2529
2007,0.53,5.3139,+0.4063,-5.6213,10.9352,266.7486,-179.9590,6623.4961,6623.4961
2008,0.54,4.7466,+0.3081,-5.6386,10.3852,91.1509,-182.1591,6750.9941,6750.9941
2009,0.55,4.0936,+0.3208,-5.6208,9.7145,97.5832,-181.1087,6652.1348,6652.1348
2010,0.55,4.3456,-0.1170,-5.6104,9.9560,37.0934,-182.0952,6704.0527,6704.0527
2011,0.54,4.4362,+0.3522,-5.6225,10.0587,68.7508,-181.2650,6662.2998,6662.2998
2012,0.55,4.7416,-0.2322,-5.6172,10.3588,66.4712,-182.2693,6729.5308,6729.5308
2013,0.54,4.7221,-0.3070,-5.6109,10.3330,52.1086,-180.0065,6534.3516,6534.3516
2014,0.54,4.3859,-0.6153,-5.6084,9.9943,60.7354,-182.5776,6729.9473,6729.9473
2015,0.53,4.7324,-0.5808,-5.6169,10.3493,64.6361,-181.6093,6668.5332,6668.5332
2016,0.52,4.6392,-0.0609,-5.5886,10.2278,66.6465,-180.5821,6569.1455,6569.1455
2017,0.55,4.3266,+0.2832,-5.5657,9.8922,80.3242,-181.0535,6608.5352,6608.5352
2018,0.53,4.9566,+0.4161,-5.5882,10.5448,178.0442,-182.0464,6711.7046,6711.7046
2019,0.54,3.1628,-0.6138,-5.6098,8.7726,201.2416,-179.7713,6434.1094,6434.1094
2020,0.54,4.3848,+0.2408,-5.6234,10.0082,64.9151,-182.1528,6716.4629,6716.4629
2021,0.55,4.2802,-0.4307,-5.6247,9.9049,92.0697,-179.0132,6465.4194,6465.4194
2022,0.52,4.5650,-0.0485,-5.6163,10.1813,137.9801,-181.8373,6665.2344,6665.2344
2023,0.55,6.0540,+1.8273,-5.5996,11.6536,1570.2233,-182.2371,6761.9443,6761.9443
2024,0.54,4.5452,-0.0789,-5.6009,10.1461,186.9899,-179.9752,6553.3003,6553.3003
2025,0.54,4.7482,-0.4790,-5.6063,10.3545,140.8333,-179.8855,6529.4834,6529.4834
2026,0.54,4.8912,-0.8882,-5.5950,10.4863,150.9641,-183.1978,6784.5811,6784.5811
2027,0.55,7.4791,-0.2617,-5.6015,13.0806,2202.9109,-181.6295,6860.2837,6860.2837
2028,0.54,4.7024,-0.6466,-5.6384,10.3409,65.7422,-180.8236,6593.1401,6593.1401
2029,0.54,3.8935,+0.2616,-5.6420,9.5355,17.9845,-180.0353,6478.6611,6478.6611
2030,0.53,4.3927,-0.2609,-5.6581,10.0507,80.0468,-180.0049,6519.0137,6519.0137
2031,0.54,5.4278,-1.0906,-5.6623,11.0901,897.5005,-181.6857,6687.6572,6687.6572
2032,0.56,5.6625,+2.3992,-5.6559,11.3184,1019.7341,-180.8499,6727.6641,6727.6641
2033,0.54,5.4784,-0.2786,-5.6414,11.1198,562.3867,-180.7120,6654.4961,6654.4961
2034,0.54,4.2530,+0.2389,-5.6605,9.9135,62.7704,-179.9689,6543.8091,6543.8091
2035,0.53,6.0051,+0.7174,-5.6572,11.6623,1134.4940,-180.7205,6669.0576,6669.0576
2036,0.52,3.5723,-0.0288,-5.6463,9.2185,52.2396,-182.2218,6701.0557,6701.0557
2037,0.54,3.7640,-0.7972,-5.6214,9.3854,151.9072,-182.8479,6751.2295,6751.2295
2038,0.55,4.7026,+0.2463,-5.6032,10.3058,86.6491,-183.8727,6864.1016,6864.1016
2039,0.54,3.2878,+0.2774,-5.6188,8.9066,38.6702,-180.6543,6543.8477,6543.8477
2040,0.55,3.8822,+1.4609,-5.6440,9.5262,20.6677,-182.7101,6732.5898,6732.5898
2041,0.55,4.2815,-0.2305,-5.6657,9.9471,19.3172,-180.5105,6588.4478,6588.4478
2042,0.52,3.9383,-0.0378,-5.6407,9.5790,44.4617,-182.0685,6719.4121,6719.4121
2043,0.54,4.0310,-0.7303,-5.6113,9.6423,70.1942,-184.0068,6868.1104,6868.1104
2044,0.54,4.7190,-0.3920,-5.6169,10.3358,324.8674,-182.7098,6791.1675,6791.1675
2045,0.55,5.9012,-1.3812,-5.6045,11.5057,1266.5547,-186.0148,7124.8418,7124.8418
2046,0.54,2.9954,+0.1622,-5.6436,8.6390,392.5018,-183.6346,6719.4409,6719.4409
2047,0.55,3.8023,+0.1643,-5.6589,9.4612,18.3196,-182.8252,6743.7500,6743.7500
2048,0.55,4.1014,-0.1626,-5.6321,9.7334,41.3738,-184.5720,6876.6924,6876.6924
2049,0.54,4.2989,-0.3872,-5.6251,9.9240,39.0483,-177.8207,6394.7769,6394.7769
2050,0.54,3.8199,-0.0471,-5.6108,9.4307,31.7485,-183.3548,6757.3916,6757.3916
2051,0.54,3.6457,+0.1933,-5.6628,9.3085,44.7728,-182.1070,6649.2168,6649.2168
2052,0.57,4.0249,+1.3568,-5.6482,9.6731,121.4250,-185.6551,6950.3984,6950.3984
2053,0.56,3.8939,-0.4425,-5.6520,9.5459,18.4996,-185.4985,6898.6006,6898.6006
2054,0.55,5.2206,-0.5614,-5.6181,10.8387,398.2211,-173.9315,6101.4229,6101.4229
2055,0.53,3.8098,-0.5235,-5.6235,9.4334,28.2470,-175.4778,6121.4521,6121.4521
2056,0.54,3.5511,+0.0341,-5.6389,9.1900,25.4921,-177.0661,6247.6865,6247.6865
2057,0.54,3.8892,+0.1881,-5.6576,9.5468,43.7932,-179.2492,6474.1064,6474.1064
2058,0.54,3.9952,-0.6289,-5.6564,9.6517,76.4430,-182.6232,6735.1636,6735.1636
2059,0.54,3.7730,+0.4065,-5.6233,9.3964,33.3230,-182.1054,6661.7041,6661.7041
2060,0.52,4.4089,+0.0197,-5.6280,10.0368,191.4002,-179.2985,6489.0562,6489.0562
2061,0.54,3.8376,-0.5302,-5.6151,9.4526,85.2860,-179.4458,6486.4346,6486.4346
2062,0.56,3.9914,-0.0359,-5.6164,9.6079,63.6786,-181.3770,6623.3730,6623.3730
2063,0.55,3.7434,-0.9860,-5.6092,9.3526,88.2512,-182.2144,6662.3711,6662.3711
2064,0.53,3.9080,-0.8313,-5.6048,9.5127,67.6414,-181.6769,6624.4497,6624.4497
2065,0.54,3.1155,-2.4532,-5.6149,8.7304,138.3095,-179.2545,6423.8369,6423.8369
2066,0.53,2.6674,-0.8128,-5.6238,8.2912,174.7868,-179.6752,6425.5825,6425.5825
2067,0.56,3.9732,+0.1930,-5.6240,9.5973,35.6701,-181.4332,6634.2944,6634.2944
2068,0.53,4.2690,+0.7847,-5.6184,9.8874,144.9294,-182.5211,6714.6279,6714.6279
2069,0.55,3.9799,-0.2843,-5.6257,9.6057,42.2379,-187.8262,7107.9653,7107.9653
2070,0.52,4.4151,+0.0788,-5.6102,10.0253,99.1674,-180.2869,6592.7412,6592.7412
2071,0.53,4.7214,+0.1524,-5.6398,10.3612,79.3898,-176.8459,6358.9814,6358.9814
2072,0.54,4.7072,+0.2816,-5.5773,10.2845,67.6781,-182.2856,6731.3657,6731.3657
2073,0.53,4.1599,-0.4970,-5.5591,9.7189,54.5466,-184.0251,6828.2329,6828.2329
2074,0.53,4.0197,+0.1077,-5.6018,9.6216,60.3663,-183.5739,6795.7788,6795.7788
2075,0.55,3.9008,-0.2619,-5.6018,9.5025,49.1710,-185.1440,6885.7471,6885.7471
2076,0.54,3.9028,-0.3692,-5.6186,9.5214,42.0094,-184.0584,6839.4541,6839.4541
2077,0.54,3.2213,-0.1626,-5.6168,8.8381,45.2669,-183.5940,6791.9512,6791.9512
2078,0.54,3.8940,+0.3232,-5.6205,9.5145,35.9307,-182.2908,6701.5298,6701.5298
2079,0.55,3.5767,+0.9203,-5.6181,9.1948,85.8578,-180.3702,6539.8809,6539.8809
2080,0.54,3.8028,+0.6165,-5.5981,9.4009,65.6895,-181.0117,6571.4702,6571.4702
2081,0.56,7.4076,+5.0942,-5.5870,12.9945,5161.6729,-183.8952,7125.7544,7125.7544
2082,0.54,6.2626,-1.2937,-5.5941,11.8568,2016.4115,-182.5437,6884.3760,6884.3760
2083,0.55,5.1256,+0.7550,-5.6317,10.7573,988.3720,-182.5353,6795.3589,6795.3589
2084,0.55,3.4162,-0.0775,-5.6269,9.0431,49.8282,-182.2704,6652.1733,6652.1733
2085,0.56,3.4373,+0.2591,-5.6181,9.0554,42.7599,-183.8172,6775.0293,6775.0293
2086,0.54,3.5711,+0.0826,-5.6412,9.2123,35.0574,-181.4244,6609.7656,6609.7656
2087,0.54,3.8049,+1.4965,-5.6586,9.4635,33.6779,-186.1910,6974.1265,6974.1265
2088,0.53,3.4985,+0.6773,-5.6594,9.1580,31.1265,-186.2641,6968.5889,6968.5889
2089,0.55,3.4138,+0.0544,-5.6356,9.0494,23.0948,-181.8459,6652.1699,6652.1699
2090,0.56,3.5064,+0.5927,-5.6279,9.1343,20.3726,-187.5716,7058.1377,7058.1377
2091,0.55,3.0437,-0.1017,-5.6519,8.6956,18.3256,-176.5759,6210.9180,6210.9180
2092,0.55,1.3746,-0.4854,-5.6399,7.0145,1269.1056,-194.4868,7443.7471,7443.7471
2093,0.56,6.4851,-0.4149,-5.6155,12.1006,2511.9016,-188.8029,7388.9492,7388.9492
2094,0.56,5.0527,-2.2195,-5.5997,10.6524,1180.6543,-186.9956,7193.1377,7193.1377
2095,0.55,3.3026,-2.4577,-5.5872,8.8898,139.8941,-185.4250,6848.2822,6848.2822
2096,0.56,1.3812,-0.6812,-5.6000,6.9811,692.1158,-183.7148,6612.3320,6612.3320
2097,0.55,4.5232,-0.7969,-5.5953,10.1185,291.3322,-184.9243,6916.9297,6916.9297
2098,0.55,3.8133,+0.2549,-5.6041,9.4174,54.2999,-181.4864,6610.6807,6610.6807
2099,0.55,3.0612,-0.0691,-5.6110,8.6722,48.2273,-186.2562,6916.0869,6916.0869
2100,0.56,12.9654,+1.1631,-5.6252,18.5906,23965.9414,-183.7812,7400.1123,7400.1123
2101,0.56,2.6455,-1.0093,-5.6104,8.2559,50.2729,-183.8377,6717.1924,6717.1924
2102,0.56,2.9568,-0.9375,-5.6110,8.5677,59.7269,-184.9890,6851.8521,6851.8521
2103,0.55,3.4990,-0.3562,-5.6478,9.1468,54.1385,-186.5076,7010.8164,7010.8164
2104,0.54,3.2282,-0.2292,-5.6445,8.8727,51.6426,-183.1519,6721.8340,6721.8340
2105,0.56,3.3052,-0.0793,-5.6623,8.9675,41.5245,-180.4543,6536.0869,6536.0869
2106,0.55,3.2014,-0.2796,-5.6625,8.8639,46.0967,-179.0815,6395.1660,6395.1660
2107,0.55,3.1890,+0.1334,-5.6654,8.8545,38.0400,-183.9066,6770.7925,6770.7925
2108,0.57,3.8357,+0.0163,-5.6424,9.4781,41.9232,-179.1170,6429.3965,6429.3965
2109,0.57,3.5080,-0.1049,-5.6796,9.1876,53.9292,-179.1679,6405.9453,6405.9453
2110,0.56,3.3352,-0.0543,-5.6840,9.0193,37.4773,-179.3535,6425.0977,6425.0977
2111,0.57,3.0330,-0.1953,-5.6776,8.7106,48.4254,-183.3908,6722.7471,6722.7471
2112,0.56,3.0453,+0.2501,-5.6475,8.6929,64.8980,-182.1537,6608.8101,6608.8101
2113,0.57,3.7131,-0.2985,-5.6393,9.3524,57.3667,-182.8811,6694.1812,6694.1812
2114,0.59,3.1360,-0.3640,-5.6483,8.7842,56.2862,-180.3834,6477.6855,6477.6855
2115,0.57,3.2974,-0.0286,-5.6212,8.9186,41.4137,-182.7287,6670.6650,6670.6650
2116,0.58,3.1948,-0.2890,-5.6134,8.8082,36.2581,-178.6642,6359.1523,6359.1523
2117,0.58,2.9318,-0.1433,-5.6294,8.5612,41.5504,-184.4946,6778.8018,6778.8018
2118,0.57,2.8829,+0.3538,-5.6256,8.5085,42.3055,-182.7443,6678.6455,6678.6455
2119,0.56,3.2161,-0.1691,-5.6465,8.8627,34.6734,-185.2315,6900.7051,6900.7051
2120,0.56,4.9695,+0.8631,-5.6450,10.6145,760.5498,-183.2495,6839.9521,6839.9521
2121,0.55,3.1635,+0.1045,-5.6503,8.8138,47.7612,-182.8402,6725.6670,6725.6670
2122,0.57,2.9499,-0.1273,-5.6492,8.5992,41.4844,-182.4637,6705.0195,6705.0195
2123,0.55,2.9076,-0.2236,-5.6467,8.5543,48.4833,-183.2260,6760.1543,6760.1543
2124,0.58,2.3182,+0.6559,-5.6518,7.9700,26.3994,-185.4973,6929.0068,6929.0068
2125,0.56,2.8615,+0.2249,-5.6178,8.4793,38.4573,-187.5233,7023.8564,7023.8564
2126,0.57,3.3954,+0.3350,-5.6103,9.0056,45.5813,-178.4355,6356.5498,6356.5498
2127,0.54,3.2462,-0.0161,-5.6214,8.8675,46.6242,-181.9698,6604.3716,6604.3716
2128,0.55,3.0975,+0.1235,-5.6033,8.7008,36.4428,-182.0599,6617.5039,6617.5039
2129,0.58,3.0693,-0.3243,-5.5780,8.6473,49.8014,-185.5858,6868.9150,6868.9150
2130,0.56,3.2891,-0.1385,-5.6111,8.9002,37.8340,-186.2697,6917.0806,6917.0806
2131,0.56,2.7951,-0.0000,-5.6405,8.4355,42.8375,-187.8097,7033.1685,7033.1685
2132,0.58,2.9540,+0.2601,-5.6418,8.5958,42.7114,-184.2183,6760.2637,6760.2637
2133,0.57,2.8576,+0.0016,-5.6212,8.4788,40.1921,-187.4548,6982.8062,6982.8062
2134,0.56,2.8498,+0.1021,-5.6301,8.4800,41.4467,-185.0283,6820.3936,6820.3936
2135,0.57,3.1443,+0.1097,-5.6472,8.7914,35.0496,-183.0721,6705.4741,6705.4741
2136,0.56,3.3928,+0.1945,-5.6350,9.0278,50.6401,-187.0727,7016.1514,7016.1514
2137,0.56,2.9687,+0.0309,-5.6404,8.6090,52.9801,-186.5228,6991.8018,6991.8018
2138,0.56,2.9941,+0.2936,-5.6380,8.6321,42.7992,-184.6803,6839.0879,6839.0879
2139,0.57,3.5842,+0.0367,-5.6386,9.2228,53.5569,-182.6894,6678.8423,6678.8423
2140,0.56,3.3345,+0.3619,-5.6424,8.9768,44.3273,-185.3358,6873.6851,6873.6851
2141,0.56,3.0768,-0.0810,-5.6557,8.7325,56.6674,-184.3169,6808.9229,6808.9229
2142,0.56,2.8407,+0.2575,-5.6287,8.4694,55.8816,-185.8152,6885.8262,6885.8262
2143,0.58,2.6162,-0.1383,-5.6366,8.2528,53.8792,-183.0674,6674.4727,6674.4727
2144,0.57,2.9517,-0.0718,-5.6272,8.5789,50.5990,-183.0320,6695.5283,6695.5283
2145,0.57,2.8062,-0.8825,-5.6664,8.4726,82.8002,-178.6966,6356.8076,6356.8076
2146,0.58,3.1715,-0.1081,-5.6386,8.8101,39.6342,-183.3795,6689.5444,6689.5444
2147,0.56,2.7026,-0.0826,-5.6448,8.3474,39.4449,-182.7630,6617.9087,6617.9087
2148,0.58,3.3809,-0.1871,-5.6648,9.0457,39.9990,-179.8345,6441.4121,6441.4121
2149,0.57,2.9743,+0.0957,-5.6725,8.6467,57.9550,-183.0112,6687.5029,6687.5029
2150,0.57,3.3042,+0.0206,-5.6814,8.9856,49.9704,-179.1219,6433.0063,6433.0063
2151,0.56,3.6135,+0.0821,-5.6653,9.2788,78.5586,-179.7440,6484.5229,6484.5229
2152,0.57,2.5978,+0.7700,-5.6529,8.2507,151.5855,-178.7978,6363.6323,6363.6323
2153,0.56,3.0157,+0.1216,-5.6590,8.6747,55.8864,-180.4992,6493.5093,6493.5093
2154,0.58,2.9737,+0.1596,-5.6380,8.6117,40.7429,-179.0527,6387.9272,6387.9272
2155,0.55,3.4756,+0.5172,-5.6496,9.1253,51.0350,-180.9648,6562.3311,6562.3311
2156,0.57,3.5998,+0.4599,-5.6335,9.2334,44.3467,-180.2144,6489.4526,6489.4526
2157,0.57,3.5221,-0.0435,-5.6225,9.1446,64.3612,-180.1628,6473.6865,6473.6865
2158,0.57,3.7216,-0.1528,-5.6346,9.3562,56.9642,-178.7810,6398.1470,6398.1470
2159,0.56,3.7527,-0.0876,-5.6690,9.4217,66.3907,-181.2498,6618.6260,6618.6260
2160,0.54,3.2314,+0.0405,-5.6784,8.9099,62.8214,-181.8625,6641.8589,6641.8589
2161,0.53,3.1995,+0.4774,-5.6755,8.8750,48.4157,-180.8304,6542.7202,6542.7202
2162,0.57,3.3681,+0.1212,-5.6685,9.0366,47.1738,-181.1359,6593.8208,6593.8208
2163,0.56,3.1952,+0.1616,-5.6297,8.8249,49.4643,-182.9693,6701.3604,6701.3604
2164,0.55,3.0136,-0.1788,-5.6619,8.6754,46.7368,-183.7756,6769.1587,6769.1587
2165,0.57,3.3171,-0.0206,-5.6553,8.9724,39.1667,-186.6707,6991.1113,6991.1113
2166,0.57,3.2384,-0.0515,-5.6716,8.9100,85.6926,-183.1026,6719.2627,6719.2627
2167,0.57,3.1448,-0.0850,-5.6343,8.7791,48.9981,-184.6248,6830.4941,6830.4941
2168,0.56,2.6116,+0.0834,-5.6439,8.2555,41.2675,-182.8219,6625.9155,6625.9155
2169,0.57,3.0925,+0.3886,-5.6284,8.7210,48.0688,-189.5043,7161.1650,7161.1650
2170,0.56,3.2923,+0.2934,-5.6160,8.9083,48.1509,-180.5080,6481.6738,6481.6738
2171,0.56,3.5012,+0.1391,-5.6184,9.1196,52.5297,-179.2734,6410.2676,6410.2676
2172,0.57,3.0144,+0.0790,-5.6560,8.6704,27.3545,-181.5964,6578.3838,6578.3838
2173,0.58,3.1069,-0.2963,-5.6542,8.7611,68.5740,-181.6739,6575.5151,6575.5151
2174,0.55,3.3381,-0.0751,-5.6745,9.0126,41.7708,-181.1151,6519.9771,6519.9771
2175,0.56,3.1968,-0.0169,-5.6819,8.8787,46.8578,-180.2672,6438.0503,6438.0503
2176,0.56,2.8465,+1.0042,-5.6562,8.5027,106.1018,-181.5445,6541.9434,6541.9434
2177,0.56,2.9498,+0.2606,-5.6375,8.5873,15.7181,-182.4087,6593.8281,6593.8281
2178,0.59,5.4981,-1.3654,-5.6284,11.1264,1852.8174,-182.0392,6692.6592,6692.6592
2179,0.57,5.9549,+0.4380,-5.6273,11.5821,1519.5785,-180.7473,6701.1572,6701.1572
2180,0.56,1.8063,-1.5445,-5.6158,7.4220,308.1487,-181.9959,6565.6475,6565.6475
2181,0.57,2.8418,+0.2044,-5.6463,8.4882,35.8758,-179.8221,6453.1611,6453.1611
2182,0.55,3.4001,-0.0498,-5.6365,9.0367,50.6074,-186.3543,6930.1348,6930.1348
2183,0.55,3.4822,+0.2794,-5.6340,9.1162,53.8935,-183.8154,6707.1943,6707.1943
2184,0.58,3.6461,-0.1948,-5.6270,9.2731,38.8159,-185.9321,6931.1885,6931.1885
2185,0.56,3.3983,+0.2575,-5.6532,9.0514,49.3978,-176.8309,6224.3477,6224.3477
2186,0.55,3.3951,+0.0625,-5.6597,9.0548,50.3108,-183.6147,6712.0054,6712.0054
2187,0.57,3.3062,+0.1136,-5.6487,8.9549,58.9435,-181.1621,6527.8525,6527.8525
2188,0.56,0.6012,+0.0425,-5.6230,6.2241,1934.2296,-183.3978,6530.1797,6530.1797
2189,0.55,2.8372,+0.0339,-5.6311,8.4683,91.5204,-181.9732,6559.9072,6559.9072
2190,0.55,4.1528,+0.2299,-5.6112,9.7640,319.2794,-183.5844,6774.2393,6774.2393
2191,0.57,5.1138,-1.4064,-5.6063,10.7200,1645.0189,-184.2307,6961.2085,6961.2085
2192,0.56,2.0748,+0.5327,-5.6295,7.7043,266.2057,-185.4957,6752.3193,6752.3193
2193,0.56,4.0066,-1.8102,-5.6393,9.6459,593.7672,-183.1696,6807.5151,6807.5151
2194,0.56,4.5811,+0.4785,-5.6164,10.1976,368.4093,-183.8389,6836.7900,6836.7900
2195,0.55,4.5151,+0.7262,-5.6148,10.1299,621.6540,-184.0115,6844.5605,6844.5605
2196,0.58,4.3122,-0.0531,-5.6479,9.9600,202.7627,-183.5419,6761.0156,6761.0156
2197,0.57,3.6991,+0.0655,-5.6463,9.3454,50.3547,-183.6929,6745.4600,6745.4600
2198,0.54,3.9086,+0.0488,-5.6422,9.5508,68.5894,-182.7617,6714.8643,6714.8643
2199,0.55,3.6075,+0.4633,-5.6683,9.2759,62.0888,-184.0418,6798.0996,6798.0996
2200,0.56,2.9682,-0.0013,-5.6364,8.6046,75.7375,-184.1971,6760.4375,6760.4375
2201,0.52,9.2074,+3.1172,-5.6408,14.8481,8750.8213,-183.2860,6985.2100,6985.2100
2202,0.52,3.8415,+0.7303,-5.6622,9.5037,172.5317,-183.8247,6745.0659,6745.0659
2203,0.52,5.2916,-0.0276,-5.6629,10.9545,631.8553,-182.8234,6781.7354,6781.7354
2204,0.52,3.4978,+0.0227,-5.6377,9.1355,27.5722,-181.4315,6595.9043,6595.9043
2205,0.53,2.2038,-0.0771,-5.6298,7.8336,238.3278,-180.1181,6403.6846,6403.6846
2206,0.52,3.3188,+0.2175,-5.6155,8.9343,80.2510,-180.2470,6454.1182,6454.1182
2207,0.51,3.1154,+0.0934,-5.6171,8.7325,47.5300,-181.3292,6533.0156,6533.0156
2208,0.52,2.9505,-0.3694,-5.6110,8.5615,45.7900,-184.4248,6777.8262,6777.8262
2209,0.53,2.2192,+0.6575,-5.5924,7.8117,52.2214,-184.1687,6696.3735,6696.3735
2210,0.52,3.0178,+0.1133,-5.6021,8.6200,16.8299,-188.6616,7114.9233,7114.9233
2211,0.51,2.8694,-0.2509,-5.6282,8.4976,9.7735,-174.9709,6103.1904,6103.1904
2212,0.52,2.9838,-0.1377,-5.6494,8.6332,17.8862,-192.0087,7361.6226,7361.6226
2213,0.51,3.4817,+0.2227,-5.6239,9.1055,14.6308,-173.0516,6022.8291,6022.8291
2214,0.53,3.5728,-0.1189,-5.6097,9.1825,17.0671,-197.6402,7812.1348,7812.1348
2215,0.53,3.0447,+0.0194,-5.6397,8.6844,14.3298,-169.3328,5700.7573,5700.7573
2216,0.52,3.8851,-0.3253,-5.6457,9.5308,28.5954,-196.4267,7723.6621,7723.6621
2217,0.52,3.1880,+0.0249,-5.6781,8.8660,9.0812,-172.6237,5908.0166,5908.0166
2218,0.52,3.2155,+1.0500,-5.6728,8.8884,15.9728,-197.3620,7788.5171,7788.5171
2219,0.52,2.9394,-0.0253,-5.6602,8.5996,16.1369,-174.3722,6101.7979,6101.7979
2220,0.52,3.1246,+0.4061,-5.6323,8.7570,12.2824,-192.0661,7360.4482,7360.4482
2221,0.54,2.9260,-0.0841,-5.6529,8.5789,9.3928,-174.8484,6154.5723,6154.5723
2222,0.53,2.8350,+0.2313,-5.6804,8.5154,14.1638,-189.0961,7147.3301,7147.3301
2223,0.54,3.1135,-0.0977,-5.6520,8.7655,7.9119,-169.8741,5749.8066,5749.8066
2224,0.52,3.3554,+0.5283,-5.6757,9.0310,26.3326,-195.9503,7671.7368,7671.7368
2225,0.53,2.6554,+0.3272,-5.6678,8.3233,17.6215,-176.7937,6169.9556,6169.9556
2226,0.53,2.2838,+0.1338,-5.6516,7.9354,12.2545,-185.1808,6821.8135,6821.8135
2227,0.54,2.9031,+0.2309,-5.6314,8.5345,16.2544,-181.5964,6558.2969,6558.2969
2228,0.55,2.4618,+0.0732,-5.6703,8.1321,8.4669,-180.8763,6490.3633,6490.3633
2229,0.55,2.8894,+0.1781,-5.6674,8.5568,7.1462,-176.0388,6167.0400,6167.0400
2230,0.54,2.7167,-0.2190,-5.6665,8.3832,15.0568,-189.2467,7065.6094,7065.6094
2231,0.54,2.5431,-0.4582,-5.6703,8.2134,20.9640,-179.0707,6421.7920,6421.7920
2232,0.53,2.7276,+0.1668,-5.6761,8.4037,16.1629,-181.8140,6621.2993,6621.2993
2233,0.52,2.8442,-0.0373,-5.6956,8.5398,44.5438,-180.9692,6573.4609,6573.4609
2234,0.51,2.8326,+0.3292,-5.7098,8.5424,53.0081,-178.8977,6445.6152,6445.6152
2235,0.52,2.6042,-0.5453,-5.7208,8.3250,52.6296,-184.5776,6840.1138,6840.1138
2236,0.54,2.8111,-0.5546,-5.6900,8.5010,40.4401,-181.8679,6642.7021,6642.7021
2237,0.54,2.7875,+0.4394,-5.6805,8.4680,20.6121,-183.3884,6733.1318,6733.1318
2238,0.52,2.3599,-0.0666,-5.6883,8.0482,18.7307,-186.3318,6908.5977,6908.5977
2239,0.52,2.8786,+0.1682,-5.6912,8.5698,25.1816,-180.7764,6539.6318,6539.6318
2240,0.53,2.2919,+0.1889,-5.6940,7.9859,13.2558,-182.9258,6673.8701,6673.8701
2241,0.52,2.8252,-0.0441,-5.7184,8.5436,7.5580,-170.8914,5830.9790,5830.9790
2242,0.53,2.9580,+0.1186,-5.6982,8.6562,11.1996,-200.2983,8018.0713,8018.0713
2243,0.54,2.5830,+0.3146,-5.7026,8.2855,13.6210,-173.2025,5961.0449,5961.0449
2244,0.54,2.9656,-0.2146,-5.6857,8.6513,11.7196,-197.1886,7812.2598,7812.2598
2245,0.54,2.6978,+0.5602,-5.6819,8.3797,9.3196,-173.6099,6004.9497,6004.9497
2246,0.55,2.6688,+0.2871,-5.6585,8.3273,10.5447,-200.0125,7975.8062,7975.8062
2247,0.53,2.7870,+0.4033,-5.6650,8.4520,10.6892,-169.6954,5764.8457,5764.8457
2248,0.53,2.4840,-0.0633,-5.6964,8.1804,12.1319,-191.5315,7388.0776,7388.0776
2249,0.54,2.5289,+0.1575,-5.6707,8.1996,15.5995,-176.3174,6268.7529,6268.7529
2250,0.54,1.7694,+0.3215,-5.6698,7.4393,15.7377,-194.7405,7559.2520,7559.2520
2251,0.54,2.4525,+0.4632,-5.6647,8.1172,10.3232,-176.3356,6178.8730,6178.8730
2252,0.53,2.9269,+0.2330,-5.6869,8.6138,15.0553,-194.3410,7634.8672,7634.8672
2253,0.54,2.6209,+0.0406,-5.7059,8.3268,18.0190,-175.8656,6218.2275,6218.2275
2254,0.55,2.0147,+0.1038,-5.7065,7.7212,26.7638,-191.9951,7352.6978,7352.6978
2255,0.53,2.2536,-0.1795,-5.6764,7.9301,12.8464,-177.3805,6275.2314,6275.2314
2256,0.56,2.3220,-0.0639,-5.6846,8.0067,10.8803,-189.6968,7221.9961,7221.9961
2257,0.54,2.6045,-0.1232,-5.6695,8.2740,12.0565,-172.0510,5931.6704,5931.6704
2258,0.55,2.1303,+0.2155,-5.6603,7.7907,10.9280,-187.6901,7080.5854,7080.5854
2259,0.54,2.2695,+0.6705,-5.6871,7.9566,14.4334,-179.8481,6548.6592,6548.6592
2260,0.53,2.2811,+0.2166,-5.6862,7.9673,14.9958,-185.8828,6924.6943,6924.6943
2261,0.54,1.7504,+0.1042,-5.6756,7.4260,21.2566,-185.0153,6854.3257,6854.3257
2262,0.54,2.3988,-0.0003,-5.6979,8.0967,39.3375,-181.0900,6571.0195,6571.0195
2263,0.53,2.4353,-0.3378,-5.7204,8.1558,11.9436,-183.7078,6753.1543,6753.1543
2264,0.53,2.5205,+0.0095,-5.7042,8.2247,24.0764,-187.6741,7035.9131,7035.9131
2265,0.52,2.2862,-0.2421,-5.7316,8.0178,12.8540,-186.2318,6998.1602,6998.1602
2266,0.54,2.0831,-0.3557,-5.7139,7.7970,11.7630,-183.0324,6719.8857,6719.8857
2267,0.54,2.3305,+0.4603,-5.7287,8.0592,9.2667,-187.0396,7004.2363,7004.2363
2268,0.55,3.2288,+0.2259,-5.7179,8.9468,12.0559,-167.2108,5638.2549,5638.2549
2269,0.55,2.8101,-0.3358,-5.6968,8.5069,14.0710,-190.9924,7326.3208,7326.3208
2270,0.55,2.5682,+0.0629,-5.7087,8.2769,13.9773,-172.5064,5953.5186,5953.5186
2271,0.54,2.8405,+0.0404,-5.7111,8.5516,61.3961,-191.2564,7393.1421,7393.1421
2272,0.54,2.3253,-0.0722,-5.7172,8.0425,37.2881,-189.0121,7193.1855,7193.1855
2273,0.54,2.7091,+0.4406,-5.6968,8.4059,25.8094,-179.5278,6494.9717,6494.9717
2274,0.51,2.2882,+0.3270,-5.6910,7.9792,21.3090,-188.5963,7114.3027,7114.3027
2275,0.53,2.3922,+0.0511,-5.7009,8.0931,21.4815,-180.7007,6520.7588,6520.7588
2276,0.53,2.1240,-0.1046,-5.7075,7.8315,11.7544,-184.6194,6811.0981,6811.0981
2277,0.52,2.7094,-0.1007,-5.6740,8.3834,11.9002,-186.1317,6987.2871,6987.2871
2278,0.52,2.2392,-0.7344,-5.7056,7.9448,16.3465,-182.4325,6615.2861,6615.2861
2279,0.53,1.7357,-0.1119,-5.7063,7.4420,11.9758,-190.1309,7159.6050,7159.6050
2280,0.55,1.9154,-0.0881,-5.6830,7.5983,9.9778,-180.5732,6498.2378,6498.2378
2281,0.55,2.4089,+0.1309,-5.6789,8.0878,10.2507,-194.4384,7610.1934,7610.1934
2282,0.54,1.9216,-0.0313,-5.6762,7.5978,15.8018,-177.9593,6256.6797,6256.6797
2283,0.56,1.9110,-0.3288,-5.6868,7.5978,8.5526,-192.9200,7418.2476,7418.2476
2284,0.56,3.0536,-0.2680,-5.6804,8.7340,9.4580,-167.0467,5583.4854,5583.4854
2285,0.57,1.8315,+0.2049,-5.6776,7.5091,10.6522,-192.1931,7422.1611,7422.1611
2286,0.55,1.9597,+0.0244,-5.6829,7.6425,9.8929,-178.2612,6383.9307,6383.9307
2287,0.53,2.1348,+0.1619,-5.6918,7.8266,9.3894,-194.3065,7591.3057,7591.3057
2288,0.55,2.3550,-0.1988,-5.7075,8.0625,12.6056,-175.7319,6201.8188,6201.8188
2289,0.53,1.9644,+0.3607,-5.7157,7.6801,9.1069,-186.5961,6928.8613,6928.8613
2290,0.55,1.7009,+0.2590,-5.7087,7.4095,11.1967,-186.5561,6981.1313,6981.1313
2291,0.56,1.9746,+0.6006,-5.6933,7.6679,6.6957,-181.9970,6640.3003,6640.3003
2292,0.54,1.5017,+0.2825,-5.6888,7.1905,8.8194,-188.2991,7091.1748,7091.1748
2293,0.53,1.6637,+0.3529,-5.7059,7.3696,17.0209,-180.3171,6465.2217,6465.2217
2294,0.54,1.7766,-0.2160,-5.6908,7.4674,10.8431,-182.5381,6695.8735,6695.8735
2295,0.55,2.0319,+0.2163,-5.7283,7.7602,19.6543,-179.5037,6493.5229,6493.5229
2296,0.55,1.4056,+0.1818,-5.7498,7.1554,10.3986,-179.8903,6533.6445,6533.6445
2297,0.55,1.6693,+0.5665,-5.7528,7.4221,10.5168,-184.7256,6892.3164,6892.3164
2298,0.55,1.9888,+0.1651,-5.7333,7.7221,20.4860,-187.1532,7111.3174,7111.3174
2299,0.54,1.8471,+0.1742,-5.7426,7.5898,28.4493,-178.2449,6408.8418,6408.8418
2300,0.55,1.7124,-0.0533,-5.7140,7.4264,11.5036,-184.3340,6822.0156,6822.0156
2301,0.56,1.6641,-0.1479,-5.7275,7.3916,14.3680,-188.2807,7130.9160,7130.9160
2302,0.54,1.8879,-0.1341,-5.7398,7.6277,21.5912,-179.7213,6454.6099,6454.6099
2303,0.55,1.5550,+0.3231,-5.7165,7.2716,10.3276,-188.5887,7131.3560,7131.3560
2304,0.55,2.2424,-0.1468,-5.7294,7.9718,24.9632,-175.4591,6186.0186,6186.0186
2305,0.54,1.8294,+0.1669,-5.7360,7.5655,22.8908,-183.1570,6749.1235,6749.1235
2306,0.55,1.7593,-0.1888,-5.7286,7.4879,18.5723,-186.7981,7034.4639,7034.4639
2307,0.53,1.7361,+0.3659,-5.7516,7.4876,26.2672,-180.4183,6566.0059,6566.0059
2308,0.55,2.2553,-0.0664,-5.7355,7.9908,40.3629,-182.6469,6748.8125,6748.8125
2309,0.55,2.1241,+0.1899,-5.7161,7.8402,32.7129,-182.4558,6723.4102,6723.4102
2310,0.54,1.6517,-0.1824,-5.6815,7.3332,16.0321,-183.6045,6764.4492,6764.4492
2311,0.54,1.8660,+0.0957,-5.7014,7.5673,15.8671,-185.9314,6931.8560,6931.8560
2312,0.56,1.6708,-0.4394,-5.7053,7.3761,11.6950,-186.6119,6986.7471,6986.7471
2313,0.54,1.9964,-0.1621,-5.7434,7.7398,8.6039,-185.4505,6900.8975,6900.8975
2314,0.55,2.0387,-0.0894,-5.7459,7.7846,6.8492,-188.3479,7117.4570,7117.4570
2315,0.55,2.3119,+0.2990,-5.7818,8.0937,10.0341,-178.6920,6376.0049,6376.0049
2316,0.53,2.2392,+0.4500,-5.7434,7.9825,10.8638,-187.3350,7183.3154,7183.3154
2317,0.53,1.6963,-0.1613,-5.7673,7.4636,9.2301,-184.0306,6827.9604,6827.9604
2318,0.54,2.1672,-0.0434,-5.7531,7.9203,9.0306,-195.4533,7738.5176,7738.5176
2319,0.54,1.7811,-0.1424,-5.7547,7.5358,10.5288,-180.6367,6568.7803,6568.7803
2320,0.56,1.2614,+0.6565,-5.7353,6.9967,24.2400,-191.6960,7344.2090,7344.2090
2321,0.57,1.5907,+0.4015,-5.7343,7.3250,8.1455,-185.1269,6862.0908,6862.0908
2322,0.56,1.9010,-0.2615,-5.7406,7.6416,9.2063,-176.7362,6320.5752,6320.5752
2323,0.55,1.5879,+0.2502,-5.7453,7.3332,7.0499,-188.2031,7169.0596,7169.0596
2324,0.56,1.6510,+0.1139,-5.7622,7.4132,7.0641,-183.0526,6748.1719,6748.1719
2325,0.54,2.0448,+0.2543,-5.7561,7.8009,6.2477,-197.5051,7871.8174,7871.8174
2326,0.54,2.0795,-0.0332,-5.7343,7.8137,5.0526,-169.3181,5771.2104,5771.2104
2327,0.56,1.7369,-0.1685,-5.7352,7.4721,13.8901,-186.4299,6966.1216,6966.1216
2328,0.55,1.4324,+0.1119,-5.7487,7.1811,6.4282,-179.0838,6444.7051,6444.7051
2329,0.55,2.1258,-0.0313,-5.7606,7.8864,11.9425,-188.4948,7067.9531,7067.9531
2330,0.56,1.2381,-0.1176,-5.7598,6.9978,6.2184,-181.7235,6635.6475,6635.6475
2331,0.56,1.3759,+0.0213,-5.7295,7.1054,8.1410,-190.5892,7302.6992,7302.6992
2332,0.56,2.0119,+0.1957,-5.7400,7.7519,9.0058,-173.2808,6045.6606,6045.6606
2333,0.56,1.7477,-0.3525,-5.7590,7.5066,8.8648,-197.5257,7874.7744,7874.7744
2334,0.55,2.0516,-0.0366,-5.7225,7.7741,15.0437,-173.3806,6013.3516,6013.3516
2335,0.56,1.8467,-0.0127,-5.7104,7.5571,16.7948,-192.4148,7464.4189,7464.4189
2336,0.55,1.9424,+0.0151,-5.7304,7.6727,16.4855,-176.1489,6250.6768,6250.6768
2337,0.55,1.3686,+0.3929,-5.7198,7.0885,9.6544,-187.7170,7083.1260,7083.1260
2338,0.56,1.9501,-0.1454,-5.7419,7.6919,14.9490,-174.3165,6083.6372,6083.6372
2339,0.56,1.8777,+0.4924,-5.7411,7.6189,17.8156,-194.2388,7611.8203,7611.8203
2340,0.55,1.9662,-0.2994,-5.7642,7.7304,109.8309,-186.6372,7054.4556,7054.4556
2341,0.54,2.0534,-0.2593,-5.7579,7.8113,54.0058,-186.6554,7119.9170,7119.9170
2342,0.54,2.0004,+0.4196,-5.7661,7.7665,29.9555,-185.6880,7041.9951,7041.9951
2343,0.53,1.8229,+0.3704,-5.7827,7.6055,13.3100,-181.0741,6675.3223,6675.3223
2344,0.56,1.6821,-0.0663,-5.7566,7.4387,12.5758,-185.5159,6982.8208,6982.8208
2345,0.55,1.3019,-0.1447,-5.7408,7.0427,8.1580,-184.6981,6821.8779,6821.8779
2346,0.56,1.7558,+0.2306,-5.7500,7.5058,10.2344,-198.3202,7871.9292,7871.9292
2347,0.56,1.6142,-0.0477,-5.7810,7.3953,15.6810,-176.9328,6294.9316,6294.9316
2348,0.56,1.6046,+0.1219,-5.7822,7.3868,7.6154,-192.7817,7506.5869,7506.5869
2349,0.58,1.5287,-0.2445,-5.7573,7.2860,24.6686,-172.0024,6012.1982,6012.1982
2350,0.55,1.2804,+0.1874,-5.7676,7.0480,9.7276,-183.9857,6803.4736,6803.4736
2351,0.57,1.0758,-0.0512,-5.7604,6.8362,12.5295,-190.0269,7299.9590,7299.9590
2352,0.55,1.7555,+0.1669,-5.7853,7.5408,22.3613,-172.6622,5986.3311,5986.3311
2353,0.54,1.5267,+0.1588,-5.7849,7.3117,10.4293,-182.7019,6701.9102,6701.9102
2354,0.55,1.6666,+0.0644,-5.7961,7.4627,49.0227,-184.8595,6862.3506,6862.3506
2355,0.57,1.5744,+0.0803,-5.7728,7.3473,16.7825,-187.7887,7046.5156,7046.5156
2356,0.56,1.2141,-0.0337,-5.7653,6.9794,7.8949,-180.8407,6563.1108,6563.1108
2357,0.54,1.2921,+0.0419,-5.7840,7.0761,8.2972,-190.6434,7257.6182,7257.6182
2358,0.55,1.6206,-0.1956,-5.7582,7.3788,8.3825,-174.9756,6142.5576,6142.5576
2359,0.56,2.1075,-0.1401,-5.7525,7.8601,15.2081,-197.2505,7875.8755,7875.8755
2360,0.56,1.7613,+0.0857,-5.7234,7.4847,11.9221,-179.3542,6480.9429,6480.9429
2361,0.55,1.1601,+0.0570,-5.7076,6.8677,11.5300,-193.3652,7525.8418,7525.8418
2362,0.56,1.3927,+0.0754,-5.7048,7.0975,17.8683,-183.2877,6775.6680,6775.6680
2363,0.55,1.4409,-0.2423,-5.7175,7.1584,19.8650,-192.3859,7493.3701,7493.3701
2364,0.54,1.5421,-0.1327,-5.7225,7.2646,15.3853,-192.4987,7534.6172,7534.6172
2365,0.56,1.4329,-0.1098,-5.7586,7.1915,8.0651,-183.2018,6790.6240,6790.6240
2366,0.57,1.2508,+0.3879,-5.7859,7.0366,8.4188,-193.6370,7658.9053,7658.9053
2367,0.57,1.5892,-0.1207,-5.8110,7.4003,12.5712,-177.7428,6461.5630,6461.5630
2368,0.57,1.4821,+0.0130,-5.8102,7.2924,7.7377,-191.3105,7460.6445,7460.6445
2369,0.56,0.9205,+0.2749,-5.7882,6.7087,10.2780,-181.4074,6725.4092,6725.4092
2370,0.57,2.1188,+0.3658,-5.7828,7.9016,87.4608,-190.2304,7370.5195,7370.5195
2371,0.57,1.3797,+0.2805,-5.7754,7.1550,18.1476,-185.7377,7024.5688,7024.5688
2372,0.56,1.4644,+0.7495,-5.8023,7.2667,22.6964,-188.7545,7296.2319,7296.2319
2373,0.56,1.3081,+0.1966,-5.8005,7.1086,17.0065,-180.8113,6592.1553,6592.1553
2374,0.56,1.3556,-0.0488,-5.7932,7.1488,29.7730,-187.5692,7103.0215,7103.0215
2375,0.55,1.2365,-0.0991,-5.7838,7.0204,23.6510,-179.6274,6561.9189,6561.9189
2376,0.55,1.2010,+0.0623,-5.7857,6.9867,9.6353,-185.4954,6995.3623,6995.3623
2377,0.54,1.0515,+0.1672,-5.7637,6.8151,14.9146,-187.3764,7119.6240,7119.6240
2378,0.57,1.6283,-0.4942,-5.7920,7.4203,23.9361,-178.1845,6450.8193,6450.8193
2379,0.54,1.4092,+0.0859,-5.7769,7.1861,11.5323,-192.9339,7572.4746,7572.4746
2380,0.57,2.2319,-0.3327,-5.7717,8.0036,14.0658,-171.6756,6048.1650,6048.1650
2381,0.54,1.8148,-0.0255,-5.7644,7.5791,21.0466,-192.2159,7462.9795,7462.9795
2382,0.54,1.5209,+0.2997,-5.7709,7.2918,32.1106,-176.8877,6372.8242,6372.8242
2383,0.55,1.4974,-0.1677,-5.7855,7.2829,13.1096,-181.5024,6711.6162,6711.6162
2384,0.56,1.1967,+0.2307,-5.7777,6.9744,11.4777,-193.7696,7547.9824,7547.9824
2385,0.56,1.5167,+0.1503,-5.7849,7.3017,5.9414,-176.4880,6291.0239,6291.0239
2386,0.54,1.0496,+0.2034,-5.7769,6.8265,10.2655,-198.2545,7941.6377,7941.6377
2387,0.56,1.2417,+0.0966,-5.7755,7.0172,8.3157,-176.8676,6296.0059,6296.0059
2388,0.57,1.1510,-0.0225,-5.7825,6.9335,7.3180,-196.2172,7823.3169,7823.3169
2389,0.57,1.8271,+0.2687,-5.7905,7.6176,7.9937,-170.8805,5943.2383,5943.2383
2390,0.58,1.2004,+0.1716,-5.7878,6.9882,12.8978,-190.6998,7442.6494,7442.6494
2391,0.57,1.1564,-0.2178,-5.7695,6.9260,10.6972,-178.2759,6437.5107,6437.5107
2392,0.55,1.4761,-0.3640,-5.7942,7.2703,12.8852,-193.8188,7657.1279,7657.1279
2393,0.55,1.0262,-0.0066,-5.7788,6.8049,12.7686,-178.4695,6443.5718,6443.5718
2394,0.57,1.0634,-0.0969,-5.8019,6.8653,6.8902,-188.5320,7259.4307,7259.4307
2395,0.57,0.8008,+0.0052,-5.8041,6.6049,10.6908,-186.7446,7116.9482,7116.9482
2396,0.57,0.9611,-0.1748,-5.7766,6.7377,8.8903,-184.1142,6859.5767,6859.5767
2397,0.58,1.2623,+0.1258,-5.7737,7.0360,11.1185,-181.1888,6656.3281,6656.3281
2398,0.55,1.0285,+0.2523,-5.7747,6.8032,15.0033,-180.9318,6607.5986,6607.5986
2399,0.56,1.2974,+0.2124,-5.7975,7.0950,9.5874,-192.1639,7460.6631,7460.6631
2400,0.57,1.2122,-0.1742,-5.7759,6.9881,7.4694,-178.3959,6444.8730,6444.8730
2401,0.53,0.6650,-0.3063,-5.7860,6.4510,10.9366,-195.9745,7784.5322,7784.5322
2402,0.53,1.2020,-0.0084,-5.7926,6.9946,8.4657,-177.8202,6449.0898,6449.0898
2403,0.52,1.5039,+0.1668,-5.7940,7.2979,8.0900,-200.9468,8252.5361,8252.5361
2404,0.53,1.0532,-0.3044,-5.7980,6.8512,5.6517,-175.9035,6300.3198,6300.3198
2405,0.53,1.1257,-0.1116,-5.8100,6.9357,7.9499,-196.2810,7811.4561,7811.4561
2406,0.54,1.3051,-0.2604,-5.7887,7.0938,5.6417,-175.5220,6262.0381,6262.0381
2407,0.53,1.5058,+0.0530,-5.7918,7.2975,11.9667,-198.6358,8049.9043,8049.9043
2408,0.51,0.9231,-0.0189,-5.7971,6.7202,14.6444,-180.7705,6601.0435,6601.0435
2409,0.53,1.2511,+0.0601,-5.7728,7.0239,15.7915,-196.1225,7818.2593,7818.2593
2410,0.53,1.3056,+0.0538,-5.7780,7.0836,9.4735,-178.8620,6476.9443,6476.9443
2411,0.53,1.2278,+0.2048,-5.7986,7.0264,16.9808,-194.4111,7712.1309,7712.1309
2412,0.53,1.4778,+0.4523,-5.8027,7.2805,49.4833,-177.5447,6414.9443,6414.9443
2413,0.51,0.9623,-0.0952,-5.8072,6.7694,8.4644,-185.9155,7044.2300,7044.2300
2414,0.54,1.0760,-0.1341,-5.8032,6.8791,10.5591,-181.4735,6683.7534,6683.7534
2415,0.54,1.0001,+0.0336,-5.7988,6.7989,23.8279,-184.9514,6968.0273,6968.0273
2416,0.54,0.9804,-0.0272,-5.7911,6.7716,5.1130,-182.4360,6722.1030,6722.1030
2417,0.53,0.9671,+0.1381,-5.7829,6.7501,6.4794,-194.8297,7705.0166,7705.0166
2418,0.52,1.2887,-0.4034,-5.7926,7.0813,11.3734,-176.9813,6325.9932,6325.9932
2419,0.53,0.7123,-0.0396,-5.8148,6.5271,6.7255,-191.9426,7448.9238,7448.9238
2420,0.53,1.1339,+0.0545,-5.7962,6.9301,10.0994,-187.6868,7175.0039,7175.0039
2421,0.51,0.7965,+0.0251,-5.7773,6.5738,9.6802,-180.7198,6702.4614,6702.4614
2422,0.53,1.2107,-0.0552,-5.7901,7.0008,11.1121,-190.2784,7364.2856,7364.2856
2423,0.52,1.2845,-0.2192,-5.7981,7.0826,4.9384,-178.2278,6381.3398,6381.3398
2424,0.53,1.2789,-0.0148,-5.7985,7.0774,16.9660,-181.6719,6695.0059,6695.0059
2425,0.52,0.9607,+0.2648,-5.7950,6.7557,7.9762,-182.5299,6729.4834,6729.4834
2426,0.52,1.7072,+0.4731,-5.7927,7.4999,51.3843,-197.8155,7903.0991,7903.0991
2427,0.53,1.0121,-0.3550,-5.7976,6.8098,16.5229,-188.6213,7168.0254,7168.0254
2428,0.54,0.9067,-0.2890,-5.8082,6.7149,25.2619,-183.5268,6763.1943,6763.1943
2429,0.54,1.1895,+0.0776,-5.8121,7.0016,44.8484,-181.4634,6663.4365,6663.4365
2430,0.54,1.1797,-0.1887,-5.7848,6.9645,23.9828,-187.4768,7103.5547,7103.5547
2431,0.54,1.3282,+0.0726,-5.7846,7.1128,58.9285,-183.9775,6916.8281,6916.8281
2432,0.52,1.9999,+0.0385,-5.7643,7.7642,106.2256,-184.8422,6978.2539,6978.2539
2433,0.52,1.3878,+0.5291,-5.7831,7.1709,69.7760,-184.2966,6917.7637,6917.7637
2434,0.52,1.3429,-0.1183,-5.8060,7.1489,89.2039,-181.9744,6766.0645,6766.0645
2435,0.51,1.0839,-0.1538,-5.7888,6.8727,45.0604,-183.2682,6853.7642,6853.7642
2436,0.53,1.5123,+0.3358,-5.7853,7.2977,72.8566,-184.3753,6948.2412,6948.2412
2437,0.54,1.1121,+0.2435,-5.7729,6.8850,33.8392,-183.6379,6833.3682,6833.3682
2438,0.53,0.8770,-0.0704,-5.7898,6.6669,40.2829,-183.8383,6868.5308,6868.5308
2439,0.54,1.4429,-0.0757,-5.8044,7.2474,86.9911,-182.5766,6806.6562,6806.6562
2440,0.52,1.5393,-0.2290,-5.7969,7.3362,46.1631,-182.7784,6852.8877,6852.8877
2441,0.53,1.2782,+0.3880,-5.7955,7.0736,93.2537,-182.5743,6804.4629,6804.4629
2442,0.52,1.3111,+0.0903,-5.7944,7.1055,51.1732,-183.4286,6845.6392,6845.6392
2443,0.53,1.2599,-0.3520,-5.8028,7.0627,26.8805,-188.1870,7196.9404,7196.9404
2444,0.53,0.7368,+0.0661,-5.8244,6.5612,52.8443,-183.3617,6824.7690,6824.7690
2445,0.53,0.9996,-0.4291,-5.7945,6.7941,43.0890,-185.4293,6996.3691,6996.3691
2446,0.55,1.1705,+0.0627,-5.8010,6.9715,42.7058,-183.8986,6885.5801,6885.5801
2447,0.54,1.4362,+0.0532,-5.7801,7.2162,53.9554,-189.1030,7320.9873,7320.9873
2448,0.53,1.3815,-0.4836,-5.7490,7.1305,48.9483,-188.5880,7238.5747,7238.5747
2449,0.52,1.7308,-0.1258,-5.7603,7.4911,70.7850,-188.0521,7201.5791,7201.5791
2450,0.53,0.9729,-0.0835,-5.7627,6.7355,57.2174,-188.6863,7184.1021,7184.1021
2451,0.54,1.1854,-0.0064,-5.7627,6.9481,43.7636,-187.2734,7154.9644,7154.9644
2452,0.55,0.8176,-0.1121,-5.7755,6.5931,30.9652,-185.9788,7019.4971,7019.4971
2453,0.52,0.8390,-0.0094,-5.7799,6.6189,42.3319,-189.6602,7312.8594,7312.8594
2454,0.52,1.1304,+0.1139,-5.7868,6.9171,43.9027,-188.2423,7258.2104,7258.2104
2455,0.53,0.8660,-0.2898,-5.7794,6.6454,52.5767,-188.3575,7231.2075,7231.2075
2456,0.55,0.9091,-0.1327,-5.7990,6.7081,37.1305,-185.6830,7008.6177,7008.6177
2457,0.52,0.8889,-0.2153,-5.7951,6.6840,50.0033,-183.6676,6847.5537,6847.5537
2458,0.53,1.2169,+0.1704,-5.7638,6.9807,92.7773,-188.2566,7196.0068,7196.0068
2459,0.54,0.7108,-0.1525,-5.7403,6.4511,6.0769,-189.1930,7209.7559,7209.7559
2460,0.53,0.8993,-0.1119,-5.7379,6.6371,12.6404,-189.9145,7327.1074,7327.1074
2461,0.55,1.0280,+0.4894,-5.7543,6.7823,7.9115,-178.6545,6445.0137,6445.0137
2462,0.55,0.9330,+0.0371,-5.7329,6.6659,6.0114,-196.3177,7829.0347,7829.0347
2463,0.54,1.0244,+0.1427,-5.7642,6.7885,6.4141,-173.7668,6090.0176,6090.0176
2464,0.54,0.8823,-0.1832,-5.7451,6.6273,5.7124,-195.7415,7811.8516,7811.8516
2465,0.54,1.4912,-0.1899,-5.7659,7.2571,8.0271,-172.6605,6033.7451,6033.7451
2466,0.54,0.5217,+0.2168,-5.7711,6.2928,9.6306,-195.5973,7755.6982,7755.6982
2467,0.54,1.0940,-0.2855,-5.7885,6.8826,9.8142,-173.4375,6148.5415,6148.5415
2468,0.55,1.0105,-0.4581,-5.7973,6.8078,19.1342,-187.9155,7258.1836,7258.1836
2469,0.53,1.6335,-0.2438,-5.7920,7.4255,80.4325,-178.8997,6604.8115,6604.8115
2470,0.53,1.3986,+0.2013,-5.7949,7.1935,144.9883,-181.9282,6841.0186,6841.0186
2471,0.52,0.9463,-0.0252,-5.8184,6.7647,13.4048,-183.5506,6930.4883,6930.4883
2472,0.53,0.3070,-0.0831,-5.7812,6.0882,9.8546,-188.4446,7268.5273,7268.5273
2473,0.53,1.1937,-0.0873,-5.8122,7.0059,36.0461,-185.9905,7109.0557,7109.0557
2474,0.53,1.3260,+0.1034,-5.8276,7.1536,26.4121,-178.8399,6579.5938,6579.5938
2475,0.52,1.1330,-0.0698,-5.8242,6.9572,39.6143,-184.2906,6958.7656,6958.7656
2476,0.52,1.2399,-0.4309,-5.8162,7.0561,34.6464,-182.1665,6807.6377,6807.6377
2477,0.53,0.8508,+0.0498,-5.8054,6.6562,20.6751,-188.8321,7268.4521,7268.4521
2478,0.54,1.0620,-0.1660,-5.8280,6.8900,29.6132,-184.5663,6969.0957,6969.0957
2479,0.52,0.8443,+0.2820,-5.8307,6.6750,29.5915,-184.7392,6966.8945,6966.8945
2480,0.51,2.0174,-0.1318,-5.8427,7.8600,188.2491,-184.2564,6980.5913,6980.5913
2481,0.53,1.0685,+0.2350,-5.8150,6.8835,47.3834,-184.3756,6948.2119,6948.2119
2482,0.51,1.7514,+0.3399,-5.8205,7.5719,112.2856,-182.6314,6882.4131,6882.4131
2483,0.52,1.0786,+0.3201,-5.8405,6.9191,72.9002,-183.2761,6912.4033,6912.4033
2484,0.53,1.5661,+0.3414,-5.8135,7.3796,61.2483,-182.3516,6836.7559,6836.7559
2485,0.53,1.2355,-0.2251,-5.8080,7.0435,42.8480,-183.8534,6959.6602,6959.6602
2486,0.55,1.2467,-0.4573,-5.7978,7.0446,100.3005,-182.1280,6833.5078,6833.5078
2487,0.53,1.4920,-0.5280,-5.7921,7.2842,50.8082,-182.2864,6833.0161,6833.0161
2488,0.53,1.5498,+0.0473,-5.7947,7.3445,51.3042,-181.4255,6767.8037,6767.8037
2489,0.52,1.6933,-0.2793,-5.7851,7.4784,309.1515,-184.7030,7003.4834,7003.4834
2490,0.52,1.6049,+0.2495,-5.7701,7.3750,42.3859,-184.9539,6985.3213,6985.3213
2491,0.53,1.0864,-0.1889,-5.8011,6.8876,60.5701,-187.7264,7215.5854,7215.5854
2492,0.53,1.6164,-1.8724,-5.8158,7.4322,218.6951,-184.2267,7002.6074,7002.6074
2493,0.54,1.0117,+0.0690,-5.8433,6.8550,30.7513,-184.4737,6970.6821,6970.6821
2494,0.52,4.1081,-1.3289,-5.8514,9.9595,2426.0750,-183.5956,7173.1152,7173.1152
2495,0.51,2.0211,-0.4943,-5.8551,7.8762,177.1409,-181.2920,6813.8970,6813.8970
2496,0.52,1.3943,-1.6837,-5.8463,7.2406,53.8147,-181.2014,6738.4331,6738.4331
2497,0.53,1.2428,-0.2218,-5.8442,7.0870,30.8754,-180.0915,6648.9453,6648.9453
2498,0.52,1.7867,-0.0252,-5.8156,7.6023,95.4417,-181.0771,6773.8994,6773.8994
2499,0.53,1.1726,+0.5864,-5.8291,7.0017,42.7898,-183.1321,6892.0986,6892.0986
2500,0.53,1.7512,+0.3112,-5.8337,7.5849,80.7732,-182.0685,6864.0332,6864.0332
2501,0.55,1.8655,+0.4636,-5.8575,7.7230,148.8071,-183.1418,6983.1201,6983.1201
2502,0.53,1.2155,+0.1172,-5.8438,7.0593,37.7808,-186.0306,7154.3467,7154.3467
2503,0.51,1.4391,-0.0104,-5.8337,7.2728,56.1943,-183.9319,6957.7939,6957.7939
2504,0.54,1.2208,-0.2596,-5.8205,7.0413,36.7687,-184.4191,6960.7002,6960.7002
2505,0.52,0.8981,-0.1926,-5.8560,6.7541,51.5493,-183.7801,6933.1128,6933.1128
2506,0.54,1.4126,+0.2083,-5.8283,7.2409,46.4289,-187.2135,7203.2178,7203.2178
2507,0.52,1.4932,+0.2121,-5.8031,7.2963,44.1820,-184.4246,6975.7930,6975.7930
2508,0.54,1.2072,-0.2400,-5.8282,7.0354,36.3779,-184.0007,6935.9072,6935.9072
2509,0.51,1.7157,-0.2028,-5.8130,7.5287,43.7148,-182.9997,6858.3418,6858.3418
2510,0.51,0.9852,-0.1869,-5.7997,6.7849,38.9627,-187.7243,7162.7979,7162.7979
2511,0.55,1.2899,-0.1687,-5.7877,7.0776,39.1100,-183.9808,6902.3223,6902.3223
2512,0.52,1.1579,-0.1396,-5.8281,6.9859,38.4703,-185.8188,7057.6431,7057.6431
2513,0.52,1.0492,-0.2322,-5.8296,6.8788,39.6164,-185.6921,7061.8633,7061.8633
2514,0.53,1.1188,+0.0348,-5.8297,6.9485,38.1165,-186.6117,7159.5664,7159.5664
2515,0.53,0.8246,-0.4422,-5.8334,6.6580,44.3306,-184.2471,6960.9453,6960.9453
2516,0.52,0.9991,+0.0722,-5.8296,6.8288,39.9087,-181.7490,6773.2783,6773.2783
2517,0.53,0.8736,-0.2620,-5.8226,6.6962,46.7844,-181.8315,6751.4141,6751.4141
2518,0.54,0.8541,-0.1505,-5.8323,6.6864,38.2811,-183.5316,6862.3262,6862.3262
2519,0.52,1.1658,-0.0080,-5.8282,6.9940,35.6877,-183.8364,6905.8208,6905.8208
2520,0.51,0.8905,-0.7940,-5.8371,6.7277,42.9510,-185.5127,7034.6416,7034.6416
2521,0.53,0.6491,+0.0174,-5.8473,6.4965,12.3861,-185.6439,7024.8579,7024.8579
2522,0.52,0.6421,-0.0484,-5.8204,6.4624,6.4980,-187.5595,7168.3179,7168.3179
2523,0.53,1.3274,+0.1011,-5.8116,7.1390,37.9100,-185.5530,7061.5493,7061.5493
2524,0.53,1.0443,+0.1601,-5.8102,6.8545,44.7150,-186.1434,7076.0361,7076.0361
2525,0.53,0.5275,+0.7539,-5.8108,6.3383,61.9835,-182.8481,6842.3633,6842.3633
2526,0.54,0.9027,+0.2229,-5.8024,6.7052,28.3045,-182.4441,6833.3408,6833.3408
2527,0.54,0.8214,+0.0210,-5.7887,6.6101,37.3444,-184.8177,7023.3872,7023.3872
2528,0.54,1.1915,-0.0013,-5.7984,6.9899,48.7975,-182.7703,6870.6621,6870.6621
2529,0.53,1.2339,+0.0862,-5.8097,7.0436,42.3585,-185.4965,7053.0337,7053.0337
2530,0.52,0.9687,+0.1672,-5.7973,6.7660,45.1477,-183.1190,6838.8438,6838.8438
2531,0.55,1.0224,+0.0178,-5.7881,6.8105,40.5873,-181.9552,6757.2559,6757.2559
2532,0.53,1.1147,+0.0715,-5.8213,6.9360,46.8141,-181.4612,6722.3486,6722.3486
2533,0.51,0.8776,-0.0793,-5.8494,6.7271,17.0974,-181.5238,6704.3906,6704.3906
2534,0.56,1.5326,+0.1374,-5.8295,7.3621,101.4433,-180.8961,6724.3555,6724.3555
2535,0.52,1.4538,-0.1598,-5.8040,7.2578,38.6035,-182.6000,6810.3301,6810.3301
2536,0.52,1.1660,-0.0447,-5.8351,7.0011,30.7660,-182.0426,6773.7832,6773.7832
2537,0.54,1.0724,+0.2127,-5.8234,6.8957,44.7321,-182.3030,6791.0796,6791.0796
2538,0.54,0.7941,+0.1801,-5.8298,6.6238,16.7552,-181.7332,6750.4248,6750.4248
2539,0.53,0.9717,+0.1704,-5.8297,6.8014,53.2736,-184.7937,6979.4746,6979.4746
2540,0.53,0.8815,+0.0373,-5.8109,6.6924,36.5765,-185.0658,6978.4639,6978.4639
2541,0.53,1.4251,-0.1663,-5.8208,7.2459,55.3542,-182.9220,6846.9390,6846.9390
2542,0.54,1.2300,+0.1781,-5.8143,7.0444,92.1664,-183.2776,6848.3101,6848.3101
2543,0.54,1.1356,-0.5354,-5.8151,6.9507,72.4045,-181.5612,6731.4268,6731.4268
2544,0.52,1.5542,+0.1392,-5.8205,7.3746,130.4529,-182.1118,6802.0361,6802.0361
2545,0.53,1.1713,-0.2947,-5.8234,6.9947,30.4306,-182.3852,6804.1504,6804.1504
2546,0.51,0.8510,+0.1741,-5.8261,6.6771,33.3309,-183.9628,6895.5034,6895.5034
2547,0.53,1.0851,+0.1433,-5.8384,6.9235,33.4147,-185.1388,7040.8066,7040.8066
2548,0.54,1.3669,+0.2797,-5.8306,7.1975,60.8767,-181.4553,6765.3428,6765.3428
2549,0.53,1.2094,+0.3047,-5.8300,7.0394,44.1269,-183.4242,6879.5059,6879.5059
2550,0.53,1.0388,-0.1284,-5.8374,6.8762,32.0073,-182.6107,6842.2891,6842.2891
2551,0.53,1.0452,-0.1275,-5.8426,6.8878,30.8638,-181.4177,6727.9844,6727.9844
2552,0.53,1.2665,+0.3071,-5.8378,7.1043,59.2521,-183.4182,6901.4131,6901.4131
2553,0.54,1.1772,+0.0258,-5.7949,6.9721,33.0598,-183.8922,6929.2715,6929.2715
2554,0.52,1.1999,-0.0470,-5.8115,7.0114,49.1095,-182.0686,6786.7700,6786.7700
2555,0.54,1.2336,-0.1156,-5.8549,7.0886,46.0169,-180.7727,6701.6045,6701.6045
2556,0.54,1.0015,-0.2181,-5.8320,6.8336,37.5638,-182.8142,6838.4922,6838.4922
2557,0.55,1.4557,-0.1363,-5.8269,7.2826,37.4594,-184.9482,7039.2021,7039.2021
2558,0.54,1.3116,-0.1926,-5.8265,7.1381,48.3224,-187.0098,7182.4653,7182.4653
2559,0.53,1.2531,+0.0668,-5.8618,7.1149,44.0522,-186.8212,7180.3438,7180.3438
2560,0.50,1.2910,+0.3046,-5.8467,7.1377,32.8005,-187.3419,7191.7227,7191.7227
2561,0.52,0.7748,+0.0867,-5.8344,6.6092,41.9923,-186.2057,7074.8369,7074.8369
2562,0.54,1.5394,-0.0963,-5.8234,7.3628,42.7983,-183.9801,6924.1592,6924.1592
2563,0.51,0.8165,-0.0890,-5.8075,6.6240,41.5118,-184.8188,6920.2480,6920.2480
2564,0.54,0.8699,-0.1055,-5.8262,6.6961,29.9001,-184.2211,6878.3896,6878.3896
2565,0.54,1.2323,-0.1078,-5.8104,7.0428,29.0709,-184.8466,6968.2446,6968.2446
2566,0.53,0.8092,-0.1349,-5.8127,6.6219,43.2828,-187.5430,7158.7588,7158.7588
2567,0.50,1.0260,-0.1466,-5.7890,6.8150,30.7379,-184.3889,6942.9209,6942.9209
2568,0.54,0.8477,-0.0155,-5.7859,6.6336,35.6638,-188.4597,7245.3857,7245.3857
2569,0.53,0.9290,-0.2887,-5.7610,6.6899,41.2832,-187.3384,7136.9951,7136.9951
2570,0.52,1.0056,-0.0189,-5.7872,6.7929,48.4966,-186.8473,7136.6973,7136.6973
2571,0.56,0.7283,-0.4825,-5.7595,6.4879,29.2161,-186.6205,7089.8389,7089.8389
2572,0.55,0.8522,+0.0324,-5.7816,6.6339,31.8139,-184.9153,6983.1055,6983.1055
2573,0.55,1.1370,-0.3495,-5.7739,6.9109,53.0316,-184.1331,6983.8486,6983.8486
2574,0.55,1.1389,-0.1321,-5.7829,6.9218,42.3489,-186.3621,7125.8232,7125.8232
2575,0.52,0.8754,+0.2772,-5.8153,6.6907,33.7736,-186.6853,7158.9531,7158.9531
2576,0.53,0.6210,+0.1115,-5.8341,6.4551,32.3601,-185.1070,7021.1201,7021.1201
2577,0.54,0.9176,+0.1316,-5.8154,6.7330,29.0074,-187.7688,7234.0049,7234.0049
2578,0.55,0.6907,-0.3897,-5.8242,6.5149,30.2937,-184.2624,6961.5801,6961.5801
2579,0.54,0.6917,-0.0379,-5.7996,6.4913,49.2869,-186.1619,7024.9658,7024.9658
2580,0.54,1.0425,-0.0394,-5.7797,6.8222,79.7511,-185.4367,6984.4824,6984.4824
2581,0.54,1.1596,-0.1115,-5.7918,6.9514,20.5514,-183.7087,6867.5654,6867.5654
2582,0.52,0.8048,-0.3200,-5.8042,6.6090,6.4441,-188.1558,7207.8242,7207.8242
2583,0.55,1.2258,+0.1217,-5.7875,7.0132,5.6743,-187.6027,7150.5396,7150.5396
2584,0.54,0.8513,+0.3543,-5.7670,6.6184,7.8154,-186.3480,7034.3447,7034.3447
2585,0.53,0.9062,-0.0946,-5.7640,6.6701,6.1770,-180.7691,6736.0210,6736.0210
2586,0.54,1.5798,+0.3793,-5.7400,7.3198,16.0639,-199.8555,8232.4189,8232.4189
2587,0.54,0.8102,-0.0085,-5.7420,6.5522,6.3907,-182.8727,6838.5967,6838.5967
2588,0.53,1.0756,-0.1863,-5.7544,6.8300,7.6459,-196.9798,7977.8369,7977.8369
2589,0.54,1.3485,+0.3322,-5.7746,7.1231,9.6682,-174.1958,6220.2285,6220.2285
2590,0.54,1.2325,-0.1110,-5.7796,7.0122,19.6377,-193.1151,7633.1387,7633.1387
2591,0.54,0.7745,-0.1063,-5.8070,6.5814,12.9809,-185.0352,7000.1895,7000.1895
2592,0.54,1.1810,-0.0747,-5.8049,6.9859,5.3605,-179.8623,6631.2817,6631.2817
2593,0.52,1.4734,-0.0414,-5.7940,7.2673,10.1000,-200.6503,8264.1543,8264.1543
2594,0.55,1.0889,+0.2381,-5.7969,6.8857,17.8773,-180.5966,6623.7280,6623.7280
2595,0.54,1.4746,+0.3533,-5.7951,7.2697,122.7106,-186.8956,7140.8936,7140.8936
2596,0.53,0.9205,+0.1018,-5.7765,6.6970,24.8910,-187.2363,7115.1982,7115.1982
2597,0.52,1.1778,-0.1102,-5.7736,6.9513,44.7659,-188.3779,7268.6294,7268.6294
2598,0.52,0.9891,+0.2408,-5.7884,6.7775,34.3789,-187.1764,7154.6006,7154.6006
2599,0.54,0.9308,-0.3288,-5.7913,6.7221,14.4310,-187.3821,7175.8223,7175.8223
2600,0.52,1.1609,+0.1339,-5.7930,6.9539,34.1295,-181.8552,6786.0986,6786.0986
2601,0.53,0.7113,-0.2094,-5.8118,6.5231,6.8543,-182.8743,6849.5454,6849.5454
2602,0.53,1.1032,+0.3126,-5.8043,6.9075,33.0714,-185.8802,7126.0518,7126.0518
2603,0.51,1.2628,-0.0264,-5.8230,7.0858,11.9115,-181.9411,6781.2827,6781.2827
2604,0.54,0.7180,+0.0349,-5.8172,6.5353,8.2986,-187.7180,7243.2148,7243.2148
2605,0.53,0.8796,-0.0269,-5.8437,6.7234,15.1210,-184.0205,6905.7617,6905.7617
2606,0.54,0.7747,-0.0775,-5.8253,6.6000,10.8478,-188.3697,7319.1470,7319.1470
2607,0.52,1.2965,+0.6596,-5.8310,7.1276,14.0777,-185.4201,7065.3906,7065.3906
2608,0.52,1.1363,+0.1566,-5.8233,6.9597,21.6397,-187.0415,7195.2124,7195.2124
2609,0.53,1.0706,-0.0876,-5.8220,6.8926,19.1854,-184.9779,7041.5361,7041.5361
2610,0.51,1.0215,-0.3879,-5.8178,6.8393,22.1226,-185.7077,7065.0674,7065.0674
2611,0.52,1.0428,+0.3060,-5.8135,6.8562,30.0724,-185.2468,7036.6147,7036.6147
2612,0.51,1.1729,-0.4085,-5.8084,6.9813,20.1735,-184.4324,7023.7197,7023.7197
2613,0.51,1.0408,+0.4040,-5.7964,6.8372,12.1457,-182.1741,6796.1865,6796.1865
2614,0.53,1.1651,+0.5507,-5.8119,6.9769,21.6649,-187.6133,7197.4238,7197.4238
2615,0.52,1.1725,+0.0579,-5.8101,6.9826,24.1660,-183.6123,6925.2051,6925.2051
2616,0.50,1.6185,+0.0167,-5.7903,7.4088,18.4601,-183.8994,6936.7275,6936.7275
2617,0.52,1.1287,+0.1273,-5.7829,6.9116,13.0406,-187.4801,7191.3740,7191.3740
2618,0.52,1.8494,+0.3387,-5.8069,7.6563,92.7670,-177.7735,6500.7734,6500.7734
2619,0.51,1.2845,-0.0134,-5.8246,7.1091,16.8990,-181.7491,6782.4531,6782.4531
2620,0.54,1.7816,+0.1399,-5.8073,7.5889,75.0220,-184.2777,7055.1929,7055.1929
2621,0.52,1.9870,-0.2561,-5.7921,7.7791,87.0399,-183.9993,7049.8267,7049.8267
2622,0.51,1.8782,+0.3436,-5.7764,7.6546,116.8890,-186.8902,7262.8730,7262.8730
2623,0.53,2.3492,-0.0136,-5.7598,8.1090,197.7567,-185.4771,7180.8740,7180.8740
2624,0.52,2.0124,-0.6917,-5.7867,7.7991,86.0529,-185.1262,7150.1836,7150.1836
2625,0.51,1.8733,-0.3645,-5.8191,7.6924,79.1752,-183.8439,7065.2095,7065.2095
2626,0.53,2.0400,-0.1832,-5.8075,7.8475,157.0866,-184.5263,7137.2422,7137.2422
2627,0.52,2.4544,-0.5175,-5.8067,8.2611,158.3997,-183.0238,7039.8125,7039.8125
2628,0.51,2.7004,-0.3369,-5.7873,8.4877,167.6429,-182.3028,6984.4746,6984.4746
2629,0.51,2.6784,-0.0753,-5.8053,8.4837,154.5317,-181.4716,6932.6240,6932.6240
2630,0.50,2.5754,+0.1713,-5.8137,8.3892,112.0968,-182.3607,6978.0679,6978.0679
2631,0.52,2.8695,-0.0472,-5.8422,8.7117,201.4503,-180.0108,6844.1006,6844.1006
2632,0.51,3.9696,-1.0424,-5.8249,9.7946,779.4526,-180.6748,6951.5542,6951.5542
2633,0.50,2.0765,+0.3242,-5.8245,7.9010,94.6634,-179.7970,6752.4941,6752.4941
2634,0.51,1.5778,-0.0361,-5.8310,7.4087,57.8690,-181.2901,6837.5303,6837.5303
2635,0.52,1.8336,+0.2021,-5.8311,7.6647,26.0611,-177.8712,6595.3857,6595.3857
2636,0.52,1.9983,+0.3579,-5.8281,7.8264,50.7187,-180.9355,6828.0010,6828.0010
2637,0.51,2.1673,-0.4292,-5.8274,7.9947,46.5514,-180.0418,6796.8652,6796.8652
2638,0.52,1.8942,+0.0182,-5.8441,7.7383,43.7858,-180.0514,6778.6499,6778.6499
2639,0.51,1.6397,-0.0192,-5.8115,7.4512,49.5683,-183.4550,7016.2153,7016.2153
2640,0.49,1.8738,+0.4546,-5.8366,7.7104,53.7164,-182.5379,6951.0830,6951.0830
2641,0.51,2.1922,+0.2973,-5.8112,8.0033,206.9518,-183.3426,7032.3345,7032.3345
2642,0.50,1.7579,-0.5637,-5.8369,7.5948,58.5104,-181.4142,6841.6470,6841.6470
2643,0.51,1.5645,-0.0618,-5.8378,7.4023,84.4807,-183.7623,7040.5337,7040.5337
2644,0.52,1.7991,+0.2148,-5.8258,7.6248,54.2500,-181.6809,6870.6567,6870.6567
2645,0.51,1.4719,-0.3156,-5.8116,7.2835,29.8717,-183.8722,7020.1729,7020.1729
2646,0.51,1.6970,+0.0521,-5.8015,7.4986,47.1951,-185.0332,7114.4863,7114.4863
2647,0.50,2.0168,-0.0909,-5.8055,7.8224,110.9957,-185.0405,7103.7583,7103.7583
2648,0.50,1.6672,-0.4358,-5.7845,7.4517,61.7259,-182.9284,6931.3574,6931.3574
2649,0.50,1.2502,-0.2442,-5.7749,7.0251,11.3518,-187.6013,7223.3125,7223.3125
2650,0.50,1.7318,-0.3734,-5.7857,7.5175,36.1899,-185.1139,7085.9746,7085.9746
2651,0.52,2.1714,-0.1182,-5.8123,7.9837,141.0698,-182.7117,6955.2373,6955.2373
2652,0.50,1.9267,+0.0455,-5.8181,7.7448,85.8394,-183.1114,6970.7363,6970.7363
2653,0.52,0.9661,-0.7278,-5.8176,6.7838,67.2443,-184.2803,7008.0366,7008.0366
2654,0.51,1.7677,+0.0035,-5.8364,7.6040,92.5266,-181.6511,6861.8530,6861.8530
2655,0.52,2.0719,-0.0088,-5.8428,7.9147,135.0954,-181.8750,6921.1377,6921.1377
2656,0.52,1.6709,-0.3550,-5.8458,7.5168,66.2697,-182.7151,6979.4609,6979.4609
2657,0.52,2.7245,-0.3685,-5.8431,8.5676,138.0456,-181.6414,6936.4897,6936.4897
2658,0.53,1.7824,-0.3301,-5.8218,7.6042,40.4320,-182.7075,6944.9453,6944.9453
2659,0.52,2.1054,-0.3160,-5.7985,7.9039,149.8684,-182.9806,6952.2158,6952.2158
2660,0.50,2.4147,+0.3070,-5.8004,8.2151,73.1346,-182.4920,6937.9326,6937.9326
2661,0.50,0.8945,+0.7076,-5.8102,6.7046,161.0792,-184.4359,6967.9150,6967.9150
2662,0.50,1.7695,+0.0877,-5.8258,7.5954,56.0769,-184.0800,7053.5352,7053.5352
2663,0.52,1.8618,-0.0077,-5.8357,7.6975,53.1249,-180.8316,6787.8721,6787.8721
2664,0.53,2.3123,+0.8104,-5.8193,8.1317,243.0118,-185.6946,7184.6191,7184.6191
2665,0.53,2.0910,+0.3555,-5.8008,7.8918,120.4003,-185.5195,7147.6846,7147.6846
2666,0.50,1.6751,-0.2432,-5.7936,7.4687,73.9689,-182.9330,6933.5342,6933.5342
2667,0.51,1.5810,-0.2251,-5.7906,7.3716,39.1688,-184.8549,7116.6377,7116.6377
2668,0.51,1.9297,-0.0753,-5.8044,7.7341,97.6092,-186.4970,7210.5430,7210.5430
2669,0.51,2.2555,+0.2699,-5.8083,8.0638,205.1294,-186.9215,7246.7266,7246.7266
2670,0.50,1.3276,-0.1861,-5.8187,7.1463,49.1100,-184.1145,6968.9502,6968.9502
2671,0.52,2.0799,+0.2696,-5.8110,7.8909,98.3818,-184.8028,7037.1558,7037.1558
2672,0.52,2.4518,-0.3356,-5.8295,8.2813,463.7986,-184.9988,7096.8062,7096.8062
2673,0.53,2.1421,+0.0625,-5.8253,7.9674,214.2462,-183.6904,7001.5049,7001.5049
2674,0.50,1.7869,+0.0263,-5.8260,7.6128,91.9477,-184.1134,6978.0767,6978.0767
2675,0.51,2.1999,+0.0699,-5.8267,8.0266,115.9647,-185.5296,7127.6416,7127.6416
2676,0.51,2.0196,+0.0259,-5.8111,7.8308,96.3230,-185.0702,7068.3242,7068.3242
2677,0.51,2.0425,-0.1039,-5.8088,7.8513,156.8891,-182.1385,6838.0352,6838.0352
2678,0.52,1.9510,+0.0346,-5.7933,7.7443,114.1927,-186.5418,7179.6279,7179.6279
2679,0.51,1.9245,+0.0144,-5.7793,7.7038,88.3844,-186.1243,7140.8359,7140.8359
2680,0.51,1.9137,+0.1382,-5.7992,7.7129,101.2278,-186.9644,7216.1357,7216.1357
2681,0.51,1.2886,-0.9642,-5.8229,7.1115,68.6190,-184.3434,7029.9990,7029.9990
2682,0.50,2.2551,+0.1912,-5.8097,8.0648,159.2119,-182.0913,6807.9263,6807.9263
2683,0.51,2.0017,+0.2978,-5.8159,7.8175,88.2082,-182.2711,6824.3594,6824.3594
2684,0.52,2.1340,-0.0460,-5.8116,7.9457,158.5870,-182.5107,6881.7241,6881.7241
2685,0.50,1.9320,+0.1651,-5.8292,7.7612,61.9416,-182.8982,6940.5229,6940.5229
2686,0.52,1.4302,+0.2570,-5.8203,7.2505,72.4795,-184.0538,6994.6689,6994.6689
2687,0.51,1.8234,+0.2088,-5.8150,7.6384,60.8244,-183.4929,6960.7114,6960.7114
2688,0.51,2.0900,-0.5295,-5.8074,7.8974,68.7010,-184.7617,7078.4092,7078.4092
2689,0.50,1.9047,-0.1789,-5.8158,7.7206,62.3577,-182.9872,6897.0029,6897.0029
2690,0.51,1.6791,-0.0808,-5.8235,7.5026,72.8109,-181.7275,6798.7754,6798.7754
2691,0.51,1.6763,-0.1752,-5.8187,7.4950,68.3923,-184.1622,7009.3442,7009.3442
2692,0.53,2.1017,+0.1785,-5.8206,7.9223,101.6704,-184.0299,7039.4072,7039.4072
2693,0.50,2.0485,-0.1597,-5.8082,7.8567,119.1860,-182.8629,6934.0264,6934.0264
2694,0.52,1.5731,-0.4875,-5.8248,7.3979,59.8044,-181.8663,6832.8252,6832.8252
2695,0.51,1.9920,-0.1548,-5.8046,7.7966,115.6876,-182.9651,6912.5977,6912.5977
2696,0.51,0.4765,+0.0914,-5.8231,6.2996,342.1007,-186.2602,7089.8291,7089.8291
2697,0.51,1.5606,+0.2887,-5.8210,7.3816,46.7071,-183.6275,6905.2275,6905.2275
2698,0.53,1.6941,-0.0557,-5.7976,7.4918,49.6990,-185.9344,7101.9482,7101.9482
2699,0.51,1.2723,-0.0026,-5.7988,7.0711,38.3556,-184.4056,6956.9033,6956.9033
2700,0.51,1.1973,-0.1160,-5.8157,7.0130,35.7979,-183.8164,6928.1196,6928.1196
2701,0.52,1.4349,+0.0649,-5.8088,7.2437,41.7448,-185.3815,7076.0200,7076.0200
2702,0.52,1.3200,+0.1193,-5.8045,7.1245,24.5046,-181.6796,6796.5068,6796.5068
2703,0.53,1.9396,-0.4563,-5.7766,7.7162,218.7022,-186.5032,7178.4937,7178.4937
2704,0.52,1.2664,-0.0939,-5.7732,7.0397,16.1868,-187.7065,7218.8877,7218.8877
2705,0.53,1.1736,-0.4498,-5.7747,6.9483,12.8699,-178.5256,6543.1074,6543.1074
2706,0.51,1.0770,+0.2872,-5.7810,6.8581,6.6976,-186.1211,7118.5435,7118.5435
2707,0.53,0.9449,+0.1013,-5.8139,6.7589,7.2270,-192.4664,7612.8071,7612.8071
2708,0.51,1.5753,-0.0043,-5.8223,7.3975,6.7922,-171.8717,6098.6943,6098.6943
2709,0.52,1.3182,+0.0943,-5.8140,7.1322,10.7213,-195.0753,7914.7324,7914.7324
2710,0.51,0.7879,-0.0111,-5.8081,6.5960,16.2265,-180.2627,6720.0332,6720.0332
2711,0.54,0.8353,+0.0172,-5.7958,6.6311,7.3312,-192.8269,7675.2188,7675.2188
2712,0.53,1.4664,-0.5097,-5.8140,7.2804,20.6850,-169.2506,5890.8477,5890.8477
2713,0.54,0.7237,+0.2709,-5.8235,6.5472,5.3117,-188.2778,7286.0728,7286.0728
2714,0.54,0.8207,+0.3590,-5.8132,6.6340,7.0316,-191.4012,7514.8252,7514.8252
2715,0.55,1.5980,+0.3410,-5.8211,7.4191,4.3065,-170.6059,5991.8945,5991.8945
2716,0.54,1.2120,+0.2472,-5.8241,7.0361,4.9403,-194.8232,7784.2676,7784.2676
2717,0.54,0.8971,-0.4888,-5.8239,6.7210,10.2681,-178.5516,6476.3164,6476.3164
2718,0.52,0.8585,+0.1790,-5.8330,6.6916,11.1143,-182.9346,6778.0781,6778.0781
2719,0.52,0.9210,+0.4558,-5.8338,6.7548,6.3435,-189.8217,7272.7949,7272.7949
2720,0.54,1.4389,+0.1833,-5.8107,7.2496,6.9282,-175.8123,6264.6475,6264.6475
2721,0.53,0.9209,+0.2683,-5.8112,6.7321,7.3127,-192.5694,7511.9990,7511.9990
2722,0.54,0.6655,-0.1547,-5.8057,6.4712,5.7155,-180.1474,6617.9385,6617.9385
2723,0.53,1.0276,+0.2610,-5.8156,6.8432,11.3519,-195.3046,7894.1777,7894.1777
2724,0.54,1.1334,+0.0050,-5.8176,6.9510,7.4127,-175.7313,6348.2471,6348.2471
2725,0.52,0.9912,+0.2279,-5.8033,6.7945,10.4210,-199.1420,8106.2686,8106.2686
2726,0.53,1.1066,-0.2966,-5.8174,6.9240,4.2650,-175.2425,6291.9072,6291.9072
2727,0.52,1.6070,-0.3745,-5.8252,7.4322,6.9365,-200.8589,8332.4844,8332.4844
2728,0.55,0.8351,+0.1288,-5.8194,6.6545,6.4099,-175.6496,6354.3145,6354.3145
2729,0.52,0.7999,-0.0504,-5.7866,6.5864,8.2377,-201.3752,8298.9824,8298.9824
2730,0.54,1.2503,-0.0999,-5.7961,7.0464,9.9940,-176.8798,6364.7100,6364.7100
2731,0.52,0.6324,+0.0576,-5.8070,6.4394,32.5330,-195.3138,7751.7002,7751.7002
2732,0.52,1.0280,-0.0715,-5.8102,6.8382,10.8188,-177.6460,6475.7979,6475.7979
2733,0.57,0.9200,-0.0820,-5.8109,6.7310,5.4369,-195.0029,7836.1289,7836.1289
2734,0.54,1.1747,+0.0228,-5.8272,7.0019,4.2828,-175.6148,6311.3706,6311.3706
2735,0.53,0.7132,-0.0398,-5.8073,6.5205,4.3196,-199.4639,8162.9810,8162.9810
2736,0.53,1.2388,+0.3794,-5.7959,7.0347,4.0752,-174.5557,6284.1782,6284.1782
2737,0.54,0.9546,+0.1339,-5.8146,6.7692,7.8454,-198.0344,8103.3232,8103.3232
2738,0.53,0.8112,-0.0847,-5.8262,6.6374,6.5135,-176.1070,6360.7461,6360.7461
2739,0.54,0.7243,-0.1991,-5.8219,6.5462,7.3658,-197.3953,7985.4106,7985.4106
2740,0.52,0.4818,-0.0657,-5.8167,6.2984,7.0297,-178.0709,6518.6948,6518.6948
2741,0.54,0.6981,+0.3178,-5.8136,6.5117,9.8277,-196.2715,7938.8281,7938.8281
2742,0.52,0.7639,+0.1158,-5.8175,6.5814,4.9973,-180.2638,6634.0024,6634.0024
2743,0.53,0.7299,+0.0083,-5.8306,6.5605,7.4467,-197.9960,8000.8047,8000.8047
2744,0.54,1.2497,-0.0909,-5.8368,7.0865,7.3163,-175.7494,6396.4902,6396.4902
2745,0.54,0.3931,+0.0488,-5.8180,6.2111,12.8985,-195.5497,7852.8765,7852.8765
2746,0.55,0.7832,+0.0481,-5.8479,6.6311,7.4055,-179.5719,6691.2031,6691.2031
2747,0.53,0.7000,+0.0746,-5.8355,6.5355,7.5784,-193.0753,7683.0088,7683.0088
2748,0.54,0.9490,+0.3305,-5.8253,6.7742,17.6922,-172.0903,6106.6328,6106.6328
2749,0.55,0.7330,+0.2691,-5.8180,6.5510,13.6455,-187.0355,7193.0850,7193.0850
2750,0.53,0.6181,-0.0174,-5.8273,6.4454,10.7083,-181.3827,6773.2290,6773.2290
2751,0.54,0.5095,+0.0531,-5.8070,6.3165,7.1273,-190.3260,7394.6572,7394.6572
2752,0.54,0.7658,-0.4058,-5.8471,6.6129,5.8903,-177.0050,6436.0859,6436.0859
2753,0.54,0.6530,-0.0256,-5.8566,6.5097,4.9291,-188.2205,7121.3491,7121.3491
2754,0.53,0.8944,+0.1969,-5.8467,6.7411,5.0446,-176.4629,6353.4365,6353.4365
2755,0.53,0.2427,-0.0847,-5.8542,6.0968,5.3745,-190.2383,7381.6152,7381.6152
2756,0.53,0.3400,-0.0870,-5.8533,6.1933,10.7862,-193.9336,7624.4185,7624.4185
2757,0.54,0.5071,-0.1602,-5.8497,6.3569,4.5317,-175.4791,6222.4326,6222.4326
2758,0.55,0.4567,-0.0252,-5.8495,6.3061,5.0044,-196.4160,7859.1187,7859.1187
2759,0.55,0.6856,-0.0900,-5.8833,6.5689,4.0147,-175.3806,6313.5889,6313.5889
2760,0.56,0.5982,-0.0231,-5.8744,6.4725,6.0628,-193.9979,7736.9736,7736.9736
2761,0.55,0.6797,-0.0423,-5.8590,6.5386,6.3918,-174.8747,6244.9795,6244.9795
2762,0.53,0.2408,-0.0710,-5.8528,6.0936,4.9556,-196.5855,7886.2573,7886.2573
2763,0.55,0.2501,+0.1932,-5.8546,6.1047,4.2299,-177.7200,6459.0391,6459.0391
2764,0.54,0.7004,-0.3140,-5.8559,6.5563,8.3279,-192.2064,7640.7808,7640.7808
2765,0.54,0.1480,-0.0249,-5.8709,6.0188,5.4451,-184.1015,6822.0151,6822.0151
2766,0.53,0.2578,-0.1532,-5.8633,6.1212,5.8373,-193.7687,7674.0068,7674.0068
2767,0.55,1.0855,-0.0694,-5.8694,6.9549,30.8333,-171.4006,6050.4653,6050.4653
2768,0.55,-0.0760,-0.1180,-5.8859,5.8099,6.8460,-186.8321,7128.1167,7128.1167
2769,0.55,0.5705,+0.2505,-5.8758,6.4463,4.7281,-176.5183,6397.3452,6397.3452
2770,0.54,0.5831,-0.1493,-5.8521,6.4352,8.6767,-194.7746,7763.2295,7763.2295
2771,0.54,0.8541,-0.2062,-5.8587,6.7129,20.7282,-171.7879,6024.2070,6024.2070
2772,0.56,0.4390,+0.1231,-5.8678,6.3068,25.8870,-190.6976,7415.0737,7415.0737
2773,0.53,0.6040,-0.2653,-5.8576,6.4616,67.6579,-187.3567,7177.6982,7177.6982
2774,0.55,-0.0720,+0.0852,-5.8505,5.7785,9.3579,-185.3317,6967.1104,6967.1104
2775,0.54,0.4916,-0.0733,-5.8514,6.3430,6.7981,-190.1841,7376.3496,7376.3496
2776,0.55,0.1092,+0.0084,-5.8307,5.9399,5.7943,-181.5772,6773.1152,6773.1152
2777,0.55,0.2598,-0.0420,-5.8272,6.0870,9.2321,-192.4902,7547.9390,7547.9390
2778,0.55,0.2456,+0.3893,-5.8207,6.0663,7.1300,-189.0746,7398.4429,7398.4429
2779,0.55,-0.0185,-0.0150,-5.8370,5.8185,12.3867,-185.1207,7075.4287,7075.4287
2780,0.57,0.3102,+0.2294,-5.8423,6.1526,20.9927,-187.8810,7190.5850,7190.5850
2781,0.56,-0.1553,+0.3766,-5.8446,5.6894,7.5005,-183.8018,6885.0596,6885.0596
2782,0.55,0.0602,-0.1346,-5.8351,5.8954,4.6050,-187.2300,7097.2881,7097.2881
2783,0.55,0.0695,+0.3048,-5.8345,5.9040,6.3459,-193.9611,7747.3877,7747.3877
2784,0.55,0.5012,-0.0512,-5.8462,6.3474,5.5757,-174.7164,6312.1514,6312.1514
2785,0.55,0.1995,+0.0736,-5.8270,6.0266,12.3789,-191.7613,7567.4160,7567.4160
2786,0.56,0.4003,-0.0742,-5.8288,6.2291,17.0423,-186.1572,7202.5688,7202.5688
2787,0.55,0.2038,+0.1557,-5.8377,6.0415,8.2988,-187.4073,7161.3096,7161.3096
2788,0.54,0.2064,+0.1824,-5.8314,6.0378,5.7863,-186.0969,7041.4126,7041.4126
2789,0.55,0.1981,-0.2082,-5.8188,6.0169,6.6640,-189.9843,7384.0884,7384.0884
2790,0.55,0.4524,+0.0053,-5.7999,6.2524,9.3591,-194.2552,7657.2500,7657.2500
2791,0.55,0.1396,-0.0381,-5.8230,5.9626,7.5463,-185.3893,7006.2168,7006.2168
2792,0.53,0.4303,+0.2718,-5.7944,6.2247,9.1930,-190.0235,7249.1885,7249.1885
2793,0.55,0.1938,-0.1773,-5.8117,6.0055,8.2070,-189.1868,7220.3115,7220.3115
2794,0.55,0.3838,+0.1092,-5.8367,6.2205,4.0622,-191.7482,7492.4180,7492.4180
2795,0.54,0.3573,+0.1824,-5.8540,6.2113,5.8890,-177.1955,6311.7686,6311.7686
2796,0.56,0.7280,+0.0057,-5.8621,6.5900,8.8260,-195.8038,7764.8018,7764.8018
2797,0.54,0.2951,-0.3590,-5.8559,6.1510,16.0255,-180.3485,6613.1631,6613.1631
2798,0.55,0.1811,+0.0583,-5.8747,6.0558,8.8829,-191.9930,7531.7969,7531.7969
2799,0.53,0.2059,+0.2584,-5.8720,6.0779,10.7591,-179.7075,6529.9253,6529.9253
2800,0.55,-0.2037,+0.1301,-5.8650,5.6613,11.7984,-181.7039,6704.0576,6704.0576
2801,0.55,-0.0059,+0.1720,-5.8754,5.8696,4.2908,-187.2569,7147.6807,7147.6807
2802,0.55,0.3464,-0.2555,-5.8757,6.2221,7.2521,-185.5257,7020.5464,7020.5464
2803,0.54,-0.0133,-0.1529,-5.8681,5.8548,4.4519,-185.9261,7057.0957,7057.0957
2804,0.57,0.1267,-0.1536,-5.8841,6.0108,5.2339,-185.4527,7119.6040,7119.6040
2805,0.57,-0.1222,+0.0207,-5.8728,5.7506,3.9216,-187.6406,7204.5459,7204.5459
2806,0.57,0.1734,-0.5181,-5.8460,6.0194,4.8757,-174.5927,6219.1211,6219.1211
2807,0.54,0.0289,-0.0786,-5.8514,5.8803,8.3749,-195.4682,7797.8110,7797.8110
2808,0.57,0.0595,-0.2464,-5.8416,5.9010,6.5233,-179.0787,6514.8340,6514.8340
2809,0.57,0.0568,-0.1560,-5.8440,5.9008,10.8124,-180.0143,6556.4917,6556.4917
2810,0.58,0.1144,-0.0376,-5.8464,5.9608,6.6903,-182.5744,6751.8149,6751.8149
2811,0.56,0.2161,-0.2021,-5.8535,6.0696,9.1283,-194.7558,7693.5063,7693.5063
2812,0.55,0.3137,+0.1108,-5.8631,6.1768,5.5820,-177.7667,6370.7334,6370.7334
2813,0.59,0.0370,-0.1858,-5.8799,5.9169,5.7555,-191.9685,7467.4648,7467.4648
2814,0.56,0.4891,+0.1539,-5.8654,6.3546,6.3287,-171.8167,5947.8716,5947.8716
2815,0.58,0.0057,+0.1052,-5.8627,5.8684,5.0476,-191.3548,7443.6787,7443.6787
2816,0.56,-0.0619,+0.1829,-5.8566,5.7947,9.1636,-179.5991,6551.9805,6551.9805
2817,0.57,-0.2863,+0.0442,-5.8527,5.5664,3.9427,-190.2085,7272.1816,7272.1816
2818,0.57,-0.2585,-0.1727,-5.8558,5.5973,4.0610,-181.4747,6736.2598,6736.2598
2819,0.57,0.0832,-0.0180,-5.8811,5.9643,9.0123,-184.0554,6925.1396,6925.1396
2820,0.56,-0.2126,+0.0333,-5.8709,5.6583,5.6337,-188.1881,7234.6064,7234.6064
2821,0.57,-0.0733,-0.1106,-5.8787,5.8054,4.1124,-178.3918,6528.8398,6528.8398
2822,0.56,0.3701,-0.1898,-5.8788,6.2489,22.0981,-189.3509,7340.1265,7340.1265
2823,0.57,0.1154,+0.0184,-5.8701,5.9856,7.7374,-178.5260,6448.6157,6448.6157
2824,0.56,-0.1094,+0.0230,-5.8682,5.7588,8.1149,-186.9444,7094.7554,7094.7554
2825,0.57,-0.4726,-0.1593,-5.8801,5.4075,11.9977,-187.0763,7087.3691,7087.3691
2826,0.57,0.2459,+0.0638,-5.8753,6.1212,7.2365,-180.3826,6550.4521,6550.4521
2827,0.57,-0.0703,+0.3607,-5.8610,5.7907,5.5100,-189.6089,7306.0703,7306.0703
2828,0.57,0.3112,+0.0709,-5.8579,6.1691,29.9001,-185.3086,6977.5898,6977.5898
2829,0.57,0.5101,-0.1455,-5.8387,6.3488,28.8636,-182.5535,6798.1650,6798.1650
2830,0.55,0.2997,-0.3901,-5.8332,6.1329,34.9076,-184.6579,6999.6211,6999.6211
2831,0.56,0.1393,-0.0075,-5.8210,5.9603,17.6146,-186.2420,7086.4961,7086.4961
2832,0.54,0.0005,-0.0931,-5.8346,5.8350,11.8486,-181.4206,6700.8574,6700.8574
2833,0.54,0.0137,+0.0021,-5.8320,5.8457,20.9449,-188.4152,7212.6846,7212.6846
2834,0.56,0.0203,-0.0263,-5.8210,5.8413,15.4851,-187.6781,7153.7314,7153.7314
2835,0.56,0.0783,-0.0032,-5.8262,5.9045,13.0348,-187.9238,7187.9199,7187.9199
2836,0.55,0.0022,-0.1482,-5.8333,5.8354,9.0445,-183.6068,6820.6997,6820.6997
2837,0.55,-0.6489,-0.2088,-5.8301,5.1812,6.0746,-192.4766,7469.1250,7469.1250
2838,0.55,0.1025,+0.1864,-5.8379,5.9404,4.7729,-183.3904,6878.1143,6878.1143
2839,0.55,-0.1750,-0.2167,-5.8269,5.6519,9.5782,-192.8813,7576.3921,7576.3921
2840,0.56,0.1413,+0.0320,-5.8461,5.9874,7.3168,-178.7781,6462.9922,6462.9922
2841,0.55,-0.5686,-0.4305,-5.8221,5.2534,14.9795,-192.9062,7501.4326,7501.4326
2842,0.57,-0.2921,+0.2393,-5.8369,5.5448,8.7628,-190.1680,7304.2275,7304.2275
2843,0.56,0.1399,-0.2292,-5.8376,5.9774,8.4499,-187.2448,7181.4028,7181.4028
2844,0.56,0.2522,+0.3064,-5.8303,6.0825,6.4834,-182.8246,6797.2275,6797.2275
2845,0.56,0.1921,-0.0359,-5.8296,6.0218,10.7594,-200.6087,8203.8379,8203.8379
2846,0.56,-0.1851,-0.2668,-5.8343,5.6491,11.5083,-187.2594,7115.8145,7115.8145
2847,0.57,-0.3352,-0.1859,-5.8555,5.5203,5.7662,-189.5808,7339.9863,7339.9863
2848,0.56,0.2039,-0.0678,-5.8681,6.0720,9.0310,-176.8041,6345.8906,6345.8906
2849,0.57,-0.3869,+0.0973,-5.8515,5.4646,9.2672,-191.5233,7493.4990,7493.4990
2850,0.59,-0.0800,-0.1635,-5.8573,5.7774,11.6437,-186.1236,7122.4082,7122.4082
2851,0.57,-0.1575,-0.3323,-5.8850,5.7274,14.2064,-185.0066,7005.4893,7005.4893
2852,0.55,-0.0012,+0.0084,-5.8796,5.8784,23.4426,-185.8027,6998.8691,6998.8691
2853,0.56,0.0575,+0.0135,-5.8678,5.9253,16.1057,-188.2848,7197.6733,7197.6733
2854,0.56,-0.2029,-0.2429,-5.8691,5.6663,14.1849,-185.3345,6960.1841,6960.1841
2855,0.55,0.1048,-0.2620,-5.8513,5.9561,25.1652,-188.0186,7166.5127,7166.5127
2856,0.55,-0.0733,+0.0421,-5.8683,5.7950,36.7399,-185.0505,6935.7979,6935.7979
2857,0.56,0.1366,+0.0917,-5.8937,6.0303,36.8288,-181.9969,6747.2666,6747.2666
2858,0.57,0.2431,-0.6613,-5.8891,6.1322,78.9449,-185.8941,7035.6514,7035.6514
2859,0.54,-0.0698,-0.0836,-5.8700,5.8003,19.1873,-186.3339,7102.3667,7102.3667
2860,0.56,-0.2094,-0.1103,-5.8495,5.6401,10.4104,-185.8879,7024.1143,7024.1143
2861,0.55,-0.0495,-0.1650,-5.8643,5.8148,13.9301,-187.2451,7135.6538,7135.6538
2862,0.55,0.1242,+0.1069,-5.8455,5.9697,25.7298,-187.8969,7210.2114,7210.2114
2863,0.58,0.0689,+0.1741,-5.8442,5.9131,22.8715,-190.5453,7409.2881,7409.2881
2864,0.58,0.5307,-0.0317,-5.8406,6.3713,40.1546,-183.1625,6863.4292,6863.4292
2865,0.55,0.3035,-0.1806,-5.8538,6.1573,39.2028,-185.5205,7057.6797,7057.6797
2866,0.54,0.1119,+0.1947,-5.8512,5.9631,11.4576,-185.6673,7044.8481,7044.8481
2867,0.53,0.1131,-0.3432,-5.8419,5.9549,44.4346,-189.9532,7362.3125,7362.3125
2868,0.56,-0.0481,-0.1068,-5.8601,5.8120,47.9810,-186.8130,7164.7471,7164.7471
2869,0.56,-0.0009,+0.0489,-5.8480,5.8471,38.1238,-186.8133,7172.5781,7172.5781
2870,0.56,0.1918,-0.4830,-5.8562,6.0480,44.2915,-183.7301,6941.5649,6941.5649
2871,0.58,0.0687,-0.1576,-5.8625,5.9312,11.2295,-180.3778,6654.4941,6654.4941
2872,0.57,-0.1081,+0.1360,-5.8610,5.7529,9.7597,-188.1677,7214.7705,7214.7705
2873,0.57,-0.0668,-0.0399,-5.8599,5.7932,4.4553,-190.4777,7364.8701,7364.8701
2874,0.56,0.1687,+0.1727,-5.8771,6.0458,15.2137,-186.4289,7120.6934,7120.6934
2875,0.55,-0.1202,+0.0432,-5.8906,5.7704,4.7561,-187.0431,7157.2109,7157.2109
2876,0.55,0.0038,+0.0950,-5.8864,5.8902,7.6882,-189.3849,7337.9805,7337.9805
2877,0.54,0.0870,-0.5708,-5.8631,5.9502,4.7973,-183.3405,6812.3247,6812.3247
2878,0.56,0.1446,+0.2508,-5.8699,6.0145,5.4268,-195.2210,7688.1064,7688.1064
2879,0.56,0.0817,-0.0690,-5.8545,5.9362,5.2646,-181.0264,6733.1968,6733.1968
2880,0.57,0.0141,+0.1152,-5.8707,5.8848,7.0990,-197.9059,8036.0088,8036.0088
2881,0.57,0.2844,+0.1159,-5.8601,6.1445,2.8800,-176.1810,6342.9907,6342.9907
2882,0.56,0.0530,-0.1765,-5.8557,5.9088,5.7907,-200.3335,8251.6182,8251.6182
2883,0.57,-0.0814,+0.0183,-5.8657,5.7843,4.1021,-183.7985,6931.2939,6931.2939
2884,0.57,-0.1554,+0.0236,-5.8663,5.7110,5.3679,-193.5986,7645.7256,7645.7256
2885,0.59,0.2552,+0.0513,-5.8792,6.1344,3.9629,-179.2820,6616.7393,6616.7393
2886,0.55,0.3702,+0.1338,-5.8824,6.2526,7.6482,-199.6315,8125.1680,8125.1680
2887,0.56,0.2029,+0.0328,-5.8763,6.0792,5.1431,-179.0295,6565.6865,6565.6865
2888,0.57,0.2929,-0.1039,-5.8454,6.1383,4.7057,-197.8008,8040.3145,8040.3145
2889,0.55,0.2808,-0.2404,-5.8572,6.1380,9.7965,-176.7235,6431.6743,6431.6743
2890,0.56,-0.0719,-0.0801,-5.8776,5.8057,15.6244,-194.6834,7808.5264,7808.5264
2891,0.53,0.0160,+0.1209,-5.8580,5.8740,32.4382,-191.0906,7519.1328,7519.1328
2892,0.56,-0.1409,+0.1532,-5.8737,5.7329,7.1255,-190.2868,7443.2471,7443.2471
2893,0.57,-0.1965,-0.1059,-5.8949,5.6983,4.1735,-181.1405,6768.0542,6768.0542
2894,0.55,-0.2472,+0.0226,-5.8735,5.6263,4.5903,-192.0504,7548.4824,7548.4824
2895,0.58,-0.0890,+0.2861,-5.8743,5.7853,3.5955,-180.2356,6667.4429,6667.4429
2896,0.56,-0.0032,-0.3405,-5.8556,5.8525,5.2117,-199.6789,8090.7822,8090.7822
2897,0.58,0.4412,-0.0922,-5.8469,6.2881,20.4227,-177.7365,6439.7593,6439.7593
2898,0.54,-0.5412,+0.2238,-5.8587,5.3176,40.7579,-192.2783,7535.5088,7535.5088
2899,0.56,0.1886,-0.0360,-5.8667,6.0553,47.3902,-189.0321,7315.8936,7315.8936
2900,0.55,0.3463,-0.1329,-5.8729,6.2192,14.7214,-185.9062,7037.6030,7037.6030
2901,0.52,0.2893,-0.0052,-5.8815,6.1708,12.0660,-182.8325,6876.0254,6876.0254
2902,0.53,-0.3611,+0.1329,-5.8530,5.4919,6.0178,-190.8003,7499.5098,7499.5098
2903,0.52,-0.0805,+0.0214,-5.8647,5.7841,8.0761,-189.5727,7416.1709,7416.1709
2904,0.52,-0.3640,+0.3342,-5.8578,5.4938,4.5950,-186.2273,7123.4697,7123.4697
2905,0.51,0.0089,-0.2098,-5.8486,5.8575,8.0010,-189.7239,7444.2217,7444.2217
2906,0.51,-0.0944,-0.3435,-5.8528,5.7584,10.0806,-192.6742,7641.1250,7641.1250
2907,0.53,0.2595,+0.1304,-5.8680,6.1275,31.6928,-179.9117,6651.1274,6651.1274
2908,0.52,0.4258,-0.1366,-5.8588,6.2846,49.5507,-182.1032,6851.2939,6851.2939
2909,0.51,0.1875,+0.0252,-5.8913,6.0788,40.3272,-184.7077,7032.6558,7032.6558
2910,0.52,0.8874,-0.8630,-5.8748,6.7622,192.5783,-185.2976,7113.7422,7113.7422
2911,0.53,0.1892,-0.2701,-5.8777,6.0670,56.4152,-186.9635,7204.6953,7204.6953
2912,0.54,0.0950,-0.2026,-5.8719,5.9670,12.3835,-186.9194,7163.1948,7163.1948
2913,0.51,0.1108,+0.3336,-5.8700,5.9807,21.7332,-184.7264,6954.0073,6954.0073
2914,0.51,-0.0029,+0.0291,-5.8841,5.8812,11.3946,-186.6172,7141.6167,7141.6167
2915,0.53,0.1029,-0.1073,-5.9089,6.0118,63.4186,-184.7481,7005.0938,7005.0938
2916,0.52,0.1976,-0.4012,-5.8933,6.0909,54.5974,-184.7666,7056.9688,7056.9688
2917,0.51,-0.2120,-0.2805,-5.8864,5.6743,37.0177,-186.0075,7137.1597,7137.1597
2918,0.54,-0.0705,-0.0256,-5.8964,5.8259,50.2963,-188.2446,7324.3193,7324.3193
2919,0.52,0.2534,-0.0198,-5.8947,6.1481,42.5628,-187.9731,7289.8413,7289.8413
2920,0.52,0.1186,+0.0167,-5.8893,6.0079,35.9588,-187.6589,7251.6274,7251.6274
2921,0.53,0.2213,-0.3157,-5.8827,6.1040,34.0774,-186.7624,7207.5479,7207.5479
2922,0.52,0.2672,+0.3921,-5.8898,6.1569,44.4114,-186.1443,7113.3813,7113.3813
2923,0.52,0.0957,+0.0043,-5.8757,5.9714,36.2203,-187.9694,7295.3076,7295.3076
2924,0.51,0.2169,+0.3279,-5.8998,6.1167,36.7709,-189.2424,7372.4785,7372.4785
2925,0.52,0.1984,+0.1497,-5.8910,6.0894,66.9388,-189.6909,7408.2617,7408.2617
2926,0.50,0.1851,+0.0202,-5.9039,6.0890,42.1996,-188.9480,7382.1982,7382.1982
2927,0.53,-0.0561,-0.1186,-5.9195,5.8634,33.7140,-187.5499,7329.6411,7329.6411
2928,0.52,0.2106,-0.1105,-5.8915,6.1021,29.6406,-185.4982,7166.5767,7166.5767
2929,0.52,0.0413,-0.0237,-5.8960,5.9372,24.3245,-185.4042,7113.5938,7113.5938
2930,0.52,0.0452,+0.2093,-5.8973,5.9425,33.8000,-188.2620,7347.4189,7347.4189
2931,0.52,0.0872,+0.2133,-5.8801,5.9672,36.0095,-189.7604,7452.2256,7452.2256
2932,0.51,0.3032,+0.2631,-5.8903,6.1935,31.4503,-186.3153,7168.6455,7168.6455
2933,0.52,-0.3309,-0.0832,-5.8892,5.5584,156.0146,-184.4033,7008.9692,7008.9692
2934,0.52,0.6131,+0.1528,-5.8800,6.4931,65.6380,-187.4207,7244.4619,7244.4619
2935,0.51,-0.0245,-0.4967,-5.8704,5.8459,6.5777,-188.8386,7327.5977,7327.5977
2936,0.51,0.0513,-0.0718,-5.8607,5.9119,20.4776,-187.2945,7194.5537,7194.5537
2937,0.52,0.1661,-0.2149,-5.8598,6.0258,47.9552,-189.9990,7402.3818,7402.3818
2938,0.53,-0.0276,-0.2371,-5.8764,5.8488,35.8847,-187.0052,7165.5732,7165.5732
2939,0.51,0.1898,+0.3514,-5.8648,6.0546,28.3901,-187.3280,7161.0854,7161.0854
2940,0.52,0.7004,+0.1840,-5.8562,6.5566,124.8759,-187.0892,7180.7832,7180.7832
2941,0.54,0.1083,-0.1944,-5.8474,5.9557,22.2628,-189.4272,7335.0615,7335.0615
2942,0.51,0.7147,-0.2532,-5.8346,6.5492,252.6890,-189.8586,7434.0312,7434.0312
2943,0.52,-0.6596,-0.3419,-5.8386,5.1790,104.8358,-187.6649,7204.0615,7204.0615
2944,0.53,0.4594,+0.3743,-5.8189,6.2783,120.5387,-188.9361,7321.2617,7321.2617
2945,0.53,0.3069,+0.9588,-5.8299,6.1368,71.8581,-189.4581,7354.4072,7354.4072
2946,0.53,0.0450,-0.4619,-5.8335,5.8785,248.9902,-189.2643,7316.4907,7316.4907
2947,0.50,0.1585,+0.2598,-5.8676,6.0262,21.7947,-184.5305,6972.0840,6972.0840
2948,0.51,0.3022,+0.1434,-5.8716,6.1738,77.3193,-186.6952,7134.3193,7134.3193
2949,0.53,0.0870,+0.0457,-5.8614,5.9484,49.9551,-186.7123,7133.2573,7133.2573
2950,0.52,0.4017,+0.0294,-5.8585,6.2602,174.8486,-186.9292,7152.7617,7152.7617
2951,0.53,-0.0781,-1.1173,-5.8507,5.7726,26.2170,-185.8028,7062.2500,7062.2500
2952,0.54,0.1960,-0.2091,-5.8564,6.0524,45.4254,-185.7431,7053.0312,7053.0312
2953,0.52,0.4155,-0.0079,-5.8716,6.2871,44.2011,-184.8430,6994.2935,6994.2935
2954,0.52,0.2208,-0.0323,-5.8659,6.0868,41.6850,-188.2518,7290.3545,7290.3545
2955,0.53,0.0297,-0.0704,-5.8456,5.8752,33.0092,-187.3155,7192.8911,7192.8911
2956,0.53,0.3128,-0.0916,-5.8431,6.1559,32.6216,-186.7420,7157.5532,7157.5532
2957,0.53,0.0627,+0.0719,-5.8351,5.8977,41.5030,-188.1967,7279.6782,7279.6782
2958,0.52,0.0656,+0.1487,-5.8312,5.8968,39.9507,-186.5249,7156.8809,7156.8809
2959,0.51,0.1288,-0.2152,-5.8275,5.9563,44.8337,-190.3755,7405.6045,7405.6045
2960,0.53,-0.2033,-0.0531,-5.8294,5.6261,39.0641,-187.4715,7180.2158,7180.2158
2961,0.51,0.2445,-0.0958,-5.8150,6.0595,39.5216,-187.5008,7197.8486,7197.8486
2962,0.53,-0.2415,-0.1689,-5.8263,5.5849,33.7314,-187.7043,7173.0303,7173.0303
2963,0.53,0.6202,-0.1214,-5.8323,6.4525,248.4654,-187.0808,7211.3804,7211.3804
2964,0.51,0.1936,-0.2521,-5.8524,6.0461,40.4014,-186.8816,7114.9399,7114.9399
2965,0.51,0.1220,+0.0135,-5.8525,5.9745,41.4111,-182.6182,6786.4395,6786.4395
2966,0.51,0.2664,+0.0434,-5.8692,6.1355,43.9125,-184.5379,6950.5601,6950.5601
2967,0.52,0.1287,+0.0945,-5.8791,6.0078,25.8743,-186.2758,7074.4590,7074.4590
2968,0.51,0.1446,-0.1838,-5.8834,6.0280,25.3215,-185.6612,7014.2681,7014.2681
2969,0.54,-0.2469,+0.1532,-5.8617,5.6148,32.4193,-186.1948,7071.5552,7071.5552
2970,0.51,0.3315,-0.1994,-5.8429,6.1744,64.2998,-188.1745,7239.5508,7239.5508
2971,0.52,-0.2217,+0.0303,-5.8567,5.6350,36.3318,-186.2431,7068.3638,7068.3638
2972,0.52,0.4290,+0.0291,-5.8743,6.3033,44.4501,-183.4617,6883.0898,6883.0898
2973,0.53,0.1350,-0.0556,-5.8737,6.0088,32.1525,-185.4347,7021.0015,7021.0015
2974,0.52,-0.5367,-0.4147,-5.8726,5.3359,18.1571,-187.7949,7137.1445,7137.1445
2975,0.51,-0.0559,+0.3331,-5.8585,5.8026,12.7978,-187.3355,7163.6230,7163.6230
2976,0.53,0.0104,-0.1155,-5.8376,5.8480,33.0393,-191.8492,7522.6885,7522.6885
2977,0.52,0.0984,-0.1824,-5.8743,5.9727,31.7633,-184.9066,6964.6309,6964.6309
2978,0.51,0.2578,+0.1454,-5.8700,6.1278,35.5059,-184.6625,6953.6797,6953.6797
2979,0.52,0.2183,+0.1660,-5.8393,6.0576,33.8613,-187.1504,7132.2930,7132.2930
2980,0.52,0.6722,-0.1474,-5.8612,6.5334,38.9114,-188.5779,7253.9297,7253.9297
2981,0.52,0.0264,+0.3536,-5.8394,5.8658,43.1465,-189.0232,7244.4014,7244.4014
2982,0.54,0.3218,+0.1873,-5.8257,6.1475,57.7384,-188.9583,7243.8037,7243.8037
2983,0.51,-0.0905,+0.2706,-5.8486,5.7581,18.3678,-187.1769,7097.9688,7097.9688
2984,0.51,-0.3147,+0.1679,-5.8760,5.5613,14.1775,-186.0279,7004.6001,7004.6001
2985,0.52,-0.2256,-0.0209,-5.8743,5.6488,29.9554,-186.8304,7093.9858,7093.9858
2986,0.53,0.3556,-0.4023,-5.8987,6.2543,41.7347,-187.9413,7248.9219,7248.9219
2987,0.54,0.2165,-0.2017,-5.8753,6.0918,34.4141,-190.3149,7388.8564,7388.8564
2988,0.52,-0.0594,+0.2702,-5.8666,5.8072,17.9754,-186.1653,7058.9204,7058.9204
2989,0.51,-0.0148,+0.1927,-5.8706,5.8558,36.6979,-188.5225,7218.5352,7218.5352
2990,0.52,-0.0004,+0.2198,-5.8450,5.8447,39.1903,-187.9023,7170.5874,7170.5874
2991,0.53,0.2175,-0.0169,-5.8613,6.0788,34.6872,-185.1510,6989.4814,6989.4814
2992,0.53,0.1502,+0.1613,-5.8833,6.0334,36.5683,-186.6386,7097.9194,7097.9194
2993,0.52,-0.1744,-0.1586,-5.8859,5.7115,22.9506,-186.3068,7059.4814,7059.4814
2994,0.52,-0.1089,-0.0300,-5.8964,5.7875,36.9753,-184.1035,6897.9629,6897.9629
2995,0.54,0.2237,+0.0186,-5.8850,6.1088,34.0831,-182.9825,6820.0254,6820.0254
2996,0.53,0.0013,+0.1125,-5.8341,5.8354,17.2568,-184.8693,6918.1396,6918.1396
2997,0.53,-0.1428,-0.0834,-5.8612,5.7183,25.0483,-187.0686,7078.3140,7078.3140
2998,0.52,-0.1658,-0.9772,-5.8762,5.7104,25.9204,-186.0341,7027.6792,7027.6792
2999,0.52,-0.5359,+0.0006,-5.8539,5.3180,6.4402,-186.9131,7069.3438,7069.3438
3000,0.52,0.5689,+0.0609,-5.8495,6.4184,76.4643,-186.1375,7059.0723,7059.0723
3001,0.54,0.4046,+0.2593,-5.8366,6.2411,67.9282,-186.8881,7117.9043,7117.9043
3002,0.53,0.2088,-0.1090,-5.8424,6.0512,36.2411,-188.2995,7218.9658,7218.9658
3003,0.53,-0.2356,-0.0948,-5.8488,5.6133,45.4602,-185.5186,7010.0527,7010.0527
3004,0.54,-0.0201,+0.2138,-5.8496,5.8295,59.5118,-184.2944,6907.5234,6907.5234
3005,0.51,0.0800,-0.1471,-5.8400,5.9200,33.0282,-186.1346,7044.3438,7044.3438
3006,0.53,0.1361,-0.1963,-5.8582,5.9944,38.8526,-186.2130,7048.7505,7048.7505
3007,0.54,0.0915,-0.1235,-5.8567,5.9482,28.1578,-188.3280,7260.5522,7260.5522
3008,0.53,-0.0512,-0.2217,-5.8658,5.8146,41.3242,-184.7879,6935.8867,6935.8867
3009,0.54,-0.2072,-0.0375,-5.8477,5.6405,27.6134,-185.5030,7007.1875,7007.1875
3010,0.54,0.9175,-0.6192,-5.8603,6.7778,575.7407,-186.1295,7130.2930,7130.2930
3011,0.52,0.0307,+0.1492,-5.8541,5.8848,33.9152,-186.6282,7082.4766,7082.4766
3012,0.53,-0.1673,+0.0856,-5.8309,5.6636,24.6954,-186.5867,7071.4600,7071.4600
3013,0.52,-0.0530,-0.0711,-5.8472,5.7942,32.8292,-185.4160,7000.1123,7000.1123
3014,0.52,0.2088,+0.2988,-5.8508,6.0597,38.0304,-185.6758,7032.4541,7032.4541
3015,0.52,0.1666,+0.1321,-5.8520,6.0185,81.3938,-185.8951,7047.7305,7047.7305
3016,0.52,-1.1603,-0.1360,-5.8734,4.7130,141.7182,-185.7710,6962.7412,6962.7412
3017,0.52,2.5035,-1.5548,-5.8911,8.3946,1933.1987,-185.6228,7187.8145,7187.8145
3018,0.51,-0.1177,-0.0599,-5.8803,5.7626,34.0379,-184.4272,6922.0757,6922.0757
3019,0.52,-0.8609,+0.2953,-5.8623,5.0014,17.6103,-187.3373,7059.1904,7059.1904
3020,0.54,-0.0602,-0.0077,-5.8631,5.8029,24.0121,-186.1175,7013.5181,7013.5181
3021,0.52,-0.5146,-0.1401,-5.8750,5.3604,6.7390,-187.2706,7090.8682,7090.8682
3022,0.53,-0.2929,+0.3673,-5.8426,5.5497,31.3828,-185.0732,6935.0815,6935.0815
3023,0.53,0.1243,-0.0018,-5.8496,5.9739,55.9438,-187.6455,7166.4888,7166.4888
3024,0.51,-0.2844,-0.1975,-5.8383,5.5539,32.7344,-188.0346,7158.0024,7158.0024
3025,0.53,-0.0085,+0.0668,-5.8743,5.8658,26.9053,-186.4599,7077.7715,7077.7715
3026,0.51,-0.0213,+0.1614,-5.8586,5.8374,30.0049,-185.9182,7032.9077,7032.9077
3027,0.52,-0.0411,-0.1137,-5.8573,5.8162,37.2934,-188.9586,7232.7461,7232.7461
3028,0.54,-0.0672,-0.3806,-5.8400,5.7728,41.7321,-187.0912,7092.5303,7092.5303
3029,0.54,-0.3352,-2.4333,-5.8515,5.5163,23.2094,-186.2477,7021.5459,7021.5459
3030,0.54,-0.5992,-0.0458,-5.8403,5.2411,42.3247,-187.5468,7089.3237,7089.3237
3031,0.53,-0.4344,+0.0830,-5.8591,5.4247,5.4251,-188.5659,7161.8613,7161.8613
3032,0.54,0.3665,-0.0417,-5.8824,6.2489,8.7781,-181.0195,6680.4033,6680.4033
3033,0.52,-0.2879,+0.1143,-5.8856,5.5977,4.9246,-185.1053,6969.7520,6969.7520
3034,0.54,-0.0108,+0.2196,-5.9039,5.8931,54.7146,-184.0415,6900.7759,6900.7759
3035,0.53,0.1319,-0.1537,-5.8953,6.0272,39.7157,-185.0815,6986.1543,6986.1543
3036,0.52,0.1169,+0.2635,-5.8811,5.9980,36.8449,-185.6577,7049.0322,7049.0322
3037,0.52,-0.2910,+0.3873,-5.8873,5.5963,7.2679,-181.5923,6723.7148,6723.7148
3038,0.52,-0.2975,+0.1243,-5.8754,5.5779,12.5902,-182.4913,6726.7686,6726.7686
3039,0.52,-0.3055,-1.0311,-5.8721,5.5665,12.9745,-187.1392,7102.4116,7102.4116
3040,0.52,-0.2946,+0.3655,-5.8812,5.5865,31.6934,-184.1944,6897.2236,6897.2236
3041,0.52,-0.2393,-1.5967,-5.8698,5.6305,4.6947,-182.4833,6734.4878,6734.4878
3042,0.53,-0.0225,-0.0112,-5.8676,5.8452,38.3225,-182.6449,6757.9824,6757.9824
3043,0.54,0.0012,+1.5090,-5.8686,5.8699,17.8443,-183.2144,6807.1660,6807.1660
3044,0.51,1.3242,-1.8461,-5.8679,7.1921,768.3562,-186.5444,7128.3262,7128.3262
3045,0.53,-0.1393,-0.0144,-5.8446,5.7053,25.2243,-186.4377,7013.2314,7013.2314
3046,0.52,-0.0823,+0.2785,-5.8394,5.7571,39.0806,-184.9831,6901.2139,6901.2139
3047,0.51,1.8501,-2.1866,-5.8160,7.6660,1246.4574,-187.3589,7217.6982,7217.6982
3048,0.55,-0.7616,+0.5203,-5.8401,5.0786,46.3249,-185.0925,6874.5142,6874.5142
3049,0.52,0.6602,-0.1372,-5.8426,6.5029,284.3115,-184.4893,6939.0986,6939.0986
3050,0.53,-0.5038,-0.4892,-5.8388,5.3349,10.6077,-186.4850,6978.2295,6978.2295
3051,0.52,-0.9176,+0.0709,-5.8283,4.9107,60.0067,-187.9715,7046.7764,7046.7764
3052,0.53,0.1780,+0.1273,-5.8405,6.0185,71.0655,-187.9601,7135.4766,7135.4766
3053,0.52,-0.0579,-0.0504,-5.8512,5.7932,36.1608,-187.7054,7110.2104,7110.2104
3054,0.53,0.0943,-0.1935,-5.8484,5.9428,37.7855,-187.8378,7096.9600,7096.9600
3055,0.53,-0.0316,-0.2955,-5.8478,5.8162,59.0112,-186.8632,7000.9951,7000.9951
3056,0.52,-0.0771,-0.1376,-5.8418,5.7647,40.9562,-186.2993,6968.6216,6968.6216
3057,0.53,0.0040,-0.1530,-5.8424,5.8465,29.6564,-187.3875,7069.9912,7069.9912
3058,0.53,-0.1895,+0.0941,-5.8474,5.6579,33.3888,-187.8445,7102.3545,7102.3545
3059,0.54,0.1141,-0.0702,-5.8555,5.9695,35.2678,-184.8592,6903.7339,6903.7339
3060,0.53,0.0840,+0.1313,-5.8412,5.9253,39.0644,-185.8811,6964.6113,6964.6113
3061,0.52,0.2365,-0.0490,-5.8329,6.0694,50.5862,-185.8777,6970.7510,6970.7510
3062,0.52,-0.4475,+0.0536,-5.8365,5.3890,27.9825,-185.1320,6838.3652,6838.3652
3063,0.53,0.1703,-0.0976,-5.8162,5.9865,99.8380,-187.1401,7065.7456,7065.7456
3064,0.52,-0.1885,-0.1249,-5.8270,5.6385,29.3773,-184.4417,6796.6958,6796.6958
3065,0.53,0.6086,-0.6751,-5.8138,6.4224,261.6075,-188.0186,7190.4023,7190.4023
3066,0.53,-0.0994,-0.0361,-5.8144,5.7150,29.8894,-185.7635,6928.7852,6928.7852
3067,0.53,0.4009,-0.8512,-5.8198,6.2207,58.0103,-183.7464,6789.5869,6789.5869
3068,0.53,0.6588,+0.4576,-5.8286,6.4874,273.2145,-183.5953,6861.5454,6861.5454
3069,0.52,-0.2364,+0.6300,-5.8268,5.5904,12.5965,-184.7736,6857.7378,6857.7378
3070,0.51,0.6500,+0.1872,-5.8266,6.4766,191.1457,-186.6400,7094.4375,7094.4375
3071,0.54,-3.1577,+3.7225,-5.8465,2.6888,2352.6533,-186.1240,6711.6689,6711.6689
3072,0.52,0.1243,+0.1208,-5.8497,5.9740,26.1324,-185.5237,6945.1948,6945.1948
3073,0.53,1.4939,+0.6122,-5.8214,7.3153,547.3105,-186.6057,7178.5908,7178.5908
3074,0.52,-0.7814,+0.5869,-5.8017,5.0203,84.7152,-188.0164,7084.6621,7084.6621
3075,0.53,0.0187,+0.1661,-5.8275,5.8461,37.4219,-185.9738,7030.7900,7030.7900
3076,0.52,-1.3181,-0.2428,-5.8592,4.5411,408.6194,-192.5292,7410.3086,7410.3086
3077,0.53,0.3884,+0.7349,-5.8473,6.2357,172.9162,-192.5414,7553.1631,7553.1631
3078,0.52,1.0969,+1.8812,-5.8321,6.9289,665.8355,-190.2004,7394.2490,7394.2490
3079,0.54,-1.2997,+0.7441,-5.8480,4.5484,302.4013,-186.9367,6964.0811,6964.0811
3080,0.53,1.8410,-0.8123,-5.8580,7.6990,947.9838,-186.4937,7139.0571,7139.0571
3081,0.52,0.5597,-0.4622,-5.8557,6.4154,255.8380,-186.5969,7065.7988,7065.7988
3082,0.53,-0.2033,-0.5700,-5.8433,5.6400,29.6635,-184.8692,6874.4639,6874.4639
3083,0.52,0.3301,+0.8959,-5.8553,6.1854,418.1015,-184.1628,6876.5977,6876.5977
3084,0.54,-0.4488,+0.6552,-5.8401,5.3913,17.4186,-185.9670,6944.6768,6944.6768
3085,0.53,-0.3362,-0.3923,-5.8442,5.5081,7.9785,-184.9579,6909.5693,6909.5693
3086,0.52,0.5564,+0.0068,-5.8374,6.3938,208.1469,-183.0834,6779.2466,6779.2466
3087,0.53,0.0652,+0.0955,-5.8448,5.9100,32.6312,-183.6633,6797.6396,6797.6396
3088,0.54,0.1290,-0.0711,-5.8439,5.9729,36.8957,-184.0383,6844.5903,6844.5903
3089,0.51,-0.0759,-0.1282,-5.8780,5.8021,43.2563,-185.3705,6947.5586,6947.5586
3090,0.54,0.0739,+0.0538,-5.8942,5.9681,49.0531,-184.6114,6924.3906,6924.3906
3091,0.52,0.0279,-0.1368,-5.8728,5.9007,33.2821,-184.1213,6866.1099,6866.1099
3092,0.54,0.6043,+0.0696,-5.8737,6.4781,324.9245,-184.5612,6926.1377,6926.1377
3093,0.53,0.1715,-0.1500,-5.8561,6.0276,38.2920,-184.4837,6904.7749,6904.7749
3094,0.52,0.4313,-0.0910,-5.8436,6.2749,230.4413,-186.0824,7024.2031,7024.2031
3095,0.53,0.0006,-0.0576,-5.8276,5.8282,44.4831,-187.2129,7055.8623,7055.8623
3096,0.53,0.2793,+0.3882,-5.8144,6.0937,86.7606,-188.5149,7193.5195,7193.5195
3097,0.51,0.1928,-0.0880,-5.8296,6.0224,39.0675,-187.2603,7078.9575,7078.9575
3098,0.52,-1.1033,+0.1060,-5.8369,4.7336,198.1689,-186.7723,6981.9873,6981.9873
3099,0.53,0.7936,+0.0008,-5.8182,6.6118,198.2417,-186.3838,7054.6411,7054.6411
3100,0.54,-0.0551,-0.1747,-5.8274,5.7723,38.9274,-187.8830,7110.9883,7110.9883
3101,0.53,0.0583,-0.3401,-5.8634,5.9218,44.1501,-183.8123,6803.9932,6803.9932
3102,0.52,-0.0240,+0.2573,-5.8727,5.8487,38.2611,-182.7068,6721.8105,6721.8105
3103,0.53,0.6512,+0.0110,-5.8586,6.5098,133.3928,-184.5025,6902.2852,6902.2852
3104,0.54,2.4625,+0.9551,-5.8738,8.3363,1596.1119,-182.5872,6929.4170,6929.4170
3105,0.52,0.0059,-0.2900,-5.8738,5.8796,29.3301,-182.5816,6743.3306,6743.3306
3106,0.54,-0.0855,+0.5094,-5.8873,5.8018,34.0389,-183.3347,6797.4473,6797.4473
3107,0.50,1.0696,+0.1770,-5.9097,6.9792,584.4797,-182.0649,6816.5811,6816.5811
3108,0.52,0.5889,-0.2204,-5.9082,6.4971,222.6165,-181.3700,6699.1699,6699.1699
3109,0.51,0.6772,+0.1569,-5.9137,6.5909,239.2267,-180.9687,6676.9111,6676.9111
3110,0.53,0.0017,-0.2966,-5.9053,5.9071,21.2175,-181.2135,6661.2383,6661.2383
3111,0.55,0.1064,-0.1335,-5.8758,5.9823,40.4958,-182.4111,6730.9473,6730.9473
3112,0.53,0.0324,+0.2647,-5.8608,5.8932,16.5759,-184.7941,6940.8887,6940.8887
3113,0.52,0.0110,-0.0800,-5.8425,5.8535,58.3568,-185.4553,6943.5996,6943.5996
3114,0.51,1.6633,+0.6644,-5.8700,7.5333,724.2455,-184.6790,6973.0508,6973.0508
3115,0.53,0.9598,-0.0411,-5.8956,6.8554,242.5939,-184.9548,6973.8340,6973.8340
3116,0.52,2.8206,+1.1453,-5.8837,8.7043,2727.1628,-184.5689,7042.2588,7042.2588
3117,0.51,-0.0704,+0.5160,-5.8863,5.8159,42.7950,-185.6300,6970.9536,6970.9536
3118,0.52,1.2212,-0.0036,-5.8664,7.0877,403.1312,-185.9368,7038.4346,7038.4346
3119,0.51,1.2730,-0.2598,-5.8782,7.1512,469.8147,-183.3398,6876.7754,6876.7754
3120,0.51,-0.0613,+0.2333,-5.8811,5.8198,24.1869,-183.0998,6788.2061,6788.2061
3121,0.53,0.1949,-0.0275,-5.8740,6.0689,36.3231,-184.1908,6908.8047,6908.8047
3122,0.53,0.0558,+0.0752,-5.8552,5.9110,23.0723,-185.2765,6935.5645,6935.5645
3123,0.53,0.2313,-0.7937,-5.8649,6.0962,146.2160,-182.8352,6781.7842,6781.7842
3124,0.51,-0.1978,-0.0026,-5.8784,5.6806,31.2906,-182.0579,6676.7104,6676.7104
3125,0.52,0.2916,-0.0096,-5.8752,6.1667,85.1190,-185.8838,7010.5498,7010.5498
3126,0.52,-0.2539,-0.2913,-5.8705,5.6167,25.5884,-187.0681,7066.9463,7066.9463
3127,0.52,-0.0295,-0.1142,-5.8361,5.8066,34.3777,-185.2859,6923.1162,6923.1162
3128,0.52,1.2373,+0.3403,-5.8149,7.0522,585.1255,-184.4296,6897.2305,6897.2305
3129,0.52,-0.1009,-0.1502,-5.8387,5.7378,26.9019,-185.3649,6910.4912,6910.4912
3130,0.53,0.2387,-0.1398,-5.8377,6.0765,28.9954,-185.6888,6966.0396,6966.0396
3131,0.53,0.3012,-0.1431,-5.8442,6.1454,53.4154,-184.4124,6886.5830,6886.5830
3132,0.51,0.1970,+0.0842,-5.8352,6.0321,31.8806,-185.5938,6967.1475,6967.1475
3133,0.52,0.1110,-0.1916,-5.8629,5.9739,36.1795,-185.4918,6931.9297,6931.9297
3134,0.53,1.5276,+0.6500,-5.8502,7.3778,707.0011,-186.2598,7031.6367,7031.6367
3135,0.53,0.5580,+0.3842,-5.8306,6.3887,174.1681,-185.5480,6940.5586,6940.5586
3136,0.53,-0.5051,-0.1131,-5.8191,5.3140,6.8545,-187.2597,7004.0674,7004.0674
3137,0.53,0.3022,+0.2556,-5.8095,6.1117,93.9952,-190.4917,7324.9438,7324.9438
3138,0.54,0.6268,+0.0639,-5.8171,6.4439,254.0571,-185.8586,6960.3789,6960.3789
3139,0.53,-0.0248,+0.1179,-5.8131,5.7883,39.6408,-185.0144,6893.0967,6893.0967
3140,0.52,-0.9862,+2.4679,-5.8344,4.8481,71.4212,-183.8077,6757.3525,6757.3525
3141,0.53,-0.1618,-0.0181,-5.8497,5.6879,28.5171,-184.3863,6857.6924,6857.6924
3142,0.55,1.5290,-3.2009,-5.8548,7.3838,1036.1150,-185.0661,6974.3486,6974.3486
3143,0.53,-1.1441,+0.3634,-5.8793,4.7352,169.6188,-183.7529,6744.6787,6744.6787
3144,0.54,-0.6152,-0.4071,-5.8501,5.2349,15.1861,-185.4524,6866.3755,6866.3755
3145,0.54,-0.0713,-0.2962,-5.8404,5.7691,37.4339,-183.7531,6762.6914,6762.6914
3146,0.52,1.4040,-0.1533,-5.8496,7.2536,587.8084,-182.7408,6744.2188,6744.2188
3147,0.52,0.8690,-0.4303,-5.8490,6.7180,261.3945,-183.9671,6840.7603,6840.7603
3148,0.53,0.0337,-0.1800,-5.8531,5.8869,38.5992,-183.4250,6759.1729,6759.1729
3149,0.53,-0.2567,-0.6227,-5.8381,5.5814,52.2611,-185.7770,6931.0967,6931.0967
3150,0.53,0.0709,+0.1304,-5.8318,5.9027,38.7653,-187.0884,7068.9233,7068.9233
3151,0.53,-0.2762,+1.8530,-5.8313,5.5551,7.6928,-185.9749,6964.1016,6964.1016
3152,0.54,-0.0653,-0.1070,-5.8153,5.7500,9.8623,-186.6471,7054.8286,7054.8286
3153,0.51,-0.8254,+0.3502,-5.8458,5.0205,185.4453,-193.9116,7589.1079,7589.1079
3154,0.50,0.2178,-0.0659,-5.8537,6.0715,29.4085,-190.9507,7394.4136,7394.4136
3155,0.51,0.6268,+1.5056,-5.8592,6.4861,108.7036,-184.0449,6873.7568,6873.7568
3156,0.52,-1.0443,-1.0083,-5.8435,4.7991,208.7660,-186.0209,6956.5112,6956.5112
3157,0.51,0.2027,-0.1542,-5.8262,6.0290,39.2502,-187.0250,7074.9805,7074.9805
3158,0.52,0.3342,+0.1067,-5.8711,6.2053,45.4842,-184.0526,6870.7905,6870.7905
3159,0.52,0.1549,-0.1212,-5.8490,6.0039,44.9919,-185.4487,6937.0693,6937.0693
3160,0.53,0.2699,+0.5271,-5.8353,6.1053,58.2926,-184.9109,6900.5752,6900.5752
3161,0.54,0.1002,+0.2123,-5.8645,5.9648,41.6646,-186.4054,7021.7690,7021.7690
3162,0.53,0.1362,-0.1069,-5.8332,5.9693,30.3094,-185.6961,6965.8198,6965.8198
3163,0.52,0.2877,+0.0735,-5.8353,6.1230,77.7736,-186.9009,7073.6768,7073.6768
3164,0.52,0.0482,+0.6255,-5.8385,5.8867,120.4926,-185.0467,6920.2412,6920.2412
3165,0.53,0.5666,+0.2395,-5.8344,6.4010,63.0746,-186.7492,7050.0273,7050.0273
3166,0.53,0.2977,+0.0882,-5.8094,6.1072,67.3777,-186.5287,7014.0386,7014.0386
3167,0.53,0.1916,+0.0817,-5.8193,6.0109,37.0658,-187.4199,7049.6064,7049.6064
3168,0.51,-0.1142,+0.0991,-5.8191,5.7048,23.4342,-187.0957,7010.2720,7010.2720
3169,0.54,-0.0063,+0.3287,-5.8031,5.7968,44.3540,-189.3728,7179.2607,7179.2607
3170,0.53,0.6176,+0.0568,-5.8494,6.4670,88.6073,-186.7781,7033.5010,7033.5010
3171,0.52,0.3415,-0.2523,-5.8532,6.1946,58.5681,-187.5047,7086.9849,7086.9849
3172,0.54,0.1547,-0.0202,-5.8490,6.0036,40.4684,-186.5322,7010.4595,7010.4595
3173,0.53,0.1067,+0.0193,-5.8759,5.9826,28.0534,-185.2412,6906.0586,6906.0586
3174,0.54,0.1448,-0.0155,-5.8741,6.0189,33.9825,-182.2891,6715.2388,6715.2388
3175,0.51,0.0624,-0.1181,-5.8693,5.9317,24.6096,-183.1855,6772.0947,6772.0947
3176,0.53,0.0968,-0.0928,-5.8713,5.9682,28.7466,-185.4348,6943.7671,6943.7671
3177,0.55,0.2738,-0.0223,-5.8721,6.1458,30.7432,-184.9393,6896.0986,6896.0986
3178,0.54,-0.2460,-0.1987,-5.8525,5.6065,37.7053,-185.0792,6861.5234,6861.5234
3179,0.54,-0.0919,-0.0280,-5.8590,5.7671,32.3795,-184.3584,6821.9741,6821.9741
3180,0.52,-0.1254,+0.0861,-5.8245,5.6991,34.7853,-183.5912,6773.3730,6773.3730
3181,0.54,0.1295,+0.7472,-5.8451,5.9746,32.9766,-184.0033,6826.4805,6826.4805
3182,0.53,0.0254,-0.0601,-5.8227,5.8481,36.4587,-186.2997,6966.4756,6966.4756
3183,0.54,0.0496,+0.0799,-5.8403,5.8899,33.5310,-185.9790,6964.3071,6964.3071
3184,0.53,0.6736,-0.0160,-5.8525,6.5261,164.6246,-184.5168,6904.3652,6904.3652
3185,0.52,-0.0104,-0.1161,-5.8318,5.8214,19.2139,-183.4904,6824.0957,6824.0957
3186,0.52,0.6987,+0.2608,-5.8317,6.5304,236.5571,-183.6239,6854.1089,6854.1089
3187,0.53,-0.1351,+0.6947,-5.8399,5.7048,25.2826,-183.9609,6814.3721,6814.3721
3188,0.54,1.0873,-0.5575,-5.8265,6.9138,659.6828,-187.6547,7196.0566,7196.0566
3189,0.52,-0.1827,-0.0369,-5.8385,5.6559,36.0170,-187.2949,7059.5869,7059.5869
3190,0.53,0.0933,+0.0061,-5.8260,5.9193,26.6256,-185.9568,6973.8013,6973.8013
3191,0.53,0.1072,-0.0609,-5.8490,5.9562,31.2521,-185.0253,6926.0195,6926.0195
3192,0.53,3.4183,+3.1534,-5.8889,9.3073,3162.8337,-182.7181,6846.4038,6846.4038
3193,0.52,0.1576,-0.1070,-5.8888,6.0464,24.2820,-182.8920,6802.0879,6802.0879
3194,0.53,0.1607,+1.3070,-5.8720,6.0327,106.5812,-186.0040,7050.6758,7050.6758
3195,0.52,0.1655,-0.5043,-5.8322,5.9977,58.7092,-186.3307,7023.7139,7023.7139
3196,0.53,-0.2492,-1.3554,-5.8529,5.6037,11.8302,-184.9883,6898.7563,6898.7563
3197,0.54,0.0430,-0.4192,-5.8625,5.9054,33.7587,-185.6571,6966.8340,6966.8340
3198,0.52,-1.0283,+0.1554,-5.8524,4.8241,151.5868,-184.0771,6768.0801,6768.0801
3199,0.53,-0.2455,-0.0650,-5.8534,5.6079,27.8017,-185.0645,6877.1572,6877.1572
3200,0.53,0.1340,-0.0935,-5.8873,6.0212,35.5790,-182.5961,6709.9297,6709.9297
3201,0.51,-0.0701,-0.2820,-5.8714,5.8013,40.0516,-185.1802,6915.1753,6915.1753
3202,0.53,0.2412,-0.1791,-5.8848,6.1260,43.2392,-182.8856,6760.0850,6760.0850
3203,0.54,2.8997,+1.6838,-5.8617,8.7614,2601.8530,-182.3964,6874.4375,6874.4375
3204,0.54,-1.5373,+0.0713,-5.8562,4.3190,327.3636,-184.1934,6760.7012,6760.7012
3205,0.54,0.0498,+0.0801,-5.8540,5.9038,38.3788,-184.6353,6866.3896,6866.3896
3206,0.54,0.2874,+0.1359,-5.8928,6.1802,39.0933,-184.8524,6889.2852,6889.2852
3207,0.54,-0.0043,-0.0740,-5.8638,5.8596,43.5928,-186.1945,6985.7407,6985.7407
3208,0.53,0.0072,+0.5021,-5.8771,5.8843,35.5701,-183.5419,6813.2437,6813.2437
3209,0.53,0.1092,+0.1628,-5.8592,5.9684,34.0576,-184.8105,6911.4810,6911.4810
3210,0.53,-0.0659,-0.0600,-5.8617,5.7958,37.5287,-185.6277,6933.4033,6933.4033
3211,0.54,0.3029,+0.5240,-5.8513,6.1541,80.9162,-184.7697,6874.7021,6874.7021
3212,0.51,-0.0682,+0.0253,-5.8641,5.7959,27.1942,-183.2632,6754.6182,6754.6182
3213,0.53,0.0029,+0.0290,-5.8613,5.8641,30.7280,-184.7098,6865.9653,6865.9653
3214,0.53,0.2556,-0.1307,-5.8664,6.1221,27.8418,-185.0052,6910.9038,6910.9038
3215,0.52,-0.0229,-0.0365,-5.8481,5.8252,23.6860,-184.0154,6828.8789,6828.8789
3216,0.53,0.3546,+0.0757,-5.8489,6.2035,41.5976,-185.2302,6891.0195,6891.0195
3217,0.53,-0.0326,-0.0234,-5.8136,5.7810,25.9005,-187.8516,7080.8804,7080.8804
3218,0.53,0.0878,-0.0168,-5.7990,5.8868,31.4795,-187.8789,7069.8325,7069.8325
3219,0.54,0.1761,-0.0993,-5.8170,5.9931,49.0777,-186.4023,6982.2500,6982.2500
3220,0.53,0.0200,+0.0756,-5.8295,5.8495,32.3689,-184.9235,6903.3740,6903.3740
3221,0.52,0.1513,-0.1359,-5.8467,5.9979,71.3784,-185.5089,6951.7822,6951.7822
3222,0.54,0.0471,-0.3608,-5.8720,5.9191,24.6466,-184.4068,6867.2725,6867.2725
3223,0.51,0.1192,-0.0368,-5.8476,5.9667,47.7901,-184.4730,6849.4692,6849.4692
3224,0.52,0.0850,-0.1060,-5.8370,5.9220,55.4151,-185.4034,6934.3062,6934.3062
3225,0.53,0.0399,-0.1286,-5.8599,5.8997,9.5424,-184.6558,6857.0830,6857.0830
3226,0.53,0.3170,+0.0091,-5.8633,6.1803,34.3875,-183.2774,6748.9619,6748.9619
3227,0.53,-0.1566,+0.0218,-5.8655,5.7089,16.9304,-187.2065,7000.6963,7000.6963
3228,0.52,0.1540,+0.1459,-5.8525,6.0066,49.7828,-186.6457,7027.3174,7027.3174
3229,0.51,0.2262,+0.0644,-5.8542,6.0804,36.2405,-186.6968,6998.9111,6998.9111
3230,0.52,0.3347,-0.1036,-5.8795,6.2142,38.9166,-184.0647,6787.0391,6787.0391
3231,0.54,-0.1219,-0.3104,-5.8750,5.7531,38.6173,-184.4122,6848.8516,6848.8516
3232,0.54,0.0089,-0.2139,-5.8827,5.8916,30.6167,-184.0830,6838.8330,6838.8330
3233,0.52,0.1371,+0.0740,-5.8639,6.0010,29.3821,-186.1254,6994.0952,6994.0952
3234,0.52,0.0045,-0.0084,-5.8592,5.8637,33.1494,-183.0038,6762.8535,6762.8535
3235,0.52,-0.0785,-0.2888,-5.8544,5.7759,19.3100,-183.5663,6822.1191,6822.1191
3236,0.53,0.2214,-0.8332,-5.8635,6.0848,58.3687,-183.3585,6784.6318,6784.6318
3237,0.50,0.2094,-0.1072,-5.8422,6.0517,29.5124,-182.9525,6739.4302,6739.4302
3238,0.52,-0.0293,+0.0609,-5.8659,5.8366,42.7245,-185.4983,6929.6099,6929.6099
3239,0.53,0.9132,-0.2144,-5.8454,6.7586,169.4001,-181.9216,6682.4150,6682.4150
3240,0.52,0.3033,+0.0257,-5.8264,6.1297,37.4635,-185.2445,6870.5669,6870.5669
3241,0.52,0.4537,+0.0489,-5.8386,6.2923,42.4644,-182.7585,6693.1709,6693.1709
3242,0.51,0.4581,-0.1332,-5.8547,6.3128,59.4238,-185.3224,6891.2051,6891.2051
3243,0.51,0.2806,-0.1834,-5.8635,6.1441,55.1247,-183.3839,6713.8223,6713.8223
3244,0.52,0.2455,-0.0192,-5.8782,6.1238,35.0027,-183.6857,6770.6787,6770.6787
3245,0.51,0.1715,-0.0446,-5.8846,6.0561,35.4634,-182.5869,6690.8574,6690.8574
3246,0.53,0.2464,+0.2423,-5.8563,6.1026,56.5069,-184.4919,6840.7246,6840.7246
3247,0.52,0.1986,-0.1320,-5.8452,6.0438,37.9526,-185.7648,6918.0874,6918.0874
3248,0.53,-0.0428,-0.0228,-5.8461,5.8033,33.0619,-186.5801,6942.0928,6942.0928
3249,0.50,0.3428,-0.3839,-5.8371,6.1799,48.7472,-186.8186,6958.4731,6958.4731
3250,0.54,0.4560,+0.2288,-5.8418,6.2978,56.0951,-184.4781,6774.5288,6774.5288
3251,0.52,0.5913,-0.0595,-5.8412,6.4326,45.6198,-183.0994,6682.7568,6682.7568
3252,0.54,0.1884,+0.1893,-5.8364,6.0248,43.8453,-184.4731,6785.1504,6785.1504
3253,0.53,0.7890,+0.0329,-5.8521,6.6412,32.9416,-183.7332,6764.0625,6764.0625
3254,0.50,0.3747,-0.0784,-5.8635,6.2382,34.7370,-184.9428,6835.4746,6835.4746
3255,0.48,0.3245,-0.1020,-5.8555,6.1800,71.2849,-185.3482,6865.5332,6865.5332
3256,0.53,0.3559,+0.1322,-5.8721,6.2280,29.0602,-183.2664,6701.4590,6701.4590
3257,0.50,0.1997,-0.0299,-5.8696,6.0693,52.2584,-182.9310,6676.5791,6676.5791
3258,0.54,0.2698,+0.1815,-5.8597,6.1295,29.7303,-181.8827,6571.1250,6571.1250
3259,0.53,0.1942,+0.2524,-5.8857,6.0799,4.9878,-183.9633,6736.0659,6736.0659
3260,0.51,0.3068,+0.0071,-5.8912,6.1980,16.9797,-179.6013,6404.4297,6404.4297
3261,0.51,0.7681,+0.0743,-5.8870,6.6551,20.2476,-188.4426,7175.0391,7175.0391
3262,0.51,0.1717,+0.0376,-5.8923,6.0639,27.4540,-181.0821,6602.5791,6602.5791
3263,0.52,0.3025,+0.0450,-5.8877,6.1902,6.9926,-180.4061,6566.3564,6566.3564
3264,0.50,0.3853,-0.0811,-5.8642,6.2494,21.4239,-185.8203,6907.1274,6907.1274
3265,0.51,0.1563,-0.2041,-5.8638,6.0200,5.9251,-186.3720,6997.2871,6997.2871
3266,0.52,0.1175,+0.0641,-5.8413,5.9589,6.2736,-181.7365,6622.0352,6622.0352
3267,0.50,0.2661,+0.1796,-5.8266,6.0927,32.0518,-190.5286,7287.1479,7287.1479
3268,0.51,0.3361,+0.2637,-5.7946,6.1307,15.9849,-182.7763,6664.3281,6664.3281
3269,0.51,0.0813,-0.0610,-5.8010,5.8823,10.3849,-188.3780,7087.2036,7087.2036
3270,0.52,0.3708,+0.3048,-5.7879,6.1587,41.8835,-186.5946,6984.1230,6984.1230
3271,0.52,0.1684,+0.1898,-5.7915,5.9600,23.8814,-185.9209,6945.0664,6945.0664
3272,0.53,0.2797,-0.0491,-5.8065,6.0862,25.8210,-184.3312,6820.2085,6820.2085
3273,0.50,0.1120,+0.0155,-5.8242,5.9362,33.5240,-186.6981,7025.9673,7025.9673
3274,0.50,0.0425,-0.1135,-5.8241,5.8666,22.4186,-185.0921,6865.2427,6865.2427
3275,0.51,0.3944,+0.1633,-5.8007,6.1951,38.2024,-186.5101,6975.2842,6975.2842
3276,0.52,-0.1522,-0.2761,-5.8169,5.6647,56.9900,-185.0526,6845.8232,6845.8232
3277,0.52,0.5074,+0.1048,-5.8350,6.3424,30.7789,-179.3837,6473.6719,6473.6719
3278,0.52,0.1641,+0.0503,-5.8302,5.9943,35.7921,-181.9924,6618.6172,6618.6172
3279,0.53,0.4669,-0.2342,-5.8357,6.3026,26.9716,-182.2867,6698.1494,6698.1494
3280,0.52,0.2325,-0.3354,-5.8397,6.0722,26.4470,-182.8807,6723.2466,6723.2466
3281,0.53,0.2782,+0.1179,-5.8243,6.1025,41.5594,-189.6293,7250.5161,7250.5161
3282,0.53,0.0562,+0.0986,-5.8369,5.8931,36.1948,-187.5751,7065.5742,7065.5742
3283,0.54,0.2577,-0.0065,-5.8602,6.1179,37.4165,-188.4310,7143.7446,7143.7446
3284,0.53,0.4199,-0.6389,-5.8548,6.2747,31.5547,-183.2773,6763.3184,6763.3184
3285,0.51,0.1824,-0.2495,-5.8422,6.0246,27.4591,-184.6163,6835.2227,6835.2227
3286,0.52,0.1140,-0.2075,-5.8471,5.9612,28.7894,-187.5571,7099.2002,7099.2002
3287,0.52,0.0086,-0.2354,-5.8430,5.8516,8.9293,-187.0957,7019.4385,7019.4385
3288,0.51,0.0450,-0.3095,-5.8556,5.9006,6.4756,-185.8272,6894.3252,6894.3252
3289,0.52,0.0935,-0.0132,-5.8358,5.9293,4.7447,-183.8626,6719.1299,6719.1299
3290,0.51,0.2117,-0.0803,-5.8271,6.0388,4.1101,-186.4536,6963.3047,6963.3047
3291,0.50,0.1757,-0.0371,-5.8279,6.0037,2.7937,-180.6396,6474.9287,6474.9287
3292,0.51,0.8525,+0.1918,-5.8295,6.6819,5.9929,-202.9674,8332.4902,8332.4902
3293,0.52,0.1105,-0.1132,-5.8354,5.9460,3.3418,-179.2375,6439.7739,6439.7739
3294,0.54,0.0516,-0.0089,-5.8554,5.9070,4.5159,-192.5821,7504.2627,7504.2627
3295,0.53,0.1573,-0.0764,-5.8360,5.9932,3.1154,-179.6318,6486.5820,6486.5820
3296,0.53,0.1141,+0.3517,-5.8472,5.9612,5.7662,-196.6705,7756.4541,7756.4541
3297,0.53,0.1913,+0.2875,-5.8411,6.0324,4.4633,-179.0732,6421.1079,6421.1079
3298,0.52,0.2258,+0.3403,-5.8630,6.0888,5.8995,-200.7117,8137.5234,8137.5234
3299,0.54,0.2708,+0.0913,-5.8543,6.1251,4.5781,-174.0989,6088.4414,6088.4414
3300,0.52,0.0513,+0.0594,-5.8411,5.8924,4.8531,-200.4278,8020.3760,8020.3760
3301,0.53,0.0587,+0.0341,-5.8450,5.9037,5.1464,-173.1239,5994.8721,5994.8721
3302,0.52,-0.1858,+0.3344,-5.8551,5.6693,4.9019,-199.3571,7962.7334,7962.7334
3303,0.52,0.2446,+0.1793,-5.8382,6.0828,3.1582,-176.2620,6205.6895,6205.6895
3304,0.53,0.0477,+0.2299,-5.8611,5.9088,3.4989,-195.0100,7688.7920,7688.7920
3305,0.51,0.4368,+0.2150,-5.8694,6.3062,29.4576,-176.9708,6273.9297,6273.9297
3306,0.52,-0.4067,-0.0064,-5.8554,5.4487,4.8040,-191.3159,7338.0352,7338.0352
3307,0.52,-0.0228,-0.2191,-5.8585,5.8357,3.7314,-175.8566,6192.0518,6192.0518
3308,0.53,0.0949,-0.1041,-5.8504,5.9453,3.5722,-199.0218,7958.0439,7958.0439
3309,0.54,0.0292,-0.1852,-5.8586,5.8878,2.7513,-175.6857,6209.0596,6209.0596
3310,0.53,0.1028,+0.0133,-5.8667,5.9695,9.6847,-198.2458,7939.1353,7939.1353
3311,0.52,0.1351,-0.0224,-5.8693,6.0044,4.1420,-175.3024,6173.4419,6173.4419
3312,0.52,-0.1674,-0.1655,-5.8327,5.6653,7.2752,-198.0456,7904.6543,7904.6543
3313,0.52,-0.3917,+0.3108,-5.8475,5.4558,36.8487,-179.1449,6455.6377,6455.6377
3314,0.55,-0.2194,+0.0314,-5.8543,5.6349,3.5728,-188.0959,7159.8569,7159.8569
3315,0.51,-0.1399,+0.0221,-5.8451,5.7052,4.1399,-179.7072,6541.3096,6541.3096
3316,0.52,0.3283,+0.2029,-5.8547,6.1831,4.5189,-199.7969,8073.4668,8073.4668
3317,0.54,0.0070,-0.2785,-5.8414,5.8484,2.8718,-179.9618,6601.0430,6601.0430
3318,0.53,-0.0589,-0.0141,-5.8252,5.7663,7.3611,-198.0340,7917.1353,7917.1353
3319,0.55,-0.1531,+0.1000,-5.8109,5.6578,4.3255,-178.6499,6430.4346,6430.4346
3320,0.54,-0.0361,+0.4124,-5.8285,5.7924,8.5872,-197.0963,7881.5889,7881.5889
3321,0.53,-0.2651,-0.0097,-5.8047,5.5396,4.2641,-180.7867,6520.7285,6520.7285
3322,0.55,-0.3583,-0.0958,-5.8271,5.4688,4.2050,-191.0750,7370.9033,7370.9033
3323,0.55,-0.3500,-0.1353,-5.8118,5.4619,6.2854,-181.9342,6611.5889,6611.5889
3324,0.53,-0.3813,-0.2895,-5.8219,5.4406,4.4517,-194.9025,7558.8086,7558.8086
3325,0.53,-0.0604,-0.4377,-5.8549,5.7944,3.5014,-177.1545,6270.6963,6270.6963
3326,0.54,-0.1416,+0.1304,-5.8761,5.7345,5.1216,-195.9602,7697.5703,7697.5703
3327,0.54,0.0236,+0.1884,-5.8658,5.8894,3.0532,-172.8977,5997.4678,5997.4678
3328,0.56,-0.2515,+0.0531,-5.8654,5.6138,4.7264,-193.6254,7568.6475,7568.6475
3329,0.53,-0.2536,-0.1758,-5.8857,5.6321,4.9122,-179.3934,6506.9932,6506.9932
3330,0.54,-0.2076,+0.0878,-5.8565,5.6490,6.0722,-194.1704,7639.5596,7639.5596
3331,0.52,-0.0628,+0.1488,-5.8734,5.8106,5.2886,-172.5588,5984.1846,5984.1846
3332,0.53,-0.7506,+0.1603,-5.8766,5.1260,4.2171,-186.2592,6981.1470,6981.1470
3333,0.54,-0.3148,-0.2167,-5.8934,5.5786,4.8364,-180.0434,6543.1182,6543.1182
3334,0.52,-0.5489,+0.0949,-5.9085,5.3597,4.7045,-189.4259,7221.5962,7221.5962
3335,0.54,-0.1720,-0.0327,-5.8891,5.7170,5.0871,-176.7094,6333.5557,6333.5557
3336,0.54,-0.2493,+0.1055,-5.9053,5.6560,3.6067,-196.0393,7769.1309,7769.1309
3337,0.54,-0.0233,-0.0986,-5.9077,5.8844,3.6396,-171.4808,5910.5903,5910.5903
3338,0.53,-0.2642,+0.0143,-5.8896,5.6255,10.0850,-192.2099,7410.4375,7410.4375
3339,0.55,0.0266,+0.3903,-5.9028,5.9294,6.0359,-174.5406,6108.6245,6108.6245
3340,0.51,-0.6105,+0.0543,-5.8811,5.2706,6.7147,-194.0153,7581.7344,7581.7344
3341,0.53,-0.5846,+0.3215,-5.8702,5.2856,4.3636,-185.8362,6947.3374,6947.3374
3342,0.53,-0.6840,+0.1726,-5.8548,5.1708,3.1284,-187.0618,7015.4746,7015.4746
3343,0.54,-0.1729,+0.1295,-5.8602,5.6874,4.2910,-199.7908,8121.8369,8121.8369
3344,0.55,-0.2419,+0.0007,-5.8418,5.5999,3.7807,-179.1074,6453.1128,6453.1128
3345,0.54,-0.0325,+0.1858,-5.8511,5.8186,4.8426,-198.6040,7997.9629,7997.9629
3346,0.53,-0.5574,-0.1390,-5.8351,5.2777,14.2738,-177.7747,6334.3984,6334.3984
3347,0.55,-0.1921,-0.3276,-5.8262,5.6341,27.7248,-181.7468,6570.1431,6570.1431
3348,0.52,-0.5415,-0.1257,-5.8466,5.3052,10.5697,-184.9604,6833.0933,6833.0933
3349,0.54,-0.5034,-0.1477,-5.8289,5.3255,7.5069,-183.2451,6700.1855,6700.1855
3350,0.54,-0.4122,+0.0019,-5.8640,5.4517,3.1367,-184.5131,6853.6748,6853.6748
3351,0.53,-0.2248,-0.0402,-5.8785,5.6536,3.8816,-188.8883,7195.3149,7195.3149
3352,0.55,-0.4396,+0.0936,-5.8678,5.4282,3.1686,-187.0061,7080.2969,7080.2969
3353,0.55,-0.4186,-0.0626,-5.8501,5.4315,3.4187,-186.6902,7051.2744,7051.2744
3354,0.55,-0.3517,-0.0778,-5.8577,5.5061,5.9267,-182.0835,6660.1045,6660.1045
3355,0.54,-0.4726,+0.0214,-5.8816,5.4090,21.0231,-188.9930,7231.4365,7231.4365
3356,0.55,-0.3204,-0.1883,-5.8706,5.5501,20.1578,-184.9854,6933.5732,6933.5732
3357,0.52,-0.5599,+0.0654,-5.8789,5.3190,23.3878,-187.1207,7089.3335,7089.3335
3358,0.54,-0.4180,+0.1716,-5.8397,5.4217,20.3902,-187.8698,7124.1924,7124.1924
3359,0.55,-0.4143,+0.1467,-5.8515,5.4371,21.7387,-191.0754,7355.0044,7355.0044
3360,0.51,-0.3843,-0.0461,-5.8530,5.4687,25.0697,-186.6519,7034.9580,7034.9580
3361,0.54,-0.5624,+0.0443,-5.8810,5.3186,8.3453,-183.8951,6805.7451,6805.7451
3362,0.52,-0.5167,-0.1762,-5.8659,5.3492,8.3324,-186.3116,6959.1060,6959.1060
3363,0.52,-0.4711,+0.2117,-5.8429,5.3718,12.9453,-186.2100,6956.4434,6956.4434
3364,0.51,-0.6290,-0.0621,-5.8430,5.2140,5.1314,-189.7235,7230.6802,7230.6802
3365,0.52,-0.4253,+0.0168,-5.8270,5.4016,3.8897,-181.0795,6560.3701,6560.3701
3366,0.53,-0.0988,+0.0154,-5.8611,5.7622,6.7757,-195.3842,7734.3340,7734.3340
3367,0.53,-0.2888,+0.0275,-5.8539,5.5652,13.1386,-182.0905,6710.5659,6710.5659
3368,0.54,-0.6806,-0.0309,-5.8760,5.1954,3.7120,-188.2961,7171.7637,7171.7637
3369,0.55,-0.7673,+0.2446,-5.8749,5.1076,4.0892,-186.0373,6968.0498,6968.0498
3370,0.53,-0.5703,-0.0473,-5.8780,5.3077,5.0533,-187.7902,7179.7461,7179.7461
3371,0.56,-0.9109,-0.2039,-5.8492,4.9383,4.0703,-182.5666,6663.8691,6663.8691
3372,0.55,0.0132,+0.2500,-5.8564,5.8696,5.2002,-200.9074,8163.1436,8163.1436
3373,0.54,-0.6285,-0.1179,-5.8719,5.2434,4.1636,-177.1897,6333.5410,6333.5410
3374,0.56,-0.3570,-0.0869,-5.8830,5.5260,4.0384,-197.1369,7883.4834,7883.4834
3375,0.54,-0.1826,-0.1536,-5.9029,5.7203,2.8851,-171.5138,5950.9004,5950.9004
3376,0.54,-0.3673,-0.1517,-5.8748,5.5075,3.6248,-197.1602,7849.4976,7849.4976
3377,0.55,-0.1269,+0.3174,-5.8386,5.7116,5.0162,-172.6183,5986.1465,5986.1465
3378,0.55,-0.5708,+0.1142,-5.8782,5.3073,5.4919,-189.9646,7287.3486,7287.3486
3379,0.56,-0.2769,+0.1187,-5.8723,5.5954,2.2759,-183.6860,6868.2300,6868.2300
3380,0.55,-0.4965,-0.1102,-5.8787,5.3822,4.3453,-190.4643,7308.8662,7308.8662
3381,0.54,-0.4633,+0.0384,-5.8616,5.3983,3.2421,-182.7625,6771.2056,6771.2056
3382,0.54,-0.2530,+0.1816,-5.8590,5.6060,3.5945,-201.1074,8205.4199,8205.4199
3383,0.56,-0.3857,+0.0255,-5.8719,5.4862,2.8687,-178.0400,6442.6118,6442.6118
3384,0.54,-0.5088,-0.1820,-5.8644,5.3556,3.4655,-192.0778,7436.9170,7436.9170
3385,0.56,-0.4620,+0.1502,-5.8411,5.3791,5.9412,-184.4745,6856.1011,6856.1011
3386,0.53,-0.6240,-0.0105,-5.8420,5.2180,5.5547,-191.7029,7383.5459,7383.5459
3387,0.54,-0.4066,+0.0522,-5.8485,5.4419,4.4631,-184.7974,6922.3174,6922.3174
3388,0.54,-0.6779,+0.0480,-5.8371,5.1591,4.1481,-187.7184,7079.5615,7079.5615
3389,0.55,-0.6469,-0.0273,-5.8419,5.1950,3.8955,-191.3897,7299.6084,7299.6084
3390,0.56,-0.4165,-0.1488,-5.8551,5.4385,7.9065,-183.5427,6817.4990,6817.4990
3391,0.54,-0.6569,+0.0375,-5.8512,5.1943,6.8892,-191.8839,7455.7134,7455.7134
3392,0.54,-0.5117,-0.1498,-5.8569,5.3452,6.6667,-187.7252,7150.4399,7150.4399
3393,0.54,-0.6967,+0.0543,-5.8520,5.1553,10.6982,-191.0664,7450.1963,7450.1963
3394,0.55,-0.6537,-0.2891,-5.8947,5.2410,4.7332,-184.4028,6916.1802,6916.1802
3395,0.53,-0.5788,+0.2643,-5.8972,5.3185,5.8099,-186.7570,7034.1387,7034.1387
3396,0.55,-0.5292,+0.4336,-5.9048,5.3755,5.3245,-180.1741,6547.9336,6547.9336
3397,0.53,-0.5006,-0.1516,-5.8821,5.3815,9.1637,-191.0346,7353.5889,7353.5889
3398,0.54,-0.3630,+0.0587,-5.8894,5.5264,14.8686,-178.4385,6455.4980,6455.4980
3399,0.54,-0.7999,-0.0636,-5.8747,5.0748,6.2483,-183.5685,6803.5405,6803.5405
3400,0.54,-0.5008,+0.2716,-5.8801,5.3793,8.0034,-187.9131,7177.2412,7177.2412
3401,0.53,-0.1443,-0.0295,-5.8791,5.7348,13.4802,-180.8556,6608.5806,6608.5806
3402,0.56,-0.3987,+0.1134,-5.8844,5.4857,18.4476,-186.7031,7021.9917,7021.9917
3403,0.53,-0.4376,-0.4822,-5.8545,5.4169,6.0566,-186.3496,6959.1387,6959.1387
3404,0.54,-0.4660,+0.0870,-5.8802,5.4142,4.3301,-187.1338,6949.8125,6949.8125
3405,0.56,-0.7534,-0.0614,-5.8928,5.1394,3.5179,-185.8402,6932.4116,6932.4116
3406,0.54,-0.6729,+0.0598,-5.9049,5.2320,3.1298,-185.8119,7024.5347,7024.5347
3407,0.54,-0.3990,+0.2205,-5.8812,5.4822,18.2885,-183.5360,6727.4971,6727.4971
3408,0.55,-0.9085,+0.0707,-5.8874,4.9789,2.1519,-185.7511,6901.3926,6901.3926
3409,0.55,-0.2876,-0.0591,-5.8856,5.5980,2.5111,-174.8188,6168.8691,6168.8691
3410,0.54,-0.6953,-0.1044,-5.8804,5.1852,31.8813,-197.7447,7852.5381,7852.5381
3411,0.55,-0.9755,+0.0044,-5.8699,4.8944,3.8375,-187.0507,7037.5996,7037.5996
3412,0.54,-0.8739,+0.0032,-5.8823,5.0083,4.1088,-190.9117,7319.2578,7319.2578
3413,0.55,-0.7827,+0.0518,-5.8814,5.0987,14.2790,-185.1590,6933.6094,6933.6094
3414,0.54,-0.7784,-0.0283,-5.8899,5.1115,4.1136,-180.9203,6612.0366,6612.0366
3415,0.54,-0.3301,+0.0570,-5.8983,5.5682,16.0110,-187.1650,7049.0820,7049.0820
3416,0.54,-0.7176,-0.0423,-5.8927,5.1751,19.4450,-182.1693,6714.2778,6714.2778
3417,0.54,-0.7074,-0.0176,-5.9133,5.2059,6.4681,-185.6921,7004.7109,7004.7109
3418,0.53,-0.5916,+0.2290,-5.9160,5.3244,25.9938,-185.4376,7022.5093,7022.5093
3419,0.55,-0.8532,-0.0689,-5.8858,5.0327,7.2933,-184.2211,6899.2871,6899.2871
3420,0.56,-0.9212,-0.0486,-5.8695,4.9483,3.3133,-189.3692,7220.0938,7220.0938
3421,0.53,-0.5016,+0.1229,-5.8808,5.3792,3.7073,-185.9457,7037.8286,7037.8286
3422,0.53,-0.6228,+0.0205,-5.8816,5.2588,3.9988,-187.2598,7081.4790,7081.4790
3423,0.55,-0.7740,+0.1919,-5.8716,5.0976,4.3105,-186.5960,7085.4077,7085.4077
3424,0.54,-0.6278,+0.0636,-5.8504,5.2225,5.5708,-188.6272,7140.0215,7140.0215
3425,0.54,-0.4175,+0.3360,-5.8834,5.4658,15.1738,-186.7654,7041.2402,7041.2402
3426,0.55,-0.6369,+0.3388,-5.8719,5.2350,3.9437,-183.6484,6783.4790,6783.4790
3427,0.54,-0.0604,-0.0727,-5.8761,5.8157,6.2156,-204.7632,8435.7266,8435.7266
3428,0.56,-0.5682,-0.0954,-5.8828,5.3146,3.6715,-178.3358,6396.3770,6396.3770
3429,0.55,-0.4006,+0.1182,-5.8806,5.4800,4.7353,-197.8489,8005.8340,8005.8340
3430,0.54,-0.6731,-0.0687,-5.8877,5.2146,5.9442,-176.9849,6343.6611,6343.6611
3431,0.57,-0.6444,-0.0337,-5.8979,5.2535,3.7371,-194.3165,7693.9712,7693.9712
3432,0.56,-0.3702,-0.1891,-5.8888,5.5187,3.9636,-177.7697,6419.9131,6419.9131
3433,0.55,-0.9627,-0.1141,-5.8926,4.9299,5.9603,-193.3964,7566.7793,7566.7793
3434,0.55,-0.8509,-0.1803,-5.8991,5.0482,3.9763,-184.9552,6874.8008,6874.8008
3435,0.54,-0.6927,-0.1886,-5.9114,5.2187,5.9724,-181.5814,6635.4932,6635.4932
3436,0.56,-0.6144,+0.0067,-5.9232,5.3089,3.7017,-186.5200,6994.1855,6994.1855
3437,0.56,-0.4952,+0.1992,-5.9225,5.4272,3.6059,-175.5234,6249.8618,6249.8618
3438,0.52,-0.5030,-0.3944,-5.9265,5.4235,6.0818,-195.5915,7805.8213,7805.8213
3439,0.57,-0.7090,+0.0274,-5.9358,5.2267,4.6059,-178.7291,6501.3828,6501.3828
3440,0.56,-0.7114,-0.0980,-5.9324,5.2210,7.4515,-192.6867,7602.5625,7602.5625
3441,0.57,-0.2033,-0.2381,-5.9259,5.7226,19.8236,-182.3622,6787.0537,6787.0537
3442,0.56,-0.4780,-0.0543,-5.9158,5.4378,25.2260,-183.8549,6891.4795,6891.4795
3443,0.55,-0.7501,+0.0573,-5.9068,5.1567,21.6183,-185.8273,7033.6855,7033.6855
3444,0.56,-0.8940,-0.2024,-5.9037,5.0097,4.4128,-184.0963,6935.9482,6935.9482
3445,0.55,-0.8391,+0.1627,-5.8856,5.0465,17.3726,-190.6282,7406.4878,7406.4878
3446,0.53,-0.4823,+0.1220,-5.8936,5.4112,24.0728,-185.8120,7027.7642,7027.7642
3447,0.56,-0.6230,-0.0626,-5.8843,5.2612,40.1185,-189.2133,7303.6743,7303.6743
3448,0.52,-0.9277,-0.0848,-5.9178,4.9901,6.1261,-187.2343,7144.4331,7144.4331
3449,0.55,-0.3038,+0.1158,-5.9054,5.6017,14.4822,-184.0592,6860.7529,6860.7529
3450,0.55,-0.4671,-0.0701,-5.9148,5.4478,14.7724,-186.0682,7041.3384,7041.3384
3451,0.55,-0.7933,-0.0849,-5.9104,5.1172,12.0387,-189.2980,7316.9761,7316.9761
3452,0.55,-1.0206,-0.1444,-5.9293,4.9087,4.1011,-183.5018,6841.7344,6841.7344
3453,0.54,-0.7017,+0.1134,-5.9371,5.2354,3.5888,-184.5644,6895.4111,6895.4111
3454,0.53,-0.6564,+0.2427,-5.9289,5.2725,3.2561,-194.2600,7792.1387,7792.1387
3455,0.55,-0.5984,-0.0631,-5.9467,5.3483,2.7065,-176.8919,6426.9712,6426.9712
3456,0.54,-0.3184,+0.2188,-5.9411,5.6227,8.0729,-199.1081,8124.1875,8124.1875
3457,0.55,-0.5289,+0.0418,-5.9252,5.3964,4.4188,-177.5103,6458.6162,6458.6162
3458,0.55,-0.6341,-0.1864,-5.9298,5.2957,4.2931,-195.4385,7860.3799,7860.3799
3459,0.55,-0.5666,+0.0674,-5.9345,5.3680,2.9888,-177.6902,6410.3359,6410.3359
3460,0.55,-0.3386,+0.2491,-5.9229,5.5842,5.4394,-197.9443,7987.1279,7987.1279
3461,0.55,-0.8572,-0.0707,-5.9363,5.0791,5.8660,-176.9101,6316.7100,6316.7100
3462,0.55,-0.4294,+0.1987,-5.9530,5.5236,33.3975,-192.5044,7556.4756,7556.4756
3463,0.56,-0.7241,+0.0520,-5.9426,5.2185,13.3205,-191.2629,7432.2690,7432.2690
3464,0.55,-0.9598,-0.2418,-5.9540,4.9942,3.2328,-182.8456,6781.9131,6781.9131
3465,0.55,-0.8190,+0.1580,-5.9348,5.1158,10.1723,-186.3032,7070.7993,7070.7993
3466,0.54,-0.9159,+0.3017,-5.9240,5.0082,7.7241,-180.1124,6597.5010,6597.5010
3467,0.56,-0.7281,-0.1612,-5.9001,5.1720,8.6483,-189.8048,7283.6650,7283.6650
3468,0.54,-1.0544,+0.2635,-5.9225,4.8681,4.3144,-184.9390,6892.0098,6892.0098
3469,0.55,-0.7348,-0.0974,-5.9110,5.1762,3.2185,-184.7793,6939.2539,6939.2539
3470,0.55,-1.0130,-0.2868,-5.9113,4.8982,2.8160,-190.3366,7389.8271,7389.8271
3471,0.55,-0.7677,-0.0848,-5.9336,5.1659,3.9839,-183.6801,6863.5635,6863.5635
3472,0.54,-0.9092,-0.0277,-5.9435,5.0344,4.2267,-193.3936,7637.1602,7637.1602
3473,0.56,-0.5205,-0.1396,-5.9432,5.4227,2.8982,-180.1391,6631.8584,6631.8584
3474,0.57,-0.7690,-0.1564,-5.9421,5.1731,2.5232,-189.0331,7337.9097,7337.9097
3475,0.56,-0.7135,+0.1497,-5.9524,5.2389,6.0741,-178.2414,6537.1304,6537.1304
3476,0.56,-1.1459,-0.2659,-5.9142,4.7683,6.1448,-186.9997,7187.9253,7187.9253
3477,0.53,-0.7683,-0.2399,-5.9102,5.1420,3.8077,-181.3765,6624.4087,6624.4087
3478,0.55,-0.6827,+0.0483,-5.9529,5.2702,4.1640,-196.9380,7955.9014,7955.9014
3479,0.54,-0.7521,+0.3046,-5.9326,5.1805,3.6897,-178.8142,6555.4258,6555.4258
3480,0.56,-0.9152,-0.0298,-5.9127,4.9975,4.4962,-195.0429,7802.8223,7802.8223
3481,0.55,-0.9621,-0.0148,-5.9069,4.9448,3.2649,-182.7134,6858.5972,6858.5972
3482,0.56,-0.6630,-0.0417,-5.9232,5.2602,4.3198,-191.8540,7609.0889,7609.0889
3483,0.55,-1.0377,-0.3651,-5.9142,4.8766,6.6144,-181.0354,6718.6855,6718.6855
3484,0.57,-1.0316,+0.1104,-5.9027,4.8712,4.1983,-183.1977,6870.1045,6870.1045
3485,0.56,-0.8412,+0.1903,-5.9213,5.0801,10.2908,-186.7727,7131.6094,7131.6094
3486,0.56,-0.4048,-0.0077,-5.9277,5.5229,16.5812,-178.7278,6516.5342,6516.5342
3487,0.56,-0.6338,-0.1043,-5.9443,5.3105,21.0895,-183.8399,6896.0039,6896.0039
3488,0.54,-0.5764,+0.0355,-5.9266,5.3503,47.0289,-186.6534,7130.8970,7130.8970
3489,0.56,-0.9163,+0.0555,-5.9211,5.0049,3.7197,-188.0485,7193.0137,7193.0137
3490,0.58,-0.4987,+0.2832,-5.9126,5.4139,16.5145,-176.1883,6312.8140,6312.8140
3491,0.56,-0.5010,-0.1427,-5.9250,5.4240,67.6026,-181.2281,6751.2920,6751.2920
3492,0.56,-0.8398,-0.1594,-5.9180,5.0782,10.1042,-182.9386,6865.0591,6865.0591
3493,0.56,-0.6981,-0.2679,-5.9225,5.2245,52.6147,-183.3270,6919.7871,6919.7871
3494,0.56,-0.5792,-0.1455,-5.9306,5.3513,45.6116,-181.6386,6783.3652,6783.3652
3495,0.56,-0.6265,+0.0058,-5.9505,5.3241,30.4708,-180.8913,6705.1025,6705.1025
3496,0.55,-0.5121,+0.2290,-5.9473,5.4353,35.4827,-181.7120,6777.7715,6777.7715
3497,0.55,-0.6609,-0.1821,-5.9400,5.2792,34.9646,-181.8400,6788.0391,6788.0391
3498,0.56,-0.4967,-0.1543,-5.9414,5.4447,27.3320,-183.9318,6937.9375,6937.9375
3499,0.55,-0.4732,+0.1615,-5.9216,5.4483,53.0175,-186.3592,7121.5205,7121.5205
3500,0.56,-0.7706,+0.0268,-5.9101,5.1394,29.7874,-185.0467,7015.4087,7015.4087
3501,0.55,-0.7635,-0.0118,-5.9230,5.1595,36.4452,-185.7835,7066.8281,7066.8281
3502,0.54,-0.5775,+0.0701,-5.9212,5.3436,70.2828,-185.2546,7044.9062,7044.9062
3503,0.55,-0.5736,-0.0831,-5.9352,5.3616,56.2064,-185.6110,7058.9131,7058.9131
3504,0.54,-0.6495,-0.0810,-5.9100,5.2605,24.4676,-185.9931,7093.3984,7093.3984
3505,0.55,-0.4586,+0.2570,-5.9327,5.4741,58.9141,-186.6553,7155.8623,7155.8623
3506,0.54,-0.4344,+0.0173,-5.9238,5.4893,47.7523,-188.0904,7259.3818,7259.3818
3507,0.55,-0.5431,-0.5382,-5.9268,5.3836,28.4559,-185.1568,7048.5449,7048.5449
3508,0.54,-1.0948,+0.0759,-5.9413,4.8465,2.7183,-186.1293,7070.9937,7070.9937
3509,0.53,-0.8319,-0.1102,-5.9396,5.1077,3.5989,-180.6851,6670.0684,6670.0684
3510,0.53,-0.7160,-0.0947,-5.9426,5.2266,5.5762,-195.4049,7819.9604,7819.9604
3511,0.54,-0.9227,-0.3850,-5.9476,5.0250,3.4794,-178.7202,6481.6084,6481.6084
3512,0.59,-0.8287,+0.1478,-5.9317,5.1030,9.0245,-193.0380,7601.7739,7601.7739
3513,0.55,-0.6579,+0.0142,-5.9155,5.2576,9.7103,-182.6304,6793.7637,6793.7637
3514,0.54,-0.8288,-0.1819,-5.8941,5.0654,16.1512,-188.7400,7279.1904,7279.1904
3515,0.56,-0.7421,+0.1272,-5.8776,5.1356,14.1510,-186.1672,7075.5757,7075.5757
3516,0.56,-0.9737,+0.0045,-5.8922,4.9185,12.0985,-187.2400,7134.6797,7134.6797
3517,0.57,-0.7298,+0.1092,-5.8966,5.1668,4.2921,-186.1093,7038.2539,7038.2539
3518,0.54,-0.7219,+0.0612,-5.8924,5.1705,3.6331,-196.7599,7914.5449,7914.5449
3519,0.55,-0.4281,-0.0045,-5.9153,5.4872,4.0035,-176.4789,6339.6104,6339.6104
3520,0.55,-0.8611,-0.1598,-5.9059,5.0448,4.1543,-196.8965,7896.2930,7896.2930
3521,0.56,-0.9008,-0.0122,-5.9156,5.0148,3.8498,-183.0624,6849.5786,6849.5786
3522,0.58,-0.7831,+0.2439,-5.9434,5.1603,4.0385,-193.9001,7690.0425,7690.0425
3523,0.55,-0.4524,+0.0569,-5.9446,5.4921,3.4673,-176.2788,6328.3271,6328.3271
3524,0.55,-0.5270,+0.1077,-5.9369,5.4099,9.9395,-189.8678,7387.3096,7387.3096
3525,0.55,-1.1144,+0.1374,-5.9442,4.8299,5.9207,-180.3395,6645.3623,6645.3623
3526,0.56,-0.5212,-0.0457,-5.9209,5.3997,11.7640,-188.0482,7294.9395,7294.9395
3527,0.55,-0.8260,-0.1478,-5.9058,5.0798,6.1593,-180.7209,6721.1777,6721.1777
3528,0.55,-0.7378,-0.1127,-5.9115,5.1737,5.7699,-189.8659,7452.6401,7452.6401
3529,0.55,-0.9010,+0.2573,-5.9074,5.0064,5.3274,-181.6786,6803.5137,6803.5137
3530,0.55,-0.8733,+0.1330,-5.9270,5.0537,4.7452,-184.0284,6911.7607,6911.7607
3531,0.55,-0.9687,-0.1009,-5.9127,4.9440,3.8094,-189.4401,7325.0674,7325.0674
3532,0.56,-0.6378,+0.0321,-5.9326,5.2948,4.0847,-189.3185,7444.0576,7444.0576
3533,0.54,-0.6927,+0.2066,-5.9419,5.2492,5.0402,-183.4754,6951.7988,6951.7988
3534,0.55,-1.3030,+0.1195,-5.9452,4.6422,7.9829,-188.8722,7288.1895,7288.1895
3535,0.55,-0.2438,-0.2017,-5.9443,5.7004,24.2297,-178.1971,6515.9092,6515.9092
3536,0.54,-0.4957,+0.0247,-5.9251,5.4295,27.6949,-180.3364,6627.5635,6627.5635
3537,0.56,-0.4916,-0.0698,-5.9294,5.4378,9.9133,-182.1410,6763.2217,6763.2217
3538,0.53,-0.7999,-0.1903,-5.9074,5.1075,5.7194,-191.5458,7501.2207,7501.2207
3539,0.55,-0.6095,-0.2333,-5.9241,5.3146,7.7795,-185.0313,7040.7744,7040.7744
3540,0.54,-0.2921,+0.1518,-5.9199,5.6277,15.0989,-181.2203,6714.4351,6714.4351
3541,0.53,-0.5358,+0.0868,-5.9192,5.3834,17.5381,-187.8154,7264.4297,7264.4297
3542,0.54,-0.7575,-0.1329,-5.9309,5.1734,3.7259,-182.6000,6828.4814,6828.4814
3543,0.54,-0.5044,+0.0442,-5.9454,5.4410,6.2506,-189.0615,7401.5723,7401.5723
3544,0.55,-0.6425,-0.1208,-5.9237,5.2812,4.5527,-179.0300,6573.2002,6573.2002
3545,0.53,-0.3834,-0.0455,-5.9209,5.5375,10.2292,-189.7252,7473.9268,7473.9268
3546,0.54,-0.5092,-0.1466,-5.9261,5.4169,25.8280,-181.5498,6811.9395,6811.9395
3547,0.54,-0.8248,+0.0949,-5.9370,5.1122,9.3498,-184.9676,7024.7261,7024.7261
3548,0.55,-0.6779,+0.0881,-5.9430,5.2651,14.2629,-186.6685,7231.7329,7231.7329
3549,0.55,-0.5339,-0.1621,-5.9235,5.3896,34.0616,-183.1257,6944.1895,6944.1895
3550,0.53,-0.7315,+0.2556,-5.9181,5.1866,25.6329,-185.0801,7072.4814,7072.4814
3551,0.54,-0.4698,-0.0042,-5.9295,5.4598,41.7431,-184.4183,7036.7544,7036.7544
3552,0.54,-0.8581,-0.0203,-5.9371,5.0790,32.8374,-184.9758,7047.3960,7047.3960
3553,0.57,-0.5971,-0.1761,-5.9258,5.3288,32.5380,-183.4308,6906.5220,6906.5220
3554,0.54,-0.7833,-0.0714,-5.9067,5.1234,45.0310,-184.5360,6967.2803,6967.2803
3555,0.55,-0.2294,+0.0514,-5.9191,5.6896,40.8546,-184.4413,6994.6543,6994.6543
3556,0.54,-0.2500,-0.3560,-5.9369,5.6868,45.4818,-185.5497,7132.6211,7132.6211
3557,0.56,-0.2782,+0.1373,-5.9359,5.6576,81.9469,-185.8039,7134.9375,7134.9375
3558,0.55,-0.5448,+0.6314,-5.9283,5.3835,34.5254,-186.0843,7130.6816,7130.6816
3559,0.55,-0.5404,+0.2145,-5.9341,5.3936,35.3337,-189.0834,7364.3428,7364.3428
3560,0.55,-0.6928,+0.2106,-5.9482,5.2554,15.4316,-188.3859,7269.0156,7269.0156
3561,0.53,-0.6700,+0.1677,-5.9590,5.2890,8.6901,-185.5960,7106.6870,7106.6870
3562,0.54,-0.3704,+0.2009,-5.9959,5.6255,16.1248,-187.1034,7304.9072,7304.9072
3563,0.54,-0.3730,+0.2795,-5.9725,5.5995,12.6463,-185.1730,7120.8057,7120.8057
3564,0.55,-0.5866,+0.1709,-5.9691,5.3824,6.4095,-180.8281,6745.9443,6745.9443
3565,0.56,-0.4832,+0.0826,-5.9532,5.4700,8.8466,-189.3277,7419.8413,7419.8413
3566,0.53,-0.3550,+0.2012,-5.9477,5.5926,20.7099,-181.6055,6764.9453,6764.9453
3567,0.52,-0.6942,+0.0751,-5.9334,5.2393,12.4556,-184.3364,6963.7886,6963.7886
3568,0.55,-0.5733,-0.2404,-5.9146,5.3413,11.9202,-185.5608,7035.3252,7035.3252
3569,0.54,-0.2416,+0.3829,-5.9098,5.6682,33.4871,-188.4163,7324.9648,7324.9648
3570,0.53,-0.6345,+0.0147,-5.8891,5.2546,10.5966,-188.2684,7268.5962,7268.5962
3571,0.53,-0.4379,+0.0470,-5.9098,5.4720,10.8416,-185.0827,7072.5449,7072.5449
3572,0.53,-0.7393,-0.2955,-5.9223,5.1831,4.6779,-191.4345,7527.3081,7527.3081
3573,0.54,-0.3554,-0.2070,-5.9234,5.5680,11.6632,-183.4289,6923.5381,6923.5381
3574,0.55,-0.8597,-0.0754,-5.9273,5.0676,8.2753,-186.1509,7082.3467,7082.3467
3575,0.51,-0.5769,-0.1788,-5.9169,5.3400,17.4976,-186.4180,7132.7607,7132.7607
3576,0.53,-0.0936,-0.5308,-5.9130,5.8194,57.2935,-190.6842,7481.7227,7481.7227
3577,0.54,-0.4183,+0.4051,-5.9270,5.5086,23.8551,-187.7010,7195.1025,7195.1025
3578,0.55,-0.4267,+0.1631,-5.9377,5.5110,49.2893,-187.6666,7198.8188,7198.8188
3579,0.54,-0.5610,+0.0386,-5.9110,5.3500,30.8071,-187.8875,7226.0479,7226.0479
3580,0.54,-0.4936,+0.2400,-5.9333,5.4397,25.1420,-184.7579,7000.0562,7000.0562
3581,0.56,-0.6710,+0.0489,-5.8925,5.2215,12.4063,-188.3170,7228.7158,7228.7158
3582,0.53,-0.9010,+0.3038,-5.8918,4.9908,7.3313,-190.6371,7396.4951,7396.4951
3583,0.55,-0.4528,+0.2238,-5.8973,5.4446,17.7636,-185.3153,7009.3906,7009.3906
3584,0.54,-0.7459,+0.3777,-5.8762,5.1303,41.2090,-190.1470,7351.4790,7351.4790
3585,0.55,-0.4071,-0.0085,-5.8910,5.4838,30.0116,-190.4615,7429.2661,7429.2661
3586,0.54,-0.5688,+0.2793,-5.8952,5.3264,15.4927,-188.5358,7284.5771,7284.5771
3587,0.54,-0.2351,+0.0647,-5.8901,5.6550,32.5785,-190.1966,7418.5225,7418.5225
3588,0.54,-0.4934,-0.0869,-5.8725,5.3791,37.5524,-189.2643,7365.3135,7365.3135
3589,0.53,-0.4657,+0.1155,-5.8686,5.4029,34.7980,-187.1998,7189.1514,7189.1514
3590,0.53,-0.3649,-0.1204,-5.8823,5.5174,42.7458,-188.3585,7253.8130,7253.8130
3591,0.55,-0.7646,-0.1738,-5.8820,5.1174,14.0201,-187.8482,7191.1787,7191.1787
3592,0.53,-0.7319,+0.2739,-5.8997,5.1678,16.8849,-189.5627,7374.7139,7374.7139
3593,0.54,-0.3033,+0.0205,-5.8836,5.5803,28.4712,-188.6509,7345.7773,7345.7773
3594,0.54,-0.7055,-0.2127,-5.9226,5.2170,25.9098,-186.8347,7200.4434,7200.4434
3595,0.55,-0.7364,-0.1686,-5.9311,5.1947,33.1403,-187.1951,7231.2466,7231.2466
3596,0.54,-0.5098,+0.1788,-5.9376,5.4278,39.6260,-186.5666,7217.8198,7217.8198
3597,0.54,-0.6752,-0.2468,-5.9261,5.2509,24.8074,-185.9435,7138.0020,7138.0020
3598,0.53,0.0311,+0.1798,-5.9087,5.9398,36.0151,-184.7303,7064.4971,7064.4971
3599,0.53,-0.4126,-0.4295,-5.9095,5.4968,25.5580,-181.4518,6816.9819,6816.9819
3600,0.55,-0.5103,+0.0656,-5.9403,5.4301,22.7995,-184.4147,7067.2949,7067.2949
3601,0.55,-0.3434,-0.0839,-5.9096,5.5662,23.3010,-185.3443,7112.7349,7112.7349
3602,0.53,-0.7207,-0.0406,-5.9128,5.1921,38.5241,-185.7356,7113.8643,7113.8643
3603,0.53,-0.5986,+0.3247,-5.8986,5.2999,14.7034,-189.4676,7364.4932,7364.4932
3604,0.56,-0.2575,-0.0592,-5.8995,5.6419,49.9590,-187.6268,7293.4399,7293.4399
3605,0.55,-0.3564,-0.2561,-5.9141,5.5577,29.2592,-187.3822,7230.2939,7230.2939
3606,0.54,-0.5824,-0.1325,-5.8992,5.3168,12.8648,-183.9482,6971.2354,6971.2354
3607,0.56,-0.6725,+0.0338,-5.9242,5.2518,21.9331,-189.3625,7340.0312,7340.0312
3608,0.53,-0.3277,-0.1453,-5.9148,5.5871,15.0290,-187.4578,7146.7007,7146.7007
3609,0.53,0.1552,+0.2980,-5.9092,6.0645,111.5415,-186.3404,7106.4902,7106.4902
3610,0.54,-0.5807,-0.1392,-5.9245,5.3438,8.0021,-186.2115,7060.8184,7060.8184
3611,0.55,-0.6297,-0.2087,-5.9344,5.3047,8.0471,-184.7246,7002.2104,7002.2104
3612,0.54,-0.5612,+0.0120,-5.9407,5.3795,14.9691,-185.3647,7045.3340,7045.3340
3613,0.55,-0.9233,-0.2757,-5.9309,5.0077,13.2008,-184.3971,6991.6455,6991.6455
3614,0.55,-0.6260,+0.1309,-5.9118,5.2858,12.1308,-185.0570,7017.7476,7017.7476
3615,0.54,0.0398,-0.1408,-5.9137,5.9534,22.4277,-187.1210,7226.0215,7226.0215
3616,0.53,-0.2814,-0.0190,-5.9068,5.6254,17.1480,-186.4490,7145.6904,7145.6904
3617,0.53,0.2475,-0.3596,-5.8938,6.1412,62.7100,-185.4137,7109.9180,7109.9180
3618,0.51,-0.2487,-0.0367,-5.8868,5.6381,37.5809,-185.7997,7088.2939,7088.2939
3619,0.53,-0.4312,+0.2448,-5.9117,5.4805,26.3697,-185.0202,7049.5552,7049.5552
3620,0.53,-0.2399,+0.0791,-5.9073,5.6673,42.4830,-185.8622,7078.6279,7078.6279
3621,0.54,-0.1464,+0.0294,-5.9019,5.7555,43.4252,-185.5570,7063.0762,7063.0762
3622,0.52,-0.0520,-0.2644,-5.9004,5.8484,63.9213,-185.3501,7067.3257,7067.3257
3623,0.53,-0.2087,-0.1408,-5.9181,5.7093,42.0835,-184.9782,7029.9165,7029.9165
3624,0.52,-0.1541,-0.3097,-5.9265,5.7724,60.7424,-185.9958,7115.5146,7115.5146
3625,0.52,-0.4137,+0.1808,-5.9307,5.5170,26.1879,-185.2245,7057.6719,7057.6719
3626,0.54,-0.1884,-0.0980,-5.9436,5.7552,27.7499,-183.0722,6912.6895,6912.6895
3627,0.53,0.0353,-0.1707,-5.9440,5.9792,25.2959,-180.9702,6786.2979,6786.2979
3628,0.54,-0.3206,+0.0857,-5.9313,5.6107,50.9101,-184.6124,7047.0376,7047.0376
3629,0.52,-0.2872,-0.0230,-5.9182,5.6310,36.0131,-185.5905,7100.9922,7100.9922
3630,0.53,-0.3352,-0.0862,-5.9322,5.5971,52.1280,-185.4540,7078.0713,7078.0713
3631,0.52,-0.2600,+0.1266,-5.9355,5.6756,36.2516,-185.4312,7088.9399,7088.9399
3632,0.54,-0.2560,-0.0738,-5.9402,5.6842,42.7059,-185.0387,7069.2544,7069.2544
3633,0.54,-0.2235,+0.1445,-5.9322,5.7087,32.0335,-183.9960,6985.6406,6985.6406
3634,0.54,-0.1651,+0.2042,-5.9502,5.7851,30.6433,-186.2583,7183.2578,7183.2578
3635,0.53,-0.3109,+0.2307,-5.9375,5.6266,36.8352,-183.9592,7007.6533,7007.6533
3636,0.52,-0.3330,-0.2646,-5.9244,5.5915,39.4645,-184.6368,6999.9404,6999.9404
3637,0.53,-0.5852,-0.2087,-5.9345,5.3494,85.2456,-183.2334,6893.9014,6893.9014
3638,0.52,-0.0786,+0.5374,-5.9352,5.8565,64.9223,-183.0327,6901.6895,6901.6895
3639,0.54,-0.2292,+0.0826,-5.9318,5.7026,28.5375,-182.5156,6857.3877,6857.3877
3640,0.54,-0.4323,+0.2236,-5.9307,5.4984,16.9265,-185.6833,7068.0142,7068.0142
3641,0.53,-0.7573,+0.0669,-5.9040,5.1467,14.6691,-187.0172,7157.6265,7157.6265
3642,0.54,-0.2180,+0.1701,-5.8798,5.6618,61.1936,-189.7462,7405.8301,7405.8301
3643,0.53,-0.6714,+0.1101,-5.8604,5.1890,15.2120,-188.9478,7305.9170,7305.9170
3644,0.53,-0.2655,+0.0378,-5.8595,5.5940,23.6053,-194.1001,7766.9102,7766.9102
3645,0.54,-0.2703,+0.0007,-5.8651,5.5948,48.5844,-191.1697,7517.6992,7517.6992
3646,0.53,-0.3495,-0.2415,-5.8737,5.5241,17.7023,-190.1140,7417.0986,7417.0986
3647,0.54,-0.0395,-0.3684,-5.8670,5.8275,63.8351,-187.4464,7195.9819,7195.9819
3648,0.53,0.0066,+0.1889,-5.8685,5.8750,66.3414,-188.4997,7309.1572,7309.1572
3649,0.54,-0.5362,+0.1545,-5.8836,5.3474,8.9555,-189.2508,7356.3857,7356.3857
3650,0.54,-0.2887,+0.1810,-5.8677,5.5790,15.4437,-190.3423,7440.7725,7440.7725
3651,0.53,-0.2847,-0.0516,-5.8716,5.5869,58.3087,-189.6183,7366.7314,7366.7314
3652,0.52,-0.4869,+0.1077,-5.8719,5.3850,16.2871,-188.8271,7296.0664,7296.0664
3653,0.55,-0.5389,+0.0211,-5.8674,5.3284,35.1982,-189.9205,7371.4180,7371.4180
3654,0.54,-0.0330,+0.1648,-5.8847,5.8517,69.1817,-186.5594,7155.1953,7155.1953
3655,0.54,-0.0401,+0.0307,-5.8867,5.8467,56.6075,-185.4986,7057.9385,7057.9385
3656,0.51,-0.4844,-0.0285,-5.9103,5.4259,31.0029,-185.2868,7053.6670,7053.6670
3657,0.51,-0.3406,+0.1066,-5.9090,5.5684,26.6819,-187.6739,7254.8506,7254.8506
3658,0.56,-0.6131,-0.1331,-5.9078,5.2947,26.5175,-186.9963,7169.8921,7169.8921
3659,0.54,-0.1127,-0.1567,-5.9318,5.8191,85.1038,-185.3667,7062.3828,7062.3828
3660,0.53,-0.4535,+0.0543,-5.9299,5.4763,20.5127,-184.3892,6971.4712,6971.4712
3661,0.53,-0.7580,+0.0201,-5.9536,5.1955,13.4122,-186.7657,7175.0752,7175.0752
3662,0.53,-0.3231,-0.1381,-5.9434,5.6202,34.1407,-187.2542,7229.8247,7229.8247
3663,0.54,-0.6014,+0.0911,-5.9339,5.3325,27.5652,-187.0743,7164.4688,7164.4688
3664,0.53,-0.4191,-0.2549,-5.9376,5.5185,36.2715,-186.3096,7123.7373,7123.7373
3665,0.53,-0.6108,+0.2377,-5.9431,5.3323,24.8737,-184.9653,6993.3350,6993.3350
3666,0.55,-0.3832,+0.0636,-5.9333,5.5501,31.0212,-186.5914,7132.1621,7132.1621
3667,0.53,-0.1625,-0.0278,-5.9267,5.7642,28.7632,-186.9167,7165.0161,7165.0161
3668,0.51,-0.1019,+0.0837,-5.9233,5.8214,46.0911,-185.4543,7042.5889,7042.5889
3669,0.53,-0.2266,+0.0689,-5.9268,5.7002,31.5881,-185.3668,7036.2134,7036.2134
3670,0.53,0.2375,+0.0044,-5.9052,6.1428,69.3395,-186.0398,7119.8555,7119.8555
3671,0.53,0.5220,-0.1143,-5.9056,6.4276,93.3780,-186.6180,7209.0488,7209.0488
3672,0.52,0.2480,-0.4209,-5.9349,6.1829,102.1724,-184.7747,7042.3477,7042.3477
3673,0.54,0.3665,-0.0148,-5.9259,6.2925,88.2074,-183.6396,6998.2314,6998.2314
3674,0.54,-0.1418,+1.1127,-5.9238,5.7820,58.5216,-182.5042,6886.9316,6886.9316
3675,0.53,0.0231,+0.1979,-5.9161,5.9392,57.1162,-185.7782,7130.4678,7130.4678
3676,0.53,0.2379,+0.3007,-5.9035,6.1414,123.2308,-186.0205,7163.1714,7163.1714
3677,0.53,0.2106,+0.0263,-5.8931,6.1037,62.2905,-186.1671,7147.0884,7147.0884
3678,0.54,-0.1830,+0.1859,-5.8937,5.7106,75.9548,-185.5922,7089.2476,7089.2476
3679,0.54,0.2373,-0.0149,-5.8893,6.1266,99.0877,-186.4238,7136.1514,7136.1514
3680,0.53,-0.0061,+0.1212,-5.8748,5.8687,64.6405,-187.0257,7164.2915,7164.2915
3681,0.54,0.0515,+0.0020,-5.8757,5.9273,58.8270,-185.9866,7088.5015,7088.5015
3682,0.53,0.3066,-0.2319,-5.8820,6.1886,128.6301,-184.6281,7021.7158,7021.7158
3683,0.53,0.3021,+0.0620,-5.8908,6.1930,85.2649,-184.5251,6984.6157,6984.6157
3684,0.54,-0.4433,-0.1378,-5.9079,5.4646,41.0570,-184.9491,6972.3779,6972.3779
3685,0.54,-0.0290,+0.0409,-5.8923,5.8632,56.6765,-186.0316,7106.0625,7106.0625
3686,0.52,0.1248,-0.0115,-5.9042,6.0291,75.0982,-185.2516,7058.9756,7058.9756
3687,0.54,0.0955,+0.0499,-5.9311,6.0266,42.7075,-184.7059,7030.4263,7030.4263
3688,0.53,-0.0810,+0.1850,-5.9503,5.8693,66.4304,-183.5202,6936.7793,6936.7793
3689,0.55,0.1447,+0.0923,-5.9000,6.0447,77.3057,-185.7305,7108.3247,7108.3247
3690,0.53,0.4981,-0.3203,-5.9041,6.4022,101.8994,-185.6171,7078.6768,7078.6768
3691,0.55,0.1006,+0.0695,-5.9074,6.0079,103.5987,-184.4491,6978.8242,6978.8242
3692,0.54,0.0770,+0.1340,-5.8990,5.9761,65.3618,-184.9238,6992.3848,6992.3848
3693,0.54,-0.1001,-0.1760,-5.9198,5.8197,39.2617,-184.9792,6999.2598,6999.2598
3694,0.53,0.2088,-0.1992,-5.9370,6.1458,79.3912,-184.3998,6994.1587,6994.1587
3695,0.54,0.0929,+0.1592,-5.9389,6.0318,49.9131,-183.4938,6937.1895,6937.1895
3696,0.54,0.0462,-0.0117,-5.9472,5.9934,71.1482,-183.0120,6885.3296,6885.3296
3697,0.54,0.1129,+0.2976,-5.9314,6.0443,56.5190,-183.7479,6928.7852,6928.7852
3698,0.53,0.1186,-0.3362,-5.9428,6.0614,65.7339,-182.6207,6853.8965,6853.8965
3699,0.53,0.0811,-0.0301,-5.9198,6.0009,88.2267,-183.6761,6912.5620,6912.5620
3700,0.55,-0.3301,-0.1774,-5.9133,5.5832,54.5221,-182.8545,6820.2783,6820.2783
3701,0.53,0.5299,-0.1627,-5.8926,6.4224,77.6121,-183.6547,6907.5933,6907.5933
3702,0.52,0.3397,-0.1642,-5.9023,6.2420,73.0196,-184.6445,6978.0449,6978.0449
3703,0.54,0.8837,+0.1442,-5.9086,6.7923,231.7292,-184.9776,7030.5137,7030.5137
3704,0.54,0.0878,-0.1761,-5.9024,5.9902,59.7235,-185.2457,7013.0625,7013.0625
3705,0.53,0.0640,-0.0103,-5.9024,5.9664,74.4006,-184.1532,6944.0415,6944.0415
3706,0.53,0.4693,-0.1233,-5.9063,6.3755,128.1848,-184.1489,6949.9214,6949.9214
3707,0.54,0.3925,+0.0975,-5.8803,6.2728,65.4828,-185.0607,7023.9902,7023.9902
3708,0.53,0.5574,-0.0017,-5.8875,6.4449,105.5805,-186.3016,7119.5557,7119.5557
3709,0.52,0.4241,-0.0392,-5.8655,6.2896,91.0287,-186.0190,7112.1089,7112.1089
3710,0.53,1.0317,-0.4894,-5.8661,6.8978,310.1435,-186.0930,7159.2412,7159.2412
3711,0.52,0.2687,-0.1408,-5.9114,6.1802,96.4881,-184.2924,7002.4844,7002.4844
3712,0.54,0.2761,+0.1237,-5.9339,6.2099,81.6559,-182.9281,6918.2441,6918.2441
3713,0.53,0.2404,-0.1364,-5.9231,6.1635,48.4515,-183.3389,6908.1768,6908.1768
3714,0.53,0.2506,+0.0694,-5.9304,6.1810,72.7309,-183.6178,6927.6143,6927.6143
3715,0.53,-0.0443,+0.2320,-5.9328,5.8885,81.4732,-184.3747,6987.6982,6987.6982
3716,0.54,0.1517,-0.3085,-5.9305,6.0822,95.0923,-183.5009,6931.9775,6931.9775
3717,0.53,0.2707,-0.1883,-5.9166,6.1872,86.1777,-184.4562,6980.8296,6980.8296
3718,0.53,0.4764,+0.0369,-5.9224,6.3989,106.7040,-185.1067,7053.0229,7053.0229
3719,0.54,0.5078,-0.0021,-5.9024,6.4102,70.6655,-185.1142,7039.1865,7039.1865
3720,0.53,0.4808,-0.2470,-5.9163,6.3972,104.5211,-185.7248,7091.8213,7091.8213
3721,0.53,0.1657,+0.3316,-5.9014,6.0671,58.3866,-185.2052,7037.4102,7037.4102
3722,0.53,0.3625,-0.3061,-5.9178,6.2803,276.6919,-183.8168,6971.3936,6971.3936
3723,0.53,0.2872,-0.0872,-5.9198,6.2070,96.3390,-183.2689,6933.1787,6933.1787
3724,0.54,-0.1775,-0.0387,-5.9056,5.7281,31.1655,-185.6612,7039.5830,7039.5830
3725,0.52,0.4042,+0.1246,-5.9258,6.3300,453.0130,-185.5731,7069.5098,7069.5098
3726,0.51,-0.7728,-0.1408,-5.9106,5.1378,21.9961,-186.3584,7070.6279,7070.6279
3727,0.54,-0.2588,-0.0879,-5.8882,5.6294,38.1099,-188.9407,7291.2275,7291.2275
3728,0.52,-1.3448,+0.0125,-5.8853,4.5405,103.5960,-187.6875,7118.6084,7118.6084
3729,0.52,-0.1261,-0.2014,-5.8839,5.7578,57.0911,-186.7122,7099.6587,7099.6587
3730,0.53,-0.0920,+0.0168,-5.8885,5.7965,41.8204,-187.8835,7207.3481,7207.3481
3731,0.54,0.1658,-0.3211,-5.8839,6.0497,40.1992,-188.5585,7267.6475,7267.6475
3732,0.53,-0.2372,-0.0534,-5.8689,5.6317,45.3225,-188.5544,7213.7705,7213.7705
3733,0.53,1.7779,+6.1053,-5.8582,7.6362,1510.5707,-189.1174,7342.0713,7342.0713
3734,0.51,-0.2886,+0.0133,-5.8810,5.5924,19.7597,-188.1451,7216.9277,7216.9277
3735,0.52,0.0806,+5.3945,-5.8846,5.9652,185.3452,-186.3505,7094.4736,7094.4736
3736,0.55,-0.3696,+0.1831,-5.8811,5.5115,64.3374,-187.3346,7150.9175,7150.9175
3737,0.53,-0.3831,-0.1100,-5.9078,5.5247,36.3596,-184.3495,6919.6372,6919.6372
3738,0.52,-0.0955,+0.2383,-5.8976,5.8021,122.7766,-186.5326,7081.8716,7081.8716
3739,0.53,-0.0957,-0.1241,-5.8844,5.7888,37.5424,-185.5642,7013.3999,7013.3999
3740,0.54,-0.2771,-0.1597,-5.8850,5.6080,36.8434,-184.2787,6902.2969,6902.2969
3741,0.54,-0.2569,+0.1156,-5.8819,5.6250,32.2331,-187.8425,7171.3901,7171.3901
3742,0.54,-0.1536,-0.1592,-5.8854,5.7318,75.4604,-187.2729,7138.1729,7138.1729
3743,0.53,-0.4884,-0.3593,-5.9039,5.4154,9.6985,-187.1714,7099.8711,7099.8711
3744,0.55,-0.7027,+0.2066,-5.9152,5.2125,9.1958,-185.5970,6928.5195,6928.5195
3745,0.54,-0.6381,-0.0378,-5.9123,5.2743,3.1010,-187.1980,7100.5547,7100.5547
3746,0.54,-0.3895,+0.1547,-5.9270,5.5375,3.8707,-190.6513,7433.8867,7433.8867
3747,0.54,-0.4518,-0.0910,-5.9354,5.4836,4.3655,-178.7034,6543.1650,6543.1650
3748,0.54,-0.4177,+0.0729,-5.8956,5.4778,4.0823,-197.3696,7944.9121,7944.9121
3749,0.53,0.2105,-0.0514,-5.8767,6.0872,2.6560,-174.4295,6254.9644,6254.9644
3750,0.51,-0.2443,-0.0337,-5.8702,5.6260,2.8930,-198.4465,8039.5127,8039.5127
3751,0.53,-0.2026,-0.0935,-5.8861,5.6835,2.7512,-178.3302,6446.6807,6446.6807
3752,0.53,-0.4700,-0.3631,-5.8810,5.4110,2.8641,-196.2306,7870.3848,7870.3848
3753,0.53,-0.2967,-0.1682,-5.8984,5.6017,4.6501,-180.9019,6700.9971,6700.9971
3754,0.53,-0.1021,+0.0600,-5.8973,5.7952,10.0293,-196.5422,7940.8984,7940.8984
3755,0.54,-0.5160,+0.1001,-5.8851,5.3691,4.7586,-180.3973,6666.4507,6666.4507
3756,0.54,-0.4753,+0.1281,-5.8868,5.4114,5.6016,-199.1387,8111.9517,8111.9517
3757,0.53,-0.2714,-0.0723,-5.8701,5.5987,4.7228,-180.6447,6647.6328,6647.6328
3758,0.53,-0.9529,+0.0171,-5.8946,4.9416,13.8368,-191.3056,7422.1836,7422.1836
3759,0.54,-0.6290,-0.1200,-5.8837,5.2547,7.3383,-188.1914,7250.1333,7250.1333
3760,0.53,-0.1883,+0.4747,-5.8767,5.6884,23.8167,-186.6021,7052.5586,7052.5586
3761,0.53,-0.3873,+0.0178,-5.8996,5.5123,5.4721,-181.2671,6634.2378,6634.2378
3762,0.53,-0.3406,+0.0132,-5.8951,5.5545,4.3913,-190.3513,7374.0039,7374.0039
3763,0.53,-0.4213,-0.0610,-5.8699,5.4487,19.8777,-192.7085,7536.7305,7536.7305
3764,0.54,-0.3256,+0.0408,-5.8659,5.5403,36.2054,-186.1325,7055.5029,7055.5029
3765,0.54,-0.2667,+0.0226,-5.8915,5.6248,29.3713,-186.7089,7128.3091,7128.3091
3766,0.53,-0.6924,+0.0696,-5.8973,5.2049,4.7801,-189.6214,7328.9229,7328.9229
3767,0.52,0.0672,+0.1762,-5.9055,5.9727,33.0852,-188.7736,7327.6025,7327.6025
3768,0.52,-0.3438,+0.0487,-5.8884,5.5446,13.0356,-187.6376,7225.2598,7225.2598
3769,0.53,-0.2445,-0.1933,-5.8804,5.6359,12.7942,-189.1152,7337.8374,7337.8374
3770,0.55,-0.0506,+0.3909,-5.8935,5.8428,37.2890,-190.3316,7460.8838,7460.8838
3771,0.53,-0.1891,-0.1869,-5.9036,5.7146,37.7469,-188.8734,7315.5801,7315.5801
3772,0.53,0.0397,+0.0235,-5.8897,5.9295,32.7154,-189.7430,7384.3672,7384.3672
3773,0.53,0.6762,+0.1939,-5.8801,6.5563,201.2773,-189.3544,7403.8721,7403.8721
3774,0.53,0.1305,+0.0474,-5.8819,6.0124,54.7002,-190.4016,7469.3877,7469.3877
3775,0.53,0.0251,-0.2750,-5.8780,5.9031,53.0667,-186.9680,7209.6592,7209.6592
3776,0.52,-0.0783,-0.2268,-5.8762,5.7980,42.6152,-188.5507,7278.8760,7278.8760
3777,0.52,0.1735,+0.0161,-5.9027,6.0762,64.2103,-186.7513,7143.5625,7143.5625
3778,0.53,0.1718,+0.2400,-5.9003,6.0721,97.9158,-183.5413,6934.0264,6934.0264
3779,0.54,0.5643,-0.1160,-5.8831,6.4474,164.0957,-184.2057,7014.6753,7014.6753
3780,0.55,0.3049,+0.1168,-5.8562,6.1610,100.5369,-186.3070,7159.6313,7159.6313
3781,0.53,0.0411,-0.0176,-5.8766,5.9177,67.8546,-186.0653,7101.1016,7101.1016
3782,0.54,0.2511,+0.1333,-5.8664,6.1175,146.0479,-186.1536,7129.2500,7129.2500
3783,0.55,0.1874,+0.7244,-5.8789,6.0662,72.5753,-185.2228,7055.3359,7055.3359
3784,0.56,0.3681,+0.1907,-5.8989,6.2670,82.8191,-184.7587,7035.0469,7035.0469
3785,0.51,0.3947,-0.0279,-5.8866,6.2812,106.6091,-185.1362,7049.4233,7049.4233
3786,0.53,0.1265,+0.1720,-5.8786,6.0052,59.5030,-185.9167,7110.8315,7110.8315
3787,0.54,0.9551,-0.0687,-5.8977,6.8528,352.0880,-186.7390,7214.3716,7214.3716
3788,0.53,-0.4177,+0.2670,-5.8991,5.4814,40.0924,-186.8777,7184.5635,7184.5635
3789,0.51,-0.0798,-0.1151,-5.8985,5.8188,52.9405,-187.5664,7240.0449,7240.0449
3790,0.54,-0.2168,-0.1351,-5.9044,5.6876,20.0782,-186.2350,7075.2637,7075.2637
3791,0.53,-0.4053,-0.0172,-5.8989,5.4936,10.0353,-186.7658,7130.9302,7130.9302
3792,0.53,-0.3302,+0.1006,-5.8962,5.5659,13.5907,-184.9038,6976.5752,6976.5752
3793,0.52,0.1823,-0.1616,-5.8983,6.0806,39.5884,-182.6680,6851.6245,6851.6245
3794,0.52,-0.2726,+0.1874,-5.8829,5.6103,7.9746,-184.7497,7032.9932,7032.9932
3795,0.54,-0.1000,+0.0323,-5.8893,5.7893,39.1730,-190.1377,7479.2729,7479.2729
3796,0.52,-0.0259,+0.2555,-5.8891,5.8632,37.1947,-187.1041,7193.3433,7193.3433
3797,0.51,1.0271,-0.1543,-5.8949,6.9220,164.7856,-187.8709,7327.5430,7327.5430
3798,0.52,0.4664,+0.1933,-5.9024,6.3688,125.2156,-186.5515,7180.3115,7180.3115
3799,0.51,0.4173,+0.0678,-5.9281,6.3454,52.7772,-184.1721,7032.6211,7032.6211
3800,0.51,0.4500,-0.0361,-5.9063,6.3564,92.0168,-185.2291,7122.1973,7122.1973
3801,0.53,0.4493,-0.0599,-5.9155,6.3648,97.7868,-186.0350,7185.9302,7185.9302
3802,0.51,0.1698,-0.1721,-5.9038,6.0736,36.7118,-185.1279,7061.9526,7061.9526
3803,0.54,-0.0938,+0.0981,-5.9035,5.8096,36.5647,-189.6315,7388.9834,7388.9834
3804,0.52,-0.3151,+0.1594,-5.9077,5.5926,24.8663,-187.9906,7281.8213,7281.8213
3805,0.52,0.0868,-0.0161,-5.8988,5.9856,46.2614,-189.6493,7424.4717,7424.4717
3806,0.52,0.1037,+0.0210,-5.8940,5.9978,40.4172,-188.9705,7357.2139,7357.2139
3807,0.52,-0.0355,+0.1914,-5.9217,5.8861,42.0627,-188.2787,7331.9463,7331.9463
3808,0.52,-0.7622,-0.7219,-5.9157,5.1536,111.8388,-188.1329,7304.6934,7304.6934
3809,0.54,0.0001,+0.0972,-5.9231,5.9232,23.3225,-186.8609,7184.3105,7184.3105
3810,0.54,-0.2792,-0.0108,-5.8854,5.6062,31.1073,-190.2998,7420.9209,7420.9209
3811,0.52,-0.1690,-0.3542,-5.9017,5.7327,5.5429,-189.4662,7367.5723,7367.5723
3812,0.52,0.2756,+0.2301,-5.9133,6.1889,58.8348,-189.3210,7390.1558,7390.1558
3813,0.53,0.1432,+0.2720,-5.9027,6.0459,48.9265,-187.6862,7230.9233,7230.9233
3814,0.53,-0.2725,+0.1863,-5.9029,5.6304,11.4173,-187.3228,7187.8003,7187.8003
3815,0.52,-0.0903,-0.3272,-5.9249,5.8346,54.9695,-186.1983,7154.3809,7154.3809
3816,0.51,0.1242,+0.1535,-5.9051,6.0293,42.6968,-191.4514,7570.3584,7570.3584
3817,0.52,-0.5572,-0.2131,-5.8964,5.3393,20.1275,-189.3299,7336.7891,7336.7891
3818,0.51,-0.3018,+0.1447,-5.8991,5.5973,12.8188,-191.9325,7550.5059,7550.5059
3819,0.51,-0.2686,-0.1818,-5.9066,5.6380,11.8969,-189.2467,7344.1650,7344.1650
3820,0.52,-0.0601,-0.1004,-5.8969,5.8368,35.8253,-188.1732,7277.8105,7277.8105
3821,0.53,-0.0803,-0.1501,-5.9208,5.8405,31.7515,-187.3415,7205.2998,7205.2998
3822,0.53,0.1004,+0.2495,-5.9092,6.0096,28.3914,-188.3519,7304.0449,7304.0449
3823,0.51,-0.1540,-0.3933,-5.9045,5.7505,29.2055,-189.2918,7355.3623,7355.3623
3824,0.54,-0.0845,-0.0488,-5.8861,5.8016,31.4063,-188.8631,7351.3696,7351.3696
3825,0.52,-0.0037,+0.0535,-5.8985,5.8948,24.8044,-186.5054,7147.7559,7147.7559
3826,0.54,0.4311,+0.0821,-5.9005,6.3316,97.4262,-184.9001,7040.6318,7040.6318
3827,0.52,0.5085,-0.0771,-5.9104,6.4189,82.0869,-184.5152,7065.2788,7065.2788
3828,0.53,0.2463,+0.2275,-5.9008,6.1471,70.3642,-184.8001,7069.1631,7069.1631
3829,0.53,0.4743,+0.0788,-5.8912,6.3656,82.1051,-185.0843,7096.0889,7096.0889
3830,0.51,0.1943,+0.2106,-5.8930,6.0874,66.9547,-185.0773,7077.2012,7077.2012
3831,0.53,-0.1983,+0.2285,-5.9135,5.7152,39.5716,-184.7916,7050.9453,7050.9453
3832,0.54,0.4946,-0.1655,-5.8914,6.3860,58.7100,-184.4843,7046.8652,7046.8652
3833,0.51,0.0763,+0.2287,-5.8797,5.9560,21.8959,-187.7281,7247.3330,7247.3330
3834,0.53,-0.0348,+0.1282,-5.8829,5.8481,43.2018,-185.8041,7108.5586,7108.5586
3835,0.52,-0.0992,-0.0802,-5.9132,5.8140,26.9816,-183.5461,6922.9141,6922.9141
3836,0.53,0.3162,+0.1060,-5.9168,6.2330,34.1318,-185.5574,7098.5088,7098.5088
3837,0.50,-0.3522,-0.0382,-5.8953,5.5431,19.8458,-186.9336,7189.4292,7189.4292
3838,0.53,0.3677,-0.2334,-5.9226,6.2903,79.9576,-184.4459,7027.7837,7027.7837
3839,0.52,0.3279,-0.0042,-5.9090,6.2369,76.5938,-185.0486,7069.7158,7069.7158
3840,0.50,0.3675,-0.1054,-5.9132,6.2807,81.8635,-185.1834,7089.8320,7089.8320
3841,0.54,0.2941,+0.2740,-5.9109,6.2050,62.7034,-186.2156,7183.2842,7183.2842
3842,0.52,0.4765,-0.0894,-5.8944,6.3709,138.7655,-186.8782,7239.0181,7239.0181
3843,0.52,0.1987,-0.3366,-5.9125,6.1113,67.4852,-186.1107,7200.2373,7200.2373
3844,0.52,0.0916,+0.0023,-5.9203,6.0118,46.2516,-184.7976,7053.5576,7053.5576
3845,0.53,-0.0949,-0.3166,-5.9063,5.8114,71.8573,-185.9277,7126.4277,7126.4277
3846,0.51,0.5060,+0.0434,-5.8994,6.4054,109.9842,-187.9210,7322.3257,7322.3257
3847,0.52,0.8229,-0.4508,-5.9247,6.7475,126.3919,-187.7484,7344.5181,7344.5181
3848,0.51,0.8239,-0.1285,-5.9172,6.7411,124.7599,-186.3266,7236.3745,7236.3745
3849,0.52,0.1847,+0.1688,-5.9271,6.1118,73.3045,-186.4148,7194.4668,7194.4668
3850,0.51,0.0853,+0.1183,-5.9271,6.0124,47.1963,-184.9908,7072.4658,7072.4658
3851,0.52,-0.0160,-0.1249,-5.9266,5.9105,28.0234,-184.3287,6983.5674,6983.5674
3852,0.51,-0.2521,-0.0322,-5.9300,5.6780,48.6746,-186.0022,7131.7280,7131.7280
3853,0.52,0.1126,-0.0413,-5.9267,6.0393,39.4419,-185.3282,7119.2666,7119.2666
3854,0.52,0.1425,+0.1095,-5.9112,6.0537,69.8953,-186.1472,7123.7041,7123.7041
3855,0.53,0.5563,+0.1035,-5.9142,6.4705,116.2298,-184.2151,7018.7808,7018.7808
3856,0.52,0.8258,-0.4335,-5.9082,6.7340,259.6900,-186.0657,7154.4966,7154.4966
3857,0.52,0.1199,+0.1217,-5.9017,6.0216,40.6619,-186.4665,7170.0308,7170.0308
3858,0.55,0.2386,+0.0996,-5.9088,6.1474,80.6090,-184.1059,7037.8936,7037.8936
3859,0.52,0.2565,-0.0629,-5.9243,6.1809,53.1173,-183.8938,7042.2021,7042.2021
3860,0.52,0.5998,+0.4156,-5.9157,6.5155,141.9375,-183.8232,7047.0840,7047.0840
3861,0.54,0.2198,+0.0680,-5.9213,6.1411,44.5327,-186.4624,7225.1919,7225.1919
3862,0.52,0.0813,+0.3105,-5.9383,6.0196,72.1232,-185.8030,7175.9365,7175.9365
3863,0.53,-0.0193,+0.3211,-5.9327,5.9134,32.4531,-186.1709,7189.5967,7189.5967
3864,0.53,-0.0982,-0.0794,-5.9526,5.8544,37.5316,-185.6287,7139.5679,7139.5679
3865,0.51,-0.0414,-0.0594,-5.9274,5.8860,36.8449,-185.9437,7144.5200,7144.5200
3866,0.51,0.2069,-0.1579,-5.9156,6.1224,87.5139,-188.8105,7373.9463,7373.9463
3867,0.53,-0.4424,+0.3366,-5.8978,5.4555,9.1279,-188.6696,7324.1309,7324.1309
3868,0.52,0.3624,-1.2879,-5.9003,6.2627,592.1147,-188.3501,7375.6504,7375.6504
3869,0.52,-0.0131,+0.7475,-5.9075,5.8944,46.9561,-187.4642,7280.7046,7280.7046
3870,0.52,1.6847,-0.0970,-5.9127,7.5974,1194.2719,-186.7519,7310.8931,7310.8931
3871,0.53,1.3518,+0.8705,-5.9289,7.2807,812.6207,-188.4711,7439.9395,7439.9395
3872,0.52,-0.0513,+0.2700,-5.9044,5.8531,37.3185,-188.6414,7361.6025,7361.6025
3873,0.51,-0.1155,+0.0170,-5.8995,5.7840,33.7561,-186.6094,7209.4946,7209.4946
3874,0.51,0.2435,+0.3798,-5.8767,6.1202,35.5155,-188.1199,7299.0273,7299.0273
3875,0.51,0.4092,+0.0786,-5.9039,6.3131,94.5935,-187.5480,7278.5801,7278.5801
3876,0.52,0.1731,-0.0783,-5.9278,6.1009,29.8747,-185.7985,7134.8721,7134.8721
3877,0.53,0.0750,-0.1133,-5.9232,5.9982,36.4312,-186.4757,7192.2827,7192.2827
3878,0.53,-0.1451,-0.0320,-5.9448,5.7997,34.5288,-184.0872,6981.3887,6981.3887
3879,0.53,-0.0023,-0.0465,-5.9483,5.9460,49.0028,-184.3863,6990.1797,6990.1797
3880,0.52,-0.0505,+0.1298,-5.9481,5.8976,31.6616,-187.0781,7212.5498,7212.5498
3881,0.53,-0.0446,+0.0580,-5.8998,5.8552,38.9480,-186.6515,7140.8164,7140.8164
3882,0.54,0.0505,+0.0068,-5.9417,5.9922,52.9632,-185.1725,7072.3267,7072.3267
3883,0.53,0.0212,+0.1285,-5.9282,5.9494,42.7532,-185.3245,7074.0020,7074.0020
3884,0.52,-0.0083,+0.1282,-5.9383,5.9299,21.5158,-185.6200,7090.9375,7090.9375
3885,0.51,-0.2345,+0.1130,-5.9317,5.6972,36.3758,-186.7997,7174.9014,7174.9014
3886,0.53,0.9268,-0.2174,-5.9217,6.8485,394.9190,-187.3990,7266.4277,7266.4277
3887,0.52,3.4768,-0.6951,-5.9415,9.4183,4303.0659,-187.4932,7454.2920,7454.2920
3888,0.53,-2.2410,-0.7315,-5.9355,3.6945,901.6361,-186.2769,7029.1851,7029.1851
3889,0.53,2.5433,+0.3684,-5.9160,8.4594,2579.8284,-187.5082,7426.3535,7426.3535
3890,0.55,-0.2373,-0.0713,-5.9363,5.6990,22.3233,-186.0970,7110.1206,7110.1206
3891,0.55,-0.1992,+0.0877,-5.9190,5.7198,41.4838,-184.8034,6985.6064,6985.6064
3892,0.54,-0.3027,-0.0163,-5.8967,5.5940,45.5662,-187.4252,7175.9873,7175.9873
3893,0.52,1.9776,+0.8068,-5.8850,7.8625,1551.1925,-187.6095,7342.4844,7342.4844
3894,0.54,1.1657,+1.2771,-5.8757,7.0414,878.4694,-186.0848,7153.1592,7153.1592
3895,0.52,4.2651,-1.0694,-5.8671,10.1323,5358.2832,-189.5141,7635.6172,7635.6172
3896,0.52,-0.3677,+0.2466,-5.8729,5.5051,18.1832,-188.7085,7259.5684,7259.5684
3897,0.52,-0.0083,+0.0416,-5.8981,5.8898,50.3550,-185.3359,7060.3179,7060.3179
3898,0.53,-0.0807,-0.0750,-5.8776,5.7970,38.2615,-186.4044,7134.7998,7134.7998
3899,0.53,0.1374,-0.3477,-5.8839,6.0213,62.6679,-187.5383,7208.2852,7208.2852
3900,0.54,0.0366,+0.4462,-5.8900,5.9266,81.8904,-187.3999,7202.0645,7202.0645
3901,0.52,0.2481,-0.0641,-5.8960,6.1442,56.5173,-186.2025,7147.9209,7147.9209
3902,0.53,0.5603,-0.3422,-5.8918,6.4521,112.8363,-185.0461,7025.7354,7025.7354
3903,0.53,0.2967,-0.0068,-5.8765,6.1732,62.1487,-186.9168,7147.9902,7147.9902
3904,0.51,0.7291,+0.0818,-5.8807,6.6098,100.5633,-184.8398,7051.2832,7051.2832
3905,0.52,0.6961,-0.2702,-5.8715,6.5677,100.8520,-185.8501,7139.6240,7139.6240
3906,0.51,0.8552,-0.0204,-5.8675,6.7227,98.7619,-187.7295,7271.9648,7271.9648
3907,0.54,1.1260,-0.1020,-5.8541,6.9801,164.9188,-188.8078,7399.4639,7399.4639
3908,0.51,0.9025,-0.3758,-5.8641,6.7666,117.2735,-186.8894,7257.4541,7257.4541
3909,0.52,1.6980,-0.1476,-5.8568,7.5549,316.4018,-185.1634,7160.7363,7160.7363
3910,0.52,0.6688,+0.0353,-5.8665,6.5352,89.1932,-184.9569,7061.0156,7061.0156
3911,0.53,0.4729,+0.0247,-5.8390,6.3119,87.1325,-186.7635,7150.2070,7150.2070
3912,0.52,0.9149,-0.0044,-5.8726,6.7875,147.4930,-185.3458,7090.8965,7090.8965
3913,0.51,0.7636,-0.1108,-5.8655,6.6291,85.4341,-183.3107,6887.5625,6887.5625
3914,0.53,0.7117,+0.0082,-5.8822,6.5939,150.9214,-182.3228,6806.3311,6806.3311
3915,0.53,0.6200,-0.1052,-5.8944,6.5145,115.5803,-181.7186,6774.3311,6774.3311
3916,0.53,0.7376,-0.1616,-5.8833,6.6209,112.2704,-183.5355,6915.8594,6915.8594
3917,0.54,1.0602,-0.0834,-5.8700,6.9301,148.1078,-183.9287,6956.2539,6956.2539
3918,0.55,1.1873,-0.0787,-5.8820,7.0693,119.7678,-184.1305,7004.9766,7004.9766
3919,0.52,0.6619,+0.0158,-5.8721,6.5339,106.8497,-185.0127,7037.2803,7037.2803
3920,0.51,0.6174,-0.2820,-5.8704,6.4878,91.7969,-185.0767,7038.1001,7038.1001
3921,0.52,1.1431,-0.2493,-5.8794,7.0224,111.7412,-183.8328,6958.8359,6958.8359
3922,0.53,0.7394,-0.5853,-5.9078,6.6472,107.4996,-181.9471,6794.3901,6794.3901
3923,0.50,0.9015,-0.1869,-5.9147,6.8161,115.1633,-181.9739,6812.4014,6812.4014
3924,0.52,0.9653,-0.1015,-5.9066,6.8719,98.1558,-183.1075,6904.0674,6904.0674
3925,0.51,0.9093,+0.0022,-5.9128,6.8221,125.2548,-182.9677,6931.0039,6931.0039
3926,0.53,1.0338,-0.3222,-5.9050,6.9387,133.5578,-182.9817,6928.2607,6928.2607
3927,0.51,0.6233,-0.0542,-5.8981,6.5213,90.6117,-183.2601,6927.0107,6927.0107
3928,0.54,1.3025,+0.2879,-5.9099,7.2124,178.7296,-181.9175,6846.6006,6846.6006
3929,0.53,1.0173,+0.0744,-5.8957,6.9130,118.1915,-181.9228,6863.2095,6863.2095
3930,0.53,1.3682,-0.2454,-5.8666,7.2348,162.3196,-184.2158,7025.5996,7025.5996
3931,0.53,0.9299,+0.0975,-5.8549,6.7848,85.0703,-184.9518,7054.9058,7054.9058
3932,0.53,0.6959,+0.1194,-5.8650,6.5609,98.6123,-185.1497,7027.2324,7027.2324
3933,0.52,0.3062,-0.2821,-5.8629,6.1691,115.6506,-186.3690,7107.6006,7107.6006
3934,0.51,0.7383,-0.1430,-5.8748,6.6131,99.5023,-184.3992,6997.6724,6997.6724
3935,0.53,0.5963,-0.3933,-5.8503,6.4467,71.5443,-185.4673,7058.6392,7058.6392
3936,0.52,0.8013,-0.2959,-5.8430,6.6443,85.3941,-185.1639,7051.6826,7051.6826
3937,0.51,0.7925,-0.1737,-5.8560,6.6485,94.4585,-186.1599,7137.3291,7137.3291
3938,0.51,0.6296,-0.2492,-5.8851,6.5147,70.3085,-184.1155,6964.6992,6964.6992
3939,0.53,0.6024,+0.4107,-5.8903,6.4927,103.6289,-181.8309,6794.4521,6794.4521
3940,0.52,0.8527,+0.1235,-5.9047,6.7574,114.5495,-181.9257,6792.4272,6792.4272
3941,0.52,0.6951,-0.0428,-5.9061,6.6013,108.7809,-182.8615,6863.8896,6863.8896
3942,0.51,0.6253,+0.0301,-5.9110,6.5363,73.4041,-182.0232,6814.2354,6814.2354
3943,0.52,0.5609,-0.9547,-5.8951,6.4560,89.1759,-183.2502,6883.9189,6883.9189
3944,0.53,0.8072,-0.2221,-5.8892,6.6963,129.3512,-183.8946,6957.3535,6957.3535
3945,0.51,0.6635,-0.1321,-5.8869,6.5504,81.9925,-182.9609,6881.6587,6881.6587
3946,0.53,0.4400,-0.1339,-5.8857,6.3257,60.7263,-183.2872,6891.4932,6891.4932
3947,0.53,0.2572,-0.0167,-5.9066,6.1638,48.2307,-184.5009,6998.3916,6998.3916
3948,0.53,0.4873,-0.0293,-5.9149,6.4021,51.9704,-183.8793,6968.9521,6968.9521
3949,0.52,0.1684,+0.0917,-5.9188,6.0872,41.3758,-184.0789,6962.8818,6962.8818
3950,0.52,-0.1600,-0.3284,-5.8884,5.7284,55.0913,-185.4356,7053.0176,7053.0176
3951,0.50,0.4572,+0.1703,-5.8815,6.3387,249.8797,-186.8272,7147.2905,7147.2905
3952,0.52,0.2910,+0.2009,-5.8630,6.1541,47.1505,-187.1427,7162.6221,7162.6221
3953,0.52,0.2778,+0.2683,-5.8686,6.1464,66.0777,-186.4925,7150.2588,7150.2588
3954,0.51,0.3868,-0.2512,-5.9035,6.2903,122.3283,-186.3344,7117.3438,7117.3438
3955,0.50,0.7048,-0.1334,-5.9184,6.6232,287.2135,-184.0088,6980.9136,6980.9136
3956,0.51,0.4343,-0.0099,-5.8962,6.3306,33.5527,-185.0225,7019.9829,7019.9829
3957,0.52,0.8541,+0.1048,-5.8977,6.7518,82.4999,-183.6405,6944.2305,6944.2305
3958,0.52,0.4099,+0.1597,-5.9015,6.3114,70.7318,-183.1276,6874.2319,6874.2319
3959,0.53,0.6646,+0.1163,-5.8781,6.5427,85.8291,-182.8816,6837.5273,6837.5273
3960,0.52,0.2879,+0.2445,-5.9081,6.1960,46.0644,-183.7094,6906.6504,6906.6504
3961,0.53,0.1424,+0.1141,-5.8845,6.0269,30.2646,-184.8569,6968.9468,6968.9468
3962,0.52,0.0109,-0.1260,-5.9055,5.9164,34.3953,-186.4775,7121.0449,7121.0449
3963,0.51,0.0996,-0.0090,-5.9094,6.0090,33.3513,-186.7186,7121.2729,7121.2729
3964,0.52,0.3894,+0.2946,-5.9031,6.2925,41.9816,-184.7230,6984.2437,6984.2437
3965,0.52,0.0400,+0.1462,-5.8975,5.9375,40.3069,-185.7198,7026.9331,7026.9331
3966,0.51,0.1482,+0.0602,-5.8899,6.0381,23.8646,-186.3510,7074.3945,7074.3945
3967,0.53,0.5491,+0.1485,-5.9085,6.4576,96.1341,-184.7318,6998.8721,6998.8721
3968,0.52,0.1369,-0.2349,-5.8771,6.0140,41.5387,-186.1861,7044.4175,7044.4175
3969,0.52,1.1512,-0.4973,-5.8605,7.0116,608.1202,-187.1266,7146.2407,7146.2407
3970,0.53,-0.0897,+0.1936,-5.8725,5.7828,11.7071,-186.8510,7083.8535,7083.8535
3971,0.53,0.0798,-0.0539,-5.8647,5.9445,62.8554,-190.5255,7369.3096,7369.3096
3972,0.52,-0.1924,-0.0612,-5.8605,5.6681,51.1323,-190.5527,7352.2222,7352.2222
3973,0.51,0.2694,+0.0568,-5.8488,6.1182,125.0703,-191.5412,7441.1299,7441.1299
3974,0.53,0.0059,+0.2137,-5.8961,5.9020,16.6277,-187.8372,7155.2925,7155.2925
3975,0.52,0.4134,-0.1233,-5.8869,6.3003,43.4532,-189.4952,7311.8140,7311.8140
3976,0.51,0.1482,-0.2315,-5.9246,6.0728,50.4007,-188.3368,7238.6938,7238.6938
3977,0.50,-0.3370,-0.3157,-5.9201,5.5831,68.8825,-186.7703,7064.3486,7064.3486
3978,0.51,0.0148,-0.2473,-5.9125,5.9274,32.5945,-183.9926,6925.7349,6925.7349
3979,0.51,0.1553,-0.3405,-5.9377,6.0930,44.6667,-184.1113,6964.8784,6964.8784
3980,0.52,-0.0472,-0.4860,-5.9507,5.9035,49.4627,-184.0983,6950.2285,6950.2285
3981,0.52,0.2679,+0.1670,-5.9390,6.2068,42.9142,-184.3801,7005.5684,7005.5684
3982,0.52,0.3548,+0.2242,-5.9179,6.2727,55.7314,-184.6948,7011.7827,7011.7827
3983,0.52,0.2642,-0.1697,-5.9118,6.1760,40.4537,-183.9944,6975.1816,6975.1816
3984,0.54,-0.1217,+0.0698,-5.8788,5.7571,61.2169,-185.8051,7062.3550,7062.3550
3985,0.54,0.2522,+0.0391,-5.8690,6.1213,56.9759,-186.1363,7128.4404,7128.4404
3986,0.50,0.4640,+0.3529,-5.8688,6.3328,56.7198,-184.9646,7019.9961,7019.9961
3987,0.52,0.1242,+0.3868,-5.8875,6.0117,28.4809,-185.6373,7071.8926,7071.8926
3988,0.52,-0.0218,-0.0117,-5.8885,5.8667,30.7306,-186.7434,7148.8442,7148.8442
3989,0.51,0.1764,+0.0845,-5.8957,6.0721,51.6904,-187.6040,7211.6680,7211.6680
3990,0.51,-0.2127,+0.0528,-5.8965,5.6838,48.9796,-188.4247,7257.6299,7257.6299
3991,0.53,-0.0961,+0.1116,-5.8948,5.7987,41.8425,-187.7092,7218.9971,7218.9971
3992,0.54,-0.0589,-0.2204,-5.9055,5.8466,49.7642,-185.5116,7053.3994,7053.3994
3993,0.53,-0.1480,+0.1387,-5.9032,5.7552,33.2939,-184.9191,6979.9453,6979.9453
3994,0.53,-0.2838,-0.0619,-5.9068,5.6231,36.5138,-185.7230,7040.7861,7040.7861
3995,0.52,0.2725,+0.1905,-5.8786,6.1511,45.4533,-189.5114,7347.4180,7347.4180
3996,0.53,0.0996,-0.0960,-5.9089,6.0085,45.6780,-186.7859,7174.6504,7174.6504
3997,0.52,0.0829,+0.1848,-5.8947,5.9776,41.4666,-185.3739,6982.2954,6982.2954
3998,0.55,0.2634,-0.2633,-5.9095,6.1729,44.0110,-183.3200,6849.8066,6849.8066
3999,0.51,0.1525,-0.0114,-5.8902,6.0427,38.9103,-185.0965,6949.1494,6949.1494
4000,0.53,-0.0103,+0.2841,-5.8945,5.8842,44.6280,-187.4601,7146.0132,7146.0132
4001,0.51,0.1708,+0.0434,-5.8995,6.0703,56.1884,-187.1751,7133.7119,7133.7119
4002,0.54,-0.0891,+0.2989,-5.9103,5.8212,39.0882,-186.1737,7093.1343,7093.1343
4003,0.52,0.0406,+0.1273,-5.9154,5.9561,42.2026,-184.1724,6909.2822,6909.2822
4004,0.53,0.0289,-0.0753,-5.8858,5.9148,83.7043,-190.4056,7422.2510,7422.2510
4005,0.53,0.0725,-0.0092,-5.8754,5.9479,47.7292,-189.4585,7318.0454,7318.0454
4006,0.52,0.1856,+0.0701,-5.8923,6.0779,78.5241,-188.7964,7286.6875,7286.6875
4007,0.54,0.1689,-0.2112,-5.9236,6.0925,41.2733,-184.6748,6991.1768,6991.1768
4008,0.51,-0.0587,-0.0371,-5.9013,5.8426,43.3165,-185.9207,7074.0327,7074.0327
4009,0.54,-0.2582,+0.6879,-5.9095,5.6513,14.9219,-184.5423,6977.6123,6977.6123
4010,0.51,4.0353,+0.3381,-5.8987,9.9340,4585.3428,-185.8053,7337.7100,7337.7100
4011,0.54,1.1122,-0.4687,-5.8785,6.9908,269.8983,-188.3129,7292.2627,7292.2627
4012,0.51,0.2052,-0.2391,-5.8863,6.0915,34.1383,-185.9273,7092.4614,7092.4614
4013,0.51,0.3045,-0.2073,-5.8828,6.1873,79.2160,-188.7957,7325.1025,7325.1025
4014,0.53,-0.2027,+0.2122,-5.9010,5.6982,17.5433,-188.4337,7273.4717,7273.4717
4015,0.53,0.7128,-0.8195,-5.8850,6.5978,336.4029,-188.4008,7291.1201,7291.1201
4016,0.54,0.0393,+0.0788,-5.8748,5.9141,49.0088,-188.9544,7296.9419,7296.9419
4017,0.53,-0.0416,-0.0152,-5.8904,5.8488,20.2008,-186.5220,7126.4238,7126.4238
4018,0.51,-0.3524,+0.1373,-5.8930,5.5406,6.2323,-188.8046,7282.7559,7282.7559
4019,0.53,-0.3163,-0.0316,-5.8828,5.5665,9.0124,-191.1823,7401.7891,7401.7891
4020,0.51,-0.1399,+0.0455,-5.8697,5.7298,33.7108,-189.9841,7313.9946,7313.9946
4021,0.52,-0.4793,-0.0104,-5.8732,5.3939,6.0578,-189.1873,7208.2666,7208.2666
4022,0.52,-0.0424,+0.0846,-5.8948,5.8524,5.0489,-181.6944,6664.1309,6664.1309
4023,0.54,0.0906,-0.2130,-5.8719,5.9625,5.0864,-199.4808,8091.3633,8091.3633
4024,0.55,0.1881,+0.0036,-5.8635,6.0516,2.5631,-176.8655,6357.0752,6357.0752
4025,0.54,0.0164,-0.3742,-5.8974,5.9139,8.8503,-194.7735,7669.4404,7669.4404
4026,0.53,-0.0752,+0.0455,-5.8911,5.8160,8.6135,-181.9944,6739.1748,6739.1748
4027,0.51,-0.1053,-0.2967,-5.8893,5.7840,11.3795,-192.7278,7567.6714,7567.6714
4028,0.54,-0.0430,-0.2173,-5.8606,5.8176,4.0417,-182.6869,6750.6650,6750.6650
4029,0.50,0.0670,+0.1647,-5.8633,5.9302,5.3974,-198.9486,8019.2354,8019.2354
4030,0.54,-0.5358,-0.0211,-5.8654,5.3297,4.9674,-193.3544,7549.9238,7549.9238
4031,0.52,0.1407,+0.0689,-5.8973,6.0380,6.7986,-181.6505,6664.5576,6664.5576
4032,0.52,-0.0720,-0.0252,-5.9007,5.8287,15.6604,-182.4477,6695.6836,6695.6836
4033,0.53,-0.2218,-0.2484,-5.8740,5.6523,16.3319,-189.8246,7265.9092,7265.9092
4034,0.50,-0.0348,+0.2666,-5.8425,5.8076,39.7190,-188.6033,7206.5938,7206.5938
4035,0.53,-0.3554,+0.7230,-5.8547,5.4992,12.1732,-187.6778,7114.4346,7114.4346
4036,0.53,-0.2279,+0.0393,-5.8756,5.6478,5.1783,-188.1323,7167.3916,7167.3916
4037,0.53,0.1532,+0.2105,-5.8619,6.0151,12.5543,-186.6808,7032.9014,7032.9014
4038,0.52,-0.1477,-0.2183,-5.8778,5.7301,7.3661,-192.7977,7466.4121,7466.4121
4039,0.52,-0.3929,+0.0087,-5.8615,5.4685,12.1107,-190.4369,7359.9126,7359.9126
4040,0.51,-0.2944,+0.0827,-5.8654,5.5710,8.4543,-188.4225,7193.1494,7193.1494
4041,0.53,0.5859,-0.0786,-5.9053,6.4912,79.0215,-184.1852,6933.3643,6933.3643
4042,0.52,-0.0357,-0.0927,-5.8792,5.8436,45.9876,-184.9756,6999.6543,6999.6543
4043,0.53,0.2223,-0.2398,-5.8697,6.0920,43.0313,-183.5890,6897.1943,6897.1943
4044,0.51,0.5431,+0.2148,-5.8559,6.3991,29.5428,-187.3487,7187.0352,7187.0352
4045,0.52,0.9001,-0.1980,-5.8671,6.7672,74.5487,-183.3148,6841.8779,6841.8779
4046,0.51,0.1758,-0.0135,-5.8870,6.0628,53.3266,-183.6505,6850.8623,6850.8623
4047,0.51,0.5912,+0.1054,-5.9123,6.5034,72.4725,-182.5937,6783.1660,6783.1660
4048,0.51,0.8303,-0.0934,-5.9229,6.7532,76.9548,-182.7491,6822.2910,6822.2910
4049,0.52,0.8283,+0.2250,-5.9276,6.7559,150.5778,-183.4944,6884.2910,6884.2910
4050,0.53,0.9126,+0.2203,-5.9270,6.8396,104.5803,-181.4673,6768.9580,6768.9580
4051,0.51,1.1419,-0.0279,-5.9119,7.0538,108.4568,-181.0977,6724.7036,6724.7036
4052,0.55,1.5905,-0.0570,-5.8974,7.4879,129.2249,-182.1016,6829.5903,6829.5903
4053,0.50,1.1847,+0.1399,-5.8893,7.0740,108.8119,-181.7891,6774.2495,6774.2495
4054,0.54,1.4813,+0.0444,-5.9085,7.3897,138.5975,-178.9937,6586.3896,6586.3896
4055,0.50,1.2536,+0.0111,-5.9230,7.1766,124.4216,-179.2204,6579.4707,6579.4707
4056,0.52,1.3763,+0.0264,-5.9078,7.2840,153.4035,-178.9048,6584.3213,6584.3213
4057,0.52,1.1538,-0.2083,-5.9092,7.0630,91.9889,-179.6855,6633.8535,6633.8535
4058,0.52,1.4092,+0.2444,-5.9122,7.3214,121.9391,-180.5928,6714.5229,6714.5229
4059,0.51,1.9275,-0.1766,-5.9238,7.8513,167.1389,-178.7009,6593.6782,6593.6782
4060,0.49,1.3171,-0.2525,-5.9426,7.2597,109.4341,-179.6914,6635.0859,6635.0859
4061,0.52,1.4569,-0.2906,-5.9202,7.3771,82.2573,-180.7844,6710.6216,6710.6216
4062,0.52,1.6351,-0.0495,-5.9028,7.5380,183.4347,-183.5916,6947.2617,6947.2617
4063,0.51,1.4962,-0.1564,-5.9053,7.4014,187.7814,-182.4831,6852.5898,6852.5898
4064,0.52,1.3054,+0.3530,-5.9043,7.2097,119.9014,-183.3181,6878.3750,6878.3750
4065,0.51,1.3666,+0.0735,-5.9089,7.2754,143.5748,-183.7110,6930.1343,6930.1343
4066,0.50,1.4677,+0.1975,-5.8936,7.3613,122.8064,-184.4034,6971.8521,6971.8521
4067,0.51,3.0294,+3.9482,-5.9047,8.9341,1254.2157,-183.3560,7013.2295,7013.2295
4068,0.52,-0.6478,-0.2961,-5.8742,5.2264,1117.9618,-184.6338,6860.5952,6860.5952
4069,0.52,2.9422,-2.4500,-5.8652,8.8074,889.3544,-184.5848,7091.8979,7091.8979
4070,0.48,0.6889,-0.2558,-5.8672,6.5561,79.0448,-184.6511,6951.9219,6951.9219
4071,0.50,-0.5687,+1.8176,-5.8748,5.3061,640.4615,-182.5588,6704.6011,6704.6011
4072,0.51,0.5969,+0.2130,-5.8900,6.4869,69.9996,-183.5312,6873.6660,6873.6660
4073,0.50,1.1725,-2.2825,-5.8730,7.0455,343.2518,-184.8151,6989.4863,6989.4863
4074,0.51,1.6745,+0.0589,-5.8806,7.5551,164.7831,-185.3463,7095.0317,7095.0317
4075,0.52,1.1592,-1.7735,-5.8858,7.0450,128.8557,-184.6793,6996.9438,6996.9438
4076,0.51,1.2313,+0.3988,-5.9026,7.1339,117.1720,-182.2155,6823.6538,6823.6538
4077,0.50,2.4990,-0.3281,-5.8789,8.3778,734.9028,-183.9706,7047.2178,7047.2178
4078,0.51,1.6493,+0.0641,-5.8726,7.5218,176.5631,-182.6155,6880.9014,6880.9014
4079,0.51,1.4038,-0.3852,-5.8866,7.2903,116.3076,-183.4160,6929.2842,6929.2842
4080,0.51,1.2343,-0.1978,-5.9017,7.1359,135.3702,-184.1914,6995.9814,6995.9814
4081,0.51,1.2877,-0.0171,-5.8879,7.1756,140.2063,-184.4557,6992.2412,6992.2412
4082,0.51,0.8246,+0.3911,-5.8849,6.7096,97.8053,-182.9119,6868.3213,6868.3213
4083,0.51,0.7481,+0.2692,-5.8899,6.6380,77.1761,-184.7260,6982.6279,6982.6279
4084,0.52,1.1601,+0.5072,-5.9108,7.0709,144.6106,-184.0488,6967.3867,6967.3867
4085,0.51,1.5644,+0.2280,-5.9210,7.4854,169.1462,-182.8997,6900.5195,6900.5195
4086,0.52,0.7285,-0.0412,-5.9169,6.6454,128.7785,-183.7300,6909.8286,6909.8286
4087,0.52,1.1841,-0.6122,-5.9474,7.1315,247.6494,-181.5875,6787.7798,6787.7798
4088,0.51,-0.3763,-0.1419,-5.9226,5.5463,184.9580,-182.3478,6738.0566,6738.0566
4089,0.52,1.4656,+0.0788,-5.9264,7.3920,155.0631,-183.1456,6919.3076,6919.3076
4090,0.50,0.7546,+1.5170,-5.9030,6.6575,87.2023,-183.6248,6932.4937,6932.4937
4091,0.49,2.1300,+0.0312,-5.8932,8.0231,295.7501,-184.6177,7055.7598,7055.7598
4092,0.50,0.6042,+0.4926,-5.8777,6.4819,111.2132,-186.7122,7129.8027,7129.8027
4093,0.51,0.8841,-0.0048,-5.8684,6.7525,139.0662,-187.5034,7220.3618,7220.3618
4094,0.51,1.7323,-0.3719,-5.8411,7.5734,516.7551,-188.3812,7310.5298,7310.5298
4095,0.51,-0.0541,-0.4578,-5.8326,5.7784,151.6141,-188.0083,7173.0234,7173.0234
4096,0.52,2.4298,+0.9204,-5.8503,8.2802,491.8445,-186.3223,7184.6665,7184.6665
4097,0.49,2.9103,-0.8908,-5.8808,8.7911,1094.8617,-185.9675,7175.5605,7175.5605
4098,0.51,1.1496,+0.1156,-5.8843,7.0339,102.3430,-186.3464,7145.8604,7145.8604
4099,0.51,3.5534,+3.5740,-5.8879,9.4413,1880.1670,-185.0474,7182.7793,7182.7793
4100,0.50,0.1206,+0.9058,-5.8789,5.9995,915.0009,-184.7196,6872.7168,6872.7168
4101,0.50,6.6822,+1.3173,-5.8687,12.5509,8869.3838,-183.2589,7224.8623,7224.8623
4102,0.49,3.5578,-0.6066,-5.8818,9.4396,1935.3051,-182.6048,6946.6807,6946.6807
4103,0.50,1.3780,-0.3804,-5.8927,7.2707,131.8823,-182.7116,6869.4214,6869.4214
4104,0.51,1.1911,+0.4537,-5.8774,7.0685,141.6223,-184.5152,7006.7715,7006.7715
4105,0.52,1.3869,+0.0009,-5.8959,7.2828,99.3132,-184.6679,7014.8672,7014.8672
4106,0.52,1.3448,-0.3796,-5.8846,7.2294,133.5201,-185.0120,7051.5493,7051.5493
4107,0.51,1.1643,-0.0527,-5.8819,7.0462,108.6677,-183.1298,6878.1401,6878.1401
4108,0.50,-0.7047,+10.5003,-5.8928,5.1881,803.3199,-185.6486,6921.6768,6921.6768
4109,0.50,8.3153,-4.6091,-5.9057,14.2210,13741.9482,-184.8866,7516.4277,7516.4277
4110,0.51,-1.1926,+2.7510,-5.8575,4.6649,977.4341,-185.8293,6913.7285,6913.7285
4111,0.49,1.2894,+0.0207,-5.8661,7.1556,126.6875,-184.8269,7011.4751,7011.4751
4112,0.51,2.7931,-0.1633,-5.8684,8.6615,961.6831,-185.2549,7169.6445,7169.6445
4113,0.48,1.0973,-0.2883,-5.8690,6.9663,104.7628,-185.2188,7010.5625,7010.5625
4114,0.49,3.1897,+0.0924,-5.8871,9.0768,1635.7421,-184.5598,7182.5439,7182.5439
4115,0.51,0.5720,+0.0716,-5.8718,6.4438,47.0325,-186.4110,7067.9702,7067.9702
4116,0.51,-2.6510,+10.0138,-5.8846,3.2336,2209.5520,-185.7227,6918.8477,6918.8477
4117,0.48,0.8207,-0.1763,-5.8806,6.7013,61.7521,-185.7303,7071.9009,7071.9009
4118,0.49,0.9994,+0.2912,-5.8822,6.8815,100.5206,-184.8928,7010.8999,7010.8999
4119,0.50,2.2007,+1.7762,-5.8649,8.0656,691.8596,-185.6852,7125.3569,7125.3569
4120,0.51,3.2168,+7.6498,-5.9011,9.1180,2164.7617,-186.8624,7216.3906,7216.3906
4121,0.52,0.5463,-0.4802,-5.9064,6.4527,40.8000,-186.0408,7086.4927,7086.4927
4122,0.50,0.8940,+0.1839,-5.8904,6.7843,112.8376,-186.7465,7125.0918,7125.0918
4123,0.52,3.0579,-3.5569,-5.8995,8.9574,2874.6748,-186.8106,7230.6885,7230.6885
4124,0.51,2.0012,+1.3134,-5.8995,7.9007,872.0173,-185.8609,7098.4111,7098.4111
4125,0.51,2.2823,+0.8596,-5.8855,8.1678,1024.6963,-185.8550,7120.7764,7120.7764
4126,0.52,0.6295,-0.1271,-5.8995,6.5290,25.3280,-185.1260,7014.8599,7014.8599
4127,0.51,0.3000,+0.2048,-5.9142,6.2142,33.7008,-188.7363,7236.9561,7236.9561
4128,0.49,0.2365,-0.3291,-5.9231,6.1596,34.1839,-185.7539,7016.7319,7016.7319
4129,0.51,0.2346,-0.0740,-5.9187,6.1533,34.9559,-184.8065,6933.6113,6933.6113
4130,0.50,24.9752,+12.6490,-5.9131,30.8883,163909.3125,-185.4905,9078.8086,9078.8086
4131,0.51,1.4555,-1.9812,-5.9198,7.3753,633.3027,-185.3853,7018.9849,7018.9849
4132,0.52,2.2058,-0.0833,-5.9249,8.1307,1141.3787,-186.0214,7179.1138,7179.1138
4133,0.50,0.6743,-5.2856,-5.8993,6.5735,205.5208,-187.6694,7199.2808,7199.2808
4134,0.51,3.1143,-0.4183,-5.9063,9.0205,2514.9368,-188.2566,7415.2944,7415.2944
4135,0.51,0.4467,+1.1318,-5.9162,6.3629,47.2155,-187.1658,7177.9609,7177.9609
4136,0.50,1.6114,-0.1372,-5.9115,7.5228,759.2313,-187.5233,7267.7676,7267.7676
4137,0.52,0.9431,-0.0550,-5.9031,6.8461,253.3850,-185.3967,6983.7900,6983.7900
4138,0.50,0.4684,-0.0615,-5.8970,6.3654,40.1616,-186.9897,7126.7480,7126.7480
4139,0.51,0.6432,-0.1195,-5.9086,6.5518,32.6351,-184.9510,6986.9814,6986.9814
4140,0.51,0.4747,+0.2218,-5.9095,6.3842,29.6412,-185.2688,6960.6846,6960.6846
4141,0.51,0.3676,+0.4041,-5.8880,6.2557,31.4560,-185.9905,7006.4238,7006.4238
4142,0.51,-0.7035,+0.2641,-5.9004,5.1969,42.7825,-186.2314,6955.7124,6955.7124
4143,0.49,4.1239,-2.2246,-5.8993,10.0232,4251.2065,-186.8907,7306.1650,7306.1650
4144,0.51,-11.9917,-2.9950,-5.9020,-6.0896,36041.8672,-187.8938,6587.5142,6587.5142
4145,0.50,-1.8216,-1.4146,-5.9221,4.1006,784.5096,-187.2847,7026.2656,7026.2656
4146,0.51,-0.3377,+0.0217,-5.9333,5.5956,20.2154,-187.2817,7107.7959,7107.7959
4147,0.52,-0.3537,+0.2615,-5.9377,5.5840,22.5655,-185.2841,6998.2422,6998.2422
4148,0.53,0.4311,+0.7481,-5.9180,6.3491,57.9095,-191.3140,7445.3359,7445.3359
4149,0.52,-0.3599,+0.3911,-5.9098,5.5498,18.2476,-190.4124,7307.5713,7307.5713
4150,0.52,0.1238,-0.0377,-5.9051,6.0289,28.2422,-188.3042,7158.1006,7158.1006
4151,0.49,-0.1619,-0.5861,-5.9135,5.7516,41.8137,-186.3027,7029.0029,7029.0029
4152,0.51,0.3370,-0.7949,-5.9144,6.2514,180.2614,-182.6324,6772.5879,6772.5879
4153,0.50,0.1881,+0.0561,-5.9015,6.0896,37.4431,-183.5117,6846.6270,6846.6270
4154,0.52,0.2392,+0.0216,-5.8987,6.1379,26.0464,-185.2427,6993.4941,6993.4941
4155,0.51,0.9928,-0.3637,-5.8849,6.8777,268.3536,-188.7218,7288.9951,7288.9951
4156,0.53,1.6171,+0.3283,-5.9025,7.5196,800.1454,-188.3371,7338.5913,7338.5913
4157,0.52,0.0968,+0.1512,-5.9167,6.0135,37.7827,-187.6068,7186.7500,7186.7500
4158,0.50,0.6208,-0.0603,-5.8930,6.5138,67.0906,-189.1548,7328.8789,7328.8789
4159,0.51,0.2781,-0.0779,-5.8934,6.1715,54.4057,-189.4208,7339.7432,7339.7432
4160,0.53,0.5637,-0.4247,-5.8886,6.4523,347.5845,-189.1679,7328.6143,7328.6143
4161,0.53,1.0491,+0.5363,-5.8862,6.9353,330.3229,-189.0041,7298.6016,7298.6016
4162,0.52,-0.0657,-0.1529,-5.8833,5.8176,43.0913,-187.3750,7131.2114,7131.2114
4163,0.52,-0.2112,+0.0579,-5.8716,5.6604,16.3912,-186.4956,7052.8257,7052.8257
4164,0.51,-0.1910,+0.1180,-5.8859,5.6949,29.2424,-188.6614,7183.2075,7183.2075
4165,0.52,1.4150,-0.6734,-5.8743,7.2892,684.4239,-189.0977,7301.4170,7301.4170
4166,0.51,0.5644,-0.6533,-5.9027,6.4671,124.7221,-187.8991,7193.1807,7193.1807
4167,0.52,0.0137,+0.1021,-5.9009,5.9145,22.9817,-188.5840,7193.1470,7193.1470
4168,0.51,0.1774,+0.1002,-5.9135,6.0909,19.9966,-186.6256,7045.6807,7045.6807
4169,0.52,0.2349,+0.4451,-5.8998,6.1347,14.5317,-188.2786,7169.8242,7169.8242
4170,0.50,0.6568,-0.3203,-5.8967,6.5535,51.3098,-187.8604,7143.6729,7143.6729
4171,0.50,0.1846,-0.2108,-5.8776,6.0622,65.3275,-185.4048,6947.2852,6947.2852
4172,0.52,0.4226,+0.0348,-5.8690,6.2916,21.1504,-185.4465,6962.3525,6962.3525
4173,0.51,0.4025,+0.2951,-5.8896,6.2921,79.6402,-183.2540,6802.4434,6802.4434
4174,0.51,0.2295,-0.1480,-5.8645,6.0940,22.0162,-184.9688,6928.4141,6928.4141
4175,0.52,0.0911,+0.6625,-5.8709,5.9620,6.2697,-186.9419,7059.7061,7059.7061
4176,0.51,0.0743,+0.0078,-5.8634,5.9378,8.6223,-185.4431,6949.0010,6949.0010
4177,0.53,0.1551,+0.2053,-5.8437,5.9989,7.0850,-195.2470,7729.1738,7729.1738
4178,0.53,-0.0824,-0.3549,-5.8516,5.7693,5.6870,-187.6543,7076.4707,7076.4707
4179,0.52,0.8049,+0.3783,-5.8459,6.6507,15.9643,-188.4327,7181.7305,7181.7305
4180,0.50,0.5581,+0.0062,-5.8487,6.4067,18.9736,-185.5123,6954.4902,6954.4902
4181,0.49,0.4013,+0.0704,-5.8299,6.2312,15.9622,-188.0091,7133.8262,7133.8262
4182,0.50,0.8611,-0.1467,-5.8505,6.7116,42.1569,-188.4104,7189.1279,7189.1279
4183,0.49,1.5593,+0.1492,-5.8636,7.4229,114.6927,-186.8943,7121.2344,7121.2344
4184,0.51,2.3678,+0.0341,-5.8540,8.2218,248.9822,-185.2325,7049.6328,7049.6328
4185,0.50,0.8720,+0.1040,-5.8614,6.7334,115.5057,-187.0989,7109.0537,7109.0537
4186,0.50,0.9000,+0.1415,-5.8742,6.7742,65.7059,-186.5289,7065.1475,7065.1475
4187,0.52,1.4344,-0.5700,-5.8708,7.3051,153.3357,-184.9640,7032.2690,7032.2690
4188,0.51,1.1502,-0.1117,-5.8761,7.0263,70.1494,-183.6578,6895.7896,6895.7896
4189,0.49,-0.0197,+0.0916,-5.8757,5.8559,285.8996,-185.9947,7059.4062,7059.4062
4190,0.51,1.2881,+0.4069,-5.8717,7.1598,115.5302,-184.4554,6954.7129,6954.7129
4191,0.50,1.3464,+0.4534,-5.8807,7.2271,84.7441,-183.3341,6882.9697,6882.9697
4192,0.50,1.6969,-0.0397,-5.9071,7.6040,181.6616,-180.7433,6739.1064,6739.1064
4193,0.51,0.9732,+0.7741,-5.9078,6.8811,52.8578,-181.5499,6748.3096,6748.3096
4194,0.51,0.8046,-0.3002,-5.8865,6.6910,74.6499,-182.2928,6779.6475,6779.6475
4195,0.52,1.2642,+0.3798,-5.8978,7.1619,108.4308,-181.7628,6787.2319,6787.2319
4196,0.50,1.4848,+0.3447,-5.9185,7.4033,118.2772,-181.9391,6800.7666,6800.7666
4197,0.52,1.8959,+0.0358,-5.8869,7.7827,218.8792,-182.4146,6820.3188,6820.3188
4198,0.49,1.8114,-0.4061,-5.8819,7.6934,180.2535,-184.9642,7033.3750,7033.3750
4199,0.50,1.4281,+0.1404,-5.8791,7.3072,114.0274,-184.7970,7002.6641,7002.6641
4200,0.49,1.0370,+0.1671,-5.8737,6.9108,77.9637,-185.5730,7018.9614,7018.9614
4201,0.52,1.8160,-0.6863,-5.8717,7.6876,311.1189,-185.3813,7024.5088,7024.5088
4202,0.50,1.4335,+0.3228,-5.8631,7.2966,147.2267,-184.8738,7016.5205,7016.5205
4203,0.50,0.9637,-0.3109,-5.8702,6.8339,182.4791,-182.8228,6866.2266,6866.2266
4204,0.51,1.3961,+0.6414,-5.8508,7.2469,81.4267,-184.2166,6943.5747,6943.5747
4205,0.49,1.2287,-0.1896,-5.8457,7.0744,115.2460,-186.7534,7120.9932,7120.9932
4206,0.48,1.2892,+0.4915,-5.8458,7.1350,102.1030,-186.8782,7129.1909,7129.1909
4207,0.49,1.9784,-0.4213,-5.8619,7.8402,550.5989,-186.2167,7183.5078,7183.5078
4208,0.50,1.2270,+0.0580,-5.8529,7.0799,108.5236,-185.7071,7060.0469,7060.0469
4209,0.51,1.6154,+0.0497,-5.8608,7.4762,181.1910,-184.2711,6946.4453,6946.4453
4210,0.49,1.0452,-0.5797,-5.8806,6.9259,158.0746,-183.7854,6915.5918,6915.5918
4211,0.49,1.6148,-0.0363,-5.8674,7.4823,200.4521,-184.5631,6978.3335,6978.3335
4212,0.51,1.7576,+0.0450,-5.8823,7.6400,130.1085,-183.0651,6914.0615,6914.0615
4213,0.51,1.4958,-0.2246,-5.8781,7.3739,125.0151,-182.7882,6871.3975,6871.3975
4214,0.51,1.7405,+0.1961,-5.8841,7.6246,135.2502,-184.2899,6975.2988,6975.2988
4215,0.48,1.3797,+0.1311,-5.8571,7.2368,88.9011,-186.3219,7105.1572,7105.1572
4216,0.51,1.7183,+0.0626,-5.8820,7.6003,176.3774,-185.0978,7028.1128,7028.1128
4217,0.51,0.9675,-0.1855,-5.8611,6.8286,151.3992,-185.9662,7062.6489,7062.6489
4218,0.51,1.1006,+0.1612,-5.8448,6.9454,86.7295,-187.2080,7182.7051,7182.7051
4219,0.49,1.2725,-0.3103,-5.8652,7.1377,103.5740,-186.1790,7100.6055,7100.6055
4220,0.49,1.3953,+0.2272,-5.8707,7.2660,121.1353,-186.8960,7183.2729,7183.2729
4221,0.49,1.3025,+0.2656,-5.8578,7.1603,93.2831,-186.1894,7112.9912,7112.9912
4222,0.51,1.2728,-0.0203,-5.8627,7.1356,80.6943,-185.1346,7028.7207,7028.7207
4223,0.50,1.2054,+0.3232,-5.8758,7.0812,103.5558,-186.8558,7182.5293,7182.5293
4224,0.51,1.2416,+0.2555,-5.8611,7.1027,67.9212,-186.9753,7173.8525,7173.8525
4225,0.50,1.0100,-0.0417,-5.8375,6.8476,96.8222,-186.5010,7089.5723,7089.5723
4226,0.50,1.2290,-0.1783,-5.8490,7.0781,79.1228,-185.3262,7013.2178,7013.2178
4227,0.51,8.2104,+0.8535,-5.8551,14.0655,13496.3281,-186.1115,7470.5059,7470.5059
4228,0.50,0.9217,-0.1004,-5.8695,6.7912,53.4739,-186.6633,7124.4097,7124.4097
4229,0.50,2.8847,-0.5421,-5.8739,8.7586,646.6095,-185.5146,7123.8164,7123.8164
4230,0.50,1.8190,+0.1027,-5.8596,7.6787,209.2339,-185.2884,7041.4072,7041.4072
4231,0.51,1.4325,-0.2395,-5.8807,7.3132,163.6536,-183.7940,6933.1621,6933.1621
4232,0.49,1.4949,+0.0721,-5.8911,7.3860,119.4437,-183.0385,6865.9922,6865.9922
4233,0.49,1.0270,+0.2255,-5.8963,6.9233,80.0838,-183.2914,6869.9141,6869.9141
4234,0.50,1.3788,-0.3188,-5.8900,7.2688,91.9267,-184.0728,6930.1143,6930.1143
4235,0.51,1.1441,+0.1764,-5.8738,7.0180,121.3516,-184.5069,6978.4570,6978.4570
4236,0.52,0.5447,+0.1667,-5.8682,6.4129,36.3044,-185.5259,7015.1094,7015.1094
4237,0.51,0.6825,-0.2877,-5.8476,6.5302,51.8456,-185.5622,7015.2632,7015.2632
4238,0.50,1.6436,+0.7873,-5.8432,7.4869,147.3001,-184.4527,6985.1748,6985.1748
4239,0.50,1.3396,+0.1868,-5.8633,7.2029,167.1876,-183.3355,6874.6123,6874.6123
4240,0.50,1.2364,-0.0444,-5.9014,7.1378,125.3799,-182.9468,6877.7388,6877.7388
4241,0.51,0.6514,-0.0833,-5.8987,6.5500,25.0898,-184.6028,6925.8115,6925.8115
4242,0.48,0.5946,-0.0896,-5.8786,6.4732,50.6696,-184.5950,6950.9336,6950.9336
4243,0.49,0.5236,-0.1047,-5.8804,6.4040,45.5712,-186.5649,7091.1323,7091.1323
4244,0.50,0.5446,+0.4555,-5.8764,6.4210,32.3945,-187.8316,7172.1436,7172.1436
4245,0.49,0.4121,+0.2303,-5.8653,6.2774,39.2859,-189.1569,7274.0850,7274.0850
4246,0.49,0.7830,+0.4253,-5.8555,6.6384,32.7102,-186.8180,7122.2129,7122.2129
4247,0.51,0.5818,+0.0202,-5.8406,6.4224,57.2453,-187.6844,7127.3926,7127.3926
4248,0.50,0.6292,+0.2685,-5.8242,6.4533,49.6524,-187.7996,7121.4971,7121.4971
4249,0.51,0.3052,-0.0253,-5.8240,6.1292,39.0064,-188.6441,7163.6450,7163.6450
4250,0.52,0.3455,-0.0135,-5.8416,6.1871,7.7321,-190.7859,7340.1768,7340.1768
4251,0.51,0.3303,-0.1557,-5.8317,6.1620,29.8839,-188.3488,7160.8584,7160.8584
4252,0.50,0.2250,+0.2895,-5.8201,6.0452,18.7654,-188.5748,7158.5312,7158.5312
4253,0.51,0.2805,-0.0790,-5.8447,6.1252,7.2106,-188.7023,7188.1240,7188.1240
4254,0.51,0.0911,-0.0789,-5.8668,5.9579,26.1671,-189.3926,7285.4009,7285.4009
4255,0.51,0.2421,-0.3154,-5.8486,6.0907,13.4176,-190.8254,7368.1074,7368.1074
4256,0.51,0.2845,+0.1750,-5.8608,6.1453,10.8594,-190.8749,7364.6768,7364.6768
4257,0.53,0.0227,-0.0720,-5.8574,5.8801,10.9019,-192.4256,7525.8584,7525.8584
4258,0.49,0.0113,-0.1648,-5.8597,5.8710,7.8450,-186.3933,7029.6675,7029.6675
4259,0.53,0.5780,+0.1393,-5.8651,6.4431,18.4227,-192.2266,7551.4229,7551.4229
4260,0.52,0.4760,-0.1668,-5.8676,6.3435,10.2721,-184.4103,6935.7129,6935.7129
4261,0.51,0.6814,+0.3981,-5.8679,6.5494,32.7948,-185.8213,7028.2373,7028.2373
4262,0.51,0.3416,+0.0515,-5.8900,6.2316,73.8049,-186.7505,7108.0713,7108.0713
4263,0.52,0.7363,+0.2528,-5.8834,6.6197,100.6763,-185.1003,6978.9736,6978.9736
4264,0.51,0.3444,+0.3361,-5.8778,6.2223,19.9585,-186.4133,7058.8599,7058.8599
4265,0.51,0.2100,-0.1740,-5.8986,6.1086,39.6912,-185.8771,7041.7695,7041.7695
4266,0.52,0.4235,+0.0297,-5.8800,6.3035,36.6977,-185.2792,6949.3760,6949.3760
4267,0.53,0.6813,+0.2394,-5.8838,6.5651,36.8730,-185.2811,6949.4043,6949.4043
4268,0.52,1.1107,-0.0739,-5.8948,7.0055,56.0010,-182.8131,6806.1973,6806.1973
4269,0.52,1.0793,+0.2139,-5.9044,6.9837,88.4704,-184.1732,6934.3521,6934.3521
4270,0.52,-0.5101,-0.5387,-5.9051,5.3950,101.5026,-183.2289,6765.6416,6765.6416
4271,0.50,0.6408,+0.5012,-5.9229,6.5638,122.2858,-182.4562,6781.3506,6781.3506
4272,0.51,0.7955,-0.4217,-5.9291,6.7247,86.7048,-181.8242,6693.2773,6693.2773
4273,0.52,1.1906,-0.0927,-5.9515,7.1422,102.9839,-181.1292,6699.9878,6699.9878
4274,0.50,1.0228,-0.0073,-5.9388,6.9616,101.5221,-182.2716,6791.9624,6791.9624
4275,0.52,1.4762,-0.0889,-5.9333,7.4095,88.2575,-181.7082,6767.9834,6767.9834
4276,0.50,1.0561,+0.3286,-5.9148,6.9709,76.7212,-182.2915,6759.5195,6759.5195
4277,0.51,0.9148,-0.0729,-5.9245,6.8394,80.1724,-182.2953,6793.3564,6793.3564
4278,0.51,0.8322,-0.5404,-5.9187,6.7508,83.6418,-184.0526,6889.3750,6889.3750
4279,0.51,1.4757,-0.2213,-5.8979,7.3737,122.0990,-181.5153,6709.0723,6709.0723
4280,0.51,1.2789,-0.1081,-5.8998,7.1787,103.1500,-183.1667,6840.3662,6840.3662
4281,0.51,1.8701,-0.0577,-5.8670,7.7371,123.7744,-181.9716,6799.9932,6799.9932
4282,0.50,1.7368,-0.5663,-5.8484,7.5852,122.5603,-182.6925,6838.2119,6838.2119
4283,0.49,1.9463,-0.0867,-5.8418,7.7881,155.9535,-184.4640,6978.8784,6978.8784
4284,0.50,1.9247,-0.2747,-5.8646,7.7893,196.1119,-183.3589,6878.9834,6878.9834
4285,0.51,1.5418,+0.0084,-5.8895,7.4314,112.0040,-184.3874,6943.0537,6943.0537
4286,0.51,1.3340,+0.2645,-5.8829,7.2169,81.6096,-184.4749,6940.1436,6940.1436
4287,0.52,1.4746,+0.1383,-5.8804,7.3549,124.3130,-182.8633,6817.5674,6817.5674
4288,0.51,1.2983,+0.1877,-5.9078,7.2061,103.1750,-181.6735,6710.1089,6710.1089
4289,0.52,1.2506,+0.1235,-5.8960,7.1466,124.5367,-182.6815,6812.5068,6812.5068
4290,0.52,0.7501,-0.0540,-5.9084,6.6585,58.9732,-182.0348,6746.9014,6746.9014
4291,0.51,0.8458,-0.2459,-5.9049,6.7507,67.3189,-182.9952,6819.8486,6819.8486
4292,0.51,0.7521,-0.2133,-5.9137,6.6658,58.6275,-184.6083,6934.7759,6934.7759
4293,0.49,1.1927,+0.1589,-5.9179,7.1107,57.5637,-183.3432,6835.0908,6835.0908
4294,0.49,1.1808,-0.3474,-5.9161,7.0969,91.4190,-183.3279,6833.6968,6833.6968
4295,0.50,2.3116,+0.0433,-5.9098,8.2214,392.9700,-181.8010,6790.2778,6790.2778
4296,0.51,1.2663,+0.3453,-5.9260,7.1924,106.8102,-181.4140,6672.3389,6672.3389
4297,0.49,1.5571,+0.5022,-5.9183,7.4754,87.3403,-182.9476,6819.8989,6819.8989
4298,0.50,1.2992,-0.2908,-5.9393,7.2385,88.5568,-182.5307,6793.4355,6793.4355
4299,0.51,1.3944,-0.4513,-5.9253,7.3197,122.6244,-181.7998,6762.0625,6762.0625
4300,0.50,1.0504,+0.3970,-5.9019,6.9523,60.8749,-183.0574,6819.5928,6819.5928
4301,0.48,0.8745,-0.1833,-5.9066,6.7811,92.6969,-184.7597,6903.9199,6903.9199
4302,0.50,1.1446,+0.0144,-5.8972,7.0418,70.7142,-184.8034,6927.6719,6927.6719
4303,0.51,0.9772,+0.4040,-5.8792,6.8564,95.6957,-183.9258,6885.4258,6885.4258
4304,0.50,1.8028,+0.0200,-5.8881,7.6909,201.8184,-183.4108,6877.7446,6877.7446
4305,0.50,0.9797,-0.0006,-5.8937,6.8734,91.6626,-183.9281,6872.8389,6872.8389
4306,0.50,1.3149,+0.0992,-5.9053,7.2202,80.7170,-183.4231,6855.7266,6855.7266
4307,0.52,1.3605,+0.1445,-5.8965,7.2570,140.1170,-184.2493,6903.5894,6903.5894
4308,0.49,1.2143,-0.1794,-5.8922,7.1066,81.0349,-183.5153,6848.6309,6848.6309
4309,0.51,1.5263,+0.5017,-5.8882,7.4145,136.0520,-181.2401,6684.7441,6684.7441
4310,0.50,1.0360,+0.3138,-5.8810,6.9170,62.7631,-183.5485,6811.3149,6811.3149
4311,0.51,1.4366,-0.0573,-5.9024,7.3390,87.1906,-181.8817,6764.5830,6764.5830
4312,0.49,1.4469,-0.2458,-5.9039,7.3508,113.5699,-181.7185,6766.4565,6766.4565
4313,0.50,0.9547,-0.2481,-5.8889,6.8436,134.7657,-185.1655,6958.5610,6958.5610
4314,0.50,1.6718,-0.0381,-5.8609,7.5327,149.9501,-186.1269,7053.8813,7053.8813
4315,0.51,1.1335,+0.1067,-5.8771,7.0106,100.1665,-184.8653,6977.4238,6977.4238
4316,0.50,1.2298,+0.1343,-5.8494,7.0792,84.2062,-184.7138,6942.2632,6942.2632
4317,0.50,1.2528,-0.1305,-5.8716,7.1245,148.6082,-184.3884,6901.6797,6901.6797
4318,0.51,1.6133,+0.0493,-5.8372,7.4506,102.2684,-184.3058,6885.8340,6885.8340
4319,0.49,2.7763,-0.4527,-5.8463,8.6226,540.2397,-184.6624,6985.8525,6985.8525
4320,0.52,2.2302,+0.2306,-5.8319,8.0621,400.3324,-185.8962,7068.0381,7068.0381
4321,0.53,1.8631,+0.7431,-5.8366,7.6997,261.7328,-184.6369,6968.4390,6968.4390
4322,0.51,1.6222,-0.0745,-5.8709,7.4931,145.4106,-182.0557,6773.2510,6773.2510
4323,0.49,1.2306,+0.6096,-5.8779,7.1085,80.6883,-183.3703,6841.5063,6841.5063
4324,0.51,0.5697,+1.8696,-5.8677,6.4374,87.0535,-184.2720,6841.6699,6841.6699
4325,0.50,1.3561,+0.0132,-5.8711,7.2272,136.9207,-183.0622,6805.1304,6805.1304
4326,0.51,9.6035,-0.2111,-5.8822,15.4858,19787.7715,-182.2074,7511.4600,7511.4600
4327,0.50,1.7031,+2.4424,-5.8836,7.5867,221.0893,-182.8648,6772.7275,6772.7275
4328,0.50,3.4838,+0.0424,-5.8715,9.3553,2229.6860,-184.7614,7087.7051,7087.7051
4329,0.52,4.0556,-1.6176,-5.8544,9.9100,2000.3672,-185.2064,7133.3062,7133.3062
4330,0.49,1.5451,-3.3126,-5.8716,7.4166,125.6634,-185.4722,6959.2773,6959.2773
4331,0.51,4.6651,+0.5207,-5.8828,10.5479,3206.0906,-183.6356,7030.1978,7030.1978
4332,0.50,4.3805,+0.3091,-5.8644,10.2449,2896.5764,-184.0055,7047.1201,7047.1201
4333,0.49,4.1926,-1.5939,-5.8620,10.0546,2686.8196,-185.7273,6993.6440,6993.6440
4334,0.49,-2.4486,-6.4566,-5.8785,3.4299,3109.2981,-185.7648,6749.6743,6749.6743
4335,0.48,5.1208,-1.8412,-5.8998,11.0206,5326.4771,-184.8493,7340.9824,7340.9824
4336,0.49,1.6931,-0.0357,-5.9046,7.5977,568.8260,-186.6405,7124.0420,7124.0420
4337,0.50,1.4365,-1.1412,-5.8728,7.3093,644.7064,-186.4295,7141.8545,7141.8545
4338,0.50,0.2715,+1.4765,-5.9059,6.1773,76.1158,-185.5532,6920.2666,6920.2666
4339,0.49,1.4553,-0.0642,-5.8712,7.3265,251.7552,-187.1052,7067.8838,7067.8838
4340,0.49,1.2061,+0.2673,-5.8646,7.0707,112.6008,-187.8985,7133.8408,7133.8408
4341,0.50,4.7544,-0.1045,-5.8574,10.6118,4129.5337,-187.3266,7408.7910,7408.7910
4342,0.51,1.2591,+0.2985,-5.8693,7.1285,88.0314,-185.9269,6973.0698,6973.0698
4343,0.51,1.4184,+0.6076,-5.8710,7.2894,100.5519,-184.5064,6851.9971,6851.9971
4344,0.48,1.5388,+0.3860,-5.8674,7.4063,96.5405,-185.1987,6934.7373,6934.7373
4345,0.50,1.0910,+0.4930,-5.8788,6.9698,109.9702,-185.5580,6980.0586,6980.0586
4346,0.52,2.6460,+1.6073,-5.8690,8.5150,611.5787,-185.2751,7049.0181,7049.0181
4347,0.51,0.8762,+0.3606,-5.8812,6.7574,85.5546,-183.9556,6821.8501,6821.8501
4348,0.51,0.7531,+0.2387,-5.8729,6.6261,87.2491,-185.4992,6918.5269,6918.5269
4349,0.49,0.4034,+0.4344,-5.8669,6.2704,68.5375,-186.9502,7032.1650,7032.1650
4350,0.49,-2.1207,+2.3360,-5.8603,3.7396,2961.7146,-185.8955,6743.9312,6743.9312
4351,0.50,1.9699,+0.0341,-5.8813,7.8512,295.8802,-185.8696,7085.9805,7085.9805
4352,0.51,0.3353,+0.0827,-5.8939,6.2292,296.6764,-182.9885,6720.7017,6720.7017
4353,0.51,0.8969,-0.1964,-5.9119,6.8088,61.4601,-184.2951,6883.0522,6883.0522
4354,0.50,1.3726,+0.0969,-5.9197,7.2923,129.2464,-184.5849,6943.8838,6943.8838
4355,0.48,1.7684,+0.3277,-5.8905,7.6589,114.7299,-184.1477,6930.9438,6930.9438
4356,0.50,1.6436,+0.0434,-5.8937,7.5373,127.1208,-183.1996,6834.0249,6834.0249
4357,0.49,0.5249,+1.2634,-5.8958,6.4206,112.5401,-182.5173,6774.0508,6774.0508
4358,0.49,1.3284,+0.1600,-5.8983,7.2267,98.0546,-184.3173,6869.1328,6869.1328
4359,0.49,1.5101,+0.1361,-5.8971,7.4072,81.6935,-185.5409,6969.4463,6969.4463
4360,0.50,1.2253,+0.0969,-5.8788,7.1041,58.0001,-185.0086,6912.8291,6912.8291
4361,0.49,1.3079,-0.0369,-5.8646,7.1725,43.5370,-184.8540,6892.4219,6892.4219
4362,0.49,0.7810,+0.0824,-5.8757,6.6567,51.8317,-185.2425,6922.2632,6922.2632
4363,0.50,1.6762,+0.1215,-5.8927,7.5689,95.9076,-183.2608,6797.8516,6797.8516
4364,0.50,1.2381,+0.1802,-5.8965,7.1346,64.1113,-182.7675,6706.9131,6706.9131
4365,0.49,0.9319,+0.2412,-5.8956,6.8274,55.4103,-184.0141,6838.2305,6838.2305
4366,0.50,0.6055,+0.1953,-5.9024,6.5078,41.8230,-183.7004,6804.7124,6804.7124
4367,0.50,0.9626,+0.0629,-5.9103,6.8729,33.8506,-186.9234,7060.0713,7060.0713
4368,0.49,0.7727,+0.1076,-5.8689,6.6417,27.1705,-188.7878,7170.3320,7170.3320
4369,0.50,0.8148,+0.1175,-5.8466,6.6614,27.4944,-187.3629,7059.7930,7059.7930
4370,0.50,1.1169,-0.1286,-5.8738,6.9906,53.9068,-187.7652,7142.2432,7142.2432
4371,0.51,1.0807,-0.0210,-5.8672,6.9479,64.0886,-186.4690,7017.0371,7017.0371
4372,0.49,0.9165,+0.1476,-5.8929,6.8095,33.7690,-185.8265,6970.2891,6970.2891
4373,0.50,1.0640,-0.0848,-5.9033,6.9673,38.2414,-183.8170,6842.9824,6842.9824
4374,0.49,1.1744,-0.1829,-5.8797,7.0541,46.1270,-185.0910,6925.5449,6925.5449
4375,0.49,1.7036,+0.3839,-5.9110,7.6146,116.7751,-185.1496,7007.2759,7007.2759
4376,0.49,1.7182,-0.0266,-5.9110,7.6292,112.7447,-184.2116,6934.2036,6934.2036
4377,0.49,1.0749,+0.5787,-5.9187,6.9936,140.9965,-187.1541,7124.6846,7124.6846
4378,0.49,1.3967,-0.4275,-5.9217,7.3184,139.2030,-184.3684,6962.7246,6962.7246
4379,0.49,2.1524,+0.4328,-5.9021,8.0546,308.4463,-182.5685,6877.9131,6877.9131
4380,0.50,1.9452,+0.4659,-5.9075,7.8527,121.9611,-183.5051,6890.5098,6890.5098
4381,0.48,1.2308,+0.1857,-5.8947,7.1255,99.5080,-184.3928,6903.4365,6903.4365
4382,0.50,1.7480,+0.2967,-5.9195,7.6676,139.1467,-184.7187,6939.0044,6939.0044
4383,0.50,1.3698,-0.1361,-5.9206,7.2904,67.5740,-181.7547,6706.7607,6706.7607
4384,0.50,1.4237,+0.0862,-5.9354,7.3591,75.0866,-181.8439,6717.6030,6717.6030
4385,0.51,1.3683,+0.1317,-5.9202,7.2885,87.8894,-183.8000,6878.0039,6878.0039
4386,0.49,1.1749,+0.2549,-5.8975,7.0725,67.3229,-183.8169,6876.5439,6876.5439
4387,0.50,1.4877,-0.8572,-5.8740,7.3617,97.8836,-183.4217,6851.0225,6851.0225
4388,0.51,0.5066,-0.1068,-5.8790,6.3855,42.7598,-186.0094,6994.5903,6994.5903
4389,0.50,0.9964,+0.0224,-5.8936,6.8900,31.8469,-187.3740,7113.4297,7113.4297
4390,0.49,0.4318,-0.2491,-5.8933,6.3251,29.8298,-187.5802,7117.9116,7117.9116
4391,0.49,0.8221,+0.1296,-5.8506,6.6726,24.0297,-189.4758,7258.0664,7258.0664
4392,0.51,-0.1446,-1.8841,-5.8549,5.7103,112.0052,-191.9046,7399.6631,7399.6631
4393,0.51,0.6739,-0.1863,-5.8741,6.5480,8.9942,-189.5909,7227.0918,7227.0918
4394,0.50,0.0400,+0.2110,-5.8623,5.9023,20.9740,-189.0064,7176.3965,7176.3965
4395,0.51,0.4991,+0.2821,-5.8642,6.3632,9.9375,-184.2293,6822.1934,6822.1934
4396,0.49,0.5414,-0.0212,-5.8726,6.4139,9.1527,-182.9895,6711.5361,6711.5361
4397,0.50,1.2503,-0.0562,-5.8906,7.1410,32.0470,-182.2957,6688.7886,6688.7886
4398,0.51,0.9926,+0.0657,-5.9079,6.9006,56.7623,-182.7735,6705.5386,6705.5386
4399,0.50,2.5320,+0.4507,-5.9011,8.4332,187.8844,-181.7285,6727.5913,6727.5913
4400,0.50,2.5929,+0.3732,-5.8541,8.4470,171.7735,-181.2738,6701.1650,6701.1650
4401,0.53,1.4860,-0.3337,-5.8630,7.3490,256.4163,-181.5192,6686.1562,6686.1562
4402,0.54,1.1095,+0.3718,-5.8645,6.9739,434.9276,-181.1111,6628.5918,6628.5918
4403,0.54,2.2761,+0.2722,-5.8704,8.1466,155.5232,-180.6307,6632.3203,6632.3203
4404,0.54,2.2600,+0.0355,-5.8614,8.1214,199.3308,-182.1791,6773.2803,6773.2803
4405,0.52,2.3122,+0.3663,-5.8564,8.1686,216.6913,-182.1906,6766.1445,6766.1445
4406,0.53,1.0154,-0.2674,-5.8788,6.8942,96.7892,-182.6273,6724.3306,6724.3306
4407,0.54,1.5223,+0.2662,-5.8893,7.4116,93.1828,-181.6897,6683.1655,6683.1655
4408,0.53,2.2413,-0.4945,-5.8914,8.1327,104.1248,-181.1447,6619.4946,6619.4946
4409,0.53,2.6058,-0.2796,-5.9043,8.5101,203.9732,-178.2526,6453.4639,6453.4639
4410,0.55,2.5638,+0.2148,-5.8730,8.4368,174.5521,-180.1778,6587.4502,6587.4502
4411,0.54,1.6760,+0.1806,-5.8705,7.5465,92.2368,-182.3875,6729.1475,6729.1475
4412,0.54,2.3192,-0.2748,-5.8797,8.1988,154.4636,-182.5776,6778.6372,6778.6372
4413,0.52,2.7097,+0.0444,-5.8772,8.5869,240.9166,-181.9805,6734.0391,6734.0391
4414,0.52,2.0964,+0.3546,-5.8837,7.9801,167.8428,-180.8162,6651.7129,6651.7129
4415,0.55,2.5983,+0.0704,-5.8747,8.4731,210.8780,-183.5781,6867.4512,6867.4512
4416,0.54,2.3326,-0.0632,-5.8956,8.2281,208.6187,-183.3304,6862.6104,6862.6104
4417,0.55,2.5767,-0.1451,-5.8792,8.4559,190.4523,-182.3784,6779.8833,6779.8833
4418,0.54,1.8622,-0.4653,-5.8487,7.7109,92.8424,-184.7457,6875.2847,6875.2847
4419,0.53,1.4835,-0.2271,-5.8621,7.3456,97.5217,-183.9713,6824.2871,6824.2871
4420,0.54,1.5243,-0.5027,-5.8403,7.3646,40.8823,-184.4900,6859.2012,6859.2012
4421,0.55,1.9484,-0.3734,-5.8615,7.8099,131.5837,-182.7795,6732.5811,6732.5811
4422,0.54,1.5490,-0.7006,-5.8434,7.3924,247.8451,-183.8804,6852.0039,6852.0039
4423,0.53,1.8453,-0.0313,-5.8550,7.7003,129.0832,-184.0758,6839.8467,6839.8467
4424,0.53,2.2754,+0.3867,-5.8602,8.1357,269.5014,-184.0525,6865.7158,6865.7158
4425,0.54,2.6742,-0.0279,-5.8701,8.5443,211.2720,-182.3206,6761.6553,6761.6553
4426,0.54,2.0445,+0.2807,-5.8762,7.9207,107.2893,-181.4960,6686.5298,6686.5298
4427,0.51,2.1093,-0.2734,-5.8857,7.9950,125.5243,-180.3290,6618.2778,6618.2778
4428,0.53,1.9815,-0.6649,-5.8934,7.8750,147.2404,-180.6149,6630.5137,6630.5137
4429,0.54,1.9307,-0.3093,-5.8770,7.8077,151.5597,-180.2535,6565.8164,6565.8164
4430,0.55,2.4261,+0.2253,-5.8794,8.3055,148.7690,-179.8060,6564.3872,6564.3872
4431,0.53,2.1361,-0.2382,-5.8709,8.0070,163.7754,-180.7105,6589.1763,6589.1763
4432,0.56,2.8011,-0.1703,-5.8695,8.6706,180.5102,-179.0510,6476.6562,6476.6562
4433,0.53,2.1176,-0.0881,-5.8732,7.9908,130.5345,-178.6875,6420.9834,6420.9834
4434,0.52,0.6442,+0.3314,-5.8642,6.5085,115.3823,-183.4028,6711.2432,6711.2432
4435,0.50,1.8105,-0.1132,-5.8772,7.6878,163.6165,-181.6224,6657.9004,6657.9004
4436,0.53,1.7412,-0.1270,-5.8959,7.6371,55.3612,-181.1458,6605.5679,6605.5679
4437,0.53,2.4421,-0.2003,-5.9010,8.3430,163.2056,-180.8725,6642.9121,6642.9121
4438,0.51,2.5686,+0.2126,-5.8699,8.4385,152.7628,-181.7641,6702.8794,6702.8794
4439,0.52,2.5239,+0.5807,-5.8924,8.4163,195.4431,-180.1596,6593.6016,6593.6016
4440,0.53,2.0601,+0.1394,-5.8625,7.9226,134.1494,-181.4473,6652.0586,6652.0586
4441,0.51,2.6130,+0.0931,-5.8416,8.4546,454.0586,-182.1518,6736.7817,6736.7817
4442,0.53,2.1381,+0.0621,-5.8552,7.9933,100.0488,-182.1022,6694.1211,6694.1211
4443,0.52,2.1872,-0.2520,-5.8434,8.0305,114.9334,-180.1038,6542.8291,6542.8291
4444,0.53,2.2835,-0.0188,-5.8502,8.1337,83.5263,-179.5988,6501.1709,6501.1709
4445,0.54,2.0432,-0.4101,-5.8624,7.9056,90.9716,-180.0206,6547.0684,6547.0684
4446,0.52,2.1547,+0.5207,-5.8567,8.0114,171.1297,-179.5698,6533.9531,6533.9531
4447,0.52,2.4907,-0.0289,-5.8588,8.3495,146.9871,-180.0818,6575.6001,6575.6001
4448,0.51,2.4310,-0.0695,-5.8439,8.2749,122.6066,-179.8146,6572.8848,6572.8848
4449,0.51,2.0804,+0.1521,-5.8408,7.9212,126.6366,-181.1420,6638.4258,6638.4258
4450,0.51,2.6530,-0.3373,-5.8617,8.5147,149.9901,-179.9602,6573.2285,6573.2285
4451,0.51,2.7725,-0.2494,-5.8640,8.6365,211.8331,-180.0036,6587.4785,6587.4785
4452,0.52,3.4971,+0.2723,-5.8574,9.3545,264.4533,-179.6969,6602.2686,6602.2686
4453,0.54,2.9455,-0.0150,-5.8527,8.7983,168.8564,-179.3456,6554.1709,6554.1709
4454,0.53,2.9159,-0.5223,-5.8347,8.7506,162.5716,-181.6077,6696.7588,6696.7588
4455,0.51,3.2761,-0.1396,-5.8521,9.1282,262.2644,-181.0515,6699.3398,6699.3398
4456,0.53,2.3900,-1.0754,-5.8525,8.2424,278.4902,-180.8352,6598.8755,6598.8755
4457,0.53,3.2001,-0.5697,-5.8460,9.0461,210.5438,-181.5242,6710.6274,6710.6274
4458,0.53,3.1100,+0.1582,-5.8482,8.9582,163.8864,-179.3166,6508.8711,6508.8711
4459,0.52,2.8100,-0.0339,-5.8323,8.6422,163.4408,-180.8085,6623.9600,6623.9600
4460,0.52,2.5519,-0.6795,-5.8323,8.3842,314.2576,-180.1114,6576.9478,6576.9478
4461,0.52,3.3168,-0.3272,-5.8709,9.1876,237.0116,-177.7540,6429.8652,6429.8652
4462,0.50,3.2863,+0.0505,-5.8487,9.1350,279.7610,-178.8779,6516.7769,6516.7769
4463,0.52,3.0229,-0.1790,-5.8687,8.8916,259.8975,-179.4129,6543.1416,6543.1416
4464,0.52,3.0125,+0.2428,-5.8752,8.8877,192.8443,-179.2730,6540.5552,6540.5552
4465,0.52,2.6696,+0.3685,-5.8775,8.5471,148.0774,-178.1014,6442.3491,6442.3491
4466,0.52,2.7739,+0.2708,-5.8657,8.6396,425.6258,-178.2865,6483.1401,6483.1401
4467,0.52,3.1433,-0.0840,-5.8603,9.0036,196.3188,-179.4597,6582.0806,6582.0806
4468,0.53,2.7250,-0.4357,-5.8194,8.5444,160.6775,-182.0924,6746.3218,6746.3218
4469,0.53,3.1188,-0.1240,-5.8275,8.9464,174.6983,-181.3393,6684.7573,6684.7573
4470,0.52,3.1437,-0.1999,-5.8330,8.9767,156.7363,-180.8657,6652.5176,6652.5176
4471,0.51,3.1049,+0.2099,-5.8456,8.9505,215.0281,-181.0196,6655.5742,6655.5742
4472,0.53,2.2781,-3.1621,-5.8445,8.1226,211.2149,-180.9902,6645.5469,6645.5469
4473,0.52,3.7325,+2.7170,-5.8326,9.5651,636.3242,-180.5027,6625.9111,6625.9111
4474,0.53,2.8732,+0.0886,-5.8389,8.7120,201.0135,-181.8559,6724.4072,6724.4072
4475,0.51,3.2789,+0.0804,-5.8217,9.1006,326.5097,-182.2724,6794.6641,6794.6641
4476,0.52,2.1287,-0.0987,-5.8546,7.9834,150.8334,-181.6942,6699.3037,6699.3037
4477,0.52,3.7885,-0.3751,-5.8710,9.6595,647.3550,-180.5513,6682.1182,6682.1182
4478,0.51,2.5235,-0.0604,-5.8836,8.4071,159.7910,-180.3271,6627.8926,6627.8926
4479,0.52,2.7199,-0.0139,-5.8703,8.5902,166.8737,-178.9738,6541.7734,6541.7734
4480,0.51,3.1155,-0.6419,-5.8748,8.9903,300.6613,-179.4944,6582.5820,6582.5820
4481,0.51,2.8319,+0.4468,-5.8995,8.7314,309.7892,-178.1159,6460.4639,6460.4639
4482,0.52,2.9920,+0.2791,-5.9084,8.9004,240.9066,-179.2215,6548.2598,6548.2598
4483,0.50,2.7486,-0.3617,-5.8951,8.6437,148.8670,-179.9041,6583.9834,6583.9834
4484,0.51,2.8044,-0.0323,-5.8850,8.6894,163.5796,-180.9816,6668.1470,6668.1470
4485,0.52,3.2817,-0.3384,-5.8409,9.1226,263.1993,-181.5976,6695.4238,6695.4238
4486,0.50,2.9133,+0.6387,-5.8621,8.7754,198.1576,-179.5934,6586.1465,6586.1465
4487,0.51,3.1500,+0.6853,-5.8521,9.0020,289.5409,-180.7668,6662.2451,6662.2451
4488,0.53,2.9914,-0.9790,-5.8610,8.8524,227.1098,-180.7902,6663.0107,6663.0107
4489,0.52,3.0411,-0.2675,-5.8645,8.9055,242.7673,-180.5060,6620.1587,6620.1587
4490,0.50,2.6562,-0.0097,-5.8633,8.5195,227.8313,-181.8269,6682.2334,6682.2334
4491,0.52,2.2187,+0.0029,-5.8461,8.0648,92.0012,-182.2835,6716.3496,6716.3496
4492,0.54,1.6380,+0.0237,-5.8649,7.5029,69.8742,-182.0539,6668.1611,6668.1611
4493,0.51,2.3747,-0.5433,-5.8489,8.2237,222.1509,-181.6019,6690.3760,6690.3760
4494,0.51,2.0243,+0.2368,-5.8643,7.8886,99.3342,-181.6845,6647.6768,6647.6768
4495,0.52,2.0851,-0.0855,-5.8780,7.9631,112.7015,-181.1651,6602.3623,6602.3623
4496,0.52,2.1745,-0.1768,-5.8662,8.0407,101.5841,-181.5131,6622.5898,6622.5898
4497,0.52,1.9608,+0.2813,-5.8580,7.8189,88.5280,-183.3465,6768.2451,6768.2451
4498,0.52,1.9111,-0.2665,-5.8586,7.7697,89.9108,-183.8425,6793.0078,6793.0078
4499,0.52,1.9891,+0.1569,-5.8478,7.8369,82.3352,-184.8748,6886.9150,6886.9150
4500,0.53,2.0037,+0.3599,-5.8608,7.8644,98.7773,-184.6029,6883.0161,6883.0161
4501,0.51,2.0114,-0.1060,-5.8503,7.8617,88.5125,-183.3251,6794.6230,6794.6230
4502,0.52,1.8673,+0.1022,-5.8534,7.7206,91.9930,-185.1548,6934.0620,6934.0620
4503,0.52,2.2633,-0.1464,-5.8770,8.1403,117.1908,-185.1653,6936.2207,6936.2207
4504,0.52,2.3566,+0.1193,-5.8674,8.2240,165.9091,-184.0691,6822.8784,6822.8784
4505,0.53,4.0988,+0.9296,-5.8770,9.9758,574.7764,-182.9152,6804.0430,6804.0430
4506,0.52,4.3484,-1.7717,-5.9106,10.2591,1071.3762,-181.1860,6704.7959,6704.7959
4507,0.53,2.3901,+0.5239,-5.8839,8.2740,220.9527,-182.9808,6744.8931,6744.8931
4508,0.50,2.9697,-0.2980,-5.8873,8.8570,196.6701,-181.7097,6704.9932,6704.9932
4509,0.50,2.8392,-0.6583,-5.8866,8.7258,173.7750,-183.1815,6760.0703,6760.0703
4510,0.52,3.1610,-0.3250,-5.8611,9.0221,301.9407,-183.3780,6807.8862,6807.8862
4511,0.51,2.1590,+0.1893,-5.8573,8.0163,143.4842,-183.8294,6801.2686,6801.2686
4512,0.53,3.0388,-0.4432,-5.8704,8.9092,267.2849,-183.5062,6801.1689,6801.1689
4513,0.52,2.9688,-0.1461,-5.8691,8.8379,225.9306,-181.6327,6668.5229,6668.5229
4514,0.52,2.9122,-0.2788,-5.8767,8.7888,161.5463,-181.3704,6658.4194,6658.4194
4515,0.53,3.0403,-0.0165,-5.8709,8.9112,192.8367,-181.6361,6693.5352,6693.5352
4516,0.52,2.3904,+0.3755,-5.8863,8.2767,86.2534,-182.0981,6658.4614,6658.4614
4517,0.51,2.5108,+0.4906,-5.8848,8.3956,188.1348,-181.2560,6634.3813,6634.3813
4518,0.52,3.4630,-0.2185,-5.8872,9.3502,507.9380,-180.3391,6586.2827,6586.2827
4519,0.51,2.4935,+0.6481,-5.8831,8.3767,177.1017,-181.3362,6621.8550,6621.8550
4520,0.51,4.0294,+0.0417,-5.8732,9.9026,1177.7976,-182.2658,6837.3047,6837.3047
4521,0.52,2.4392,+1.4981,-5.8600,8.2992,181.4368,-182.5329,6698.3369,6698.3369
4522,0.53,2.1356,-0.9738,-5.8763,8.0119,133.5221,-181.6334,6606.2290,6606.2290
4523,0.52,3.1876,+0.0235,-5.8791,9.0666,440.9232,-181.9510,6743.9492,6743.9492
4524,0.51,1.8174,-0.5772,-5.8553,7.6726,251.2493,-182.0533,6665.0186,6665.0186
4525,0.51,2.4596,+0.7017,-5.8750,8.3346,404.6242,-183.9856,6866.1650,6866.1650
4526,0.52,2.7330,+0.3413,-5.8625,8.5955,96.4981,-183.2885,6802.9824,6802.9824
4527,0.51,2.7222,-0.1481,-5.8742,8.5964,106.8912,-181.3313,6631.0801,6631.0801
4528,0.52,2.1638,-0.6064,-5.8475,8.0113,110.1481,-181.9735,6667.1709,6667.1709
4529,0.53,2.8167,+0.2311,-5.8588,8.6755,226.5435,-182.5598,6752.0000,6752.0000
4530,0.52,1.9654,+0.2687,-5.8369,7.8022,285.1714,-183.8042,6794.0479,6794.0479
4531,0.53,1.0924,-0.2974,-5.8242,6.9166,77.4279,-184.2159,6774.3911,6774.3911
4532,0.53,1.2318,+0.0714,-5.8277,7.0595,90.8830,-184.7226,6814.6367,6814.6367
4533,0.53,2.0594,+0.2895,-5.8503,7.9097,102.2708,-182.2664,6676.3184,6676.3184
4534,0.54,2.1078,-0.1117,-5.8743,7.9822,99.3378,-180.8903,6577.5664,6577.5664
4535,0.53,1.7753,+0.0059,-5.8753,7.6506,84.5520,-182.1352,6655.1694,6655.1694
4536,0.52,1.8225,+0.1739,-5.8644,7.6869,90.3030,-182.3422,6655.6426,6655.6426
4537,0.52,1.9672,+0.1841,-5.8582,7.8254,81.6404,-181.7072,6632.6748,6632.6748
4538,0.53,2.1988,+0.1736,-5.8802,8.0789,104.5500,-183.7151,6804.6323,6804.6323
4539,0.53,2.3284,+0.0461,-5.8658,8.1942,138.9276,-184.0757,6810.6406,6810.6406
4540,0.51,2.4710,-0.8029,-5.8810,8.3520,278.9249,-183.6192,6793.9561,6793.9561
4541,0.54,2.3862,-0.4862,-5.8832,8.2694,118.1707,-183.0792,6775.5879,6775.5879
4542,0.53,2.1038,-0.0153,-5.8598,7.9636,96.4892,-181.8721,6671.7329,6671.7329
4543,0.50,2.0619,-0.6026,-5.8731,7.9351,216.3685,-182.1549,6708.0430,6708.0430
4544,0.52,2.3716,-0.0453,-5.8357,8.2073,109.7107,-184.3482,6824.9961,6824.9961
4545,0.52,1.8100,-0.6328,-5.8459,7.6559,67.9563,-184.1231,6765.0396,6765.0396
4546,0.51,2.2646,-0.1553,-5.8361,8.1007,102.0838,-184.7363,6837.4043,6837.4043
4547,0.51,2.6572,-0.1995,-5.8529,8.5101,153.3977,-183.5335,6772.0151,6772.0151
4548,0.53,1.7389,-0.3449,-5.8617,7.6006,120.2765,-184.1899,6755.2559,6755.2559
4549,0.53,2.1853,-0.1810,-5.8482,8.0335,92.3037,-182.3340,6635.3809,6635.3809
4550,0.51,2.1184,-0.1284,-5.8633,7.9817,53.1341,-181.5330,6553.9912,6553.9912
4551,0.49,1.8273,+0.1897,-5.8677,7.6950,68.3218,-182.2221,6620.7578,6620.7578
4552,0.51,1.7606,+0.7039,-5.8944,7.6550,45.0426,-180.3330,6504.9185,6504.9185
4553,0.53,2.0492,+0.3083,-5.8969,7.9461,139.6695,-183.6380,6766.6699,6766.6699
4554,0.52,2.2413,-0.1825,-5.8979,8.1392,114.9305,-183.0540,6732.7314,6732.7314
4555,0.50,1.4008,-0.2235,-5.8898,7.2906,68.7371,-184.2959,6758.7241,6758.7241
4556,0.51,1.9696,+0.2347,-5.8686,7.8381,135.1270,-183.2603,6710.8120,6710.8120
4557,0.52,2.1288,-0.1317,-5.8806,8.0094,159.6815,-181.5211,6599.8384,6599.8384
4558,0.51,1.8956,-0.1199,-5.8750,7.7707,82.2890,-184.3428,6819.3716,6819.3716
4559,0.50,1.0375,-1.0655,-5.9136,6.9512,57.6966,-183.3239,6677.1113,6677.1113
4560,0.54,1.7273,-0.0615,-5.9129,7.6402,88.0861,-182.9882,6718.8311,6718.8311
4561,0.51,2.6892,-0.5169,-5.9212,8.6104,174.0068,-181.1774,6606.7373,6606.7373
4562,0.53,2.4128,-0.0621,-5.8985,8.3113,155.4023,-182.1782,6668.8506,6668.8506
4563,0.51,1.5637,+1.2164,-5.8729,7.4366,250.0417,-183.5791,6673.7314,6673.7314
4564,0.53,2.7810,-0.2084,-5.8680,8.6490,196.8788,-182.2734,6650.9419,6650.9419
4565,0.51,3.3578,-0.1320,-5.8791,9.2370,230.7005,-182.1290,6690.5361,6690.5361
4566,0.51,3.9294,+0.0232,-5.8798,9.8092,269.2306,-181.0980,6643.9082,6643.9082
4567,0.52,2.7869,+0.2849,-5.8835,8.6703,133.3678,-180.4748,6536.1562,6536.1562
4568,0.52,3.0133,-0.0315,-5.8652,8.8785,162.5835,-179.2011,6435.9863,6435.9863
4569,0.52,3.4271,+0.1650,-5.8615,9.2886,161.8344,-180.3080,6538.4219,6538.4219
4570,0.52,3.1945,-0.5232,-5.8749,9.0693,177.7137,-180.0663,6514.0049,6514.0049
4571,0.52,3.8256,-0.4816,-5.8674,9.6930,248.9269,-179.0494,6487.8540,6487.8540
4572,0.52,3.1280,+0.0175,-5.8817,9.0097,132.9957,-179.1062,6452.7197,6452.7197
4573,0.50,3.7867,-0.6145,-5.8370,9.6237,315.4734,-178.9051,6454.9458,6454.9458
4574,0.52,4.0322,-0.1198,-5.8500,9.8821,294.7231,-177.6966,6365.5283,6365.5283
4575,0.52,4.1844,+0.8553,-5.8535,10.0379,337.1729,-177.0645,6330.3833,6330.3833
4576,0.51,3.6845,+0.1156,-5.8761,9.5606,193.5374,-177.2565,6347.7554,6347.7554
4577,0.50,4.2824,+0.2346,-5.8668,10.1493,284.0078,-176.8095,6349.1016,6349.1016
4578,0.51,3.2021,+0.3689,-5.8573,9.0594,177.5991,-177.2806,6330.5947,6330.5947
4579,0.51,3.7145,-0.1749,-5.8863,9.6009,205.8326,-175.9254,6267.8149,6267.8149
4580,0.51,4.1215,-0.1728,-5.9085,10.0300,306.1858,-175.2469,6271.1445,6271.1445
4581,0.50,3.5694,+0.0898,-5.8882,9.4576,219.1984,-175.7006,6277.7954,6277.7954
4582,0.51,4.3012,+0.6982,-5.8736,10.1748,257.3688,-175.8253,6308.0405,6308.0405
4583,0.51,4.4175,-0.5252,-5.8562,10.2738,258.3578,-175.8472,6304.9590,6304.9590
4584,0.50,3.1886,+0.0375,-5.8784,9.0670,161.8954,-175.4525,6188.8545,6188.8545
4585,0.51,3.5712,-0.3406,-5.8774,9.4486,172.9126,-176.4661,6280.2153,6280.2153
4586,0.52,3.2422,+0.4893,-5.8693,9.1115,309.3114,-176.9947,6327.0557,6327.0557
4587,0.51,4.1707,+0.4114,-5.8766,10.0472,338.7093,-176.9932,6353.2656,6353.2656
4588,0.50,2.9258,-0.1038,-5.8755,8.8013,118.0302,-177.2809,6316.9814,6316.9814
4589,0.51,3.1105,-0.2184,-5.8858,8.9962,181.4571,-176.7572,6295.0020,6295.0020
4590,0.51,3.3959,+0.4085,-5.8869,9.2828,175.7952,-178.4329,6440.7554,6440.7554
4591,0.52,3.4546,+0.2775,-5.8916,9.3462,196.5677,-178.4292,6422.5068,6422.5068
4592,0.51,2.9003,-0.3323,-5.8891,8.7893,136.2085,-177.4124,6354.6152,6354.6152
4593,0.52,3.5508,-0.0690,-5.8731,9.4239,154.6036,-178.2016,6411.2754,6411.2754
4594,0.50,3.8227,+0.5530,-5.8884,9.7112,228.3948,-176.1078,6246.7178,6246.7178
4595,0.51,3.0742,-0.2663,-5.8623,8.9365,259.2906,-178.8241,6430.0308,6430.0308
4596,0.51,3.9844,-0.4172,-5.8493,9.8337,345.1444,-176.8618,6318.2002,6318.2002
4597,0.50,3.6501,-0.3725,-5.8775,9.5276,215.9963,-178.0285,6389.1211,6389.1211
4598,0.52,3.5124,+0.1759,-5.8822,9.3947,158.6133,-178.8381,6421.2837,6421.2837
4599,0.51,2.5277,+0.0053,-5.8809,8.4085,80.0200,-180.2578,6492.7769,6492.7769
4600,0.52,3.1088,-0.4327,-5.8651,8.9738,149.4461,-181.7841,6640.5283,6640.5283
4601,0.50,3.0887,+0.1858,-5.8885,8.9771,105.0054,-179.8409,6504.5698,6504.5698
4602,0.52,3.1810,-0.3194,-5.8901,9.0710,145.0652,-178.4055,6417.8115,6417.8115
4603,0.50,3.6365,-0.1783,-5.8865,9.5230,150.4886,-178.8056,6449.3115,6449.3115
4604,0.50,3.6565,-0.0258,-5.8881,9.5445,193.0868,-178.9937,6495.7988,6495.7988
4605,0.51,3.5569,+0.5329,-5.8835,9.4404,190.5282,-179.4345,6515.0557,6515.0557
4606,0.50,3.6306,-0.2106,-5.8706,9.5012,119.8367,-179.3396,6467.8867,6467.8867
4607,0.50,2.8826,-0.3839,-5.8841,8.7667,121.8273,-179.8685,6481.8560,6481.8560
4608,0.50,3.5578,+0.1563,-5.9037,9.4615,195.8650,-179.4770,6525.9565,6525.9565
4609,0.51,2.7568,+0.5299,-5.8890,8.6458,182.4315,-179.1674,6472.6768,6472.6768
4610,0.51,2.2703,-0.1322,-5.9118,8.1821,298.3399,-178.7764,6429.6343,6429.6343
4611,0.50,3.0902,-0.0023,-5.9156,9.0058,377.6429,-180.1043,6551.3945,6551.3945
4612,0.51,2.6933,+0.4658,-5.9089,8.6021,138.2669,-180.7730,6530.4932,6530.4932
4613,0.50,3.0900,-0.1506,-5.8857,8.9757,141.2396,-180.7726,6577.5986,6577.5986
4614,0.51,3.4828,+0.1226,-5.8780,9.3607,190.2839,-179.5081,6521.6816,6521.6816
4615,0.53,4.1266,+0.0376,-5.8846,10.0113,271.9276,-179.3971,6558.6304,6558.6304
4616,0.52,2.4832,-0.3037,-5.8875,8.3707,396.9339,-180.9643,6495.4917,6495.4917
4617,0.50,4.5258,-0.0668,-5.9066,10.4324,438.7282,-179.1344,6572.9629,6572.9629
4618,0.50,3.4894,-0.4246,-5.8877,9.3772,197.6591,-178.9281,6466.0454,6466.0454
4619,0.50,3.5438,-0.5845,-5.8944,9.4382,248.8683,-178.8640,6476.3120,6476.3120
4620,0.51,4.4598,-0.3821,-5.8714,10.3312,323.2224,-178.0877,6482.9624,6482.9624
4621,0.51,3.9090,+0.1934,-5.8745,9.7835,269.7778,-176.4361,6334.6230,6334.6230
4622,0.50,3.8249,+0.1130,-5.8918,9.7168,225.9143,-177.7744,6421.9575,6421.9575
4623,0.50,4.3642,-0.6916,-5.8724,10.2366,372.9583,-177.3384,6434.4092,6434.4092
4624,0.51,4.2941,-0.2026,-5.8517,10.1458,329.1048,-176.8498,6337.4160,6337.4160
4625,0.51,3.3751,-0.1487,-5.8740,9.2492,111.6975,-178.5763,6429.6182,6429.6182
4626,0.50,4.0810,+0.0611,-5.8692,9.9502,214.5704,-179.2307,6470.7109,6470.7109
4627,0.49,4.6716,-0.0458,-5.8734,10.5449,414.3929,-177.6744,6400.6592,6400.6592
4628,0.52,4.0657,+0.8270,-5.8750,9.9407,282.6549,-177.2120,6380.4092,6380.4092
4629,0.50,4.1891,-0.0786,-5.8693,10.0584,276.9798,-176.8096,6348.8604,6348.8604
4630,0.49,3.5957,+0.3883,-5.8883,9.4840,161.5853,-178.2740,6434.1748,6434.1748
4631,0.51,4.2882,+0.2417,-5.8793,10.1675,423.9932,-177.7354,6438.2881,6438.2881
4632,0.51,3.7517,-1.8567,-5.8819,9.6337,604.9102,-178.4908,6494.7173,6494.7173
4633,0.49,2.9375,+2.2968,-5.8945,8.8320,171.6918,-177.9603,6395.3638,6395.3638
4634,0.49,3.0173,+0.2392,-5.9092,8.9266,133.0115,-177.7651,6406.3979,6406.3979
4635,0.50,3.6499,-0.5198,-5.8991,9.5490,149.3256,-179.0424,6519.0015,6519.0015
4636,0.50,4.0432,-0.4834,-5.9023,9.9455,183.7179,-179.0514,6535.3428,6535.3428
4637,0.50,2.0699,-2.8332,-5.9072,7.9772,168.3642,-175.8667,6213.6108,6213.6108
4638,0.49,3.3263,+0.5542,-5.9095,9.2358,423.2934,-177.7007,6414.6348,6414.6348
4639,0.48,3.9196,-0.0639,-5.9037,9.8234,489.1021,-178.5717,6471.8506,6471.8506
4640,0.51,4.2847,+0.1027,-5.8989,10.1837,225.9512,-178.3115,6470.4878,6470.4878
4641,0.51,2.1188,+2.0642,-5.8548,7.9736,519.9628,-179.4616,6404.3564,6404.3564
4642,0.49,3.8602,+0.1291,-5.8549,9.7151,254.4293,-181.2314,6643.9141,6643.9141
4643,0.49,4.2859,+1.2624,-5.8577,10.1436,390.0159,-178.6520,6495.8066,6495.8066
4644,0.48,4.5113,+0.6676,-5.8282,10.3395,563.6372,-180.1177,6634.5684,6634.5684
4645,0.51,3.2842,+0.9685,-5.8395,9.1237,166.6901,-180.9921,6608.0576,6608.0576
4646,0.50,5.7515,-2.4936,-5.8625,11.6140,1880.7111,-179.5598,6680.3379,6680.3379
4647,0.48,4.3419,-0.0585,-5.8546,10.1966,277.5860,-179.7981,6564.0918,6564.0918
4648,0.49,3.6845,+0.3795,-5.8598,9.5442,139.2650,-181.3696,6664.1421,6664.1421
4649,0.51,3.4130,-0.2012,-5.8697,9.2827,166.4523,-180.0781,6574.6699,6574.6699
4650,0.51,3.6527,-0.0784,-5.8798,9.5325,158.8699,-180.2461,6581.4746,6581.4746
4651,0.50,3.2060,+0.5630,-5.8282,9.0341,125.4938,-180.8278,6599.0181,6599.0181
4652,0.49,3.8003,-0.2381,-5.8505,9.6508,288.4225,-181.4425,6686.7852,6686.7852
4653,0.52,3.8536,-0.2947,-5.8729,9.7265,264.5288,-180.0835,6578.4409,6578.4409
4654,0.47,3.6780,-0.4265,-5.8853,9.5633,346.6066,-177.8616,6432.4727,6432.4727
4655,0.50,3.0927,-0.5931,-5.8667,8.9594,177.9659,-179.5589,6523.8423,6523.8423
4656,0.49,0.9639,-3.3922,-5.8582,6.8221,910.1274,-177.8203,6196.9395,6196.9395
4657,0.53,3.3185,+0.4878,-5.8745,9.1929,194.9835,-179.0992,6515.4194,6515.4194
4658,0.51,4.3208,-3.2783,-5.8756,10.1964,723.9576,-179.0221,6576.2495,6576.2495
4659,0.50,4.9210,-2.0362,-5.8547,10.7757,583.2913,-178.4704,6563.7275,6563.7275
4660,0.52,3.5847,-0.1422,-5.8874,9.4721,140.0388,-178.0365,6415.8545,6415.8545
4661,0.51,7.0263,+4.6609,-5.8708,12.8972,4651.1470,-179.2791,6724.1284,6724.1284
4662,0.49,6.4688,-1.5502,-5.8844,12.3532,3527.4517,-178.2246,6614.0811,6614.0811
4663,0.50,3.4016,+0.0655,-5.9020,9.3036,183.8684,-178.3292,6441.9624,6441.9624
4664,0.51,2.8591,-0.4318,-5.8836,8.7427,129.7858,-180.4921,6542.2676,6542.2676
4665,0.51,3.7213,-0.1206,-5.8821,9.6034,191.2755,-178.8679,6466.3394,6466.3394
4666,0.49,3.3948,-0.1511,-5.8661,9.2610,151.1915,-178.8229,6451.8027,6451.8027
4667,0.50,4.9933,-1.5754,-5.8728,10.8661,785.4752,-177.8701,6495.5518,6495.5518
4668,0.50,3.3366,+0.3429,-5.8924,9.2289,179.3824,-175.9261,6277.3438,6277.3438
4669,0.52,2.8683,+0.0100,-5.8947,8.7630,88.5966,-177.7860,6378.0322,6378.0322
4670,0.52,3.0607,+0.1953,-5.8941,8.9548,128.6482,-177.5681,6367.4399,6367.4399
4671,0.50,3.3266,-0.7292,-5.8746,9.2013,119.9053,-178.7010,6454.1968,6454.1968
4672,0.50,3.8461,+0.1883,-5.8879,9.7339,190.5073,-179.0923,6497.3188,6497.3188
4673,0.49,3.4123,+0.1654,-5.8647,9.2769,212.3272,-179.3979,6499.1221,6499.1221
4674,0.50,3.8030,-0.0279,-5.8567,9.6597,198.0800,-179.3895,6470.5088,6470.5088
4675,0.49,4.1543,-0.2209,-5.8491,10.0034,248.4898,-178.8782,6455.5767,6455.5767
4676,0.49,7.0427,-1.2451,-5.8532,12.8959,3503.0657,-179.0549,6720.6221,6720.6221
4677,0.49,4.3313,+0.0270,-5.8527,10.1840,261.4973,-178.6118,6449.8921,6449.8921
4678,0.49,4.0603,+0.4388,-5.8583,9.9186,313.2802,-178.5455,6435.0889,6435.0889
4679,0.51,4.2802,-0.3865,-5.8819,10.1621,257.4726,-177.0219,6335.8994,6335.8994
4680,0.49,3.5579,-0.0212,-5.8789,9.4368,236.7832,-177.5845,6341.2700,6341.2700
4681,0.50,2.8907,-0.0056,-5.8692,8.7599,195.2492,-178.9712,6388.5928,6388.5928
4682,0.50,3.3860,-0.5287,-5.8760,9.2620,183.9289,-178.7176,6436.3604,6436.3604
4683,0.50,3.9944,-0.5345,-5.8780,9.8724,179.8212,-178.2755,6402.6274,6402.6274
4684,0.48,3.5317,-0.8391,-5.8599,9.3916,270.1071,-179.0979,6433.2710,6433.2710
4685,0.51,3.0911,+0.2229,-5.8479,8.9391,155.4644,-180.6245,6523.7358,6523.7358
4686,0.48,3.1781,+0.5865,-5.8554,9.0335,156.4852,-179.8294,6489.2148,6489.2148
4687,0.49,3.7013,+0.4668,-5.8427,9.5440,179.5327,-179.5457,6509.9487,6509.9487
4688,0.50,3.0237,+0.0654,-5.8417,8.8654,148.1668,-181.1977,6568.0972,6568.0972
4689,0.49,3.8713,-0.3811,-5.8360,9.7073,256.1331,-180.6775,6569.6836,6569.6836
4690,0.48,3.1148,+0.4897,-5.8368,8.9516,123.4513,-180.9346,6528.0039,6528.0039
4691,0.49,3.8165,-0.1665,-5.8691,9.6856,171.5276,-180.1969,6580.8008,6580.8008
4692,0.49,4.2835,-0.1341,-5.8570,10.1405,226.2039,-179.8257,6544.6621,6544.6621
4693,0.50,3.8464,-0.3657,-5.8666,9.7130,195.1298,-177.3114,6326.1445,6326.1445
4694,0.49,4.2956,+0.2356,-5.8502,10.1458,173.8016,-179.8024,6520.0938,6520.0938
4695,0.50,3.7816,+0.1125,-5.8628,9.6444,113.0581,-179.5186,6448.3838,6448.3838
4696,0.47,3.1247,-0.6971,-5.8629,8.9876,134.0401,-180.1789,6469.7637,6469.7637
4697,0.49,3.9768,-0.0895,-5.8541,9.8309,149.2300,-178.4066,6384.7773,6384.7773
4698,0.51,4.3825,+0.1205,-5.8766,10.2590,237.5168,-178.1822,6385.0698,6385.0698
4699,0.50,4.3948,-0.2913,-5.8818,10.2766,197.8123,-177.6124,6368.1265,6368.1265
4700,0.48,4.6469,+0.1269,-5.8694,10.5164,198.7646,-177.0591,6322.2222,6322.2222
4701,0.51,3.9976,+0.2243,-5.8612,9.8588,177.7836,-178.2883,6344.9199,6344.9199
4702,0.52,4.7068,-0.5087,-5.8801,10.5869,277.8287,-176.8268,6341.2100,6341.2100
4703,0.53,4.7578,+0.7813,-5.8720,10.6298,286.9846,-177.1113,6335.7793,6335.7793
4704,0.54,3.8078,+0.5541,-5.8989,9.7067,197.5756,-176.0853,6217.5020,6217.5020
4705,0.53,3.5984,-0.3589,-5.9023,9.5007,160.0720,-177.1593,6267.2998,6267.2998
4706,0.53,4.3128,-0.2880,-5.9002,10.2130,263.1141,-176.6295,6272.3926,6272.3926
4707,0.51,4.5491,+0.1122,-5.8925,10.4416,416.6302,-176.9862,6288.2476,6288.2476
4708,0.51,3.6905,+0.2234,-5.8891,9.5796,152.8538,-176.4967,6215.6396,6215.6396
4709,0.54,4.8711,+0.5590,-5.9134,10.7845,322.7689,-175.9488,6263.9927,6263.9927
4710,0.53,3.7842,+0.0409,-5.8989,9.6831,144.2981,-177.5139,6332.3892,6332.3892
4711,0.54,3.5761,-0.7942,-5.8912,9.4673,204.6036,-176.3456,6245.8423,6245.8423
4712,0.53,4.0179,-0.3671,-5.9016,9.9194,210.6280,-178.0531,6371.6948,6371.6948
4713,0.54,3.8391,+0.4186,-5.8933,9.7324,146.9396,-177.5569,6341.0361,6341.0361
4714,0.52,4.2768,+0.3903,-5.8909,10.1677,157.7441,-178.1691,6402.1934,6402.1934
4715,0.52,3.8521,+0.1370,-5.8876,9.7397,240.6877,-178.0042,6364.8604,6364.8604
4716,0.53,3.3614,+0.4183,-5.8907,9.2522,163.8074,-177.9038,6354.6133,6354.6133
4717,0.52,4.0845,+0.3124,-5.8916,9.9761,152.1710,-179.8942,6559.1484,6559.1484
4718,0.54,3.6730,-0.2275,-5.8814,9.5544,168.5483,-180.4557,6584.5469,6584.5469
4719,0.53,4.6609,-0.0082,-5.8520,10.5130,255.4751,-180.1835,6589.0889,6589.0889
4720,0.51,3.9645,-0.6647,-5.8557,9.8202,154.7564,-179.1469,6494.9248,6494.9248
4721,0.53,3.8005,-0.0742,-5.8354,9.6359,150.8436,-179.8630,6505.6382,6505.6382
4722,0.54,3.8889,+0.2392,-5.8375,9.7263,174.4743,-179.9235,6565.9326,6565.9326
4723,0.53,3.9168,-0.1543,-5.8646,9.7814,170.2054,-178.0587,6419.3516,6419.3516
4724,0.53,4.1044,+0.2000,-5.8670,9.9714,230.9785,-178.8814,6494.5913,6494.5913
4725,0.53,4.5649,+0.5169,-5.8424,10.4074,226.4392,-178.8776,6499.5137,6499.5137
4726,0.52,4.8301,+0.5798,-5.8526,10.6827,278.2249,-179.2715,6522.0801,6522.0801
4727,0.53,3.5535,-0.0345,-5.8431,9.3966,142.8144,-179.5630,6451.2290,6451.2290
4728,0.55,4.5157,-0.1804,-5.8506,10.3663,279.5152,-179.9932,6575.7290,6575.7290
4729,0.53,4.3156,-0.0146,-5.8641,10.1798,256.2467,-178.0777,6414.7549,6414.7549
4730,0.54,5.3574,+0.0400,-5.8585,11.2159,393.2426,-178.0868,6454.7236,6454.7236
4731,0.54,5.9825,-0.2875,-5.8448,11.8273,507.9850,-179.0338,6557.8428,6557.8428
4732,0.54,4.7584,-0.3983,-5.8547,10.6130,307.6901,-178.6495,6493.4214,6493.4214
4733,0.52,4.7880,+0.7368,-5.8507,10.6387,308.5164,-178.9569,6509.4839,6509.4839
4734,0.54,4.1884,+0.5466,-5.8446,10.0330,179.2511,-180.3041,6597.9058,6597.9058
4735,0.52,4.8809,+0.0109,-5.8469,10.7278,303.1134,-178.9670,6490.7339,6490.7339
4736,0.54,8.4720,+1.6160,-5.8548,14.3268,6164.7881,-178.2555,6574.6680,6574.6680
4737,0.53,5.7168,+3.2212,-5.8478,11.5646,1301.8015,-178.8787,6517.3857,6517.3857
4738,0.53,5.5683,+1.7827,-5.8465,11.4149,986.6111,-179.7188,6582.3179,6582.3179
4739,0.54,4.8444,-0.0300,-5.8586,10.7030,222.9105,-179.2486,6545.7485,6545.7485
4740,0.52,6.4463,-0.5470,-5.8514,12.2977,1895.1541,-179.4087,6561.6274,6561.6274
4741,0.53,4.2529,+0.4130,-5.8608,10.1137,247.5226,-179.2881,6546.8066,6546.8066
4742,0.53,3.1969,-0.1345,-5.8647,9.0615,800.9502,-177.3321,6343.1221,6343.1221
4743,0.52,4.3096,+0.3108,-5.8562,10.1658,245.3727,-177.8488,6415.3179,6415.3179
4744,0.53,3.5503,-0.3095,-5.8510,9.4013,246.7161,-177.8054,6381.5098,6381.5098
4745,0.51,5.0800,-0.0547,-5.8566,10.9366,349.2936,-179.5036,6575.3623,6575.3623
4746,0.52,3.8668,-0.2864,-5.8690,9.7358,314.8283,-178.6187,6478.7456,6478.7456
4747,0.53,3.7022,-0.3622,-5.8570,9.5592,201.0134,-179.2629,6498.8125,6498.8125
4748,0.53,5.2708,-1.8411,-5.8701,11.1408,1445.2897,-179.2911,6580.4297,6580.4297
4749,0.54,7.2556,+2.0809,-5.8553,13.1110,3556.4971,-178.4743,6657.2500,6657.2500
4750,0.52,5.0321,+0.7031,-5.8630,10.8951,565.0909,-180.0829,6643.4912,6643.4912
4751,0.52,9.8396,-3.8887,-5.8843,15.7239,7989.4766,-179.4251,6930.2266,6930.2266
4752,0.53,3.7418,+1.0029,-5.8789,9.6207,201.1304,-180.1056,6526.6201,6526.6201
4753,0.51,4.4445,-0.2115,-5.8643,10.3087,218.4296,-179.9741,6567.9805,6567.9805
4754,0.53,4.4133,+0.0714,-5.8826,10.2959,177.6122,-179.6788,6561.5654,6561.5654
4755,0.53,4.4281,-0.1813,-5.8753,10.3034,164.4087,-178.0749,6418.1211,6418.1211
4756,0.52,4.4473,+0.2992,-5.8641,10.3114,163.4654,-179.0212,6504.0366,6504.0366
4757,0.52,4.6270,+0.2519,-5.8664,10.4933,220.1211,-180.0090,6574.8223,6574.8223
4758,0.54,3.4730,-0.2697,-5.8321,9.3051,177.0890,-179.7845,6503.2915,6503.2915
4759,0.52,4.0524,-0.6955,-5.8655,9.9179,253.9192,-180.2578,6569.3413,6569.3413
4760,0.53,5.7007,-1.0229,-5.8301,11.5308,1078.5103,-179.7191,6608.9316,6608.9316
4761,0.51,3.8101,-0.1766,-5.8472,9.6573,187.0819,-180.4194,6552.0859,6552.0859
4762,0.52,4.2542,+0.1249,-5.8731,10.1274,216.8521,-179.5804,6509.6348,6509.6348
4763,0.54,3.6524,-0.1580,-5.8674,9.5198,165.7993,-180.5238,6571.8330,6571.8330
4764,0.52,4.5117,-0.4656,-5.8699,10.3816,422.6497,-179.2725,6494.4253,6494.4253
4765,0.53,5.3213,+0.6548,-5.8613,11.1826,302.8383,-180.0303,6599.6675,6599.6675
4766,0.54,4.3168,+0.2058,-5.8702,10.1870,269.4641,-180.1945,6537.3457,6537.3457
4767,0.52,4.3636,+0.2276,-5.8745,10.2381,339.1990,-180.3077,6583.7617,6583.7617
4768,0.52,3.5722,-0.5096,-5.8709,9.4432,153.0785,-179.4638,6484.0361,6484.0361
4769,0.55,5.1999,-0.4067,-5.8557,11.0557,1003.2444,-180.9238,6664.9570,6664.9570
4770,0.54,3.1119,-0.0482,-5.8575,8.9694,383.2035,-179.9608,6497.3887,6497.3887
4771,0.55,6.8119,+1.9976,-5.8680,12.6799,2396.2322,-181.6281,6832.3530,6832.3530
4772,0.53,0.3476,+2.0427,-5.8500,6.1976,3831.0513,-181.4884,6311.6973,6311.6973
4773,0.54,3.6466,+0.3544,-5.8484,9.4949,313.4730,-181.8491,6601.9038,6601.9038
4774,0.54,4.4808,-1.0515,-5.8424,10.3232,285.3596,-181.8040,6656.3418,6656.3418
4775,0.52,4.1933,+0.0221,-5.8501,10.0434,183.3435,-182.6926,6677.1572,6677.1572
4776,0.52,3.8099,+0.0519,-5.8540,9.6639,172.7133,-181.7522,6591.3257,6591.3257
4777,0.51,28.4385,-51.0615,-5.8521,34.2906,88398.0547,-178.4528,8374.1748,8374.1748
4778,0.53,4.2761,+0.4624,-5.8854,10.1616,233.6647,-180.5474,6607.6514,6607.6514
4779,0.56,6.0958,-7.2436,-5.8810,11.9768,1315.1953,-180.3772,6694.5640,6694.5640
4780,0.55,3.0204,-0.3192,-5.8647,8.8851,233.9962,-181.4605,6565.2705,6565.2705
4781,0.51,2.5022,-1.0050,-5.8529,8.3551,209.7711,-181.6736,6533.9028,6533.9028
4782,0.52,-0.8175,-6.7533,-5.8597,5.0422,5893.5684,-179.7313,6281.1572,6281.1572
4783,0.52,4.6255,-3.2991,-5.8695,10.4950,951.5689,-179.2741,6537.5928,6537.5928
4784,0.55,4.2363,-0.1552,-5.8562,10.0925,177.5265,-178.6494,6416.5000,6416.5000
4785,0.54,4.1829,+2.7233,-5.8447,10.0276,303.9016,-180.8296,6572.0020,6572.0020
4786,0.51,4.8903,+0.0635,-5.8422,10.7325,477.2338,-181.8271,6732.2256,6732.2256
4787,0.55,11.1752,-0.2896,-5.8705,17.0457,14516.2061,-179.7426,6976.5420,6976.5420
4788,0.53,5.5373,-0.8830,-5.8772,11.4145,586.5032,-180.5775,6596.3335,6596.3335
4789,0.51,2.9920,-1.6344,-5.8656,8.8577,603.0909,-179.2333,6390.4521,6390.4521
4790,0.51,5.0291,-1.5105,-5.8934,10.9225,606.0229,-178.4356,6455.6074,6455.6074
4791,0.53,2.0756,-1.5029,-5.8854,7.9610,411.2128,-178.5800,6313.4448,6313.4448
4792,0.54,3.8512,+0.5508,-5.8934,9.7446,196.5219,-177.5188,6347.8154,6347.8154
4793,0.52,2.4509,+3.0961,-5.8891,8.3401,360.9340,-177.8255,6284.6450,6284.6450
4794,0.52,8.2473,-0.6027,-5.8920,14.1393,2384.8892,-177.8991,6653.0791,6653.0791
4795,0.52,13.9217,+2.6657,-5.8895,19.8112,19088.2266,-176.6993,6787.8994,6787.8994
4796,0.53,7.2464,-0.8684,-5.8909,13.1373,2228.3650,-176.9664,6494.7188,6494.7188
4797,0.53,0.2056,+6.7890,-5.8853,6.0908,1953.8623,-178.9569,6203.3057,6203.3057
4798,0.52,8.2800,-4.1305,-5.8954,14.1754,2006.4443,-175.6954,6413.9033,6413.9033
4799,0.53,7.2129,-2.6922,-5.8950,13.1078,2557.6748,-176.7914,6501.7295,6501.7295
4800,0.53,7.5673,-0.2232,-5.8982,13.4656,3211.3271,-176.1253,6541.1836,6541.1836
4801,0.53,3.6808,+0.8272,-5.9249,9.6056,195.0925,-175.1117,6173.8066,6173.8066
4802,0.53,8.3791,-1.6918,-5.9132,14.2922,4440.5234,-174.6572,6463.8428,6463.8428
4803,0.54,3.5357,-0.0140,-5.9056,9.4414,498.4898,-175.9032,6164.5332,6164.5332
4804,0.54,3.6995,-0.1948,-5.9058,9.6053,194.7970,-175.1931,6168.3208,6168.3208
4805,0.53,3.4941,+0.2321,-5.9058,9.3999,228.5668,-174.5331,6063.2822,6063.2822
4806,0.55,4.3920,-0.1377,-5.9230,10.3150,239.0630,-174.0732,6128.4790,6128.4790
4807,0.53,4.0957,+0.2404,-5.9263,10.0220,241.0854,-174.1587,6120.8794,6120.8794
4808,0.54,3.6945,+0.3044,-5.9371,9.6315,136.6813,-175.5464,6197.4844,6197.4844
4809,0.53,4.6714,+0.9240,-5.9130,10.5844,257.0044,-176.4311,6320.0771,6320.0771
4810,0.53,4.9175,+1.9889,-5.9005,10.8180,448.0370,-176.8692,6364.4492,6364.4492
4811,0.53,4.0446,+0.4556,-5.8962,9.9408,236.9157,-176.0938,6247.7178,6247.7178
4812,0.53,4.2860,-0.0571,-5.9036,10.1896,687.7173,-177.0078,6318.5977,6318.5977
4813,0.55,4.6927,+0.7420,-5.8908,10.5834,511.3901,-178.5944,6444.8457,6444.8457
4814,0.52,3.7877,+0.3201,-5.8859,9.6736,310.9957,-178.7730,6434.7832,6434.7832
4815,0.54,4.4403,+0.0565,-5.8988,10.3391,203.3333,-178.0577,6410.6396,6410.6396
4816,0.54,4.3110,+0.8589,-5.9027,10.2137,215.4872,-177.7086,6367.9390,6367.9390
4817,0.53,4.8466,+0.6625,-5.8944,10.7410,376.5925,-177.9018,6386.6567,6386.6567
4818,0.53,4.1540,+0.3073,-5.8838,10.0378,222.4155,-178.1668,6365.5273,6365.5273
4819,0.51,4.4149,-0.5118,-5.8988,10.3137,432.1813,-177.5240,6341.5854,6341.5854
4820,0.53,5.2948,+0.7011,-5.8878,11.1826,454.9816,-176.4906,6298.8823,6298.8823
4821,0.55,4.6125,+0.0810,-5.8785,10.4911,262.6793,-177.9981,6361.9951,6361.9951
4822,0.54,5.2800,+0.4109,-5.8697,11.1497,575.6322,-178.6693,6460.9072,6460.9072
4823,0.53,4.2401,+0.3312,-5.8671,10.1072,168.4267,-178.6490,6409.2310,6409.2310
4824,0.53,4.5448,-0.2518,-5.8723,10.4171,208.3205,-181.3132,6620.6475,6620.6475
4825,0.50,4.3685,+1.4500,-5.8733,10.2417,196.8139,-180.1232,6526.2891,6526.2891
4826,0.52,4.0669,+0.0114,-5.8533,9.9202,217.8015,-179.9092,6501.8066,6501.8066
4827,0.51,3.7729,+0.6528,-5.8387,9.6117,356.0652,-180.3237,6465.3667,6465.3667
4828,0.53,4.5125,+0.9706,-5.8415,10.3539,234.8211,-181.1298,6572.1455,6572.1455
4829,0.53,4.7819,-0.4905,-5.8183,10.6002,501.8543,-183.8823,6799.3496,6799.3496
4830,0.55,5.0551,+0.2594,-5.8141,10.8693,541.6642,-184.2377,6812.3687,6812.3687
4831,0.54,4.8818,+0.2563,-5.8428,10.7246,436.9302,-182.3292,6694.5591,6694.5591
4832,0.54,4.2422,+0.9330,-5.8397,10.0819,228.8580,-181.1823,6562.4902,6562.4902
4833,0.52,4.3948,-1.0129,-5.8596,10.2545,613.0908,-181.7039,6628.3691,6628.3691
4834,0.54,4.8909,-0.3973,-5.8522,10.7432,297.4654,-179.7623,6535.6763,6535.6763
4835,0.52,5.1943,+0.7308,-5.8745,11.0688,1095.6718,-179.1024,6454.9043,6454.9043
4836,0.52,3.4657,+1.9869,-5.8609,9.3265,123.8684,-179.3959,6434.1187,6434.1187
4837,0.54,12.5085,+4.3352,-5.8626,18.3712,21227.1035,-179.6422,7021.6890,7021.6890
4838,0.53,4.8503,-5.3688,-5.8665,10.7168,62143.6836,-179.9393,6878.3184,6878.3184
4839,0.52,31.7455,+2.8657,-5.8413,37.5868,176067.9531,-180.4055,9059.6152,9059.6152
4840,0.54,6.9288,+0.3596,-5.8363,12.7650,5022.4604,-179.8717,6675.6450,6675.6450
4841,0.53,4.8222,+1.3854,-5.8869,10.7091,1033.8224,-177.1817,6344.4346,6344.4346
4842,0.51,8.0620,+0.9357,-5.8777,13.9397,3434.8276,-179.2594,6625.2910,6625.2910
4843,0.53,5.0028,-0.0540,-5.8590,10.8618,291.7088,-180.7523,6579.8862,6579.8862
4844,0.53,3.7625,-1.2262,-5.8660,9.6285,4101.6201,-179.7602,6372.2715,6372.2715
4845,0.53,5.2008,-1.1454,-5.8359,11.0367,483.6834,-179.9490,6503.1670,6503.1670
4846,0.54,8.1020,-2.3137,-5.8585,13.9606,2789.5940,-179.6403,6682.7993,6682.7993
4847,0.53,3.2894,-0.6372,-5.8314,9.1208,1923.0999,-179.4954,6402.4453,6402.4453
4848,0.52,0.7157,+1.6819,-5.8544,6.5701,3641.3374,-180.1095,6349.4717,6349.4717
4849,0.54,5.1109,+1.6755,-5.8546,10.9655,594.9850,-180.1328,6540.6846,6540.6846
4850,0.55,3.6020,+3.2412,-5.8568,9.4588,277.9866,-178.3816,6358.6631,6358.6631
4851,0.54,6.2371,+1.7844,-5.8097,12.0468,3029.7898,-178.0558,6418.7710,6418.7710
4852,0.52,6.2217,+0.0122,-5.8664,12.0881,1773.2109,-179.2198,6532.7676,6532.7676
4853,0.52,4.1422,+0.4653,-5.8857,10.0279,232.1280,-179.1512,6416.9888,6416.9888
4854,0.52,9.4168,-2.0007,-5.8223,15.2391,8721.8486,-179.7443,6697.7627,6697.7627
4855,0.54,1.3263,-1.1112,-5.8651,7.1914,1064.3678,-180.1286,6371.0518,6371.0518
4856,0.54,5.0359,-0.8243,-5.8481,10.8840,1070.5010,-180.6420,6551.8052,6551.8052
4857,0.51,7.2469,+3.9110,-5.8700,13.1169,3799.6899,-180.7457,6697.1074,6697.1074
4858,0.53,5.0602,+3.6668,-5.8568,10.9170,1978.8081,-180.9376,6621.1631,6621.1631
4859,0.52,4.9452,+0.3670,-5.8697,10.8150,951.4141,-179.8052,6516.4082,6516.4082
4860,0.52,10.4992,+6.3515,-5.8989,16.3981,16078.4170,-179.6829,7192.9741,7192.9741
4861,0.53,2.6865,+0.3747,-5.8973,8.5838,106.1328,-178.3304,6277.6982,6277.6982
4862,0.51,3.3156,-0.8263,-5.8951,9.2108,211.6959,-180.5981,6498.8828,6498.8828
4863,0.54,10.2458,+2.4484,-5.8689,16.1148,12674.4219,-182.1977,7184.6738,7184.6738
4864,0.52,4.4113,-1.6089,-5.8530,10.2643,693.3384,-183.3982,6777.8657,6777.8657
4865,0.53,3.6753,-0.7031,-5.8593,9.5346,982.4478,-181.8130,6561.0781,6561.0781
4866,0.54,6.5288,-3.6317,-5.8393,12.3681,3525.8269,-185.1030,6994.9863,6994.9863
4867,0.52,12.2926,-0.6269,-5.8368,18.1294,11746.5234,-183.3763,7362.3174,7362.3174
4868,0.52,-3.1824,+1.8525,-5.8448,2.6624,7279.7490,-183.8073,6309.3975,6309.3975
4869,0.53,4.2205,+2.9799,-5.8453,10.0658,5339.1089,-181.4284,6641.1484,6641.1484
4870,0.53,6.1700,+2.0843,-5.8454,12.0155,3534.8303,-183.3254,6892.3535,6892.3535
4871,0.54,3.6914,+0.9720,-5.8182,9.5096,333.7026,-184.7542,6831.6035,6831.6035
4872,0.51,4.3279,+1.4041,-5.8654,10.1933,1093.0603,-181.3489,6643.2974,6643.2974
4873,0.52,4.8230,+1.0378,-5.8656,10.6886,648.6573,-181.7968,6687.7773,6687.7773
4874,0.51,5.5481,-2.6176,-5.8674,11.4155,1607.1143,-182.8213,6801.9282,6801.9282
4875,0.54,2.7422,-0.9306,-5.8741,8.6163,161.7471,-181.3175,6518.9717,6518.9717
4876,0.52,4.9118,-1.4287,-5.8567,10.7685,1339.1093,-183.0240,6795.5562,6795.5562
4877,0.52,12.7089,-3.8228,-5.8336,18.5425,16482.7734,-185.3261,7377.9014,7377.9014
4878,0.53,1.9706,+0.5582,-5.8318,7.8024,275.2311,-184.5295,6689.3438,6689.3438
4879,0.53,5.2671,+0.8121,-5.8376,11.1047,1682.1375,-185.3121,6909.5039,6909.5039
4880,0.54,4.3444,+7.8585,-5.8391,10.1834,3827.5291,-183.3081,6883.9531,6883.9531
4881,0.54,3.4645,-0.0181,-5.8671,9.3316,121.1952,-184.2019,6790.6279,6790.6279
4882,0.53,3.4461,-0.3817,-5.8592,9.3053,118.9724,-182.5880,6657.2061,6657.2061
4883,0.53,3.3448,+0.1563,-5.8579,9.2026,129.7667,-183.7527,6704.2773,6704.2773
4884,0.53,-3.5648,-0.0255,-5.8437,2.2789,14047.8525,-182.4427,5942.2012,5942.2012
4885,0.51,-7.0819,-0.6283,-5.8631,-1.2188,34108.2109,-181.2817,5642.2158,5642.2158
4886,0.52,-2.7628,+8.2554,-5.8823,3.1196,15583.9111,-182.0381,6038.5747,6038.5747
4887,0.53,4.6198,+3.6891,-5.8725,10.4924,686.3776,-182.1345,6724.9897,6724.9897
4888,0.52,4.4741,+2.8578,-5.8463,10.3205,1029.0216,-183.3359,6817.3442,6817.3442
4889,0.53,1.6642,-0.1910,-5.8442,7.5084,3541.5957,-183.7522,6603.5967,6603.5967
4890,0.52,17.5170,+0.4840,-5.8303,23.3473,48649.5703,-183.8243,7607.0430,7607.0430
4891,0.52,5.4853,-1.1676,-5.8199,11.3052,1723.9355,-185.0567,7023.0703,7023.0703
4892,0.52,10.8910,-1.3318,-5.8390,16.7299,14765.9150,-181.9146,7164.8506,7164.8506
4893,0.52,11.0350,+5.6422,-5.8422,16.8772,8609.6094,-183.0602,7139.8232,7139.8232
4894,0.53,5.2174,+0.0799,-5.8375,11.0549,1308.1672,-183.0620,6857.3428,6857.3428
4895,0.53,4.2791,-0.3328,-5.8487,10.1278,707.1719,-181.8879,6724.6523,6724.6523
4896,0.53,12.0170,+3.9580,-5.8680,17.8850,11499.4844,-183.0991,7314.3613,7314.3613
4897,0.53,3.2495,-0.2983,-5.8646,9.1142,110.4800,-183.4174,6748.9561,6748.9561
4898,0.55,4.0100,+0.2669,-5.8541,9.8641,308.3571,-183.7634,6812.2480,6812.2480
4899,0.53,5.2870,+0.7807,-5.8606,11.1476,1362.6733,-182.8321,6740.2095,6740.2095
4900,0.53,2.1967,-0.3686,-5.8424,8.0391,116.5198,-183.5568,6659.1201,6659.1201
4901,0.54,4.1303,+1.2770,-5.8236,9.9539,341.6765,-182.9871,6713.2344,6713.2344
4902,0.54,2.8266,-0.2677,-5.8340,8.6606,91.1935,-183.2880,6651.7378,6651.7378
4903,0.53,6.4783,-25.4156,-5.8307,12.3090,3849.1338,-181.2237,6880.0190,6880.0190
4904,0.55,3.3218,+0.5234,-5.8651,9.1869,95.6653,-180.8666,6513.2861,6513.2861
4905,0.53,2.4749,+1.3609,-5.8425,8.3175,274.5562,-181.9453,6524.7607,6524.7607
4906,0.54,-12.5029,-0.8844,-5.8239,-6.6790,77334.0234,-182.5243,5085.5273,5085.5273
4907,0.54,2.7982,-0.7387,-5.8320,8.6301,153.0473,-181.4222,6448.4678,6448.4678
4908,0.55,4.3155,-0.1640,-5.8511,10.1665,1599.5380,-183.0374,6644.5918,6644.5918
4909,0.53,2.4367,+0.4768,-5.8667,8.3034,464.3479,-182.1453,6526.9946,6526.9946
4910,0.54,-2.7848,+0.4744,-5.8650,3.0802,2163.8367,-181.4139,6053.8027,6053.8027
4911,0.54,5.1287,+0.6992,-5.8567,10.9854,1114.2577,-180.6055,6503.9883,6503.9883
4912,0.52,5.5571,-2.5410,-5.8551,11.4122,776.5091,-183.3333,6812.2280,6812.2280
4913,0.52,4.9468,-1.0550,-5.8340,10.7807,708.5654,-183.1109,6732.8940,6732.8940
4914,0.57,1.7973,-0.2785,-5.8646,7.6619,376.3958,-181.1022,6450.1348,6450.1348
4915,0.53,3.9993,-0.0923,-5.8790,9.8783,480.9817,-180.7501,6501.8086,6501.8086
4916,0.53,8.2003,+1.6049,-5.8763,14.0766,3947.0500,-179.7561,6635.9424,6635.9424
4917,0.54,5.3676,+0.8749,-5.8772,11.2448,2499.9331,-179.5017,6563.3330,6563.3330
4918,0.54,5.7247,+0.3802,-5.8728,11.5975,1784.6897,-180.6897,6665.8037,6665.8037
4919,0.55,14.7968,-3.9409,-5.8725,20.6693,24482.7129,-179.3876,7105.5396,7105.5396
4920,0.54,2.8133,+3.8026,-5.9041,8.7175,85.2072,-178.7513,6349.7651,6349.7651
4921,0.53,2.2465,-0.1914,-5.8952,8.1416,154.8241,-180.6731,6438.3618,6438.3618
4922,0.54,3.5866,+0.3992,-5.8678,9.4544,361.9749,-182.3790,6640.4844,6640.4844
4923,0.52,9.1663,+2.0633,-5.8565,15.0228,7413.0249,-183.3852,7025.2715,7025.2715
4924,0.53,3.2240,+0.0692,-5.8483,9.0723,115.1156,-181.9556,6544.2905,6544.2905
4925,0.53,4.0692,-0.5245,-5.8414,9.9105,517.3951,-182.5064,6630.2256,6630.2256
4926,0.54,7.5648,+0.5364,-5.8899,13.4548,5164.8735,-181.2538,6762.4189,6762.4189
4927,0.54,10.5788,+0.3787,-5.8643,16.4431,12580.9238,-182.3176,6920.5610,6920.5610
4928,0.52,9.1019,-12.9845,-5.8636,14.9655,9061.1816,-181.4706,7155.3994,7155.3994
4929,0.54,11.5346,+0.0345,-5.8745,17.4091,20635.8926,-182.7014,7054.1753,7054.1753
4930,0.55,5.1463,+5.0371,-5.8720,11.0182,6926.5566,-181.2552,6597.8599,6597.8599
4931,0.53,16.3475,+19.5154,-5.8711,22.2187,33043.4258,-181.9396,7690.0176,7690.0176
4932,0.51,3.3451,-3.3268,-5.8610,9.2061,2378.8120,-182.5403,6708.3091,6708.3091
4933,0.52,10.8078,-0.0759,-5.8647,16.6726,11162.3477,-182.0206,7060.9600,7060.9600
4934,0.52,6.9046,-1.0265,-5.8613,12.7658,1992.6555,-181.4577,6866.9678,6866.9678
4935,0.54,4.0638,+7.8188,-5.8651,9.9288,664.9793,-180.6349,6537.9487,6537.9487
4936,0.54,43.6362,-10.2969,-5.8661,49.5023,273897.9375,-181.4263,9699.0615,9699.0615
4937,0.53,-0.9241,-3.6626,-5.8599,4.9358,2968.8872,-182.4004,6188.2637,6188.2637
4938,0.53,11.6418,-0.6243,-5.8615,17.5033,13715.0176,-182.5596,7375.7295,7375.7295
4939,0.54,20.2364,+16.1965,-5.8761,26.1126,33847.1289,-181.6123,7883.1050,7883.1050
4940,0.52,19.0602,+3.2161,-5.8882,24.9484,71724.6953,-180.7849,7412.2075,7412.2075
4941,0.54,12.0592,-0.8364,-5.8893,17.9485,15790.1299,-179.7942,7046.0615,7046.0615
4942,0.52,7.0305,-0.8714,-5.8815,12.9120,5896.8672,-179.4901,6684.6709,6684.6709
4943,0.53,18.2209,-16.0859,-5.8618,24.0827,43840.6875,-181.1152,7396.7896,7396.7896
4944,0.55,4.9017,-1.2092,-5.8435,10.7452,2998.2646,-182.2957,6675.4395,6675.4395
4945,0.53,27.0308,+5.1864,-5.8131,32.8440,99605.2422,-183.5309,7998.3950,7998.3950
4946,0.55,10.0047,-0.8486,-5.8102,15.8149,18607.4453,-182.9807,6918.3892,6918.3892
4947,0.54,2.6667,-0.8177,-5.8150,8.4818,3098.5305,-182.0376,6521.2695,6521.2695
4948,0.54,12.3086,-0.6940,-5.8056,18.1143,19809.1367,-182.8619,7127.1899,7127.1899
4949,0.54,2.3584,-1.5406,-5.8276,8.1860,88.6027,-182.8155,6585.6670,6585.6670
4950,0.55,3.3558,+0.2698,-5.8105,9.1663,170.9719,-183.4021,6672.4658,6672.4658
4951,0.54,3.0254,+1.7251,-5.8302,8.8556,239.0326,-183.7566,6721.9678,6721.9678
4952,0.53,3.0713,+0.9907,-5.8308,8.9021,116.4127,-183.7227,6665.5098,6665.5098
4953,0.55,14.3041,-6.0140,-5.8102,20.1143,18527.9766,-183.2812,7054.3750,7054.3750
4954,0.53,3.9260,+2.1163,-5.8201,9.7462,780.6280,-182.9121,6625.6289,6625.6289
4955,0.55,16.2191,+2.2056,-5.8161,22.0352,50039.9883,-181.7681,7309.8589,7309.8589
4956,0.54,2.4429,-0.2279,-5.8227,8.2656,77.6093,-183.7454,6674.8462,6674.8462
4957,0.55,6.2444,-2.3958,-5.8424,12.0868,3147.9128,-185.0353,6862.8291,6862.8291
4958,0.55,4.2221,+1.5367,-5.8531,10.0752,1854.1411,-182.2906,6560.5215,6560.5215
4959,0.56,1.8917,-0.0492,-5.8217,7.7133,90.8744,-183.3215,6574.7461,6574.7461
4960,0.56,2.0449,-0.4279,-5.8465,7.8913,75.7204,-183.9146,6661.3110,6661.3110
4961,0.53,2.4479,+0.0472,-5.8488,8.2967,93.5498,-184.0857,6697.6416,6697.6416
4962,0.56,2.9536,+0.5567,-5.8462,8.7998,112.7261,-184.0256,6706.2051,6706.2051
4963,0.54,4.5787,-1.3925,-5.8554,10.4341,1638.7944,-182.7783,6672.0498,6672.0498
4964,0.55,2.0046,-0.2275,-5.8848,7.8894,87.2869,-182.7367,6572.1982,6572.1982
4965,0.55,2.3600,+0.3462,-5.8625,8.2225,93.1747,-183.3367,6644.8926,6644.8926
4966,0.54,3.8310,+1.0553,-5.8598,9.6908,477.7625,-181.4800,6609.7368,6609.7368
4967,0.54,3.2760,+0.4149,-5.8808,9.1568,365.5154,-180.6937,6525.9463,6525.9463
4968,0.56,-2.6856,+1.6110,-5.8818,3.1962,6941.9473,-180.7002,6216.4995,6216.4995
4969,0.54,3.0171,+0.4213,-5.8903,8.9074,120.4222,-182.0615,6590.8003,6590.8003
4970,0.54,2.2201,+0.2889,-5.8745,8.0946,82.4145,-181.5560,6487.5063,6487.5063
4971,0.56,3.0275,-0.2051,-5.8760,8.9034,78.4343,-184.3944,6713.5493,6713.5493
4972,0.53,2.7997,+0.2917,-5.8734,8.6731,112.0588,-183.7823,6625.8442,6625.8442
4973,0.55,1.6045,-2.9974,-5.8745,7.4789,154.7997,-183.7124,6603.6948,6603.6948
4974,0.55,2.4995,-0.5847,-5.8914,8.3909,165.6536,-184.0930,6676.0024,6676.0024
4975,0.54,1.5893,+6.0132,-5.9023,7.4916,39.1652,-183.8985,6615.2407,6615.2407
4976,0.53,4.0752,-2.2390,-5.8878,9.9630,1399.7556,-183.6731,6761.7788,6761.7788
4977,0.54,3.9051,-0.9802,-5.8932,9.7983,1212.9877,-181.3804,6601.9292,6601.9292
4978,0.54,4.8249,-2.4360,-5.8880,10.7130,1652.0518,-183.0580,6810.4492,6810.4492
4979,0.56,5.2167,+0.3457,-5.8850,11.1017,3253.1433,-182.7647,6799.6416,6799.6416
4980,0.56,2.0669,+0.2793,-5.8767,7.9435,72.7407,-182.3044,6501.8110,6501.8110
4981,0.55,1.8725,-0.0866,-5.8792,7.7517,84.0964,-182.3097,6505.6670,6505.6670
4982,0.56,1.8657,+0.0964,-5.8690,7.7347,66.3297,-183.5380,6593.9160,6593.9160
4983,0.55,0.8868,-9.9539,-5.8666,6.7533,365.5075,-182.2389,6281.7607,6281.7607
4984,0.55,1.0754,+0.5868,-5.8671,6.9425,140.4827,-186.5412,6765.0254,6765.0254
4985,0.53,1.3081,+0.4468,-5.8659,7.1740,155.4928,-185.5113,6705.0039,6705.0039
4986,0.56,2.1463,+0.1340,-5.8754,8.0217,57.0339,-185.1304,6732.3896,6732.3896
4987,0.56,1.3591,-0.1250,-5.8554,7.2145,42.8810,-184.2007,6607.2783,6607.2783
4988,0.53,1.1121,-0.4513,-5.8396,6.9517,92.6528,-187.0891,6822.1396,6822.1396
4989,0.58,1.6161,+0.0428,-5.8389,7.4550,37.1159,-185.7112,6739.2686,6739.2686
4990,0.54,1.4643,-0.2164,-5.8510,7.3153,80.4797,-185.1121,6674.6021,6674.6021
4991,0.54,1.2528,+0.0130,-5.8178,7.0707,38.8909,-188.6312,6941.5791,6941.5791
4992,0.55,2.5182,+0.6343,-5.8342,8.3524,328.9934,-187.3741,6930.9131,6930.9131
4993,0.55,2.2244,+0.3266,-5.8165,8.0409,144.6654,-188.4003,6969.6543,6969.6543
4994,0.56,1.3861,+0.2530,-5.8476,7.2337,7146.9868,-186.2566,6875.4302,6875.4302
4995,0.56,7.3334,+2.2702,-5.8472,13.1806,8824.3789,-186.3940,7115.6045,7115.6045
4996,0.56,2.0320,-0.1374,-5.8365,7.8685,60.6752,-185.3397,6702.7305,6702.7305
4997,0.54,4.4260,-2.2487,-5.8493,10.2753,1552.7832,-185.0910,6814.5371,6814.5371
4998,0.53,1.8772,+0.2168,-5.8604,7.7376,83.8434,-185.2727,6717.8149,6717.8149
4999,0.56,1.6931,+0.2091,-5.8642,7.5573,50.5295,-186.7398,6809.8164,6809.8164
5000,0.56,0.4118,-0.1756,-5.8512,6.2630,415.6314,-187.1021,6750.5352,6750.5352
5001,0.55,2.1043,+0.4769,-5.8551,7.9594,59.4146,-187.0729,6857.8008,6857.8008
5002,0.56,3.4232,-0.6976,-5.8446,9.2679,915.2358,-186.3200,6883.2280,6883.2280
5003,0.56,-1.3212,+1.4915,-5.8662,4.5450,2095.7605,-184.4130,6404.7734,6404.7734
5004,0.56,1.4837,+0.4018,-5.8753,7.3590,24.5754,-185.5094,6713.0117,6713.0117
5005,0.55,1.5211,+0.2338,-5.8583,7.3794,25.8440,-187.8016,6899.1572,6899.1572
5006,0.52,1.2755,-0.2261,-5.8793,7.1548,24.2528,-187.4269,6878.5352,6878.5352
5007,0.55,0.4603,-0.0614,-5.8881,6.3484,44.4798,-184.6528,6650.1113,6650.1113
5008,0.56,0.7172,-0.5162,-5.9059,6.6232,33.8220,-181.3014,6355.6982,6355.6982
5009,0.56,2.4398,+1.1775,-5.8965,8.3362,552.9554,-186.3787,6799.3555,6799.3555
5010,0.55,4.1095,+1.2700,-5.9079,10.0174,2421.4626,-183.7097,6697.3228,6697.3228
5011,0.56,7.1126,+0.5898,-5.9346,13.0471,9268.5742,-183.3781,6845.3022,6845.3022
5012,0.53,12.9784,-5.0370,-5.9187,18.8971,37451.8828,-186.6485,7453.1201,7453.1201
5013,0.55,0.4792,+1.4940,-5.9111,6.3904,63.3434,-184.7312,6606.4570,6606.4570
5014,0.57,5.0363,-0.5248,-5.8919,10.9283,3511.0952,-187.2357,7019.0059,7019.0059
5015,0.55,3.3990,-1.2681,-5.9164,9.3154,1617.8615,-183.9805,6693.7744,6693.7744
5016,0.55,1.6181,+0.0185,-5.9155,7.5336,34.9863,-183.9102,6590.4663,6590.4663
5017,0.56,1.0865,+0.0327,-5.8997,6.9862,10.5494,-183.3290,6525.5596,6525.5596
5018,0.57,1.0995,+1.1443,-5.9164,7.0159,14.7725,-183.5972,6558.0513,6558.0513
5019,0.56,1.2012,-0.2024,-5.8983,7.0995,92.3121,-182.8650,6526.8447,6526.8447
5020,0.57,1.3689,-1.4137,-5.8703,7.2392,63.4020,-181.0496,6376.5620,6376.5620
5021,0.56,11.0327,+4.7752,-5.8760,16.9088,26209.0664,-181.1874,7002.5630,7002.5630
5022,0.57,4.0807,-0.3721,-5.8284,9.9091,2643.3953,-183.6013,6729.0312,6729.0312
5023,0.58,1.1184,+0.0215,-5.8516,6.9700,33.8720,-183.9066,6565.2617,6565.2617
5024,0.58,4.4235,-0.9551,-5.8919,10.3154,3580.4690,-183.6017,6753.6562,6753.6562
5025,0.56,0.9316,-0.2042,-5.8889,6.8205,29.0682,-184.2734,6611.5371,6611.5371
5026,0.56,4.8922,-4.1529,-5.9059,10.7981,4104.8784,-187.9680,7130.4482,7130.4482
5027,0.56,1.0322,+0.0539,-5.8918,6.9239,38.5570,-187.0082,6825.0078,6825.0078
5028,0.55,1.1076,-0.2340,-5.8892,6.9968,37.9661,-183.9921,6612.4355,6612.4355
5029,0.56,3.9419,+2.2107,-5.8856,9.8275,2922.7478,-184.7261,6924.4419,6924.4419
5030,0.58,-0.1811,+0.6633,-5.8665,5.6855,229.9123,-185.8260,6628.7754,6628.7754
5031,0.57,1.0865,+0.0986,-5.8626,6.9491,38.2676,-184.3054,6611.0781,6611.0781
5032,0.56,-1.3939,+2.7241,-5.8436,4.4497,1267.1930,-186.2542,6553.1787,6553.1787
5033,0.56,0.7721,+0.1525,-5.8689,6.6410,17.7469,-186.0013,6697.5132,6697.5132
5034,0.57,0.7102,-1.8379,-5.8685,6.5786,20.1543,-188.8256,6897.7871,6897.7871
5035,0.56,0.6585,-0.1466,-5.8680,6.5265,20.7623,-189.9673,6958.2324,6958.2324
5036,0.56,2.7036,-0.6633,-5.8597,8.5633,1017.1793,-185.2119,6852.2344,6852.2344
5037,0.55,1.5311,+0.0034,-5.8688,7.3999,354.3257,-185.0058,6703.3125,6703.3125
5038,0.56,0.7477,+0.7207,-5.8604,6.6081,58.0375,-186.9802,6791.8120,6791.8120
5039,0.58,4.4626,-0.7778,-5.8637,10.3264,3540.6860,-186.5393,7022.4336,7022.4336
5040,0.57,0.9665,-0.7276,-5.8891,6.8556,49.1503,-186.0581,6726.2500,6726.2500
5041,0.57,-0.3340,+3.8138,-5.8865,5.5525,285.3336,-183.8492,6474.7256,6474.7256
5042,0.56,1.2225,+0.3976,-5.8641,7.0867,50.6515,-183.3735,6515.5859,6515.5859
5043,0.56,-2.4956,-0.2179,-5.8728,3.3771,3045.5767,-185.5563,6435.6748,6435.6748
5044,0.57,0.6955,-0.0824,-5.8652,6.5607,24.8093,-185.7155,6656.1006,6656.1006
5045,0.56,1.4073,-1.0112,-5.8332,7.2405,89.3821,-186.8262,6764.1157,6764.1157
5046,0.58,3.1629,-0.5929,-5.8343,8.9972,1335.6200,-186.5106,6862.8613,6862.8613
5047,0.55,0.8488,+0.3887,-5.8235,6.6723,15.8411,-186.4706,6709.5127,6709.5127
5048,0.55,1.2003,-0.0656,-5.8788,7.0790,49.3368,-183.7941,6551.6523,6551.6523
5049,0.57,0.9485,-0.3821,-5.8854,6.8339,17.7807,-185.5534,6672.3467,6672.3467
5050,0.58,2.5759,+1.3636,-5.9040,8.4799,1054.2495,-183.7569,6669.8213,6669.8213
5051,0.57,2.4636,+0.1527,-5.8792,8.3428,469.1648,-184.7401,6698.9658,6698.9658
5052,0.55,1.6096,-0.0427,-5.8717,7.4813,91.3592,-183.7929,6574.0518,6574.0518
5053,0.56,1.4894,-0.0196,-5.8716,7.3611,91.7257,-184.8904,6657.9434,6657.9434
5054,0.56,1.7444,+0.4287,-5.8760,7.6204,68.7538,-185.9120,6759.0825,6759.0825
5055,0.55,1.7717,+0.0543,-5.9143,7.6860,107.0868,-184.6114,6661.1851,6661.1851
5056,0.55,1.3150,-0.1779,-5.8892,7.2042,185.3202,-184.4409,6630.6650,6630.6650
5057,0.55,2.2015,-0.1140,-5.8856,8.0871,162.0513,-185.4723,6749.2979,6749.2979
5058,0.58,3.7465,-3.4582,-5.8863,9.6328,1656.7909,-184.3130,6787.0845,6787.0845
5059,0.56,2.0945,-0.7394,-5.8807,7.9752,187.2262,-183.1787,6574.5547,6574.5547
5060,0.54,1.1161,+0.2945,-5.8859,7.0020,101.0998,-183.4639,6521.8223,6521.8223
5061,0.55,1.8354,-0.1189,-5.8605,7.6959,121.4536,-184.1873,6605.2979,6605.2979
5062,0.57,2.0771,+0.1101,-5.8512,7.9283,168.2545,-185.2419,6702.5493,6702.5493
5063,0.56,1.7557,+0.2858,-5.8611,7.6168,135.5005,-184.3387,6620.5000,6620.5000
5064,0.56,2.6561,+1.2702,-5.8828,8.5388,586.2737,-184.6254,6742.0229,6742.0229
5065,0.56,2.0489,+0.7474,-5.8803,7.9293,200.2353,-183.4134,6587.5591,6587.5591
5066,0.58,1.3111,+0.0895,-5.8999,7.2110,108.4558,-181.7290,6440.2627,6440.2627
5067,0.56,3.1364,+0.9948,-5.9100,9.0464,900.3752,-181.6021,6569.5742,6569.5742
5068,0.57,1.4399,-0.0218,-5.9128,7.3526,67.8488,-182.2424,6466.8574,6466.8574
5069,0.55,1.9193,+0.3192,-5.8963,7.8156,104.7929,-183.2981,6576.3867,6576.3867
5070,0.56,1.5493,+0.0836,-5.8880,7.4373,85.8885,-183.6366,6569.8545,6569.8545
5071,0.56,2.3961,+0.4920,-5.8816,8.2777,356.0851,-184.6723,6700.2998,6700.2998
5072,0.56,1.4573,+0.2520,-5.8667,7.3240,120.0044,-185.1931,6685.5908,6685.5908
5073,0.55,-5.3497,+0.5205,-5.8744,0.5246,12113.4551,-185.0266,6136.3193,6136.3193
5074,0.56,1.3656,-0.2738,-5.8770,7.2427,219.7348,-183.1525,6519.3008,6519.3008
5075,0.57,1.1052,-0.3243,-5.9002,7.0054,79.3790,-183.8538,6582.0225,6582.0225
5076,0.57,1.6283,-0.1155,-5.8965,7.5247,94.4222,-183.1123,6535.8999,6535.8999
5077,0.57,2.5967,+0.5841,-5.9079,8.5046,319.7287,-183.3780,6637.2217,6637.2217
5078,0.55,4.1351,+2.2785,-5.8954,10.0305,1489.9861,-184.0640,6807.4302,6807.4302
5079,0.55,2.0988,-0.0062,-5.8642,7.9630,189.4807,-184.4881,6665.7944,6665.7944
5080,0.57,2.1940,+0.5215,-5.8648,8.0588,252.1772,-185.8706,6780.1445,6780.1445
5081,0.56,1.0764,+0.5017,-5.8694,6.9459,124.5886,-185.4912,6681.2559,6681.2559
5082,0.55,1.2882,+0.3348,-5.8798,7.1680,59.7080,-184.9704,6646.1475,6646.1475
5083,0.56,1.9576,+0.6414,-5.8837,7.8413,174.2887,-184.8620,6676.0195,6676.0195
5084,0.54,2.4069,-0.1594,-5.8811,8.2880,221.4135,-183.5184,6594.4805,6594.4805
5085,0.54,2.5667,+0.0533,-5.8901,8.4568,305.0097,-183.9503,6653.2349,6653.2349
5086,0.54,2.0068,+0.2943,-5.8661,7.8729,140.7503,-184.7130,6679.2427,6679.2427
5087,0.58,1.8632,-0.5498,-5.8642,7.7275,133.2450,-184.7991,6665.6938,6665.6938
5088,0.56,1.9489,+0.0822,-5.8806,7.8295,96.5816,-183.2635,6534.5713,6534.5713
5089,0.55,1.4653,+0.2131,-5.8706,7.3359,50.6946,-186.2601,6741.4224,6741.4224
5090,0.56,1.7109,-0.7806,-5.8859,7.5968,75.4049,-184.8762,6652.1553,6652.1553
5091,0.54,1.2046,+0.6382,-5.9171,7.1218,31.8071,-185.2936,6657.9097,6657.9097
5092,0.56,1.4562,+0.2949,-5.9146,7.3707,181.1861,-184.7161,6663.7651,6663.7651
5093,0.55,2.5834,+0.4925,-5.9121,8.4955,540.4045,-184.7580,6733.6929,6733.6929
5094,0.57,2.6012,-0.4981,-5.9031,8.5043,646.4356,-184.9925,6695.7842,6695.7842
5095,0.55,2.8132,+0.5398,-5.8893,8.7025,800.1627,-184.9362,6730.5664,6730.5664
5096,0.55,2.1788,-0.8917,-5.9161,8.0950,171.2717,-186.1305,6777.0176,6777.0176
5097,0.56,1.9754,+1.6297,-5.9003,7.8757,167.2575,-186.3895,6797.6240,6797.6240
5098,0.55,2.6809,+0.3364,-5.9018,8.5827,393.2367,-186.9373,6859.5767,6859.5767
5099,0.55,1.4294,-4.0452,-5.9058,7.3352,102.1215,-186.8338,6793.5107,6793.5107
5100,0.55,2.1803,-1.2152,-5.9083,8.0885,205.2103,-186.2246,6793.2500,6793.2500
5101,0.52,1.3417,+0.0859,-5.9251,7.2667,101.4756,-184.4099,6649.7461,6649.7461
5102,0.52,1.6989,+0.3042,-5.8848,7.5837,113.8809,-181.7750,6461.7363,6461.7363
5103,0.52,2.0336,+0.0750,-5.8669,7.9006,100.3061,-183.5812,6588.3062,6588.3062
5104,0.52,-0.9938,-1.2516,-5.8714,4.8776,2060.4382,-183.2365,6358.7227,6358.7227
5105,0.52,1.7725,-0.0400,-5.8615,7.6340,112.0401,-183.4766,6570.4873,6570.4873
5106,0.52,1.6579,-0.4695,-5.8703,7.5282,54.3665,-185.1079,6679.1484,6679.1484
5107,0.51,3.4009,-0.0089,-5.8561,9.2569,802.2308,-185.2549,6857.0059,6857.0059
5108,0.52,2.3728,-0.5302,-5.8527,8.2255,262.1527,-185.9303,6823.6377,6823.6377
5109,0.52,2.6065,-0.2695,-5.8636,8.4701,537.5080,-185.8341,6883.3330,6883.3330
5110,0.53,1.6276,+0.3064,-5.8630,7.4907,94.9350,-187.2067,6884.3037,6884.3037
5111,0.53,1.4660,+0.0585,-5.8910,7.3570,62.1446,-186.5295,6821.6016,6821.6016
5112,0.52,1.7485,+0.1859,-5.9021,7.6506,126.6976,-184.5974,6692.0112,6692.0112
5113,0.52,1.7360,-0.5105,-5.9075,7.6434,222.8178,-184.6168,6716.4668,6716.4668
5114,0.52,1.4126,-0.2791,-5.8982,7.3108,96.9848,-183.9600,6612.1299,6612.1299
5115,0.54,1.3603,+0.4519,-5.9056,7.2660,59.3427,-183.2948,6529.8809,6529.8809
5116,0.51,1.0556,+0.1604,-5.9002,6.9557,60.1815,-184.3633,6598.4453,6598.4453
5117,0.53,2.6742,-0.9803,-5.9181,8.5923,561.7291,-181.3090,6490.9888,6490.9888
5118,0.53,1.7075,+0.0409,-5.9170,7.6245,78.0079,-183.0692,6540.8174,6540.8174
5119,0.52,3.7259,-1.2545,-5.8978,9.6237,1057.6887,-181.5229,6564.6045,6564.6045
5120,0.54,4.0574,+4.3285,-5.8865,9.9440,2853.0969,-183.7366,6615.8311,6615.8311
5121,0.51,1.7156,+0.2246,-5.9022,7.6177,107.3467,-181.9044,6470.1704,6470.1704
5122,0.53,1.7155,-0.1017,-5.9091,7.6246,95.3111,-182.3945,6492.4141,6492.4141
5123,0.53,1.2029,-0.0439,-5.9285,7.1314,125.7674,-180.5318,6345.7578,6345.7578
5124,0.51,1.9129,-0.1331,-5.8970,7.8098,128.8137,-181.9345,6486.9541,6486.9541
5125,0.52,1.9346,-0.0805,-5.9004,7.8350,123.6250,-181.6610,6462.3730,6462.3730
5126,0.52,1.6064,-0.2837,-5.8904,7.4968,101.6307,-182.1208,6455.8687,6455.8687
5127,0.52,1.5916,-0.1433,-5.9095,7.5012,92.3244,-184.2724,6589.3643,6589.3643
5128,0.52,1.7337,+0.1373,-5.9101,7.6438,84.1238,-184.4524,6645.8438,6645.8438
5129,0.53,1.8835,-0.5031,-5.8889,7.7724,194.0663,-183.7012,6598.2168,6598.2168
5130,0.53,0.7012,-2.7940,-5.9001,6.6013,313.9535,-183.1362,6500.6494,6500.6494
5131,0.53,3.2616,-0.9860,-5.9151,9.1767,992.7579,-182.3105,6498.7563,6498.7563
5132,0.53,1.3614,-0.4078,-5.8961,7.2575,81.8009,-183.0997,6535.4463,6535.4463
5133,0.54,1.4252,-0.0780,-5.8953,7.3205,72.9434,-183.1497,6560.7402,6560.7402
5134,0.51,1.7470,-0.2776,-5.8857,7.6327,107.3602,-184.1035,6634.2305,6634.2305
5135,0.51,1.7813,-0.1593,-5.8945,7.6758,73.2309,-182.1465,6482.9702,6482.9702
5136,0.53,1.7405,+0.2510,-5.8887,7.6292,78.7226,-182.9642,6557.2402,6557.2402
5137,0.53,1.9494,+0.0848,-5.8715,7.8209,106.2134,-183.3544,6594.7246,6594.7246
5138,0.51,1.8032,+0.3607,-5.8756,7.6787,83.6808,-184.0020,6616.4282,6616.4282
5139,0.54,2.3169,+0.1232,-5.9028,8.2197,208.6897,-183.9459,6664.4614,6664.4614
5140,0.52,1.9189,+0.1838,-5.8853,7.8042,129.8999,-184.3943,6670.3350,6670.3350
5141,0.52,2.5821,+0.1555,-5.8564,8.4385,277.1991,-185.1083,6730.8887,6730.8887
5142,0.51,1.8974,+0.1110,-5.8432,7.7405,68.8931,-187.4043,6839.9570,6839.9570
5143,0.52,2.0846,+0.0493,-5.8566,7.9413,152.3262,-185.5370,6711.4185,6711.4185
5144,0.51,1.3632,-0.1955,-5.8536,7.2168,87.6548,-187.1987,6775.5532,6775.5532
5145,0.53,1.6482,+0.0404,-5.8681,7.5162,96.7499,-185.8804,6725.8442,6725.8442
5146,0.53,1.1522,+0.1419,-5.8831,7.0353,104.3377,-186.3224,6756.9858,6756.9858
5147,0.53,1.9307,-0.4525,-5.8735,7.8042,75.5534,-183.0854,6547.9941,6547.9941
5148,0.52,2.0755,-0.2027,-5.8862,7.9617,138.0563,-183.1371,6558.6807,6558.6807
5149,0.53,1.7491,-0.2260,-5.8884,7.6375,114.5476,-183.3728,6559.5996,6559.5996
5150,0.53,1.9616,+0.1586,-5.8822,7.8438,145.5121,-184.0862,6610.5010,6610.5010
5151,0.51,-1.9332,-0.9895,-5.8516,3.9183,2909.4077,-185.6886,6472.4082,6472.4082
5152,0.51,1.6585,-0.3045,-5.8663,7.5248,99.2181,-183.2933,6531.5469,6531.5469
5153,0.54,1.8063,-0.3527,-5.9016,7.7079,108.9385,-184.1821,6644.2559,6644.2559
5154,0.53,2.1249,-0.2119,-5.8843,8.0092,133.6046,-185.8832,6783.4224,6783.4224
5155,0.52,1.6831,+0.5379,-5.8835,7.5666,114.4295,-183.6879,6622.2104,6622.2104
5156,0.53,-11.9494,-9.3535,-5.8588,-6.0906,45830.0703,-186.0207,6080.8301,6080.8301
5157,0.50,2.2792,-0.1783,-5.8570,8.1362,138.5087,-185.5250,6779.4512,6779.4512
5158,0.52,2.0748,+0.1687,-5.8642,7.9390,186.1988,-183.5980,6615.2441,6615.2441
5159,0.49,2.5069,-0.2384,-5.8776,8.3845,125.6358,-182.3308,6532.1836,6532.1836
5160,0.49,2.2671,+0.2136,-5.8914,8.1585,81.0273,-184.5942,6671.8931,6671.8931
5161,0.50,1.9037,-0.0797,-5.9025,7.8062,73.8396,-184.1018,6626.5801,6626.5801
5162,0.52,1.7371,-0.5726,-5.8981,7.6353,81.3890,-185.3237,6697.6938,6697.6938
5163,0.53,1.2177,-0.4427,-5.9227,7.1404,75.8864,-184.3388,6622.7695,6622.7695
5164,0.51,1.6850,-0.1529,-5.9161,7.6011,105.4863,-186.8100,6791.8047,6791.8047
5165,0.52,1.7125,-0.0889,-5.9103,7.6228,49.9158,-186.3209,6745.5068,6745.5068
5166,0.53,1.8041,-0.0377,-5.9042,7.7083,84.7590,-185.9525,6719.8779,6719.8779
5167,0.51,1.6748,+0.2393,-5.8998,7.5746,84.4789,-184.6055,6630.5986,6630.5986
5168,0.52,1.7487,-0.0377,-5.9212,7.6699,68.9715,-183.6320,6522.7861,6522.7861
5169,0.52,3.1364,+0.9759,-5.8904,9.0268,659.4398,-183.9989,6630.1787,6630.1787
5170,0.51,1.5608,-0.3094,-5.9047,7.4654,43.4132,-184.8770,6644.3770,6644.3770
5171,0.53,1.4906,-0.3666,-5.9073,7.3979,55.1137,-184.4848,6635.8252,6635.8252
5172,0.51,1.6343,+0.1170,-5.9126,7.5469,59.8707,-183.2433,6550.7515,6550.7515
5173,0.49,1.6846,-0.2612,-5.8933,7.5779,94.4306,-186.0677,6744.2539,6744.2539
5174,0.53,2.5214,-0.1486,-5.8754,8.3968,506.3685,-186.2224,6801.2710,6801.2710
5175,0.52,1.4005,+0.3738,-5.8801,7.2807,53.2736,-185.8911,6723.0098,6723.0098
5176,0.50,1.7134,-0.2809,-5.8844,7.5978,69.3477,-188.4767,6936.4683,6936.4683
5177,0.51,1.5993,+0.1086,-5.8683,7.4676,61.1672,-187.3350,6814.3394,6814.3394
5178,0.54,1.3390,-0.0267,-5.8367,7.1757,54.7189,-187.6343,6810.6582,6810.6582
5179,0.50,10.6162,+4.8790,-5.8610,16.4772,22497.5508,-186.6922,7174.2686,7174.2686
5180,0.54,1.4254,-0.0389,-5.8653,7.2906,88.6834,-188.2314,6901.7363,6901.7363
5181,0.51,1.3678,+0.0773,-5.8717,7.2395,54.7616,-186.2147,6745.7847,6745.7847
5182,0.51,4.2113,-2.5949,-5.8777,10.0890,1955.2451,-185.9900,6921.4116,6921.4116
5183,0.52,2.8690,-1.7378,-5.8851,8.7541,701.5316,-186.7726,6892.1304,6892.1304
5184,0.52,10.5428,-4.7485,-5.8685,16.4114,22492.8926,-186.8191,7606.9136,7606.9136
5185,0.53,-0.9905,-4.3091,-5.8507,4.8602,1356.4175,-184.4290,6489.5288,6489.5288
5186,0.51,1.8847,-1.2782,-5.8437,7.7284,1565.5857,-184.2661,6659.7109,6659.7109
5187,0.51,1.1849,-0.6587,-5.8520,7.0369,23.5732,-185.4075,6621.0986,6621.0986
5188,0.53,2.2569,+0.0183,-5.8606,8.1174,300.3474,-186.2809,6775.6807,6775.6807
5189,0.52,0.3443,-4.2585,-5.8691,6.2134,7618.7212,-185.3423,6617.1611,6617.1611
5190,0.51,1.9164,+2.4770,-5.8728,7.7892,355.0177,-186.2579,6779.4111,6779.4111
5191,0.54,0.2991,+0.0626,-5.8591,6.1582,269.6591,-187.6732,6724.8867,6724.8867
5192,0.52,2.1410,-1.3818,-5.8377,7.9787,264.2271,-186.6368,6753.1680,6753.1680
5193,0.54,0.9572,-2.1645,-5.8620,6.8192,336.4738,-183.3074,6511.1445,6511.1445
5194,0.51,4.2757,+3.5119,-5.8597,10.1354,1979.0774,-185.7983,6844.1226,6844.1226
5195,0.52,3.3095,-0.4435,-5.8725,9.1821,1235.2167,-184.3903,6690.5459,6690.5459
5196,0.51,1.5716,+0.0819,-5.8842,7.4559,65.5265,-184.0825,6627.1143,6627.1143
5197,0.52,1.8382,-0.0282,-5.8818,7.7200,151.5007,-185.3672,6710.1196,6710.1196
5198,0.51,-0.0663,-2.4990,-5.8787,5.8124,365.9391,-184.5019,6524.2344,6524.2344
5199,0.51,1.2670,+0.2553,-5.8675,7.1345,53.6792,-185.3884,6675.0029,6675.0029
5200,0.51,1.3525,-0.2595,-5.8950,7.2475,72.0818,-185.7939,6722.6826,6722.6826
5201,0.52,3.3196,-0.8624,-5.9207,9.2403,1125.1570,-182.7231,6645.6436,6645.6436
5202,0.51,4.2904,-1.6760,-5.9131,10.2035,2405.0508,-181.0341,6580.1328,6580.1328
5203,0.50,1.7776,+0.4767,-5.9137,7.6913,135.7845,-180.6901,6404.7661,6404.7661
5204,0.52,1.7285,-0.0257,-5.8968,7.6252,161.3236,-181.2622,6420.5869,6420.5869
5205,0.53,1.8098,-0.2250,-5.9154,7.7251,252.9754,-180.8626,6397.3594,6397.3594
5206,0.52,1.5508,+0.0349,-5.9400,7.4908,67.0850,-182.5206,6502.8535,6502.8535
5207,0.54,1.5391,-0.3840,-5.9244,7.4635,60.8993,-183.6000,6572.9507,6572.9507
5208,0.53,1.3762,-0.0587,-5.9117,7.2879,22.9088,-182.1709,6483.3486,6483.3486
5209,0.53,1.3460,+0.5509,-5.8981,7.2440,32.4042,-185.2942,6697.0703,6697.0703
5210,0.52,1.1739,-0.2700,-5.8887,7.0626,39.5009,-186.5653,6782.1787,6782.1787
5211,0.53,1.3126,+0.1186,-5.8883,7.2009,35.3200,-188.4688,6906.8882,6906.8882
5212,0.51,1.3228,-0.0156,-5.8669,7.1897,31.9303,-186.9658,6788.2764,6788.2764
5213,0.51,1.1017,-0.0013,-5.8686,6.9703,37.9868,-186.6568,6724.7319,6724.7319
5214,0.52,1.2212,+0.0463,-5.8851,7.1062,36.7427,-188.5052,6849.6865,6849.6865
5215,0.52,1.2026,+0.3687,-5.8779,7.0805,40.6676,-186.3697,6716.9736,6716.9736
5216,0.53,1.0920,+0.1136,-5.8832,6.9752,31.0231,-187.1409,6781.2583,6781.2583
5217,0.54,0.9954,-0.0477,-5.8856,6.8810,84.6059,-186.8398,6757.1064,6757.1064
5218,0.53,1.2316,+0.2864,-5.8819,7.1135,36.5938,-185.0588,6598.2266,6598.2266
5219,0.53,1.0000,+0.1997,-5.8579,6.8579,35.6017,-185.2497,6598.5820,6598.5820
5220,0.53,3.2372,+1.0627,-5.8550,9.0922,2217.3716,-188.6827,7082.3652,7082.3652
5221,0.52,0.4491,-0.1221,-5.8567,6.3058,27.3401,-188.2077,6800.5293,6800.5293
5222,0.52,1.1134,+0.4859,-5.8462,6.9596,78.5594,-187.5012,6822.5869,6822.5869
5223,0.54,0.8308,-0.0397,-5.8629,6.6937,32.7414,-189.8663,6997.9346,6997.9346
5224,0.54,1.1826,-0.5886,-5.8838,7.0665,95.9727,-187.9929,6865.9268,6865.9268
5225,0.52,1.0186,+0.1824,-5.8972,6.9159,33.3982,-186.8353,6780.4253,6780.4253
5226,0.54,0.5020,+0.0702,-5.8922,6.3943,10.4344,-187.6855,6796.8325,6796.8325
5227,0.53,1.8580,+1.1973,-5.8797,7.7376,316.1270,-183.8358,6582.7393,6582.7393
5228,0.53,0.9909,-0.6772,-5.8518,6.8427,185.5802,-188.8896,6891.1777,6891.1777
5229,0.54,-3.9387,+3.9734,-5.8396,1.9009,5065.0303,-189.0909,6587.0781,6587.0781
5230,0.52,2.1573,-0.0512,-5.8607,8.0180,798.5145,-188.2017,6900.5806,6900.5806
5231,0.53,2.8812,-0.2623,-5.8576,8.7388,1091.1674,-188.8868,7000.4248,7000.4248
5232,0.53,2.7947,+0.5348,-5.8497,8.6444,1301.0419,-186.8096,6874.3843,6874.3843
5233,0.52,3.5822,-1.1265,-5.8644,9.4466,2145.1819,-186.7156,6892.4390,6892.4390
5234,0.53,0.7013,-0.1628,-5.8752,6.5765,42.7825,-186.3293,6693.7178,6693.7178
5235,0.53,0.9467,+0.0731,-5.8808,6.8275,41.1248,-189.4924,6925.9385,6925.9385
5236,0.52,11.2466,+1.8098,-5.8840,17.1306,29319.6953,-187.4243,7065.6631,7065.6631
5237,0.53,1.0875,+0.0239,-5.8939,6.9814,44.1808,-186.2416,6682.9404,6682.9404
5238,0.54,0.5952,+0.1962,-5.8818,6.4771,68.7299,-186.5823,6678.0845,6678.0845
5239,0.53,0.7465,-0.0562,-5.8804,6.6269,33.6360,-185.8545,6646.1504,6646.1504
5240,0.53,1.1893,-0.2020,-5.8910,7.0803,66.0060,-180.3180,6242.7339,6242.7339
5241,0.53,1.6846,-0.2195,-5.8860,7.5705,165.8602,-185.0305,6633.9141,6633.9141
5242,0.52,1.2811,-0.0670,-5.8746,7.1556,68.6786,-185.1084,6626.9600,6626.9600
5243,0.54,0.8261,-0.1010,-5.8630,6.6891,75.0646,-183.5509,6524.3320,6524.3320
5244,0.53,0.9606,-0.0615,-5.8712,6.8319,68.1799,-182.8889,6478.1318,6478.1318
5245,0.55,1.0419,-0.1121,-5.8783,6.9202,53.1157,-182.3568,6422.2861,6422.2861
5246,0.52,1.7983,-0.5061,-5.9187,7.7170,563.0353,-184.3593,6627.6909,6627.6909
5247,0.51,0.8595,+0.4305,-5.9009,6.7604,32.0647,-184.2761,6582.1792,6582.1792
5248,0.51,0.4982,-0.0543,-5.8887,6.3869,49.2926,-185.0559,6616.4629,6616.4629
5249,0.52,0.5563,-1.7799,-5.8911,6.4474,67.7309,-183.4291,6523.1387,6523.1387
5250,0.55,2.1625,-0.5403,-5.8943,8.0568,1356.7462,-183.0790,6598.7686,6598.7686
5251,0.52,1.7166,+0.4834,-5.8540,7.5706,374.6948,-183.7196,6606.4121,6606.4121
5252,0.54,0.9876,-0.0713,-5.8905,6.8781,58.7761,-182.5483,6473.2158,6473.2158
5253,0.54,1.0525,+0.1682,-5.8926,6.9451,65.0027,-184.3900,6596.4585,6596.4585
5254,0.51,1.1063,-0.0865,-5.8634,6.9697,57.4779,-184.3948,6588.0049,6588.0049
5255,0.52,2.3928,-1.0511,-5.8746,8.2674,702.2106,-184.6537,6683.7871,6683.7871
5256,0.54,2.0977,+0.8229,-5.8655,7.9632,486.3080,-185.8245,6738.7236,6738.7236
5257,0.54,0.1928,+0.3366,-5.8715,6.0643,119.3092,-185.1923,6569.6880,6569.6880
5258,0.53,0.9890,+0.1748,-5.8688,6.8578,54.4514,-186.5910,6748.8843,6748.8843
5259,0.55,0.8921,-0.4874,-5.8433,6.7353,97.2947,-186.7786,6734.3799,6734.3799
5260,0.53,0.4788,+0.4797,-5.8553,6.3341,10.4130,-184.5110,6551.0605,6551.0605
5261,0.53,0.9694,+0.0420,-5.8575,6.8269,40.1423,-183.7356,6526.1753,6526.1753
5262,0.55,0.9011,-0.1074,-5.8688,6.7699,47.8652,-181.8814,6432.7583,6432.7583
5263,0.52,1.0082,-0.3874,-5.8642,6.8724,62.1751,-184.7881,6640.2305,6640.2305
5264,0.54,0.6731,+0.0845,-5.8780,6.5511,46.1010,-184.2639,6536.2832,6536.2832
5265,0.54,0.8922,-0.0355,-5.8849,6.7771,37.1122,-182.9821,6452.5151,6452.5151
5266,0.55,1.2965,-0.1205,-5.8749,7.1714,46.3963,-184.2088,6548.5215,6548.5215
5267,0.53,1.0333,+0.2775,-5.8861,6.9194,74.8704,-185.7861,6679.9268,6679.9268
5268,0.55,1.0062,+0.1837,-5.8674,6.8736,53.3185,-185.6532,6650.2949,6650.2949
5269,0.52,0.3586,+0.0338,-5.8910,6.2496,38.0034,-184.7725,6546.6738,6546.6738
5270,0.55,0.7646,-0.3543,-5.8658,6.6304,30.7390,-185.6129,6606.3330,6606.3330
5271,0.54,0.6997,+0.2494,-5.8528,6.5524,30.9655,-187.6718,6775.2144,6775.2144
5272,0.53,0.5703,+0.1383,-5.8687,6.4389,27.4695,-186.2804,6687.3271,6687.3271
5273,0.53,0.7175,-0.2232,-5.8734,6.5908,38.0570,-186.6942,6727.9580,6727.9580
5274,0.53,0.7245,-0.1235,-5.8740,6.5985,33.5166,-190.1983,6978.9951,6978.9951
5275,0.53,0.7838,+0.1603,-5.8511,6.6349,36.3261,-189.6419,6963.6104,6963.6104
5276,0.54,0.6109,+0.1881,-5.8659,6.4769,41.2352,-185.7408,6673.8315,6673.8315
5277,0.55,1.2398,+0.0338,-5.8740,7.1138,49.6259,-187.1116,6796.9326,6796.9326
5278,0.54,0.7197,-0.0780,-5.8465,6.5662,29.0601,-190.8506,7032.6885,7032.6885
5279,0.53,0.4788,-0.1273,-5.8238,6.3026,39.0838,-188.7073,6862.9619,6862.9619
5280,0.53,1.0881,+0.1631,-5.8430,6.9311,47.0534,-189.4237,6926.0957,6926.0957
5281,0.53,0.1243,+0.0382,-5.8560,5.9803,208.4315,-189.7155,6894.2397,6894.2397
5282,0.54,0.6038,-0.1111,-5.8468,6.4506,9.8278,-189.0575,6869.8599,6869.8599
5283,0.53,0.5323,+0.0844,-5.8412,6.3735,8.4501,-188.4635,6851.8418,6851.8418
5284,0.53,0.4236,-0.0149,-5.8607,6.2843,5.7215,-193.5131,7226.6338,7226.6338
5285,0.54,0.5965,+0.2044,-5.8921,6.4886,13.1585,-188.2874,6874.9956,6874.9956
5286,0.54,0.5002,-0.1262,-5.8720,6.3722,9.6852,-191.6831,7096.1279,7096.1279
5287,0.53,0.2701,-0.0597,-5.8791,6.1492,5.9304,-183.6920,6479.3672,6479.3672
5288,0.54,0.3274,-0.2163,-5.8685,6.1959,15.2013,-188.4663,6852.8799,6852.8799
5289,0.53,0.4799,-0.0659,-5.8823,6.3622,13.4081,-184.5768,6554.5508,6554.5508
5290,0.54,0.5823,+0.1168,-5.8874,6.4697,29.7374,-192.8655,7212.1426,7212.1426
5291,0.56,-0.0886,+0.1076,-5.8537,5.7651,17.9157,-187.3215,6775.1221,6775.1221
5292,0.54,0.2047,+0.0354,-5.8267,6.0314,12.5615,-192.4653,7119.7910,7119.7910
5293,0.56,0.0364,-0.0809,-5.8422,5.8786,14.0287,-192.0620,7141.3701,7141.3701
5294,0.54,0.2231,+0.4490,-5.8179,6.0410,8.4565,-193.2982,7294.2109,7294.2109
5295,0.54,0.4818,-0.0602,-5.8224,6.3042,32.4803,-184.6631,6665.0283,6665.0283
5296,0.54,0.9284,+0.0835,-5.8579,6.7864,81.0379,-187.7878,6940.6157,6940.6157
5297,0.55,0.6470,-0.6316,-5.8565,6.5036,78.1833,-187.6355,6900.0391,6900.0391
5298,0.54,0.5624,-0.1554,-5.8907,6.4532,27.7624,-184.7444,6645.9111,6645.9111
5299,0.54,0.3130,-0.0639,-5.8809,6.1939,18.7180,-186.2063,6688.7588,6688.7588
5300,0.54,0.5058,-0.0368,-5.8698,6.3756,14.6561,-186.7723,6758.2026,6758.2026
5301,0.53,0.3294,+0.0474,-5.8715,6.2009,22.7675,-187.5186,6785.7222,6785.7222
5302,0.56,0.0306,-0.0551,-5.8617,5.8923,28.5641,-189.2026,6863.9419,6863.9419
5303,0.53,0.0369,+0.2591,-5.8846,5.9215,9.2144,-188.7958,6865.7891,6865.7891
5304,0.54,0.2423,+0.0725,-5.8752,6.1175,9.3902,-193.5115,7205.1323,7205.1323
5305,0.54,0.7146,-0.0905,-5.8732,6.5877,7.0937,-176.5646,6009.8047,6009.8047
5306,0.55,0.4550,+0.5705,-5.8649,6.3199,12.5524,-197.4503,7551.2715,7551.2715
5307,0.53,0.1740,-0.0422,-5.8532,6.0272,23.9239,-184.2804,6561.6953,6561.6953
5308,0.53,0.3962,-0.0851,-5.8460,6.2422,25.8680,-186.1587,6729.2856,6729.2856
5309,0.54,0.5030,+0.2052,-5.8478,6.3508,36.8675,-190.5916,7070.0835,7070.0835
5310,0.53,0.7947,-0.3337,-5.8801,6.6749,83.2044,-183.0280,6527.2168,6527.2168
5311,0.53,0.4518,-0.2045,-5.8931,6.3449,36.4292,-185.6876,6705.3003,6705.3003
5312,0.56,0.6583,-0.3608,-5.8782,6.5365,30.6737,-185.7043,6738.6680,6738.6680
5313,0.56,0.3494,-0.0243,-5.8799,6.2293,39.1477,-188.2766,6899.3770,6899.3770
5314,0.53,0.5563,+0.4029,-5.8531,6.4094,23.0961,-186.5131,6736.9004,6736.9004
5315,0.54,0.4140,+0.0515,-5.8649,6.2789,15.7646,-190.2315,7023.4141,7023.4141
5316,0.56,0.5300,-0.2165,-5.8773,6.4073,17.2447,-185.6532,6694.8330,6694.8330
5317,0.54,0.4657,-0.0162,-5.8566,6.3223,24.4995,-186.2270,6723.8423,6723.8423
5318,0.53,0.6233,+0.0465,-5.8604,6.4836,49.6393,-187.7236,6832.2505,6832.2505
5319,0.53,0.8142,+0.2710,-5.8790,6.6932,57.0450,-185.6901,6711.3545,6711.3545
5320,0.53,0.7766,-0.1426,-5.8814,6.6580,56.0784,-186.4084,6773.7471,6773.7471
5321,0.55,0.5388,-0.1981,-5.8846,6.4234,40.5660,-186.8176,6787.2627,6787.2627
5322,0.54,0.4567,+0.0560,-5.8820,6.3387,23.0947,-186.0699,6711.4922,6711.4922
5323,0.53,-0.2357,-0.1920,-5.8819,5.6461,74.6344,-190.3723,6977.0010,6977.0010
5324,0.55,0.7041,-0.3766,-5.8958,6.6000,32.1007,-186.4015,6720.0176,6720.0176
5325,0.54,0.6967,-0.1665,-5.9072,6.6039,26.4767,-187.7345,6811.9150,6811.9150
5326,0.55,0.4697,-0.1861,-5.9055,6.3752,13.4697,-185.1621,6629.4414,6629.4414
5327,0.52,0.0936,+0.4797,-5.9114,6.0050,7.7933,-187.5804,6772.5127,6772.5127
5328,0.54,0.4618,+0.1470,-5.9104,6.3722,24.8359,-187.8014,6825.8965,6825.8965
5329,0.54,0.5920,-0.2380,-5.8951,6.4872,50.4802,-188.1061,6885.2676,6885.2676
5330,0.54,0.8653,-0.4003,-5.8962,6.7615,35.3054,-186.4561,6791.2930,6791.2930
5331,0.53,0.6373,+0.0894,-5.8979,6.5351,44.6629,-186.9911,6803.2783,6803.2783
5332,0.54,0.4703,+0.1414,-5.8896,6.3599,47.4290,-188.4294,6908.0195,6908.0195
5333,0.52,0.3311,+0.1189,-5.8745,6.2056,20.1836,-187.8959,6862.5654,6862.5654
5334,0.53,1.0558,-0.1174,-5.8615,6.9173,116.0539,-183.9172,6585.4209,6585.4209
5335,0.55,0.6181,-0.2166,-5.8888,6.5069,46.4852,-182.8906,6513.6377,6513.6377
5336,0.53,0.5100,-0.1972,-5.8881,6.3981,108.2660,-184.3669,6623.1182,6623.1182
5337,0.55,0.4517,+0.3970,-5.8897,6.3414,40.4829,-185.6917,6701.5586,6701.5586
5338,0.54,0.7202,-0.2851,-5.8857,6.6058,37.3103,-183.5226,6549.4595,6549.4595
5339,0.53,1.0146,-0.3958,-5.8918,6.9064,115.6992,-185.8093,6752.1543,6752.1543
5340,0.54,0.3400,+0.7729,-5.8744,6.2144,23.3212,-187.3997,6834.8267,6834.8267
5341,0.54,0.8917,-0.0786,-5.8878,6.7795,56.3597,-187.0300,6820.1387,6820.1387
5342,0.54,0.9832,-0.0296,-5.9116,6.8948,63.5821,-183.4288,6572.3809,6572.3809
5343,0.55,0.7698,-0.0285,-5.8746,6.6444,65.9772,-185.4444,6703.7900,6703.7900
5344,0.55,0.7648,-0.2073,-5.8816,6.6464,51.0671,-187.4003,6823.9189,6823.9189
5345,0.52,0.9459,-0.3334,-5.8762,6.8221,51.0665,-186.9707,6794.8418,6794.8418
5346,0.53,0.8713,-0.0039,-5.8524,6.7237,50.0361,-187.1037,6818.0469,6818.0469
5347,0.53,0.6145,+0.1557,-5.8653,6.4797,56.5203,-187.2292,6818.4102,6818.4102
5348,0.52,0.7892,+0.3388,-5.8731,6.6623,36.1924,-184.1609,6610.1143,6610.1143
5349,0.53,0.4644,-0.1198,-5.9101,6.3745,27.4701,-186.2830,6752.3184,6752.3184
5350,0.53,0.5360,+0.1810,-5.9295,6.4654,14.6753,-187.8168,6906.2998,6906.2998
5351,0.52,0.4342,-0.1629,-5.9472,6.3814,33.5024,-186.4685,6772.3369,6772.3369
5352,0.53,0.2452,-0.1005,-5.9376,6.1828,13.1353,-184.8954,6625.6514,6625.6514
5353,0.52,0.8028,-0.5125,-5.9403,6.7430,53.2534,-187.5493,6825.4863,6825.4863
5354,0.54,0.7836,+0.5831,-5.9347,6.7184,71.2832,-187.2771,6798.8154,6798.8154
5355,0.53,1.0357,+0.0442,-5.9174,6.9531,46.1256,-186.4864,6751.2026,6751.2026
5356,0.53,0.2675,+0.1409,-5.9063,6.1738,55.7174,-185.4465,6643.1055,6643.1055
5357,0.55,0.6832,+0.0081,-5.9065,6.5897,55.1752,-186.3415,6731.8267,6731.8267
5358,0.53,0.8063,+0.2086,-5.9155,6.7217,48.7040,-186.5578,6747.7749,6747.7749
5359,0.53,0.9729,+0.1131,-5.9059,6.8788,73.8698,-184.6664,6647.0537,6647.0537
5360,0.51,0.9081,+0.2421,-5.9021,6.8101,57.5171,-185.9441,6737.5410,6737.5410
5361,0.53,1.0754,+0.2599,-5.8974,6.9728,59.3249,-186.4671,6803.2314,6803.2314
5362,0.54,1.0203,+0.1884,-5.8815,6.9018,50.2545,-188.2107,6899.6772,6899.6772
5363,0.53,0.7994,-0.1166,-5.8867,6.6861,47.7749,-189.2518,6965.1650,6965.1650
5364,0.54,0.9998,-0.0269,-5.9021,6.9019,78.9962,-189.6292,7034.5889,7034.5889
5365,0.54,1.4393,-1.0742,-5.9047,7.3440,221.1156,-187.6738,6909.5513,6909.5513
5366,0.53,0.9994,+0.0116,-5.8969,6.8963,75.3038,-189.5885,7030.0547,7030.0547
5367,0.53,0.9630,-0.1046,-5.8974,6.8604,92.0093,-187.4266,6898.4141,6898.4141
5368,0.55,0.5102,+0.2295,-5.8912,6.4014,52.6366,-187.1384,6842.6519,6842.6519
5369,0.52,0.8850,-0.0204,-5.8986,6.7835,58.9487,-186.0729,6794.3921,6794.3921
5370,0.52,0.9642,-0.5333,-5.8859,6.8500,48.9961,-187.4159,6892.4199,6892.4199
5371,0.54,0.6965,+0.1564,-5.9153,6.6118,51.7874,-189.5226,7026.9795,7026.9795
5372,0.53,0.2301,-0.1471,-5.9267,6.1568,32.6983,-188.4939,6958.5586,6958.5586
5373,0.52,0.5018,+0.0350,-5.9540,6.4558,38.1295,-186.7575,6841.2451,6841.2451
5374,0.52,0.5599,+0.1139,-5.9442,6.5041,18.7865,-182.7940,6536.9590,6536.9590
5375,0.53,0.5019,+0.0109,-5.9476,6.4495,59.3826,-188.1007,6894.2744,6894.2744
5376,0.53,0.5331,+0.2867,-5.9352,6.4682,24.8543,-185.2384,6688.4966,6688.4966
5377,0.52,0.6166,+0.2355,-5.9306,6.5472,31.9175,-186.1559,6763.0835,6763.0835
5378,0.55,0.5940,-0.0916,-5.9186,6.5126,32.0239,-186.8836,6851.5532,6851.5532
5379,0.55,0.4576,+0.3203,-5.9178,6.3755,24.6390,-184.7906,6686.8867,6686.8867
5380,0.53,0.7979,-0.1022,-5.9260,6.7240,33.9291,-183.4167,6583.9668,6583.9668
5381,0.54,0.5507,+0.0215,-5.9147,6.4655,67.0071,-184.3042,6632.2285,6632.2285
5382,0.53,0.4327,-0.0081,-5.9156,6.3483,37.1836,-186.1453,6768.5073,6768.5073
5383,0.53,0.5825,+0.1598,-5.9537,6.5362,68.5030,-182.3877,6502.9570,6502.9570
5384,0.53,0.5088,+0.0408,-5.9602,6.4689,35.1897,-182.0168,6478.8311,6478.8311
5385,0.52,0.5293,+0.2250,-5.9362,6.4655,47.7034,-188.8618,6979.3257,6979.3257
5386,0.53,0.5916,+0.0359,-5.9402,6.5318,32.8346,-187.5242,6879.5464,6879.5464
5387,0.53,0.5766,+0.3718,-5.9036,6.4802,34.9462,-187.5822,6879.7222,6879.7222
5388,0.54,0.6166,+0.2862,-5.9191,6.5356,37.9091,-186.7363,6801.6777,6801.6777
5389,0.53,0.8398,-0.3650,-5.8970,6.7368,47.5122,-186.7233,6810.5298,6810.5298
5390,0.54,0.9533,-0.1272,-5.9272,6.8805,36.2002,-189.0575,7030.7051,7030.7051
5391,0.53,0.4573,-0.1716,-5.9310,6.3883,41.7131,-188.2667,6938.1470,6938.1470
5392,0.53,0.2403,-0.0797,-5.9224,6.1628,50.7900,-186.1989,6773.7920,6773.7920
5393,0.55,0.4079,+0.2199,-5.9038,6.3117,40.3487,-187.4426,6844.9297,6844.9297
5394,0.54,9.5897,+5.5839,-5.9367,15.5263,23573.0332,-185.7692,7289.6621,7289.6621
5395,0.53,-0.9721,-1.2429,-5.9227,4.9506,325.6884,-186.8150,6724.0786,6724.0786
5396,0.53,0.6159,+0.2795,-5.9326,6.5485,36.0848,-186.4881,6795.9668,6795.9668
5397,0.53,0.5416,+0.3233,-5.9227,6.4643,29.5840,-188.1202,6913.4868,6913.4868
5398,0.53,0.4591,+0.2580,-5.9526,6.4117,36.1022,-187.8700,6872.7900,6872.7900
5399,0.52,0.3232,+0.1433,-5.9391,6.2623,35.5431,-183.3482,6535.8076,6535.8076
5400,0.52,0.3670,+0.2361,-5.9322,6.2992,39.0197,-185.5841,6691.3350,6691.3350
5401,0.54,0.1618,+0.0131,-5.9197,6.0815,36.8570,-187.9488,6864.9385,6864.9385
5402,0.54,0.3897,-0.2392,-5.8919,6.2817,33.9238,-187.6746,6847.4316,6847.4316
5403,0.54,0.4245,+0.3165,-5.8745,6.2989,33.0893,-189.9986,7009.7031,7009.7031
5404,0.55,0.5404,-0.1000,-5.8885,6.4289,29.5544,-185.1929,6676.1689,6676.1689
5405,0.54,0.4537,-0.2573,-5.8928,6.3465,25.6422,-184.9905,6646.5723,6646.5723
5406,0.54,0.4364,+0.1896,-5.9036,6.3400,34.3169,-185.5885,6690.8711,6690.8711
5407,0.54,0.3521,+0.1037,-5.8964,6.2485,42.2833,-188.1899,6867.2842,6867.2842
5408,0.55,0.2503,+0.0990,-5.8860,6.1364,39.4051,-188.0987,6868.4238,6868.4238
5409,0.53,0.5948,+0.1063,-5.8832,6.4780,36.5998,-187.9501,6873.6362,6873.6362
5410,0.54,0.4942,-0.1387,-5.8895,6.3837,33.1331,-188.4016,6893.4004,6893.4004
5411,0.53,0.4950,+0.0370,-5.8681,6.3631,32.8833,-188.1096,6884.0088,6884.0088
5412,0.53,0.6384,-0.3495,-5.8683,6.5067,42.5497,-194.0755,7358.4541,7358.4541
5413,0.53,0.4928,-0.0464,-5.8507,6.3435,32.0867,-195.1248,7405.9204,7405.9204
5414,0.55,0.5074,+0.0147,-5.8523,6.3597,38.9542,-191.4566,7146.9404,7146.9404
5415,0.54,0.3240,-0.0613,-5.8807,6.2047,25.7467,-189.3834,6994.4810,6994.4810
5416,0.55,0.1689,-0.0056,-5.8760,6.0450,16.2885,-192.9914,7267.0029,7267.0029
5417,0.54,0.1859,+0.2597,-5.8808,6.0667,39.9131,-190.7603,7105.0742,7105.0742
5418,0.54,-0.1391,+0.1268,-5.8805,5.7413,6.5169,-192.1180,7197.0479,7197.0479
5419,0.55,0.3322,-0.0764,-5.8994,6.2316,63.4861,-188.4620,6934.9751,6934.9751
5420,0.55,-0.1006,-0.1337,-5.8921,5.7916,47.4391,-187.6763,6847.8018,6847.8018
5421,0.56,0.5797,-0.5807,-5.8817,6.4613,76.0641,-185.9587,6737.8018,6737.8018
5422,0.56,0.1318,-0.2873,-5.8595,5.9913,34.2749,-188.5493,6920.2715,6920.2715
5423,0.55,0.4089,+0.7306,-5.8548,6.2637,70.4010,-191.1837,7115.7793,7115.7793
5424,0.54,0.5461,+0.3175,-5.8540,6.4001,91.8253,-190.3711,7042.9272,7042.9272
5425,0.55,0.4978,-0.1754,-5.8678,6.3655,60.5278,-190.0107,7013.6543,7013.6543
5426,0.57,0.4797,-0.3638,-5.8408,6.3205,44.8830,-190.1115,7009.2656,7009.2656
5427,0.54,0.1590,-0.3007,-5.8543,6.0133,42.9226,-187.7111,6826.7451,6826.7451
5428,0.54,0.2912,-0.0237,-5.8588,6.1500,52.9632,-189.5884,6955.2900,6955.2900
5429,0.55,0.1604,-0.2712,-5.8617,6.0221,27.3293,-188.0561,6822.0088,6822.0088
5430,0.55,0.1740,-0.0843,-5.8542,6.0283,29.6652,-190.3091,6992.2871,6992.2871
5431,0.54,0.9279,-0.0516,-5.8345,6.7624,368.2145,-190.1096,7022.7910,7022.7910
5432,0.54,0.3764,+0.1850,-5.8672,6.2436,44.3127,-186.5482,6749.3296,6749.3296
5433,0.55,0.4192,+0.1883,-5.8664,6.2857,28.5438,-188.4331,6882.9180,6882.9180
5434,0.55,0.5308,-0.1589,-5.8798,6.4106,41.8548,-187.4821,6826.0166,6826.0166
5435,0.52,0.2497,+0.0140,-5.8713,6.1210,32.0156,-189.4010,6942.8071,6942.8071
5436,0.54,0.2868,-0.0261,-5.8716,6.1584,31.3594,-186.6612,6720.4067,6720.4067
5437,0.55,0.1283,+0.1862,-5.8853,6.0136,21.9988,-188.0940,6832.6392,6832.6392
5438,0.55,0.1989,-0.1579,-5.9005,6.0993,20.6788,-187.8339,6812.4707,6812.4707
5439,0.54,0.2219,-0.2470,-5.9004,6.1223,4.5622,-187.4130,6792.5742,6792.5742
5440,0.55,0.3028,-0.0843,-5.8829,6.1858,8.1670,-186.8914,6765.9614,6765.9614
5441,0.55,0.4313,-0.3105,-5.8684,6.2997,21.6504,-189.2710,6941.9229,6941.9229
5442,0.54,0.2761,-0.0833,-5.8616,6.1376,6.0162,-187.3511,6817.5537,6817.5537
5443,0.54,0.0990,-0.5545,-5.8728,5.9718,4.1649,-192.9937,7284.6543,7284.6543
5444,0.54,0.2110,+0.0324,-5.8719,6.0829,6.7130,-194.2659,7379.0786,7379.0786
5445,0.56,0.9177,+0.0257,-5.8569,6.7746,3.1649,-176.8781,6003.5596,6003.5596
5446,0.52,0.4137,-0.0727,-5.8793,6.2930,4.3360,-202.2172,7920.1143,7920.1143
5447,0.56,0.7426,+0.0447,-5.8904,6.6330,4.9039,-173.2038,5778.6309,5778.6309
5448,0.54,0.1556,-0.3760,-5.9012,6.0568,5.4227,-198.0306,7624.1592,7624.1592
5449,0.54,0.2166,-0.1525,-5.8964,6.1130,7.3974,-177.3530,6063.7402,6063.7402
5450,0.55,0.2091,+0.0601,-5.8815,6.0905,7.9314,-198.9093,7646.6255,7646.6255
5451,0.55,-0.0003,-0.1527,-5.8957,5.8954,6.4879,-184.6656,6636.7437,6636.7437
5452,0.55,-0.0092,+0.1143,-5.8883,5.8791,7.2126,-187.6517,6850.9385,6850.9385
5453,0.54,0.2248,+0.0313,-5.8953,6.1201,7.0417,-184.7083,6583.5527,6583.5527
5454,0.56,-0.2353,-0.1080,-5.8921,5.6568,4.8297,-188.7884,6885.7178,6885.7178
5455,0.55,0.3968,+0.2412,-5.8967,6.2935,6.0998,-176.6111,5976.8701,5976.8701
5456,0.55,0.1205,+0.2625,-5.9232,6.0437,5.2333,-199.9165,7716.8667,7716.8667
5457,0.53,0.1457,-0.6786,-5.9117,6.0574,21.6960,-175.9349,6020.3496,6020.3496
5458,0.55,-0.0964,-0.0535,-5.9245,5.8281,4.7173,-186.0182,6682.0889,6682.0889
5459,0.55,0.1979,-0.2298,-5.9274,6.1253,13.1431,-196.2064,7455.8784,7455.8784
5460,0.54,-0.0499,+0.0466,-5.9202,5.8704,12.0579,-184.6638,6603.3213,6603.3213
5461,0.56,0.1525,-0.0705,-5.8855,6.0380,13.1319,-190.0794,7042.0801,7042.0801
5462,0.54,-0.0187,-0.8178,-5.9005,5.8819,80.0704,-186.4122,6778.9263,6778.9263
5463,0.55,-0.0053,-0.0004,-5.9008,5.8955,19.0263,-183.8790,6579.5356,6579.5356
5464,0.55,-0.0002,-0.0236,-5.8789,5.8787,25.5908,-189.1931,6943.0771,6943.0771
5465,0.56,0.1766,-0.1427,-5.9226,6.0992,19.5965,-187.0718,6791.9067,6791.9067
5466,0.57,0.5638,-0.0854,-5.9349,6.4987,74.8576,-187.0526,6821.8936,6821.8936
5467,0.55,-0.0438,-0.4857,-5.9234,5.8796,25.3842,-187.3595,6806.3403,6806.3403
5468,0.53,0.1990,-0.0906,-5.9014,6.1004,60.6139,-190.5311,7109.1855,7109.1855
5469,0.56,0.1204,+0.3176,-5.9329,6.0533,9.8498,-189.8811,7038.8560,7038.8560
5470,0.55,0.7457,+0.2365,-5.9561,6.7018,46.1074,-183.6441,6595.7715,6595.7715
5471,0.55,0.6838,-0.0853,-5.9647,6.6485,33.9371,-182.2086,6503.1836,6503.1836
5472,0.56,0.4655,+0.3041,-5.9438,6.4093,50.9310,-183.1348,6552.1055,6552.1055
5473,0.56,1.2378,-0.0335,-5.9568,7.1946,168.3700,-181.0678,6409.4082,6409.4082
5474,0.55,0.3938,+0.1392,-5.9491,6.3429,49.3304,-181.4292,6369.3125,6369.3125
5475,0.55,0.3259,-0.4306,-5.9552,6.2811,41.9452,-182.5662,6495.7393,6495.7393
5476,0.54,0.5983,-0.1133,-5.9293,6.5276,72.2983,-182.9363,6526.0684,6526.0684
5477,0.55,0.9535,-0.4438,-5.9179,6.8715,85.0201,-182.3886,6514.9531,6514.9531
5478,0.57,1.2434,-0.0221,-5.9145,7.1579,182.1584,-183.7750,6635.1406,6635.1406
5479,0.54,0.7203,+0.5688,-5.9268,6.6470,49.5614,-182.8706,6514.0410,6514.0410
5480,0.54,1.2957,+0.0013,-5.9068,7.2025,97.7923,-185.5407,6712.7329,6712.7329
5481,0.54,1.1123,-0.1232,-5.9278,7.0402,194.9674,-184.2598,6658.7212,6658.7212
5482,0.55,0.8305,+0.2917,-5.9416,6.7721,97.4579,-186.2762,6794.8228,6794.8228
5483,0.56,0.6183,+0.0384,-5.9413,6.5596,102.2741,-185.9519,6742.8174,6742.8174
5484,0.54,1.0394,+0.0482,-5.9400,6.9794,152.0284,-185.1535,6710.9648,6710.9648
5485,0.56,1.1106,-0.2339,-5.9582,7.0688,117.4533,-185.3898,6769.3589,6769.3589
5486,0.55,1.0273,-0.1020,-5.9524,6.9797,142.9353,-183.6470,6608.7256,6608.7256
5487,0.55,1.1344,+0.1856,-5.9671,7.1015,145.1234,-183.0630,6584.4663,6584.4663
5488,0.53,1.0054,-0.2297,-5.9551,6.9605,92.9980,-184.3121,6671.3223,6671.3223
5489,0.55,1.4066,-0.4489,-5.9469,7.3534,190.1758,-185.7407,6832.5449,6832.5449
5490,0.56,1.6076,-0.1741,-5.9388,7.5464,174.7682,-184.4712,6721.9541,6721.9541
5491,0.53,0.7109,-0.5724,-5.9396,6.6505,153.4270,-183.7522,6658.1406,6658.1406
5492,0.54,1.2896,-0.0498,-5.9152,7.2048,144.1746,-186.5651,6872.0635,6872.0635
5493,0.54,9.1094,+0.5790,-5.9230,15.0324,16250.7988,-185.1015,7537.8418,7537.8418
5494,0.54,2.8969,-5.7901,-5.9161,8.8130,1077.2124,-184.4104,6839.1104,6839.1104
5495,0.55,3.1167,+0.9625,-5.9204,9.0371,885.2973,-184.3567,6814.2100,6814.2100
5496,0.55,2.5695,-1.5021,-5.9272,8.4967,632.9218,-183.1494,6726.6230,6726.6230
5497,0.55,0.6704,-0.2946,-5.9323,6.6026,84.9597,-183.6405,6594.9409,6594.9409
5498,0.54,0.4325,-0.1309,-5.9268,6.3593,63.1127,-185.1204,6686.4751,6686.4751
5499,0.55,0.9172,+0.2145,-5.9308,6.8480,104.1369,-186.2315,6791.4688,6791.4688
5500,0.55,0.6665,+0.7638,-5.9350,6.6015,83.5158,-187.1554,6837.3193,6837.3193
5501,0.55,2.7053,+4.3373,-5.9128,8.6180,1047.5586,-186.8031,6931.4541,6931.4541
5502,0.53,1.0656,-1.3364,-5.9203,6.9858,125.0195,-187.2316,6881.0366,6881.0366
5503,0.54,-1.7705,+0.5444,-5.9118,4.1413,2240.0632,-187.2536,6693.2559,6693.2559
5504,0.55,0.5935,-0.7955,-5.9215,6.5150,114.5503,-185.8598,6748.9185,6748.9185
5505,0.56,1.9532,+1.2323,-5.8960,7.8492,464.2411,-186.3009,6868.5996,6868.5996
5506,0.55,3.5912,-0.1112,-5.9015,9.4927,1079.8229,-185.7897,6935.8711,6935.8711
5507,0.54,1.6976,-0.6594,-5.9111,7.6087,555.0689,-185.6098,6813.4434,6813.4434
5508,0.53,2.1689,-0.3341,-5.9225,8.0914,889.7402,-186.1617,6888.1270,6888.1270
5509,0.55,1.5963,+0.0925,-5.9441,7.5404,347.8911,-184.5893,6714.6357,6714.6357
5510,0.54,0.6684,+0.0392,-5.9284,6.5968,65.1606,-186.0253,6762.9019,6762.9019
5511,0.54,1.4666,+0.8254,-5.9257,7.3924,312.6658,-185.9200,6814.7505,6814.7505
5512,0.54,2.3802,+1.5324,-5.9294,8.3097,1270.2672,-183.9467,6717.7339,6717.7339
5513,0.53,0.7673,+0.4222,-5.9346,6.7019,88.1676,-186.3651,6800.2803,6800.2803
5514,0.55,1.1789,+1.4066,-5.9442,7.1231,186.1596,-186.7290,6824.8916,6824.8916
5515,0.55,1.2963,+0.1481,-5.9481,7.2444,102.3796,-186.8064,6825.3770,6825.3770
5516,0.55,0.9266,-0.1085,-5.9536,6.8801,107.8650,-185.0910,6694.1587,6694.1587
5517,0.54,1.0028,-0.6057,-5.9687,6.9715,99.1063,-185.0163,6681.8105,6681.8105
5518,0.53,1.2666,+0.0178,-5.9462,7.2128,163.3727,-183.1873,6535.1226,6535.1226
5519,0.53,1.1996,-0.0348,-5.9551,7.1547,208.8483,-183.0031,6525.4453,6525.4453
5520,0.56,-0.2494,-2.2151,-5.9576,5.7083,194.3659,-184.4636,6554.5298,6554.5298
5521,0.56,0.5315,-0.0851,-5.9410,6.4724,47.9814,-185.7976,6673.0332,6673.0332
5522,0.55,0.3768,-0.1049,-5.9399,6.3166,51.0313,-183.6241,6512.6738,6512.6738
5523,0.55,0.6852,-0.4104,-5.9087,6.5939,115.0529,-187.0842,6774.6025,6774.6025
5524,0.56,0.7714,-0.1063,-5.9208,6.6922,75.7374,-185.6300,6672.4463,6672.4463
5525,0.53,0.8512,+0.1694,-5.9102,6.7614,100.6247,-186.0984,6706.9785,6706.9785
5526,0.55,0.5433,+0.0626,-5.9155,6.4588,89.8312,-185.5015,6651.9946,6651.9946
5527,0.56,0.2613,+0.0115,-5.9184,6.1797,44.1926,-186.2198,6713.7202,6713.7202
5528,0.57,0.6218,+0.4643,-5.9159,6.5377,65.0658,-187.9307,6817.2295,6817.2295
5529,0.55,0.6521,+0.1315,-5.9046,6.5567,101.2229,-187.5278,6792.0742,6792.0742
5530,0.54,0.8766,+0.1107,-5.9012,6.7779,94.5950,-188.5413,6893.9209,6893.9209
5531,0.55,0.8904,+0.1132,-5.8880,6.7784,157.1656,-187.0909,6796.8408,6796.8408
5532,0.56,0.6012,-0.1959,-5.9150,6.5162,54.6471,-186.7779,6764.3726,6764.3726
5533,0.55,0.5801,+0.2582,-5.9210,6.5011,79.7724,-187.5953,6849.9199,6849.9199
5534,0.54,-0.1727,+0.3433,-5.9266,5.7539,42.7748,-187.6230,6780.2920,6780.2920
5535,0.55,0.3406,+0.3259,-5.9357,6.2763,48.2646,-186.5916,6739.1553,6739.1553
5536,0.55,0.5131,-0.0137,-5.9237,6.4368,57.2067,-189.1242,6930.7539,6930.7539
5537,0.55,0.7499,+0.1325,-5.9208,6.6707,110.6193,-187.2425,6793.3174,6793.3174
5538,0.54,0.3109,+0.3470,-5.9480,6.2589,47.8204,-187.6353,6814.7266,6814.7266
5539,0.54,0.5526,+0.2427,-5.9514,6.5040,52.9344,-185.1436,6643.8916,6643.8916
5540,0.54,0.1446,-0.2123,-5.9343,6.0790,61.5824,-187.4379,6771.2412,6771.2412
5541,0.55,0.3957,-0.0563,-5.9308,6.3265,45.4237,-187.5522,6793.9634,6793.9634
5542,0.57,0.5196,-0.0448,-5.9356,6.4552,75.4474,-187.4300,6842.6855,6842.6855
5543,0.53,0.2713,+0.0477,-5.9197,6.1911,35.2593,-187.8150,6835.1084,6835.1084
5544,0.53,0.5733,-0.5001,-5.9157,6.4890,80.6856,-187.1151,6768.8721,6768.8721
5545,0.55,0.7591,-0.1105,-5.9035,6.6626,82.1923,-183.1422,6466.9287,6466.9287
5546,0.56,0.6739,+0.1835,-5.8854,6.5593,69.2033,-186.0363,6658.6621,6658.6621
5547,0.55,0.6699,+0.1628,-5.8883,6.5582,86.6452,-186.1754,6651.5264,6651.5264
5548,0.55,0.8366,+0.3185,-5.8855,6.7221,135.4294,-186.4624,6700.0557,6700.0557
5549,0.54,0.1241,+0.4449,-5.8797,6.0038,88.5673,-187.2539,6690.0640,6690.0640
5550,0.55,0.5754,+0.2103,-5.8821,6.4574,89.3601,-187.8576,6764.0044,6764.0044
5551,0.55,0.8520,+0.0633,-5.8873,6.7393,78.2139,-187.1020,6729.5342,6729.5342
5552,0.54,0.6571,-0.0508,-5.9093,6.5664,60.8006,-185.3453,6572.8535,6572.8535
5553,0.54,0.3844,-0.4674,-5.9307,6.3152,49.6808,-186.0564,6639.6348,6639.6348
5554,0.55,0.7188,-0.0747,-5.9354,6.6541,78.6119,-184.8455,6567.6646,6567.6646
5555,0.55,0.7794,+0.0958,-5.9281,6.7075,67.1956,-185.5141,6624.2295,6624.2295
5556,0.54,0.6275,+0.0141,-5.9390,6.5664,82.0290,-184.5004,6556.2725,6556.2725
5557,0.55,1.3283,-0.0032,-5.9149,7.2432,178.3857,-185.9067,6677.6050,6677.6050
5558,0.55,0.8804,-0.2943,-5.9082,6.7887,72.9121,-186.8604,6741.1514,6741.1514
5559,0.55,0.7101,-0.1249,-5.9020,6.6121,69.8313,-189.0840,6907.2490,6907.2490
5560,0.56,0.6375,-0.0588,-5.9120,6.5495,53.5758,-186.6882,6750.1313,6750.1313
5561,0.53,0.8005,+0.0269,-5.9124,6.7129,93.0909,-187.2756,6800.0625,6800.0625
5562,0.54,1.1174,+0.1963,-5.9185,7.0359,161.6877,-187.3786,6834.7236,6834.7236
5563,0.55,1.0644,+0.3044,-5.9259,6.9903,225.0235,-186.3702,6775.6250,6775.6250
5564,0.55,0.9786,-0.3220,-5.9286,6.9072,182.2323,-185.9030,6727.6445,6727.6445
5565,0.56,0.8526,+0.1019,-5.9127,6.7653,102.7978,-185.1174,6651.9761,6651.9761
5566,0.54,1.0825,-0.2063,-5.9056,6.9881,120.0955,-186.0788,6722.4590,6722.4590
5567,0.55,0.8885,+0.2989,-5.9089,6.7974,104.9581,-186.6145,6767.7090,6767.7090
5568,0.55,0.3419,+0.1806,-5.9181,6.2601,48.5930,-186.4558,6730.5771,6730.5771
5569,0.54,0.5422,-0.1944,-5.9320,6.4742,87.1033,-186.7175,6754.3818,6754.3818
5570,0.56,0.2165,-0.2732,-5.9174,6.1339,49.2990,-186.0103,6669.2178,6669.2178
5571,0.55,0.8016,+1.0681,-5.9055,6.7071,122.1531,-187.1275,6758.6787,6758.6787
5572,0.56,0.6002,-0.0125,-5.8925,6.4928,52.7138,-187.7278,6773.8413,6773.8413
5573,0.55,0.9671,-0.3310,-5.8824,6.8494,91.8462,-186.4044,6699.2109,6699.2109
5574,0.54,0.3997,+0.1301,-5.8951,6.2948,57.2385,-185.9282,6666.3379,6666.3379
5575,0.55,0.6027,-0.1757,-5.9090,6.5118,60.5680,-187.1472,6757.6436,6757.6436
5576,0.56,2.7634,+0.5325,-5.9085,8.6719,1406.1415,-186.5581,6820.4922,6820.4922
5577,0.55,2.6572,+0.1549,-5.8900,8.5472,1313.6522,-186.6281,6824.1445,6824.1445
5578,0.56,0.7930,+0.1045,-5.8911,6.6841,96.7347,-186.3860,6713.3652,6713.3652
5579,0.55,0.7902,-0.2457,-5.8947,6.6848,62.1016,-185.4161,6644.5479,6644.5479
5580,0.55,0.5694,-0.1504,-5.8999,6.4694,60.5232,-186.5582,6693.3359,6693.3359
5581,0.55,0.4763,-0.5013,-5.9164,6.3927,75.8355,-187.8962,6822.8252,6822.8252
5582,0.55,0.7862,-0.0068,-5.9308,6.7170,58.8429,-185.9820,6680.3071,6680.3071
5583,0.55,0.7672,-0.0503,-5.9183,6.6855,70.8699,-185.6842,6648.7646,6648.7646
5584,0.53,0.6398,-0.0709,-5.9094,6.5492,73.7007,-184.9159,6587.0020,6587.0020
5585,0.58,0.7321,+0.1653,-5.9444,6.6765,92.9062,-182.5348,6435.3306,6435.3306
5586,0.54,0.4255,+0.0069,-5.9408,6.3663,63.5411,-184.3230,6562.3984,6562.3984
5587,0.53,0.3685,-0.0397,-5.9376,6.3061,51.6583,-185.3451,6635.2466,6635.2466
5588,0.54,1.7765,-0.3492,-5.9207,7.6972,756.3880,-185.5196,6708.8574,6708.8574
5589,0.55,3.8844,+0.9020,-5.9453,9.8296,3441.9470,-184.9038,6755.2920,6755.2920
5590,0.54,0.6016,-0.0681,-5.9424,6.5440,53.4942,-187.2376,6764.9482,6764.9482
5591,0.54,0.8750,+0.3396,-5.9626,6.8375,66.5142,-183.5699,6522.7637,6522.7637
5592,0.53,1.1264,+0.3391,-5.9194,7.0457,64.1784,-185.7292,6670.6025,6670.6025
5593,0.54,0.7343,+0.2318,-5.9158,6.6501,75.1699,-187.5771,6779.9932,6779.9932
5594,0.53,0.7444,-0.2408,-5.9212,6.6656,91.1156,-186.2745,6679.9023,6679.9023
5595,0.52,0.4552,-0.5227,-5.9042,6.3594,35.4530,-186.6456,6736.3428,6736.3428
5596,0.55,13.1135,+1.9818,-5.8925,19.0060,40861.1133,-186.8417,7447.2324,7447.2324
5597,0.54,2.8314,+0.6908,-5.9062,8.7376,1556.2058,-186.5358,6825.7744,6825.7744
5598,0.56,0.7150,+0.3188,-5.9156,6.6305,52.5442,-186.1906,6715.8218,6715.8218
5599,0.52,0.8832,+0.1596,-5.9061,6.7893,60.8241,-185.8313,6686.2422,6686.2422
5600,0.52,0.6254,-0.0614,-5.8924,6.5179,77.3210,-185.4782,6638.6006,6638.6006
5601,0.55,0.6139,+0.3365,-5.9153,6.5292,93.8182,-184.0072,6547.8027,6547.8027
5602,0.54,0.4078,+0.1115,-5.9100,6.3178,103.3418,-185.2615,6597.1538,6597.1538
5603,0.54,0.7649,+0.0866,-5.9047,6.6696,87.0889,-186.4338,6726.5850,6726.5850
5604,0.55,0.4733,-0.2577,-5.9047,6.3780,49.8910,-186.8842,6749.8320,6749.8320
5605,0.55,0.9056,+0.1686,-5.8876,6.7932,52.7600,-182.1652,6365.9385,6365.9385
5606,0.56,0.8195,+0.0369,-5.9042,6.7238,75.2034,-183.8385,6508.3130,6508.3130
5607,0.55,0.6082,-0.2432,-5.9054,6.5136,76.7951,-183.4746,6504.7900,6504.7900
5608,0.54,0.4691,+0.0230,-5.9156,6.3847,81.8557,-182.5079,6405.9785,6405.9785
5609,0.56,0.4309,-0.0485,-5.9297,6.3606,69.4767,-183.6857,6509.0513,6509.0513
5610,0.55,0.8467,+0.2188,-5.9236,6.7703,116.5814,-189.3277,6926.5234,6926.5234
5611,0.56,0.7581,-0.1669,-5.9228,6.6809,77.5739,-190.2446,6989.6416,6989.6416
5612,0.56,0.6251,+0.0499,-5.9319,6.5570,78.9956,-187.5846,6807.1416,6807.1416
5613,0.54,0.6972,-0.1259,-5.9318,6.6289,88.7988,-186.0309,6687.9736,6687.9736
5614,0.54,0.6835,-0.1723,-5.9217,6.6051,43.5528,-186.1963,6681.9829,6681.9829
5615,0.54,0.7759,-0.0638,-5.9011,6.6770,66.9558,-185.9280,6678.1367,6678.1367
5616,0.55,0.8110,-0.0542,-5.8747,6.6857,52.7618,-186.7912,6745.3057,6745.3057
5617,0.54,0.7878,+0.0605,-5.8617,6.6496,77.8168,-189.2094,6901.6963,6901.6963
5618,0.55,0.5918,+0.2291,-5.8515,6.4434,61.5807,-189.5192,6878.1138,6878.1138
5619,0.54,0.3130,+0.0449,-5.8606,6.1736,87.0505,-187.9736,6765.4385,6765.4385
5620,0.55,0.4839,-0.1387,-5.8405,6.3244,69.5933,-188.9447,6832.5645,6832.5645
5621,0.54,0.7501,-0.1666,-5.8668,6.6169,59.9173,-187.1127,6731.7349,6731.7349
5622,0.55,-2.8602,-2.1879,-5.8646,3.0044,2753.8130,-187.3708,6397.6455,6397.6455
5623,0.54,0.8188,-0.1276,-5.8603,6.6791,91.3310,-186.0512,6661.2588,6661.2588
5624,0.55,0.8191,-0.2769,-5.8883,6.7073,84.8251,-185.7074,6635.0728,6635.0728
5625,0.55,4.1471,+0.4181,-5.9015,10.0486,3306.6667,-184.0678,6815.7559,6815.7559
5626,0.54,6.1363,-5.1558,-5.8874,12.0237,7797.4170,-186.1514,7133.9404,7133.9404
5627,0.55,0.4960,-0.2684,-5.8975,6.3935,60.0370,-186.4940,6696.4644,6696.4644
5628,0.53,0.8192,+0.1770,-5.8788,6.6979,56.5055,-187.8822,6802.8623,6802.8623
5629,0.54,0.8317,+0.0236,-5.8762,6.7079,89.6170,-187.7044,6806.5986,6806.5986
5630,0.56,0.6991,-0.0611,-5.8813,6.5804,69.5271,-187.6783,6791.7485,6791.7485
5631,0.54,0.6556,-0.2858,-5.9030,6.5586,54.9986,-187.6654,6785.3911,6785.3911
5632,0.55,0.5612,+0.1126,-5.8994,6.4606,49.4564,-185.6807,6665.5898,6665.5898
5633,0.54,0.6451,+0.2880,-5.9072,6.5524,72.1164,-187.9937,6837.8813,6837.8813
5634,0.55,0.7445,+0.1961,-5.8979,6.6425,64.8287,-188.8146,6902.4277,6902.4277
5635,0.55,0.9154,+0.4308,-5.8936,6.8090,123.9358,-188.5465,6901.4165,6901.4165
5636,0.56,0.4740,+0.1595,-5.9013,6.3752,61.6305,-186.1043,6691.2529,6691.2529
5637,0.55,0.8638,-0.1563,-5.8905,6.7543,85.5590,-187.0316,6792.0127,6792.0127
5638,0.56,0.3520,+0.1692,-5.9091,6.2611,61.6458,-185.8876,6690.4492,6690.4492
5639,0.54,0.7187,-0.0522,-5.9366,6.6553,73.2461,-183.3636,6498.2329,6498.2329
5640,0.56,0.7564,+0.1678,-5.9462,6.7026,133.4654,-183.9133,6559.6436,6559.6436
5641,0.54,0.1359,-0.1987,-5.9533,6.0892,90.3898,-184.2169,6564.1201,6564.1201
5642,0.56,0.1661,-0.0437,-5.9511,6.1172,104.1716,-183.8030,6520.2686,6520.2686
5643,0.57,0.3408,-0.1832,-5.9422,6.2831,51.7065,-182.8317,6421.1543,6421.1543
5644,0.55,1.0122,-0.0630,-5.9497,6.9620,94.1674,-182.8529,6474.0244,6474.0244
5645,0.55,0.7280,-0.0474,-5.9352,6.6633,59.1825,-185.4792,6664.0308,6664.0308
5646,0.54,1.3103,+0.1527,-5.9230,7.2333,199.3409,-185.0206,6620.5918,6620.5918
5647,0.54,1.0262,-0.4746,-5.9120,6.9381,211.3163,-186.0426,6692.1533,6692.1533
5648,0.55,3.2416,+1.8310,-5.9022,9.1438,2130.4541,-185.1534,6795.1172,6795.1172
5649,0.55,0.8756,-0.4360,-5.9251,6.8006,217.4971,-184.7234,6600.9805,6600.9805
5650,0.54,1.0032,-0.0444,-5.9188,6.9220,139.0786,-185.2754,6654.1138,6654.1138
5651,0.55,0.8736,+0.0320,-5.9097,6.7833,73.1394,-184.7104,6583.5166,6583.5166
5652,0.55,0.6866,+0.3003,-5.9121,6.5988,58.0738,-186.0036,6701.4497,6701.4497
5653,0.55,0.5445,+0.0454,-5.9041,6.4486,72.8914,-186.2836,6689.9658,6689.9658
5654,0.55,0.6928,-0.0422,-5.8995,6.5923,64.8692,-185.5081,6628.0693,6628.0693
5655,0.55,0.7324,-0.2497,-5.8998,6.6322,54.1823,-185.2518,6613.6357,6613.6357
5656,0.53,0.9730,-0.2082,-5.8929,6.8659,83.0897,-187.1657,6778.8838,6778.8838
5657,0.53,0.4544,+0.1826,-5.8985,6.3528,80.7529,-186.7835,6713.2217,6713.2217
5658,0.56,0.5976,+0.0636,-5.9167,6.5143,50.9144,-187.4527,6770.0391,6770.0391
5659,0.56,0.5253,-0.4717,-5.9343,6.4596,45.0876,-184.0754,6520.9570,6520.9570
5660,0.54,0.1729,-0.5330,-5.9477,6.1207,47.0565,-184.1807,6510.0576,6510.0576
5661,0.54,-0.0057,+0.2285,-5.9361,5.9304,64.6814,-183.9166,6486.8438,6486.8438
5662,0.56,0.1227,-0.0634,-5.9315,6.0542,31.6886,-187.0469,6700.5806,6700.5806
5663,0.56,0.5090,-0.1144,-5.9130,6.4220,37.2920,-185.0734,6579.1660,6579.1660
5664,0.57,0.3106,+0.0794,-5.9129,6.2235,35.9489,-185.6503,6603.2065,6603.2065
5665,0.55,0.5627,+0.0618,-5.9148,6.4775,36.6222,-186.5004,6689.0249,6689.0249
5666,0.55,0.6511,+0.1098,-5.8908,6.5419,38.4212,-185.8766,6648.5522,6648.5522
5667,0.56,0.1838,-0.1555,-5.9075,6.0912,22.8844,-185.3282,6595.6084,6595.6084
5668,0.55,0.4282,-0.2750,-5.9119,6.3402,44.0854,-184.3556,6527.8691,6527.8691
5669,0.56,0.2120,+0.0255,-5.9333,6.1454,28.7631,-186.9649,6716.0264,6716.0264
5670,0.55,3.3074,+0.5732,-5.9287,9.2361,3615.1167,-185.9552,6864.7490,6864.7490
5671,0.54,-0.1457,+0.1849,-5.9230,5.7773,15.4657,-184.8471,6525.6445,6525.6445
5672,0.56,0.3468,-0.2888,-5.9321,6.2789,28.4120,-185.4777,6637.2256,6637.2256
5673,0.54,0.1835,+0.1381,-5.9193,6.1029,41.3956,-187.1761,6747.1152,6747.1152
5674,0.55,-0.3164,-0.1460,-5.9083,5.5918,21.7303,-184.2176,6490.2573,6490.2573
5675,0.54,-0.1343,+0.0436,-5.9057,5.7714,4.3337,-185.6703,6608.6943,6608.6943
5676,0.55,0.2172,+0.0380,-5.9150,6.1321,9.5464,-194.5207,7234.2715,7234.2715
5677,0.55,0.6104,+0.2494,-5.9349,6.5453,4.0148,-174.4197,5798.4990,5798.4990
5678,0.55,0.1950,-0.0169,-5.9488,6.1439,8.7893,-196.0668,7434.5439,7434.5439
5679,0.56,0.7148,+0.0038,-5.9426,6.6574,4.1599,-169.8610,5543.5215,5543.5215
5680,0.55,0.2470,+0.0216,-5.9307,6.1777,4.4990,-198.3162,7582.7529,7582.7529
5681,0.55,0.2904,+0.0515,-5.9216,6.2120,7.5543,-171.7675,5659.8252,5659.8252
5682,0.56,-0.1964,-0.2985,-5.9412,5.7448,6.6457,-192.9658,7123.0312,7123.0312
5683,0.55,0.0285,+0.2685,-5.9508,5.9792,4.7722,-178.9138,6163.8599,6163.8599
5684,0.56,-0.6134,-0.1735,-5.9448,5.3314,82.3637,-195.2070,7292.9092,7292.9092
5685,0.57,-0.2995,-0.1416,-5.9393,5.6398,2.5383,-183.0697,6439.8906,6439.8906
5686,0.58,-0.1194,+0.1124,-5.9374,5.8179,7.3025,-177.9611,6026.2544,6026.2544
5687,0.57,-0.2893,+0.1242,-5.9480,5.6587,3.6190,-196.2921,7367.4956,7367.4956
5688,0.57,0.5604,+0.0294,-5.9029,6.4633,2.6682,-170.4029,5603.7139,5603.7139
5689,0.59,-0.0553,+0.1862,-5.9146,5.8593,5.9167,-198.4522,7597.2285,7597.2285
5690,0.57,0.0655,-0.1578,-5.9362,6.0017,4.9973,-172.8434,5790.6089,5790.6089
5691,0.58,-0.2221,+0.2666,-5.9242,5.7022,4.9164,-197.8013,7572.8022,7572.8022
5692,0.59,0.4734,-0.1378,-5.9239,6.3972,4.0961,-169.9553,5619.2969,5619.2969
5693,0.59,-0.2438,-0.1189,-5.9300,5.6862,6.3399,-197.8157,7587.7314,7587.7314
5694,0.56,0.2270,+0.1672,-5.9155,6.1426,2.4276,-172.5444,5799.3037,5799.3037
5695,0.55,0.0300,+0.1429,-5.9200,5.9500,5.6593,-201.5227,7887.1797,7887.1797
5696,0.57,0.2874,+0.1581,-5.9293,6.2167,2.9775,-173.8621,5817.0210,5817.0210
5697,0.57,-0.2653,-0.1662,-5.9204,5.6551,6.7444,-200.1566,7732.2017,7732.2017
5698,0.57,-0.0374,+0.0788,-5.9214,5.8840,2.8984,-175.3318,5960.8706,5960.8706
5699,0.57,-0.1903,-0.1252,-5.9243,5.7340,7.2633,-199.8300,7754.6582,7754.6582
5700,0.58,-0.0414,+0.0010,-5.9332,5.8918,1.9276,-175.0381,5927.2217,5927.2217
5701,0.53,0.2153,+0.2672,-5.9501,6.1654,6.1446,-200.8805,7813.9912,7813.9912
5702,0.53,-0.0967,+0.1796,-5.9584,5.8617,1.9160,-175.2748,5948.8271,5948.8271
5703,0.53,0.1423,-0.1396,-5.9626,6.1050,7.2044,-198.7824,7675.5767,7675.5767
5704,0.54,-0.0458,+0.0845,-5.9343,5.8886,4.2653,-178.9857,6210.0103,6210.0103
5705,0.53,0.0469,-0.1759,-5.9123,5.9592,5.5595,-201.3827,7873.4839,7873.4839
5706,0.52,-0.1510,-0.0113,-5.8831,5.7321,2.9718,-179.5852,6209.3838,6209.3838
5707,0.52,-0.1255,+0.2763,-5.8984,5.7729,3.2169,-202.5354,7936.4902,7936.4902
5708,0.54,0.0494,-0.1192,-5.9206,5.9701,2.4139,-173.9800,5828.4575,5828.4575
5709,0.53,0.2273,-0.3692,-5.9062,6.1335,13.5039,-201.6028,7862.2515,7862.2515
5710,0.52,-0.4893,-0.0840,-5.9113,5.4220,8.9195,-177.7320,6039.4854,6039.4854
5711,0.54,-0.2354,+0.2747,-5.9048,5.6694,5.9588,-195.6991,7373.4727,7373.4727
5712,0.52,-0.5699,-0.3098,-5.9053,5.3354,19.8905,-184.0371,6517.4985,6517.4985
5713,0.51,-0.5668,-0.2537,-5.8742,5.3075,9.5153,-191.6471,7015.1284,7015.1284
5714,0.53,-0.4782,-0.0815,-5.9179,5.4396,3.0313,-188.3465,6802.5146,6802.5146
5715,0.54,-0.4876,-0.2060,-5.9307,5.4431,2.0636,-184.1206,6578.5454,6578.5454
5716,0.52,-0.3390,+0.0193,-5.9299,5.5909,3.4685,-191.8261,7115.5244,7115.5244
5717,0.53,-0.3446,-0.0333,-5.9193,5.5747,3.6116,-186.7723,6726.0420,6726.0420
5718,0.52,-0.6438,-0.2644,-5.9292,5.2853,10.4233,-188.6661,6810.5010,6810.5010
5719,0.55,-0.5563,+0.0289,-5.9201,5.3638,6.9646,-193.6609,7176.8066,7176.8066
5720,0.55,-0.5594,-0.1204,-5.9295,5.3701,4.4870,-180.8092,6281.4395,6281.4395
5721,0.52,-0.5514,-0.2003,-5.9153,5.3639,2.7158,-195.2823,7332.4526,7332.4526
5722,0.55,0.3198,+0.0151,-5.9357,6.2555,1.9548,-170.0479,5585.0205,5585.0205
5723,0.54,-0.3916,-0.1651,-5.9215,5.5299,5.9193,-197.2005,7501.0879,7501.0879
5724,0.54,-0.3334,+0.1380,-5.9206,5.5872,2.7630,-177.1967,6087.6460,6087.6460
5725,0.52,0.0682,-0.0411,-5.9254,5.9935,5.6169,-204.6908,8031.2539,8031.2539
5726,0.54,-0.2182,+0.1323,-5.9417,5.7234,4.3631,-176.6712,6035.6050,6035.6050
5727,0.55,-0.2136,+0.0072,-5.9219,5.7083,3.9666,-203.3345,8019.8086,8019.8086
5728,0.53,-0.5601,-0.1631,-5.9441,5.3840,3.7208,-176.8143,6048.0215,6048.0215
5729,0.55,-0.4918,+0.1764,-5.9303,5.4385,4.8965,-200.7331,7900.1250,7900.1250
5730,0.52,-0.4978,+0.1545,-5.9299,5.4321,3.9504,-177.5156,6148.6284,6148.6284
5731,0.54,-0.4641,+0.1043,-5.9565,5.4924,4.5131,-200.2566,7836.1455,7836.1455
5732,0.55,-0.6584,-0.0503,-5.9547,5.2963,2.2492,-177.2108,6068.2026,6068.2026
5733,0.54,-0.1990,+0.0948,-5.9566,5.7575,2.0818,-198.9316,7727.1069,7727.1069
5734,0.55,-0.6265,-0.5716,-5.9587,5.3323,4.1284,-178.3105,6166.0249,6166.0249
5735,0.54,-0.1583,-0.1993,-5.9380,5.7797,2.2435,-174.5801,5812.2749,5812.2749
5736,0.54,-0.8168,-0.1077,-5.9223,5.1055,2.8735,-193.8750,7273.6455,7273.6455
5737,0.55,-0.5797,-0.1655,-5.9144,5.3347,16.4981,-180.3303,6293.7974,6293.7974
5738,0.55,-0.6784,-0.0775,-5.8890,5.2106,3.6299,-196.6294,7424.9849,7424.9849
5739,0.55,-0.2134,+0.0274,-5.9209,5.7075,3.1249,-174.3695,5922.9248,5922.9248
5740,0.53,-0.4245,+0.0834,-5.9404,5.5159,14.7217,-198.6265,7665.7300,7665.7300
5741,0.55,-0.7876,-0.0723,-5.9220,5.1344,4.8055,-182.8521,6472.0947,6472.0947
5742,0.56,-1.0544,+0.1604,-5.9149,4.8605,6.2713,-188.7619,6871.4131,6871.4131
5743,0.55,-0.8188,+0.1332,-5.9196,5.1008,2.3469,-195.2145,7439.5957,7439.5957
5744,0.55,-0.2770,+0.1106,-5.9387,5.6617,1.9628,-175.2445,5941.8320,5941.8320
5745,0.56,-0.5811,-0.1985,-5.9610,5.3799,2.4707,-200.1813,7772.7373,7772.7373
5746,0.54,-0.2431,-0.0183,-5.9426,5.6996,13.7472,-177.5928,6134.9263,6134.9263
5747,0.55,-0.7683,+0.0563,-5.9198,5.1514,2.7843,-181.6066,6434.9033,6434.9033
5748,0.54,0.0834,+0.1517,-5.9374,6.0208,5.4811,-203.3120,8058.4678,8058.4678
5749,0.54,-0.5986,-0.0972,-5.9526,5.3540,2.1816,-178.8406,6196.9658,6196.9658
5750,0.56,-0.4638,+0.0605,-5.9604,5.4966,5.0747,-203.1608,8033.2065,8033.2065
5751,0.55,-0.5997,+0.0298,-5.9764,5.3767,2.6176,-177.1661,6115.9019,6115.9019
5752,0.56,-0.5927,+0.3592,-5.9686,5.3759,3.7098,-200.2561,7763.4888,7763.4888
5753,0.56,-0.4540,-0.1834,-5.9583,5.5043,3.6191,-174.5780,5902.2036,5902.2036
5754,0.55,-0.6282,+0.1823,-5.9463,5.3181,2.0344,-197.7963,7572.0854,7572.0854
5755,0.55,-0.7119,+0.0113,-5.9834,5.2715,2.0182,-175.5224,6022.3931,6022.3931
5756,0.53,-0.5445,+0.2498,-5.9888,5.4444,4.9549,-200.3096,7827.2393,7827.2393
5757,0.54,-0.8611,-0.0715,-5.9396,5.0785,10.9073,-178.0632,6139.1416,6139.1416
5758,0.53,-0.6920,+0.0119,-5.9736,5.2816,6.5249,-190.5658,7036.4346,7036.4346
5759,0.56,-0.8433,+0.2994,-5.9668,5.1235,7.7378,-182.3139,6447.5444,6447.5444
5760,0.56,-0.8143,+0.0043,-5.9444,5.1301,3.8026,-183.7205,6535.8369,6535.8369
5761,0.55,-0.7343,-0.4055,-5.9825,5.2482,5.8060,-184.3675,6563.7676,6563.7676
5762,0.54,-0.8445,+0.1122,-5.9835,5.1390,5.7244,-183.7218,6530.2090,6530.2090
5763,0.53,-0.7318,+0.0194,-5.9713,5.2395,7.4822,-187.2433,6793.1235,6793.1235
5764,0.54,-0.6492,+0.0365,-5.9508,5.3016,4.9239,-183.1776,6447.0645,6447.0645
5765,0.55,-0.8408,-0.2754,-5.9601,5.1194,4.2237,-188.7567,6875.8926,6875.8926
5766,0.56,-0.6416,+0.3176,-5.9718,5.3302,6.5656,-182.8254,6511.7227,6511.7227
5767,0.54,-0.9281,-0.0031,-5.9560,5.0279,4.0285,-192.9272,7206.6978,7206.6978
5768,0.55,-0.5432,+0.0261,-5.9500,5.4068,4.9727,-180.7798,6294.7554,6294.7554
5769,0.53,-0.7480,+0.1614,-5.9292,5.1812,3.0252,-196.0956,7371.4219,7371.4219
5770,0.54,-0.3692,+0.0543,-5.9586,5.5894,2.5634,-177.5698,6072.2847,6072.2847
5771,0.56,-0.6547,-0.0596,-5.9668,5.3121,10.4925,-192.5724,7154.0967,7154.0967
5772,0.56,-0.0982,+0.1173,-5.9767,5.8785,116.7739,-180.3631,6362.4897,6362.4897
5773,0.53,-0.2155,+0.0487,-5.9908,5.7753,73.4586,-181.2641,6408.8213,6408.8213
5774,0.55,-0.3933,+0.1402,-5.9516,5.5584,42.0352,-185.7379,6695.3652,6695.3652
5775,0.55,-0.5177,-0.0085,-5.9540,5.4364,50.9067,-188.2188,6864.3862,6864.3862
5776,0.54,-0.4368,-0.0421,-5.9564,5.5196,56.5212,-188.2269,6856.3193,6856.3193
5777,0.54,-0.5980,-0.2725,-5.9596,5.3615,55.5650,-188.6374,6875.0347,6875.0347
5778,0.54,-1.1552,+0.4716,-5.9671,4.8119,5.6599,-187.7784,6801.6958,6801.6958
5779,0.54,-0.5493,-0.0523,-5.9699,5.4206,42.9050,-187.8475,6823.5049,6823.5049
5780,0.55,-0.7704,-0.0292,-5.9688,5.1985,16.3608,-184.5544,6614.6699,6614.6699
5781,0.53,-0.4241,-0.0174,-5.9772,5.5531,96.5599,-185.1853,6677.9736,6677.9736
5782,0.54,-1.0904,-0.1530,-5.9638,4.8734,5.9306,-186.0799,6705.4707,6705.4707
5783,0.54,-0.8175,-0.2540,-5.9646,5.1471,8.9443,-185.1861,6634.9702,6634.9702
5784,0.55,-0.7795,+0.1333,-5.9617,5.1822,4.6505,-184.8868,6583.6592,6583.6592
5785,0.55,-0.9103,-0.2651,-5.9629,5.0526,4.5783,-185.3091,6606.8525,6606.8525
5786,0.54,-0.7790,+0.2699,-5.9335,5.1546,3.0198,-197.3483,7539.1807,7539.1807
5787,0.54,-0.6053,+0.0615,-5.9459,5.3406,3.0490,-181.2485,6314.7812,6314.7812
5788,0.53,-0.2332,+0.5371,-5.9282,5.6950,79.9443,-203.2157,7998.0508,7998.0508
5789,0.53,-1.2291,-0.0496,-5.8951,4.6660,2.9028,-192.0441,7069.2490,7069.2490
5790,0.56,-0.7292,+0.0664,-5.9302,5.2010,15.4502,-183.9329,6608.7456,6608.7456
5791,0.55,-1.0507,+0.3906,-5.9260,4.8752,19.6408,-187.1348,6795.2402,6795.2402
5792,0.55,-0.6583,+0.0641,-5.9318,5.2736,16.7323,-189.2044,6974.5415,6974.5415
5793,0.54,-0.8761,-0.1312,-5.9381,5.0620,5.9406,-186.8058,6783.0693,6783.0693
5794,0.54,-0.9749,+0.1526,-5.9403,4.9654,4.7267,-192.3905,7172.8335,7172.8335
5795,0.54,-0.3375,+0.3934,-5.9368,5.5993,35.1317,-185.1436,6678.3164,6678.3164
5796,0.55,-0.9264,-0.0797,-5.9460,5.0196,5.0006,-188.5263,6909.2729,6909.2729
5797,0.55,-0.6262,+0.1121,-5.9721,5.3460,6.3403,-188.7576,6994.8789,6994.8789
5798,0.54,-0.8097,+0.1053,-5.9593,5.1496,9.6177,-185.0035,6661.9219,6661.9219
5799,0.54,-0.3887,-0.0363,-5.9560,5.5673,64.8831,-190.6135,7095.1504,7095.1504
5800,0.55,-0.4238,+0.2454,-5.9503,5.5265,66.8177,-188.3850,6903.6318,6903.6318
5801,0.54,-0.1132,+0.2365,-5.9514,5.8382,56.0161,-187.2536,6830.7432,6830.7432
5802,0.54,-0.2322,+0.0813,-5.9474,5.7151,43.9442,-186.3089,6745.4478,6745.4478
5803,0.55,-0.3008,-0.1626,-5.9323,5.6314,81.0561,-187.4559,6842.5273,6842.5273
5804,0.54,0.7558,+0.1175,-5.9636,6.7193,171.6026,-184.4054,6695.5322,6695.5322
5805,0.54,0.6744,-0.0608,-5.9549,6.6293,156.8383,-184.1939,6666.4258,6666.4258
5806,0.54,0.4010,+0.0139,-5.9676,6.3686,104.4775,-182.9086,6539.7544,6539.7544
5807,0.54,0.3993,+0.1820,-5.9539,6.3532,107.8778,-184.4419,6635.3408,6635.3408
5808,0.53,0.5524,+0.0520,-5.9517,6.5041,141.8466,-184.3449,6665.5864,6665.5864
5809,0.54,-0.0163,-0.2882,-5.9654,5.9490,65.6699,-184.5563,6638.0947,6638.0947
5810,0.55,-0.1094,-0.0839,-5.9871,5.8777,47.6399,-184.4037,6630.5762,6630.5762
5811,0.54,0.0235,+0.2732,-5.9795,6.0031,75.1134,-184.6465,6661.5869,6661.5869
5812,0.53,-0.3200,+1.0650,-5.9855,5.6655,13.7545,-185.1629,6679.6748,6679.6748
5813,0.52,-0.1189,-0.3406,-5.9986,5.8798,82.3870,-183.7831,6567.9644,6567.9644
5814,0.52,-0.2399,-0.0474,-5.9859,5.7460,53.5677,-184.4315,6621.0542,6621.0542
5815,0.52,1.8461,-1.8094,-5.9699,7.8160,1301.7041,-185.9322,6834.1982,6834.1982
5816,0.53,-0.1176,+1.4591,-5.9530,5.8354,51.6750,-186.0363,6715.6187,6715.6187
5817,0.53,0.0361,-0.1580,-5.9912,6.0273,53.0640,-185.9221,6731.8188,6731.8188
5818,0.54,-0.1605,+0.2050,-5.9886,5.8281,57.2479,-185.4427,6689.2012,6689.2012
5819,0.54,-0.1812,+0.1626,-5.9918,5.8107,56.3646,-184.2303,6606.9697,6606.9697
5820,0.53,4.4290,+2.8349,-5.9756,10.4046,5305.8828,-184.5867,6788.1553,6788.1553
5821,0.53,-0.3271,-0.3978,-5.9593,5.6323,23.7990,-187.0029,6776.7842,6776.7842
5822,0.53,-0.2589,-0.0477,-5.9504,5.6915,67.1237,-187.0181,6750.2910,6750.2910
5823,0.55,-1.0365,+0.4547,-5.9630,4.9265,50.7150,-187.1491,6739.1094,6739.1094
5824,0.54,-0.8413,+0.0613,-5.9682,5.1269,9.0313,-189.0252,6885.4199,6885.4199
5825,0.53,-0.4162,+0.1147,-5.9626,5.5464,37.7234,-187.3168,6799.3525,6799.3525
5826,0.55,-0.5618,+0.0443,-5.9627,5.4010,20.5263,-185.5109,6667.4805,6667.4805
5827,0.55,-0.6012,+0.0075,-5.9441,5.3429,27.7745,-184.0575,6530.9492,6530.9492
5828,0.54,-0.5028,-0.2804,-5.9688,5.4659,22.7143,-188.9008,6917.7168,6917.7168
5829,0.54,-0.2305,+0.2402,-5.9922,5.7618,33.8132,-186.7332,6766.3262,6766.3262
5830,0.53,-0.4759,+0.0965,-5.9918,5.5159,29.0094,-189.1966,6936.2422,6936.2422
5831,0.54,-1.2289,-0.5599,-5.9705,4.7416,84.8027,-187.1324,6756.1924,6756.1924
5832,0.52,-0.5264,+0.1008,-5.9722,5.4458,21.6174,-186.3538,6745.2241,6745.2241
5833,0.53,-0.5737,+0.1228,-5.9621,5.3883,78.4890,-184.9047,6634.7368,6634.7368
5834,0.54,-0.1304,-0.0072,-5.9823,5.8519,67.8608,-184.5385,6610.2588,6610.2588
5835,0.53,0.0058,+0.1064,-5.9879,5.9937,80.6882,-185.3236,6657.5303,6657.5303
5836,0.53,-0.7226,-0.1977,-5.9690,5.2464,24.6002,-186.9073,6739.6172,6739.6172
5837,0.54,-0.3260,+0.3550,-5.9702,5.6442,21.8220,-188.3503,6824.8687,6824.8687
5838,0.54,-0.4478,-0.1588,-5.9737,5.5259,43.5363,-189.8368,6985.6416,6985.6416
5839,0.54,-0.0640,-0.1621,-5.9698,5.9058,49.4340,-188.2773,6904.9004,6904.9004
5840,0.52,0.1302,-0.3140,-5.9578,6.0880,83.9458,-187.8250,6863.4072,6863.4072
5841,0.54,0.4688,+0.0162,-5.9325,6.4013,112.2986,-188.8003,6946.5366,6946.5366
5842,0.51,-0.0494,-0.0568,-5.9388,5.8894,89.4305,-188.3363,6895.3828,6895.3828
5843,0.54,0.4569,+0.6114,-5.9399,6.3968,136.1822,-187.8668,6887.3340,6887.3340
5844,0.55,0.4929,+0.2849,-5.9182,6.4111,89.1277,-186.9664,6820.6328,6820.6328
5845,0.53,0.3688,-0.2136,-5.9221,6.2909,64.0565,-188.9336,6939.0210,6939.0210
5846,0.53,0.1980,+0.1849,-5.9394,6.1375,55.5016,-187.0644,6828.5791,6828.5791
5847,0.51,0.9673,-0.0514,-5.9602,6.9275,167.3347,-186.2643,6813.0840,6813.0840
5848,0.53,0.5159,+0.0903,-5.9452,6.4611,106.8044,-185.0525,6706.6548,6706.6548
5849,0.52,0.8225,-0.3064,-5.9184,6.7410,120.9682,-184.3889,6682.8008,6682.8008
5850,0.53,0.4085,-0.1037,-5.8975,6.3060,126.5057,-185.0584,6723.8291,6723.8291
5851,0.55,-0.1131,+0.0003,-5.8806,5.7675,34.3647,-188.3445,6881.5801,6881.5801
5852,0.53,0.3944,-0.0084,-5.8984,6.2928,80.1878,-186.9609,6816.3770,6816.3770
5853,0.52,-0.0722,+0.5401,-5.9114,5.8392,26.1215,-188.7029,6931.0869,6931.0869
5854,0.53,0.2381,+0.1010,-5.9252,6.1633,71.9823,-190.1556,7033.0391,7033.0391
5855,0.52,-0.0085,+0.1317,-5.9192,5.9107,41.2546,-190.8204,7065.8384,7065.8384
5856,0.53,0.0444,-0.3317,-5.9010,5.9454,87.7962,-192.7562,7189.0898,7189.0898
5857,0.54,-0.4647,-0.4704,-5.9090,5.4443,51.9785,-190.3691,6988.8306,6988.8306
5858,0.55,0.1775,-0.0263,-5.8796,6.0571,97.2096,-191.4803,7099.6040,7099.6040
5859,0.53,-0.3572,+0.0361,-5.8764,5.5192,60.3300,-192.0671,7099.6445,7099.6445
5860,0.52,0.2131,-0.2265,-5.9024,6.1155,85.2610,-187.7467,6792.0098,6792.0098
5861,0.53,0.2542,+0.0492,-5.8833,6.1375,72.7833,-187.5498,6773.7153,6773.7153
5862,0.53,0.5399,+0.0216,-5.9178,6.4577,93.2651,-185.8301,6671.1270,6671.1270
5863,0.55,0.1677,+0.4205,-5.9212,6.0890,64.3380,-186.7646,6750.9727,6750.9727
5864,0.54,0.9898,+0.2526,-5.9333,6.9231,231.1853,-185.3839,6675.3506,6675.3506
5865,0.54,0.4661,+0.0415,-5.9488,6.4148,113.6066,-183.2591,6498.9160,6498.9160
5866,0.53,1.3166,-0.5578,-5.9727,7.2892,253.6945,-181.4024,6455.0894,6455.0894
5867,0.53,1.9766,-0.6888,-5.9733,7.9499,822.0616,-182.6260,6602.4355,6602.4355
5868,0.53,1.4092,+1.9896,-5.9630,7.3723,395.2815,-182.9739,6549.6094,6549.6094
5869,0.52,0.9617,+0.2766,-5.9756,6.9373,147.8596,-184.0314,6590.7207,6590.7207
5870,0.52,0.5371,-0.1410,-5.9820,6.5191,81.2808,-184.0050,6566.3740,6566.3740
5871,0.53,0.2520,-0.5673,-5.9778,6.2298,79.0008,-184.2205,6539.2778,6539.2778
5872,0.54,0.7506,-0.0955,-5.9707,6.7213,147.5939,-186.5351,6729.7827,6729.7827
5873,0.52,0.3118,-0.1028,-5.9546,6.2664,56.9313,-185.9644,6654.7256,6654.7256
5874,0.50,0.1754,+0.1043,-5.9462,6.1216,90.5749,-188.4278,6832.6621,6832.6621
5875,0.54,0.3092,-0.1102,-5.9747,6.2840,107.5344,-186.0466,6673.1367,6673.1367
5876,0.53,0.4865,-0.0093,-5.9737,6.4603,81.3459,-187.0949,6756.3110,6756.3110
5877,0.53,0.2872,+0.1231,-5.9400,6.2272,65.5076,-187.9224,6803.6699,6803.6699
5878,0.54,0.2294,+0.1039,-5.9566,6.1860,76.2402,-186.1397,6683.7822,6683.7822
5879,0.54,0.7928,+0.2024,-5.9081,6.7009,224.7982,-187.9283,6833.2529,6833.2529
5880,0.51,0.4724,-0.1569,-5.9182,6.3905,107.2125,-187.6661,6793.6865,6793.6865
5881,0.51,0.5939,-0.4376,-5.9052,6.4991,94.9178,-187.6314,6796.8970,6796.8970
5882,0.53,0.4962,-0.1118,-5.9077,6.4040,69.7142,-187.7640,6805.5967,6805.5967
5883,0.52,0.5587,+0.1226,-5.9126,6.4714,87.0610,-187.0896,6739.3486,6739.3486
5884,0.52,0.8615,-0.4981,-5.9325,6.7940,127.8982,-186.1444,6673.6182,6673.6182
5885,0.52,0.5885,+0.0884,-5.9351,6.5236,107.2186,-185.8798,6655.2070,6655.2070
5886,0.53,0.4575,+0.2390,-5.9448,6.4023,137.1107,-184.7809,6574.9854,6574.9854
5887,0.53,0.7080,+0.0107,-5.9447,6.6527,80.7282,-186.4536,6696.9121,6696.9121
5888,0.52,0.3754,+0.1373,-5.9409,6.3163,72.2121,-186.5600,6705.4404,6705.4404
5889,0.52,0.3580,+0.2521,-5.9298,6.2879,122.8785,-184.7358,6586.3579,6586.3579
5890,0.52,-0.6482,+2.6691,-5.9416,5.2934,253.2164,-186.4196,6640.8682,6640.8682
5891,0.53,0.5698,-0.0410,-5.9405,6.5103,94.7339,-187.4193,6790.7803,6790.7803
5892,0.53,0.6587,-0.9937,-5.9479,6.6066,281.2726,-186.5421,6738.7222,6738.7222
5893,0.52,1.0468,-0.8105,-5.9399,6.9867,106.6773,-186.7671,6752.4409,6752.4409
5894,0.53,0.4261,-0.4656,-5.9293,6.3554,100.4251,-186.7249,6704.3452,6704.3452
5895,0.53,0.8998,+0.0500,-5.9173,6.8172,187.9653,-187.0724,6740.0166,6740.0166
5896,0.52,3.5474,+1.6775,-5.9587,9.5061,1944.5780,-186.1966,6845.8687,6845.8687
5897,0.53,1.5767,-0.4700,-5.9505,7.5272,334.9980,-186.8299,6814.6460,6814.6460
5898,0.51,0.6434,+0.2476,-5.9565,6.6000,137.8595,-186.0576,6726.9072,6726.9072
5899,0.52,2.2785,+2.2082,-5.9546,8.2332,1040.4943,-185.5406,6840.1992,6840.1992
5900,0.53,1.3612,-0.2761,-5.9416,7.3029,201.7644,-185.6066,6710.9829,6710.9829
5901,0.50,1.5328,+0.3971,-5.9313,7.4641,431.5999,-185.8279,6729.0625,6729.0625
5902,0.51,5.7988,+3.3822,-5.8889,11.6876,7946.0483,-188.4290,7434.0303,7434.0303
5903,0.50,0.1135,-16.0902,-5.9099,6.0233,52.1952,-186.1013,6582.0459,6582.0459
5904,0.53,3.7228,-1.8144,-5.9308,9.6536,2994.0374,-188.5518,7228.9546,7228.9546
5905,0.53,-0.4042,+1.2105,-5.9231,5.5190,62.9652,-187.0983,6641.9888,6641.9888
5906,0.51,0.7031,+0.7458,-5.9182,6.6214,72.7101,-186.5118,6681.8232,6681.8232
5907,0.51,0.2009,+0.1194,-5.9207,6.1216,179.5207,-186.8255,6733.9712,6733.9712
5908,0.52,-1.6941,-0.5161,-5.9386,4.2446,1249.7810,-186.7197,6620.9199,6620.9199
5909,0.52,0.2934,+0.1074,-5.9297,6.2231,71.7839,-186.2206,6673.0029,6673.0029
5910,0.51,0.6469,+0.1397,-5.9525,6.5995,85.1854,-186.0075,6660.5840,6660.5840
5911,0.52,0.6529,-0.0023,-5.9389,6.5918,52.0670,-187.1723,6766.9604,6766.9604
5912,0.52,0.6675,-0.6165,-5.9253,6.5928,118.8201,-185.8916,6662.2119,6662.2119
5913,0.52,1.0234,-0.2782,-5.9636,6.9870,140.9712,-184.1786,6556.9258,6556.9258
5914,0.51,-0.6439,-0.2035,-5.9688,5.3249,124.2920,-185.9678,6578.2769,6578.2769
5915,0.52,0.5281,-0.0419,-5.9641,6.4922,78.4912,-186.0875,6677.1357,6677.1357
5916,0.54,0.1065,-1.1679,-5.9624,6.0689,105.1923,-185.1852,6588.3232,6588.3232
5917,0.52,0.5705,-0.3393,-5.9785,6.5490,107.6116,-186.0736,6668.9707,6668.9707
5918,0.52,0.5845,+0.1912,-5.9756,6.5601,81.5768,-186.3673,6677.8608,6677.8608
5919,0.52,0.6210,+0.8236,-6.0076,6.6286,120.2969,-184.4139,6538.7329,6538.7329
5920,0.53,0.3850,+0.3295,-5.9769,6.3619,88.6230,-185.0494,6573.2222,6573.2222
5921,0.53,0.7555,-0.1799,-5.9705,6.7260,201.7469,-185.4131,6589.2759,6589.2759
5922,0.53,0.6113,+1.6751,-5.9665,6.5779,172.2023,-186.1254,6664.3911,6664.3911
5923,0.54,0.3103,-0.0585,-5.9673,6.2776,62.3875,-186.1993,6631.4360,6631.4360
5924,0.53,1.0487,-0.1271,-5.9800,7.0287,117.6762,-183.7056,6469.9595,6469.9595
5925,0.53,1.0242,-0.3156,-5.9896,7.0138,88.7165,-183.6329,6450.7822,6450.7822
5926,0.52,0.6879,-0.2872,-5.9499,6.6378,90.3527,-184.3610,6502.1733,6502.1733
5927,0.52,1.1434,+0.1881,-5.9436,7.0870,118.7110,-186.7480,6693.4424,6693.4424
5928,0.51,1.1962,-0.0355,-5.9489,7.1451,142.8650,-186.3389,6660.7451,6660.7451
5929,0.52,0.4771,-0.5818,-5.9466,6.4238,90.4543,-185.3000,6560.8872,6560.8872
5930,0.52,0.5694,+0.4253,-5.9433,6.5127,75.5132,-185.1686,6563.7734,6563.7734
5931,0.53,1.0839,-0.0758,-5.9389,7.0228,279.9517,-186.6638,6717.7803,6717.7803
5932,0.52,0.9268,-0.0484,-5.9493,6.8761,164.3222,-184.1067,6534.7881,6534.7881
5933,0.51,0.5177,-0.2975,-5.9432,6.4609,47.7850,-183.9419,6474.2075,6474.2075
5934,0.53,0.3996,-0.5294,-5.9338,6.3334,112.8942,-184.3930,6487.9331,6487.9331
5935,0.51,5.7141,+2.1913,-5.9521,11.6662,6803.0171,-186.2339,7042.5181,7042.5181
5936,0.52,1.5548,-0.7195,-5.9505,7.5054,799.8329,-185.9143,6717.3359,6717.3359
5937,0.52,4.7131,+0.1399,-5.9137,10.6269,5017.6177,-187.2423,7008.5732,7008.5732
5938,0.52,1.1716,+0.0664,-5.8873,7.0589,166.7407,-187.3191,6752.8945,6752.8945
5939,0.52,0.7791,-0.2494,-5.9206,6.6997,117.6611,-187.0285,6725.8037,6725.8037
5940,0.51,0.7343,-0.3436,-5.9128,6.6471,324.9119,-186.3169,6680.6826,6680.6826
5941,0.53,0.5792,-0.4853,-5.9077,6.4869,98.3432,-185.5991,6574.4561,6574.4561
5942,0.51,0.5844,-0.1996,-5.9122,6.4966,84.1486,-186.7804,6697.5654,6697.5654
5943,0.52,0.4057,+0.1402,-5.9102,6.3159,76.6623,-187.8620,6756.7617,6756.7617
5944,0.51,-1.8273,-3.9980,-5.9026,4.0753,1249.6721,-188.3437,6685.7148,6685.7148
5945,0.51,0.6039,+0.1547,-5.9036,6.5075,83.5241,-188.7136,6821.8604,6821.8604
5946,0.51,0.9348,-0.0723,-5.9064,6.8412,130.3032,-188.3349,6810.9609,6810.9609
5947,0.52,0.6174,+0.4909,-5.9049,6.5222,109.0636,-188.2926,6774.4287,6774.4287
5948,0.51,0.7143,-0.1355,-5.9251,6.6394,120.7396,-186.9346,6713.9683,6713.9683
5949,0.53,0.6996,+0.1932,-5.9253,6.6248,128.5777,-187.2259,6713.0508,6713.0508
5950,0.53,0.4353,+0.1731,-5.9312,6.3666,97.5669,-187.1500,6705.3574,6705.3574
5951,0.52,0.4910,+0.0687,-5.9485,6.4395,73.2506,-187.2352,6727.8242,6727.8242
5952,0.53,0.5728,+0.3449,-5.9545,6.5273,91.2043,-187.2151,6726.5596,6726.5596
5953,0.53,0.8602,+0.0965,-5.9722,6.8324,111.0797,-186.1795,6686.0059,6686.0059
5954,0.53,0.4544,+0.2686,-5.9735,6.4279,83.1522,-185.4685,6604.3857,6604.3857
5955,0.52,0.6550,-0.2070,-5.9688,6.6237,97.9820,-186.1987,6639.2529,6639.2529
5956,0.52,0.6768,+0.1661,-5.9361,6.6129,103.6767,-186.4528,6669.6372,6669.6372
5957,0.52,0.5270,+0.3418,-5.9428,6.4698,45.9857,-186.8467,6650.2959,6650.2959
5958,0.52,1.0981,-0.1676,-5.9446,7.0427,126.8742,-186.4548,6661.6138,6661.6138
5959,0.51,0.7375,+0.0203,-5.9292,6.6667,106.3003,-186.9971,6679.8477,6679.8477
5960,0.52,0.8290,+0.1371,-5.9235,6.7526,107.2477,-187.3477,6710.4834,6710.4834
5961,0.52,1.0408,+0.2466,-5.8892,6.9299,138.5129,-189.2529,6855.3760,6855.3760
5962,0.53,0.2605,+0.4194,-5.8898,6.1503,105.1267,-188.9349,6783.8379,6783.8379
5963,0.50,0.4965,-0.7312,-5.9382,6.4347,80.7806,-189.7766,6868.1367,6868.1367
5964,0.51,0.9931,+0.1355,-5.9186,6.9118,100.3821,-189.2253,6852.0381,6852.0381
5965,0.51,0.4860,-0.1423,-5.9463,6.4323,53.0863,-188.5223,6779.5146,6779.5146
5966,0.50,0.8843,-2.0316,-5.9232,6.8074,321.8987,-189.8860,6943.1162,6943.1162
5967,0.53,0.9741,+0.1662,-5.9365,6.9105,261.0365,-187.5927,6772.7949,6772.7949
5968,0.50,0.5618,-0.0050,-5.9362,6.4980,134.0726,-187.1891,6689.7310,6689.7310
5969,0.52,1.8075,-0.1521,-5.9494,7.7569,541.5544,-186.4576,6688.0220,6688.0220
5970,0.51,-8.0886,+5.5777,-5.9438,-2.1448,19410.0645,-186.3648,6098.7324,6098.7324
5971,0.51,2.7581,-2.6799,-5.9565,8.7146,1207.7576,-185.9659,6748.4336,6748.4336
5972,0.53,0.9415,-2.9531,-5.9507,6.8922,128.9695,-188.0531,6769.4424,6769.4424
5973,0.52,1.0025,-0.2446,-5.9704,6.9728,109.5334,-186.3582,6653.2139,6653.2139
5974,0.51,0.6507,+1.1003,-5.9602,6.6109,78.5072,-187.1855,6684.9922,6684.9922
5975,0.50,0.8437,-0.2324,-5.9521,6.7957,96.5302,-186.8829,6681.2900,6681.2900
5976,0.49,1.8298,-1.5209,-5.9405,7.7703,604.9015,-187.6486,6787.4727,6787.4727
5977,0.51,-15.0851,+13.5856,-5.9260,-9.1591,62500.4492,-185.5143,5391.9692,5391.9692
5978,0.50,0.9562,+1.8392,-5.9248,6.8810,127.0566,-187.0661,6687.6909,6687.6909
5979,0.53,7.0186,-4.8973,-5.9124,12.9310,10953.7695,-188.2539,7147.3169,7147.3169
5980,0.51,2.5166,-0.2730,-5.9027,8.4193,898.4177,-186.6192,6753.0703,6753.0703
5981,0.51,2.1231,-1.1560,-5.8884,8.0115,705.7156,-187.2474,6785.9131,6785.9131
5982,0.51,1.7186,+3.5574,-5.8925,7.6111,443.6518,-187.3478,6773.1367,6773.1367
5983,0.51,3.4412,+1.2266,-5.9114,9.3526,2691.9441,-187.7018,6949.9893,6949.9893
5984,0.51,0.7033,-0.1958,-5.9264,6.6297,68.0014,-186.9875,6661.8643,6661.8643
5985,0.52,0.5811,+0.0517,-5.9062,6.4872,81.7255,-189.0369,6815.2769,6815.2769
5986,0.51,1.1223,-0.2171,-5.9138,7.0361,135.1022,-187.2991,6697.0205,6697.0205
5987,0.51,1.0911,+0.2857,-5.9068,6.9978,120.4135,-188.7849,6821.5439,6821.5439
5988,0.52,1.3114,+0.1607,-5.9161,7.2275,164.1682,-187.3913,6725.7349,6725.7349
5989,0.52,0.3945,+0.0537,-5.9078,6.3023,107.1959,-189.0314,6796.4653,6796.4653
5990,0.50,0.8690,-0.0183,-5.9079,6.7769,106.5066,-186.4835,6656.7676,6656.7676
5991,0.52,0.7777,+0.1752,-5.9219,6.6996,98.3069,-187.2179,6707.1890,6707.1890
5992,0.52,0.8296,-0.1457,-5.9283,6.7579,87.1634,-186.9423,6690.2080,6690.2080
5993,0.53,-32.1420,-7.3090,-5.9142,-26.2278,273166.9062,-186.8860,5162.0635,5162.0635
5994,0.50,-2.4444,-8.4660,-5.9156,3.4713,2343.8386,-187.6743,6604.7256,6604.7256
5995,0.51,0.9838,+0.0755,-5.9307,6.9145,134.1685,-185.4316,6606.1768,6606.1768
5996,0.51,2.4049,+1.2002,-5.9264,8.3313,869.7613,-184.9237,6636.1758,6636.1758
5997,0.52,-28.6147,-7.9012,-5.9192,-22.6955,217068.1406,-188.0251,5389.1797,5389.1797
5998,0.52,1.4385,-0.2381,-5.9068,7.3453,217.0853,-186.3777,6690.2998,6690.2998
5999,0.52,0.9576,+0.0052,-5.9055,6.8631,105.0342,-186.6897,6649.6816,6649.6816
6000,0.51,0.7576,+0.0419,-5.9189,6.6765,80.8983,-186.4089,6611.2070,6611.2070
6001,0.50,31.9140,-1.3854,-5.9545,37.8685,256411.3906,-185.9046,7635.7686,7635.7686
6002,0.52,1.2087,-0.1840,-5.9588,7.1676,140.1534,-185.2060,6563.2373,6563.2373
6003,0.51,1.1858,-0.1727,-5.9465,7.1323,128.0567,-185.3067,6549.3257,6549.3257
6004,0.51,1.3932,+0.0722,-5.9359,7.3291,135.4044,-184.8214,6530.0156,6530.0156
6005,0.52,1.1206,+0.0991,-5.9431,7.0637,96.0307,-187.4824,6739.4590,6739.4590
6006,0.52,0.8029,-0.0801,-5.9433,6.7462,88.1679,-186.8648,6695.1821,6695.1821
6007,0.52,1.1588,-0.0924,-5.9392,7.0980,97.2052,-187.8423,6790.7617,6790.7617
6008,0.50,1.3333,-0.0665,-5.9392,7.2725,205.7136,-185.5422,6616.2197,6616.2197
6009,0.52,1.3064,-0.4581,-5.9451,7.2515,127.2946,-185.3324,6606.0850,6606.0850
6010,0.52,1.6648,+0.2648,-5.9584,7.6232,146.4492,-184.5970,6544.6426,6544.6426
6011,0.52,1.4978,+0.3386,-5.9492,7.4469,156.5406,-182.7870,6385.9990,6385.9990
6012,0.50,1.2485,+0.0424,-5.9376,7.1862,97.1442,-186.2124,6613.6587,6613.6587
6013,0.51,1.4990,-0.1915,-5.9344,7.4334,142.9395,-186.3666,6633.6689,6633.6689
6014,0.51,1.4245,+0.0683,-5.9526,7.3771,95.0465,-186.3545,6628.3232,6628.3232
6015,0.49,1.7444,+0.3025,-5.9630,7.7074,170.3569,-184.8045,6544.5820,6544.5820
6016,0.51,1.1707,+0.4315,-5.9640,7.1346,119.1808,-184.1212,6477.0942,6477.0942
6017,0.50,1.2244,-0.0551,-5.9409,7.1653,146.6121,-185.2345,6566.4922,6566.4922
6018,0.50,1.7666,-0.4380,-5.9300,7.6966,174.8157,-185.6765,6604.9805,6604.9805
6019,0.49,1.7636,-0.0172,-5.9388,7.7025,141.2094,-185.2933,6564.7773,6564.7773
6020,0.49,1.8534,+0.2355,-5.9558,7.8092,240.5724,-183.4562,6425.9858,6425.9858
6021,0.50,1.4940,+0.0468,-5.9483,7.4423,144.5003,-184.5347,6507.2822,6507.2822
6022,0.52,1.9136,-0.0300,-5.9571,7.8707,168.0813,-184.0940,6489.6353,6489.6353
6023,0.50,1.5179,+0.0320,-5.9731,7.4910,165.1625,-183.8051,6459.5615,6459.5615
6024,0.51,1.8667,+0.0779,-5.9627,7.8294,182.2873,-184.5174,6511.3330,6511.3330
6025,0.49,1.8227,+0.1926,-5.9506,7.7733,156.4542,-185.5430,6565.0732,6565.0732
6026,0.50,1.9906,+0.3201,-5.9530,7.9437,171.6864,-184.3837,6519.8496,6519.8496
6027,0.48,1.6987,+0.5532,-5.9357,7.6344,78.9043,-186.8273,6642.2998,6642.2998
6028,0.52,1.6403,+0.3587,-5.9345,7.5748,113.6854,-186.0391,6591.0479,6591.0479
6029,0.49,1.8180,+0.0943,-5.9441,7.7621,244.2478,-185.1659,6558.6802,6558.6802
6030,0.50,1.9322,+0.1212,-5.9464,7.8787,179.7775,-185.0414,6565.8867,6565.8867
6031,0.51,1.5873,+0.3062,-5.9443,7.5315,127.0243,-185.4620,6578.0479,6578.0479
6032,0.51,1.5719,+0.1601,-5.9188,7.4907,133.8250,-185.3169,6565.5312,6565.5312
6033,0.51,1.6069,+0.3208,-5.9257,7.5326,103.8859,-186.6904,6667.4502,6667.4502
6034,0.48,2.7055,-0.0876,-5.9303,8.6357,426.5695,-186.3640,6703.6816,6703.6816
6035,0.47,2.2147,-0.2216,-5.9356,8.1503,726.5247,-185.8332,6688.0156,6688.0156
6036,0.50,0.7241,+0.0494,-5.9354,6.6595,89.1586,-185.6896,6578.9160,6578.9160
6037,0.48,2.0330,-5.1232,-5.9121,7.9451,450.0682,-187.3505,6765.9551,6765.9551
6038,0.50,1.3903,+0.2074,-5.9080,7.2983,118.0084,-187.4072,6705.1084,6705.1084
6039,0.51,1.3283,-0.1079,-5.9244,7.2527,133.2991,-187.3201,6711.8643,6711.8643
6040,0.50,1.6128,+0.1292,-5.9357,7.5485,142.7765,-185.1440,6568.2856,6568.2856
6041,0.50,1.4413,+0.2436,-5.9582,7.3994,114.7738,-185.7305,6603.4058,6603.4058
6042,0.51,1.7051,-0.2140,-5.9484,7.6534,144.4132,-186.5948,6683.4854,6683.4854
6043,0.50,1.4742,+0.0038,-5.9590,7.4332,144.4814,-186.8140,6692.8633,6692.8633
6044,0.51,1.8661,+0.2208,-5.9713,7.8374,281.7402,-185.8474,6644.2021,6644.2021
6045,0.49,1.3454,+0.3862,-5.9550,7.3004,108.5816,-185.2140,6564.6323,6564.6323
6046,0.50,1.3888,+0.0208,-5.9679,7.3567,127.2070,-184.4179,6520.1675,6520.1675
6047,0.51,1.4794,+0.3753,-5.9377,7.4171,127.9612,-185.1894,6587.4946,6587.4946
6048,0.49,1.1518,-0.3037,-5.9510,7.1028,103.9634,-186.5747,6683.4658,6683.4658
6049,0.51,1.7848,-0.1007,-5.9916,7.7764,187.2163,-182.8740,6488.0410,6488.0410
6050,0.51,0.8209,-0.7264,-6.0038,6.8247,87.6609,-183.4517,6458.2588,6458.2588
6051,0.51,1.3892,-1.0856,-5.9782,7.3673,73.5286,-184.0821,6535.2227,6535.2227
6052,0.50,1.4273,+1.0901,-5.9503,7.3776,65.5720,-186.7646,6704.3062,6704.3062
6053,0.50,2.9881,+0.5834,-5.9336,8.9217,1283.0969,-187.1628,6820.0371,6820.0371
6054,0.50,2.4146,+0.2733,-5.9222,8.3368,291.7767,-187.3998,6787.3271,6787.3271
6055,0.47,1.5153,-0.1103,-5.9283,7.4436,118.6833,-187.1802,6748.1162,6748.1162
6056,0.50,1.9866,+0.0268,-5.9336,7.9202,136.1673,-185.4273,6644.4961,6644.4961
6057,0.51,1.7243,+0.3940,-5.9522,7.6765,255.8842,-186.4703,6718.0005,6718.0005
6058,0.50,2.0723,-0.4140,-5.9750,8.0473,600.3162,-184.6716,6586.2812,6586.2812
6059,0.50,1.6206,+0.4217,-5.9775,7.5981,193.5116,-183.5877,6493.0547,6493.0547
6060,0.51,1.6397,+0.0696,-5.9867,7.6265,176.6827,-183.3088,6462.4092,6462.4092
6061,0.51,1.4368,+0.0620,-5.9623,7.3991,161.3840,-182.7966,6397.3672,6397.3672
6062,0.51,0.9637,+0.5138,-5.9824,6.9461,103.3243,-184.4684,6471.4634,6471.4634
6063,0.50,0.7807,-0.1490,-5.9678,6.7485,78.0154,-185.0938,6526.9219,6526.9219
6064,0.50,1.7673,-1.0925,-5.9442,7.7115,171.5912,-184.9872,6530.9746,6530.9746
6065,0.52,1.1295,-0.2792,-5.9358,7.0653,395.0934,-184.8827,6539.4409,6539.4409
6066,0.50,1.6078,+0.1762,-5.9236,7.5313,159.9205,-185.5817,6595.9624,6595.9624
6067,0.52,2.1726,-0.2343,-5.9002,8.0728,435.0089,-187.4412,6761.0762,6761.0762
6068,0.52,2.7239,+0.5134,-5.9391,8.6630,582.6805,-185.4904,6694.5610,6694.5610
6069,0.49,2.6749,+0.9704,-5.8775,8.5524,920.1727,-187.9583,6846.5225,6846.5225
6070,0.49,1.5171,+4.5822,-5.9318,7.4489,306.6936,-185.7966,6638.1377,6638.1377
6071,0.49,1.8037,-0.4138,-5.9308,7.7345,235.4423,-185.8099,6657.5806,6657.5806
6072,0.48,2.3716,-0.1650,-5.9323,8.3039,347.4231,-185.3535,6659.4194,6659.4194
6073,0.49,1.5114,-0.2173,-5.9240,7.4355,125.0131,-185.2580,6608.1147,6608.1147
6074,0.48,3.3586,+1.0460,-5.9418,9.3005,1299.4799,-185.2339,6715.5435,6715.5435
6075,0.49,3.0386,-0.2636,-5.9326,8.9711,1121.3949,-185.0895,6607.3755,6607.3755
6076,0.50,1.2083,-0.1832,-5.9351,7.1433,80.4801,-184.5436,6512.6201,6512.6201
6077,0.52,0.9823,-0.3908,-5.9422,6.9245,88.3669,-184.8842,6524.7036,6524.7036
6078,0.50,1.1145,-0.3356,-5.9600,7.0745,75.8094,-185.8839,6603.2524,6603.2524
6079,0.50,1.3959,+0.1564,-5.9831,7.3790,103.3545,-185.3799,6573.2412,6573.2412
6080,0.53,1.2092,+0.1507,-5.9723,7.1814,126.0097,-186.1264,6598.1465,6598.1465
6081,0.47,1.0610,-0.1454,-5.9531,7.0141,58.2606,-186.6317,6638.3384,6638.3384
6082,0.50,1.0093,-0.1374,-5.9225,6.9318,72.9561,-187.4277,6679.4629,6679.4629
6083,0.48,0.9676,-0.0876,-5.9224,6.8899,104.2943,-187.0177,6652.3984,6652.3984
6084,0.51,1.4285,+0.0864,-5.9272,7.3557,105.9577,-185.6566,6570.5669,6570.5669
6085,0.51,1.5690,+0.0916,-5.9398,7.5089,146.2729,-186.0166,6590.4932,6590.4932
6086,0.50,1.0114,+0.0762,-5.9172,6.9286,64.5057,-186.9231,6635.6460,6635.6460
6087,0.52,0.8350,-0.3034,-5.9415,6.7764,59.7978,-186.7166,6631.0073,6631.0073
6088,0.51,1.1151,-0.0862,-5.9310,7.0461,97.2311,-187.9762,6725.2349,6725.2349
6089,0.52,1.2258,+0.0391,-5.9244,7.1502,111.2526,-188.6539,6761.6665,6761.6665
6090,0.51,1.0730,-0.2001,-5.9352,7.0082,78.2547,-188.6420,6768.1445,6768.1445
6091,0.50,1.5702,-0.3597,-5.9522,7.5224,121.7528,-186.3673,6660.1836,6660.1836
6092,0.50,1.4021,-0.2418,-5.9187,7.3207,89.7878,-187.7984,6743.2441,6743.2441
6093,0.48,1.4710,-0.1532,-5.9449,7.4158,106.3770,-186.1741,6638.7871,6638.7871
6094,0.52,1.4545,+0.1703,-5.9448,7.3993,170.1119,-186.9310,6681.6113,6681.6113
6095,0.50,1.4032,-0.0592,-5.9475,7.3507,118.9645,-186.5077,6665.6592,6665.6592
6096,0.49,1.1862,+0.1002,-5.9414,7.1277,72.5902,-188.4101,6786.0059,6786.0059
6097,0.51,1.3141,-0.2987,-5.9218,7.2360,148.1891,-188.1171,6764.0791,6764.0791
6098,0.49,1.2055,-0.0084,-5.9351,7.1406,79.2841,-188.3510,6769.9482,6769.9482
6099,0.49,1.3254,+0.2056,-5.9494,7.2747,170.5081,-187.5228,6731.7378,6731.7378
6100,0.50,0.7566,+0.1055,-5.9698,6.7264,125.8166,-187.3358,6687.7861,6687.7861
6101,0.49,1.1755,-0.2921,-5.9502,7.1257,102.6555,-186.7333,6661.6523,6661.6523
6102,0.51,0.6396,+0.1858,-5.9216,6.5613,100.7256,-186.0967,6577.2485,6577.2485
6103,0.50,1.2010,+0.1335,-5.9228,7.1238,90.9490,-188.1944,6752.9155,6752.9155
6104,0.48,1.1882,+0.2257,-5.8823,7.0705,168.4677,-189.6471,6866.7432,6866.7432
6105,0.50,1.6674,-0.1742,-5.8872,7.5546,167.2971,-189.4605,6842.1118,6842.1118
6106,0.50,1.3109,+0.0317,-5.9219,7.2329,105.4426,-187.3671,6685.7051,6685.7051
6107,0.50,1.4914,+0.2057,-5.9144,7.4058,99.5990,-188.9499,6820.8779,6820.8779
6108,0.49,1.9491,+0.0014,-5.9092,7.8583,168.4240,-188.2022,6777.9214,6777.9214
6109,0.49,1.6970,-0.0627,-5.9107,7.6077,142.9187,-186.9690,6689.2930,6689.2930
6110,0.49,1.5216,-0.1493,-5.9149,7.4365,197.0731,-187.5872,6754.9487,6754.9487
6111,0.49,0.7535,+0.2519,-5.9267,6.6803,122.7315,-185.0372,6571.7412,6571.7412
6112,0.50,0.8855,+0.0786,-5.9111,6.7966,62.5101,-188.5322,6791.5913,6791.5913
6113,0.50,1.4086,-0.0389,-5.9314,7.3400,73.2470,-186.1722,6641.4795,6641.4795
6114,0.50,0.9988,-0.1816,-5.9303,6.9291,66.9979,-186.0606,6589.0532,6589.0532
6115,0.48,0.9743,-0.2344,-5.9138,6.8881,58.9155,-187.6569,6699.6045,6699.6045
6116,0.51,0.7150,+0.1137,-5.9131,6.6281,20.0518,-188.9162,6775.2402,6775.2402
6117,0.51,1.1430,-0.1493,-5.9109,7.0539,152.1652,-187.7495,6696.0635,6696.0635
6118,0.50,1.1598,-0.1476,-5.9392,7.0991,87.2865,-186.9987,6694.7065,6694.7065
6119,0.50,0.4920,-0.5642,-5.9376,6.4296,93.0845,-187.4710,6697.7559,6697.7559
6120,0.49,0.7874,-0.4003,-5.9643,6.7517,46.0031,-187.4356,6693.5479,6693.5479
6121,0.49,8.5034,+0.2662,-5.9640,14.4674,16048.8213,-186.4903,7406.7607,7406.7607
6122,0.49,0.9001,-0.2054,-5.9678,6.8679,67.2984,-186.2657,6598.5498,6598.5498
6123,0.50,0.9621,-0.0363,-5.9140,6.8761,59.1544,-189.5949,6838.9600,6838.9600
6124,0.49,0.9135,+0.2926,-5.9148,6.8283,64.3534,-189.2502,6803.2686,6803.2686
6125,0.52,0.7467,-0.1821,-5.9158,6.6625,45.6587,-191.4188,6944.2666,6944.2666
6126,0.52,1.0502,-0.2028,-5.9085,6.9587,104.7090,-189.4011,6816.0610,6816.0610
6127,0.49,1.1915,-0.0263,-5.9138,7.1053,79.7521,-187.4374,6667.0649,6667.0649
6128,0.49,1.2716,-0.0164,-5.9138,7.1855,110.9907,-188.7841,6790.3896,6790.3896
6129,0.50,0.9404,-0.1526,-5.9176,6.8580,72.4581,-189.0737,6806.5410,6806.5410
6130,0.51,1.0315,+0.0352,-5.9139,6.9455,54.2415,-187.9209,6742.3862,6742.3862
6131,0.49,0.5072,-0.1448,-5.9287,6.4359,55.2607,-187.5089,6704.3032,6704.3032
6132,0.51,1.0118,-0.5300,-5.9282,6.9400,106.9931,-188.3179,6766.5449,6766.5449
6133,0.50,4.1938,+0.4847,-5.9567,10.1505,2797.9636,-186.0798,6681.1611,6681.1611
6134,0.51,1.0769,+0.0603,-5.9697,7.0466,79.6110,-186.0698,6589.4434,6589.4434
6135,0.51,0.7182,+0.4189,-5.9551,6.6732,54.2671,-187.8886,6713.2646,6713.2646
6136,0.49,2.1015,+4.1038,-5.9553,8.0568,744.5162,-188.1621,6793.3848,6793.3848
6137,0.50,0.4912,+0.1808,-5.9654,6.4566,33.3716,-187.0322,6632.7422,6632.7422
6138,0.50,0.3060,+0.9767,-5.9223,6.2283,49.4136,-188.9791,6774.1738,6774.1738
6139,0.50,0.7745,-0.0099,-5.8994,6.6739,62.9143,-189.0647,6804.9971,6804.9971
6140,0.51,12.6972,-10.1789,-5.9152,18.6124,38957.2344,-187.6472,7645.8447,7645.8447
6141,0.52,0.2751,-0.3116,-5.8906,6.1657,67.7598,-188.6699,6724.4692,6724.4692
6142,0.51,0.8617,-0.0574,-5.8799,6.7416,67.8141,-187.8565,6699.8994,6699.8994
6143,0.50,-2.4446,+2.0236,-5.8979,3.4533,2428.4548,-188.1995,6530.7456,6530.7456
6144,0.51,0.3124,+0.4826,-5.9278,6.2403,14.0918,-188.0374,6699.2026,6699.2026
6145,0.49,0.6357,+0.3722,-5.9290,6.5647,39.2235,-188.6418,6777.5479,6777.5479
6146,0.50,0.7143,+0.3159,-5.9371,6.6513,59.9704,-189.8807,6856.1821,6856.1821
6147,0.49,1.5377,+2.3928,-5.9466,7.4843,362.6267,-189.4444,6875.5420,6875.5420
6148,0.50,0.7133,+0.1058,-5.9591,6.6725,57.1670,-189.0259,6813.8242,6813.8242
6149,0.51,0.4945,-0.0315,-5.9713,6.4659,56.4349,-186.4208,6601.0225,6601.0225
6150,0.51,1.0460,+0.2268,-5.9802,7.0262,78.8937,-186.5613,6637.8037,6637.8037
6151,0.51,1.1800,-0.0349,-5.9322,7.1122,96.3405,-187.3455,6670.1440,6670.1440
6152,0.49,0.8308,+0.2728,-5.9470,6.7778,74.4208,-188.0229,6718.0972,6718.0972
6153,0.49,14.5403,+1.5282,-5.9443,20.4845,53139.7227,-187.8884,7472.7754,7472.7754
6154,0.50,0.8513,-0.2212,-5.9456,6.7969,89.0069,-186.8427,6643.9395,6643.9395
6155,0.50,0.5423,-0.1138,-5.9340,6.4764,54.0971,-188.9672,6776.4668,6776.4668
6156,0.50,0.5336,-0.0327,-5.8980,6.4315,65.5817,-190.7502,6898.6084,6898.6084
6157,0.50,0.7166,+0.3192,-5.8713,6.5879,52.9260,-190.5531,6877.2656,6877.2656
6158,0.49,0.7401,-0.0935,-5.8796,6.6197,63.5339,-190.3041,6872.1953,6872.1953
6159,0.50,0.6921,-0.0947,-5.8941,6.5862,68.7915,-188.5026,6737.4912,6737.4912
6160,0.51,0.2832,-0.2308,-5.8850,6.1682,57.2160,-188.5942,6717.6299,6717.6299
6161,0.51,0.3471,-0.1224,-5.9043,6.2514,65.2307,-189.0105,6761.1426,6761.1426
6162,0.50,0.6588,+0.0255,-5.9288,6.5876,104.0250,-186.1096,6577.6040,6577.6040
6163,0.51,0.1683,-0.2502,-5.9383,6.1065,62.2854,-186.2620,6591.3633,6591.3633
6164,0.52,0.3412,-0.2729,-5.9367,6.2778,44.9330,-186.9660,6638.6958,6638.6958
6165,0.49,0.4991,+0.1153,-5.9384,6.4375,48.9593,-188.6765,6762.8989,6762.8989
6166,0.50,0.1410,-0.1029,-5.9522,6.0931,64.9969,-186.0560,6570.3672,6570.3672
6167,0.51,0.4370,-0.0079,-5.9534,6.3904,42.8477,-186.6619,6618.1362,6618.1362
6168,0.53,0.6187,-0.0638,-5.9723,6.5910,49.5199,-185.9099,6573.4624,6573.4624
6169,0.50,0.5852,+0.0162,-5.9708,6.5560,53.5574,-185.9966,6573.3462,6573.3462
6170,0.50,0.7278,-0.1585,-5.9318,6.6596,126.0800,-186.4972,6603.6436,6603.6436
6171,0.50,0.2042,-0.2680,-5.9577,6.1619,70.4941,-186.9485,6593.7104,6593.7104
6172,0.51,0.3515,-0.0918,-5.9553,6.3068,76.7294,-186.1482,6547.0122,6547.0122
6173,0.52,0.6786,+0.2606,-5.9245,6.6031,67.5631,-186.7272,6623.0840,6623.0840
6174,0.51,0.7014,+0.1025,-5.9061,6.6075,81.4163,-187.3276,6658.4609,6658.4609
6175,0.52,0.5095,-0.2259,-5.9043,6.4138,86.1021,-189.9483,6822.9092,6822.9092
6176,0.51,0.3772,+0.2045,-5.9296,6.3068,67.6834,-189.6222,6796.0132,6796.0132
6177,0.51,0.6554,+0.1870,-5.9482,6.6035,75.1809,-187.9210,6686.5698,6686.5698
6178,0.51,3.0841,+1.5471,-5.9350,9.0192,2156.6631,-186.7601,6703.1631,6703.1631
6179,0.52,2.5751,-0.9603,-5.9191,8.4941,1844.1519,-187.4790,6663.7109,6663.7109
6180,0.52,0.5699,-0.0471,-5.9272,6.4971,60.9933,-187.7312,6649.9126,6649.9126
6181,0.51,0.5168,-0.9037,-5.9653,6.4821,84.3391,-185.6212,6533.0679,6533.0679
6182,0.50,0.4542,-0.1580,-5.9453,6.3995,60.7060,-186.1190,6567.3130,6567.3130
6183,0.52,0.9946,-0.2383,-5.9422,6.9368,360.6932,-185.5208,6587.8379,6587.8379
6184,0.52,1.0367,-0.5384,-5.9440,6.9808,220.3276,-186.0809,6589.3428,6589.3428
6185,0.52,0.7901,+0.1664,-5.9514,6.7415,77.9537,-185.4716,6498.8354,6498.8354
6186,0.53,0.4899,+0.1304,-5.9545,6.4444,75.9762,-185.9203,6529.1543,6529.1543
6187,0.53,0.5169,-0.1636,-5.9472,6.4641,53.5714,-186.8463,6613.5532,6613.5532
6188,0.51,0.5711,-0.0401,-5.9533,6.5244,56.3562,-187.4801,6670.5562,6670.5562
6189,0.52,0.4927,+0.0970,-5.9193,6.4120,86.5589,-188.5165,6746.6724,6746.6724
6190,0.51,0.4124,+0.1669,-5.9124,6.3247,75.5851,-187.1878,6639.4600,6639.4600
6191,0.50,0.4560,-0.1626,-5.9059,6.3619,64.7902,-187.3672,6647.0859,6647.0859
6192,0.52,0.3564,-0.1476,-5.9013,6.2577,59.5039,-186.8595,6598.4204,6598.4204
6193,0.53,0.5845,+0.2990,-5.9163,6.5007,66.0845,-186.9929,6618.4839,6618.4839
6194,0.51,0.3248,-0.0454,-5.9531,6.2779,77.7863,-185.4838,6527.6650,6527.6650
6195,0.49,0.4864,-0.1155,-5.9396,6.4260,42.2189,-185.8525,6526.8037,6526.8037
6196,0.51,0.6442,+0.2378,-5.9407,6.5849,69.7720,-188.6711,6739.9570,6739.9570
6197,0.50,0.7401,-0.0237,-5.9523,6.6924,57.5481,-187.8706,6683.1865,6683.1865
6198,0.52,0.0960,-0.1234,-5.9260,6.0219,80.7821,-187.5294,6638.0894,6638.0894
6199,0.51,0.7819,+0.0400,-5.9174,6.6993,65.5714,-190.1756,6823.9424,6823.9424
6200,0.49,0.0781,-0.3430,-5.9217,5.9998,55.6528,-187.9799,6657.8301,6657.8301
6201,0.53,0.4384,-0.0859,-5.9313,6.3697,26.8293,-188.4310,6691.4204,6691.4204
6202,0.51,0.2246,-0.0877,-5.9117,6.1363,38.9128,-190.8760,6863.3906,6863.3906
6203,0.52,0.2293,-0.1301,-5.9120,6.1413,29.6964,-188.7587,6708.5381,6708.5381
6204,0.51,0.5075,-0.0295,-5.9068,6.4142,32.8496,-195.5571,7233.8779,7233.8779
6205,0.52,0.1154,+0.0404,-5.9102,6.0256,33.3089,-190.9549,6887.1670,6887.1670
6206,0.52,0.1720,+0.0220,-5.9131,6.0851,37.9596,-189.1070,6748.9873,6748.9873
6207,0.54,-0.2872,-0.2459,-5.9414,5.6542,38.4480,-188.2017,6684.1851,6684.1851
6208,0.52,0.0780,-0.0942,-5.9421,6.0201,36.7421,-190.8538,6889.8672,6889.8672
6209,0.52,0.0772,-0.1163,-5.9161,5.9933,31.8794,-190.0827,6821.7197,6821.7197
6210,0.50,-0.4217,+0.1038,-5.9216,5.4999,59.6068,-188.3600,6657.2725,6657.2725
6211,0.52,0.0797,-0.0964,-5.9522,6.0319,38.4920,-187.0187,6595.7734,6595.7734
6212,0.53,-0.0152,-0.0999,-5.9503,5.9351,36.9518,-185.7627,6482.1284,6482.1284
6213,0.52,0.3949,+0.4395,-5.9423,6.3372,136.7899,-187.0123,6589.0317,6589.0317
6214,0.53,0.0803,-0.1078,-5.9533,6.0336,30.6688,-186.3683,6522.6445,6522.6445
6215,0.52,0.0102,+0.2242,-5.9327,5.9429,37.5620,-189.0950,6719.7705,6719.7705
6216,0.53,0.0785,-0.0310,-5.9284,6.0069,32.9227,-191.3791,6884.9712,6884.9712
6217,0.54,0.1206,+0.0026,-5.9155,6.0361,41.3395,-189.6182,6736.7070,6736.7070
6218,0.52,0.1876,+0.2023,-5.9356,6.1232,38.4390,-188.7604,6725.4570,6725.4570
6219,0.53,-0.0384,-0.3093,-5.9021,5.8637,38.0708,-189.9731,6806.7539,6806.7539
6220,0.52,0.8858,+0.2169,-5.9047,6.7905,310.8094,-192.9707,7076.3574,7076.3574
6221,0.52,0.1346,-0.1392,-5.9101,6.0447,30.8352,-192.2029,6938.4771,6938.4771
6222,0.52,0.0626,-0.0122,-5.9235,5.9861,43.6963,-192.3677,6957.2773,6957.2773
6223,0.51,-0.1633,-0.0454,-5.9524,5.7891,56.3318,-188.8277,6706.3252,6706.3252
6224,0.53,-0.0918,+0.0626,-5.9550,5.8632,45.9498,-190.0566,6787.5859,6787.5859
6225,0.51,-0.3789,-0.0022,-5.9732,5.5943,21.6404,-188.3371,6634.1821,6634.1821
6226,0.52,-0.0564,-0.0538,-5.9492,5.8928,28.5874,-188.1788,6670.3721,6670.3721
6227,0.52,-0.1574,+0.2365,-5.9435,5.7861,21.3477,-186.7083,6570.6069,6570.6069
6228,0.50,0.4694,+0.2673,-5.9272,6.3967,96.2512,-188.4932,6719.0439,6719.0439
6229,0.53,0.0453,+0.1842,-5.9131,5.9585,38.6435,-186.4473,6533.7578,6533.7578
6230,0.51,0.1248,+0.1276,-5.9197,6.0445,31.0604,-188.4966,6700.0127,6700.0127
6231,0.51,-0.0885,-0.2038,-5.9253,5.8368,30.4728,-186.6102,6540.6870,6540.6870
6232,0.51,-0.2166,+0.0985,-5.9595,5.7429,40.2970,-186.7816,6550.5527,6550.5527
6233,0.54,0.0576,-0.2004,-5.9291,5.9866,36.0873,-189.6412,6740.1792,6740.1792
6234,0.51,-0.0653,-0.2965,-5.9377,5.8724,15.2255,-189.5641,6711.8252,6711.8252
6235,0.52,-0.1506,-0.0017,-5.9240,5.7734,50.2445,-192.5694,6942.7490,6942.7490
6236,0.52,-0.1070,-0.0244,-5.9379,5.8309,48.4905,-189.2856,6703.0674,6703.0674
6237,0.53,-0.2513,-0.1916,-5.9546,5.7033,20.9168,-189.1471,6682.3813,6682.3813
6238,0.52,0.2736,+0.1579,-5.9598,6.2334,34.6946,-191.9867,6941.4326,6941.4326
6239,0.50,-0.2613,+0.0182,-5.9419,5.6806,17.2062,-188.5625,6661.7139,6661.7139
6240,0.52,0.0119,-0.1689,-5.9457,5.9576,27.8955,-191.2299,6856.3247,6856.3247
6241,0.52,0.0591,-0.3085,-5.9660,6.0251,37.7946,-188.5349,6679.4917,6679.4917
6242,0.51,0.3070,-0.0726,-5.9280,6.2350,52.2789,-192.2446,6968.9561,6968.9561
6243,0.52,-0.1658,+0.0484,-5.9110,5.7451,25.9085,-191.5755,6895.5068,6895.5068
6244,0.52,-0.0664,-0.5243,-5.9193,5.8529,15.6717,-188.3237,6664.5039,6664.5039
6245,0.52,-0.2289,-0.4258,-5.9136,5.6847,25.8699,-189.2413,6725.7695,6725.7695
6246,0.52,0.0005,-0.1350,-5.9220,5.9225,8.2634,-189.2104,6757.6733,6757.6733
6247,0.49,0.1701,-0.1199,-5.9136,6.0837,9.8388,-189.7092,6754.6611,6754.6611
6248,0.52,-0.4125,-0.0299,-5.9332,5.5207,8.3536,-184.4501,6401.4697,6401.4697
6249,0.53,-0.0932,+0.4222,-5.9283,5.8351,7.2872,-194.9727,7053.8091,7053.8091
6250,0.51,-0.2103,-0.0389,-5.9416,5.7314,3.1963,-186.4960,6556.3965,6556.3965
6251,0.50,0.2452,+0.1264,-5.9473,6.1925,3.5087,-197.9004,7383.5107,7383.5107
6252,0.52,0.0825,+0.1227,-5.9644,6.0469,3.3994,-172.4821,5594.0439,5594.0439
6253,0.53,0.0848,+0.1744,-5.9716,6.0564,5.1070,-203.9219,7839.8291,7839.8291
6254,0.53,-0.0760,+0.0041,-5.9649,5.8889,3.6257,-174.0406,5716.7852,5716.7852
6255,0.53,0.0562,-0.0374,-5.9718,6.0281,4.5203,-204.6626,7908.1841,7908.1841
6256,0.54,-0.2259,+0.0465,-5.9566,5.7307,7.6987,-173.9004,5671.9072,5671.9072
6257,0.54,-0.4115,+0.0158,-5.9602,5.5486,4.4099,-201.7442,7742.0098,7742.0098
6258,0.54,-0.0468,+0.2378,-5.9607,5.9139,2.3252,-174.2085,5721.4580,5721.4580
6259,0.52,-0.0223,+0.3263,-5.9604,5.9381,4.5741,-202.5126,7758.1094,7758.1094
6260,0.51,-0.0812,+0.0029,-5.9420,5.8608,2.6252,-181.1429,6250.7222,6250.7222
6261,0.53,-0.7222,+0.0686,-5.9435,5.2213,3.7060,-193.3790,7078.0947,7078.0947
6262,0.55,0.0084,+0.0528,-5.9619,5.9702,3.0047,-175.8499,5828.4775,5828.4775
6263,0.54,-0.3812,+0.1900,-5.9383,5.5571,3.7054,-203.5322,7847.1045,7847.1045
6264,0.56,0.2374,+0.0640,-5.9606,6.1980,3.5536,-171.8206,5602.3550,5602.3550
6265,0.53,-0.3154,-0.3091,-5.9738,5.6584,3.9696,-201.9512,7722.3652,7722.3652
6266,0.53,0.0175,+0.1070,-5.9702,5.9877,4.7985,-174.6687,5791.9971,5791.9971
6267,0.52,0.1070,-0.0856,-5.9621,6.0692,3.2423,-203.8435,7881.1182,7881.1182
6268,0.53,-0.2724,+0.0888,-5.9733,5.7009,4.4418,-175.7378,5781.8311,5781.8311
6269,0.54,-0.2994,+0.1541,-5.9791,5.6797,2.4613,-203.3144,7844.2158,7844.2158
6270,0.54,0.0859,+0.0252,-5.9448,6.0307,1.7769,-172.9330,5702.6519,5702.6519
6271,0.51,-0.3800,+0.3143,-5.9559,5.5758,3.5159,-202.3423,7741.5752,7741.5752
6272,0.54,-0.0875,-0.1034,-5.9474,5.8599,2.7942,-173.1044,5699.7734,5699.7734
6273,0.52,-0.6293,-0.1080,-5.9549,5.3256,4.6353,-201.8511,7668.8145,7668.8145
6274,0.55,0.1058,+0.1328,-5.9366,6.0424,2.4271,-173.9323,5727.6904,5727.6904
6275,0.54,-0.4813,+0.2143,-5.9555,5.4742,3.7894,-202.0541,7718.9248,7718.9248
6276,0.53,-0.2243,+0.0862,-5.9630,5.7388,1.5802,-175.8363,5820.5698,5820.5698
6277,0.54,-0.4523,-0.0293,-5.9782,5.5259,4.3839,-201.8116,7736.0195,7736.0195
6278,0.53,-0.5416,+0.1549,-5.9645,5.4229,3.4478,-180.0581,6146.8770,6146.8770
6279,0.54,0.2687,+0.1832,-5.9665,6.2352,3.2845,-207.0768,8175.8252,8175.8252
6280,0.55,-0.4871,-0.0064,-5.9659,5.4788,2.8358,-176.3229,5891.6963,5891.6963
6281,0.55,-0.1551,+0.4453,-5.9718,5.8167,2.3726,-203.5663,7813.2876,7813.2876
6282,0.55,-0.4579,-0.4595,-5.9396,5.4817,13.3027,-174.1358,5707.3784,5707.3784
6283,0.54,-0.5040,+0.2076,-5.9370,5.4330,2.0044,-184.1051,6402.1162,6402.1162
6284,0.55,-0.2276,+0.0914,-5.9378,5.7102,3.8347,-198.5040,7498.0156,7498.0156
6285,0.55,-0.5512,-0.0481,-5.9389,5.3877,2.7807,-177.8408,5984.5547,5984.5547
6286,0.55,-0.0103,+0.3411,-5.9539,5.9436,4.5301,-205.9565,8034.9121,8034.9121
6287,0.54,-0.5155,-0.4412,-5.9591,5.4435,2.8775,-177.6924,5905.3623,5905.3623
6288,0.55,-0.6149,-0.0495,-5.9693,5.3545,5.2543,-193.7517,7010.4551,7010.4551
6289,0.54,-0.3678,+0.1966,-5.9325,5.5647,7.2424,-183.2069,6372.5049,6372.5049
6290,0.52,-0.1753,+0.0986,-5.9445,5.7692,4.4395,-208.8292,8241.9297,8241.9297
6291,0.52,-0.4353,+0.0975,-5.9444,5.5091,4.2151,-178.1122,6054.3477,6054.3477
6292,0.54,-0.0823,-0.0091,-5.9369,5.8546,2.2993,-207.8365,8199.0352,8199.0352
6293,0.55,-0.3722,-0.1647,-5.9909,5.6187,6.3871,-173.6124,5729.6934,5729.6934
6294,0.54,-0.7414,-0.0582,-5.9729,5.2315,1.8995,-194.8087,7155.2568,7155.2568
6295,0.56,-0.5391,+0.0004,-5.9965,5.4574,4.1660,-175.6428,5864.2754,5864.2754
6296,0.54,-0.4070,+0.2693,-5.9775,5.5705,4.7898,-203.7424,7859.5786,7859.5786
6297,0.57,-0.5079,+0.1672,-5.9743,5.4664,2.7940,-176.0284,5897.6230,5897.6230
6298,0.55,-0.5055,-0.3735,-5.9664,5.4608,2.4098,-203.9946,7929.4731,7929.4731
6299,0.54,-0.5248,+0.0969,-5.9826,5.4579,2.4774,-174.1295,5740.1621,5740.1621
6300,0.55,-0.7758,-0.0192,-5.9883,5.2126,4.1449,-200.3808,7605.4409,7605.4409
6301,0.57,-0.2926,+0.0294,-5.9833,5.6907,0.9954,-173.1852,5681.8477,5681.8477
6302,0.54,-0.7409,-0.0558,-5.9765,5.2355,1.6018,-198.7366,7453.8486,7453.8486
6303,0.56,-0.3062,+0.1899,-5.9503,5.6441,2.7780,-174.9882,5795.9883,5795.9883
6304,0.53,-0.5926,+0.0311,-5.9680,5.3754,2.8674,-199.9064,7590.9541,7590.9541
6305,0.53,-0.7534,+0.1358,-5.9446,5.1912,4.5059,-178.3171,6015.9438,6015.9438
6306,0.55,-0.6108,+0.0212,-5.9710,5.3602,7.5281,-195.6909,7303.6182,7303.6182
6307,0.55,-0.7599,-0.1994,-5.9495,5.1896,2.6915,-177.8837,6003.0527,6003.0527
6308,0.55,-0.5224,-0.1879,-5.9785,5.4561,3.4614,-203.8641,7903.1807,7903.1807
6309,0.55,-0.6636,-0.1410,-5.9569,5.2933,2.6370,-179.8295,6147.3975,6147.3975
6310,0.55,-0.4613,-0.0051,-5.9528,5.4915,6.7848,-205.5654,7941.8047,7941.8047
6311,0.56,-0.9124,-0.0040,-5.9269,5.0145,1.4998,-183.0850,6294.7041,6294.7041
6312,0.55,-0.4640,-0.1856,-5.9203,5.4562,5.7308,-208.8277,8302.1543,8302.1543
6313,0.56,-0.7995,+0.1401,-5.9459,5.1464,1.7800,-179.2324,6090.3018,6090.3018
6314,0.56,-0.3284,-0.0343,-5.9661,5.6377,5.2413,-203.5556,7882.5708,7882.5708
6315,0.56,-1.0668,-0.1839,-5.9762,4.9094,4.0100,-181.0379,6185.5933,6185.5933
6316,0.54,-0.5025,+0.0107,-5.9471,5.4445,4.5209,-209.5674,8315.5117,8315.5117
6317,0.56,-1.0668,+0.1575,-5.9739,4.9071,2.3701,-179.9144,6140.3247,6140.3247
6318,0.55,-0.3756,+0.0606,-5.9606,5.5850,3.3495,-205.1081,7982.2739,7982.2739
6319,0.56,-0.9328,+0.0268,-5.9630,5.0302,1.0944,-179.4444,6101.4526,6101.4526
6320,0.56,-0.2542,-0.0689,-5.9710,5.7168,2.7344,-205.3438,8017.6582,8017.6582
6321,0.56,-0.9250,-0.0176,-5.9623,5.0373,1.9584,-178.1190,6014.5571,6014.5571
6322,0.56,-0.4546,-0.2106,-5.9646,5.5101,3.4364,-204.0679,7852.6050,7852.6050
6323,0.56,-0.9690,-0.1627,-5.9558,4.9869,2.0690,-180.5979,6200.6699,6200.6699
6324,0.55,-0.8025,+0.3839,-5.9707,5.1682,3.8848,-202.1047,7726.5166,7726.5166
6325,0.58,-0.8578,+0.0318,-5.9699,5.1121,1.6575,-181.8546,6317.7432,6317.7432
6326,0.56,-0.6095,-0.0508,-5.9486,5.3391,2.3432,-206.6048,8137.9126,8137.9126
6327,0.57,-0.9227,-0.0017,-5.9765,5.0538,1.3999,-177.7568,6042.4385,6042.4385
6328,0.57,-0.7644,-0.4511,-5.9715,5.2072,2.1858,-202.9732,7876.7886,7876.7886
6329,0.55,-0.8398,-0.0525,-5.9725,5.1327,1.9036,-180.7056,6242.8389,6242.8389
6330,0.57,-1.0466,-0.2746,-5.9728,4.9263,2.6186,-197.2597,7274.3086,7274.3086
6331,0.57,-0.8380,-0.2545,-5.9634,5.1253,6.7633,-178.5130,5951.2681,5951.2681
6332,0.55,-1.0218,-0.1913,-5.9779,4.9561,3.5085,-198.1812,7442.9258,7442.9258
6333,0.56,-1.1353,-0.1931,-5.9754,4.8400,1.5686,-183.8100,6453.6899,6453.6899
6334,0.57,-0.5400,-0.1317,-5.9658,5.4258,4.2871,-206.0179,8066.7490,8066.7490
6335,0.58,-1.1657,-0.1106,-5.9733,4.8076,2.8787,-178.8347,6089.1982,6089.1982
6336,0.56,-0.7344,-0.0097,-5.9689,5.2345,5.0064,-201.7599,7776.6768,7776.6768
6337,0.56,-0.9908,+0.1376,-5.9801,4.9893,1.8836,-177.7206,6031.4844,6031.4844
6338,0.57,-0.7386,-0.2962,-5.9631,5.2244,2.8754,-204.8117,8010.6528,8010.6528
6339,0.58,-1.0509,-0.0207,-5.9511,4.9003,1.6984,-178.5287,6054.0601,6054.0601
6340,0.56,-0.7034,-0.0402,-5.9726,5.2693,4.0706,-204.0131,7969.9883,7969.9883
6341,0.57,-1.2328,+0.1319,-5.9633,4.7305,3.3194,-178.2063,5988.7505,5988.7505
6342,0.56,-1.2157,-0.0607,-5.9574,4.7417,5.3128,-200.1146,7602.9780,7602.9780
6343,0.58,-0.9800,+0.0345,-5.9526,4.9727,2.4229,-177.2735,5953.0562,5953.0562
6344,0.57,-1.1174,-0.0325,-5.9671,4.8497,3.4166,-200.4069,7593.6855,7593.6855
6345,0.56,-0.7840,+0.1274,-5.9346,5.1505,1.6358,-177.4493,5983.4893,5983.4893
6346,0.55,-1.1224,-0.0496,-5.9548,4.8324,5.6992,-200.4907,7669.5146,7669.5146
6347,0.57,-1.1033,-0.2127,-5.9658,4.8625,4.8099,-179.3573,6057.7100,6057.7100
6348,0.59,-1.0313,+0.0253,-5.9630,4.9317,1.3146,-182.9701,6353.1631,6353.1631
6349,0.57,-1.2134,-0.1718,-5.9602,4.7467,3.1801,-200.9788,7707.4355,7707.4355
6350,0.58,-1.0548,-0.1636,-5.9421,4.8873,2.2550,-178.5832,6056.4707,6056.4707
6351,0.56,-0.9782,-0.2182,-5.9534,4.9752,2.2470,-202.2677,7758.0879,7758.0879
6352,0.56,-1.1804,+0.0769,-5.9609,4.7806,2.7029,-182.0331,6245.4619,6245.4619
6353,0.57,-0.8173,-0.1031,-5.9572,5.1399,4.6909,-203.6111,7878.8027,7878.8027
6354,0.58,-1.2085,+0.2895,-5.9524,4.7440,3.4479,-178.3414,6019.5503,6019.5503
6355,0.56,-1.2061,+0.0698,-5.9729,4.7668,3.1923,-199.5863,7572.4380,7572.4380
6356,0.59,-1.1221,+0.1568,-5.9728,4.8507,2.4383,-176.9260,5957.7275,5957.7275
6357,0.57,-1.1016,-0.0432,-5.9927,4.8912,1.8313,-200.5913,7689.8164,7689.8164
6358,0.57,-0.9710,-0.0883,-5.9894,5.0184,1.7333,-174.4525,5857.4717,5857.4717
6359,0.57,-1.0426,+0.1508,-5.9850,4.9425,7.8076,-201.1338,7795.1846,7795.1846
6360,0.59,-1.1279,+0.0014,-5.9818,4.8539,1.6092,-176.9334,6003.9902,6003.9902
6361,0.57,-1.0192,-0.2248,-5.9906,4.9714,3.0339,-200.2030,7757.8936,7757.8936
6362,0.59,-1.2032,+0.0403,-6.0118,4.8086,4.4513,-177.5620,6047.3320,6047.3320
6363,0.57,-1.3134,+0.0864,-5.9967,4.6834,3.4043,-189.2862,6863.8213,6863.8213
6364,0.57,-0.4856,-0.2419,-5.9787,5.4932,18.7503,-175.7412,5866.4717,5866.4717
6365,0.56,-1.4112,-0.0518,-5.9900,4.5788,2.1900,-190.2716,6897.6182,6897.6182
6366,0.57,-1.3026,-0.1566,-6.0005,4.6979,2.6270,-179.9684,6234.9814,6234.9814
6367,0.56,-1.3910,+0.2287,-5.9987,4.6077,3.9067,-195.1219,7268.3682,7268.3682
6368,0.56,-0.9836,+0.0067,-5.9974,5.0138,3.6384,-178.7404,6179.9863,6179.9863
6369,0.57,-1.2508,+0.0523,-5.9954,4.7446,2.1693,-196.7218,7427.6338,7427.6338
6370,0.56,-1.3664,-0.1319,-6.0042,4.6378,1.6504,-180.6728,6212.9131,6212.9131
6371,0.58,-0.8242,+0.1965,-6.0124,5.1883,2.5776,-200.1714,7740.2529,7740.2529
6372,0.57,-1.1803,+0.0388,-6.0233,4.8430,1.7106,-179.3007,6159.0391,6159.0391
6373,0.58,-1.2348,+0.1506,-6.0175,4.7828,1.7705,-196.5382,7423.3618,7423.3618
6374,0.57,-1.3360,-0.0947,-6.0333,4.6973,1.5945,-178.5899,6108.0771,6108.0771
6375,0.56,-1.1654,+0.1026,-6.0292,4.8637,2.0204,-198.6483,7620.8140,7620.8140
6376,0.57,-0.9850,+0.1008,-6.0174,5.0325,1.6036,-174.6527,5828.9307,5828.9307
6377,0.56,-1.2724,+0.1719,-6.0351,4.7627,2.1908,-197.0081,7425.5815,7425.5815
6378,0.57,-1.0176,-0.1289,-6.0263,5.0087,3.2275,-176.5909,5959.0410,5959.0410
6379,0.58,-1.5976,-0.0981,-6.0187,4.4211,1.5666,-186.2107,6588.6650,6588.6650
6380,0.57,-1.5690,-0.0215,-5.9787,4.4097,1.5770,-191.3234,7042.0566,7042.0566
6381,0.56,-1.2492,-0.0242,-5.9747,4.7254,5.9484,-192.1767,7049.1562,7049.1562
6382,0.58,-0.9497,-0.1720,-5.9709,5.0212,4.6540,-178.8421,6178.4473,6178.4473
6383,0.57,-1.2758,-0.0226,-5.9689,4.6931,9.9412,-195.0570,7278.5547,7278.5547
6384,0.57,-1.0951,-0.0684,-5.9873,4.8922,8.0303,-180.1219,6175.2910,6175.2910
6385,0.56,-1.3460,-0.6388,-6.0044,4.6584,24.0155,-189.2321,6936.2842,6936.2842
6386,0.54,-1.4238,-0.0920,-6.0061,4.5823,4.3877,-189.7687,6941.1338,6941.1338
6387,0.58,-1.7484,-0.3330,-6.0247,4.2763,49.7366,-186.2006,6581.7690,6581.7690
6388,0.59,-1.4876,+0.1079,-6.0078,4.5202,1.7175,-187.5043,6728.9995,6728.9995
6389,0.57,-1.3555,-0.3783,-6.0133,4.6578,2.3196,-186.1054,6612.5098,6612.5098
6390,0.58,-1.4068,+0.0003,-6.0181,4.6112,2.1861,-188.6546,6886.9580,6886.9580
6391,0.56,-0.9103,-0.1689,-5.9957,5.0854,4.0898,-174.7010,5837.2935,5837.2935
6392,0.56,-1.3540,+0.0844,-6.0208,4.6668,1.2395,-195.5812,7300.1401,7300.1401
6393,0.59,-0.7932,-0.2708,-6.0387,5.2455,4.5544,-170.2993,5613.6221,5613.6221
6394,0.55,-1.5649,+0.1525,-6.0460,4.4810,2.0958,-191.7480,7080.0005,7080.0005
6395,0.56,-1.1680,-0.1075,-6.0372,4.8691,4.6786,-176.3512,5975.8096,5975.8096
6396,0.55,-1.2276,+0.0290,-6.0253,4.7977,4.3914,-194.9491,7286.6992,7286.6992
6397,0.58,-1.4556,-0.2017,-6.0383,4.5827,2.8023,-175.9708,5933.5967,5933.5967
6398,0.56,-1.3337,-0.0630,-6.0232,4.6895,3.6264,-199.1754,7645.4512,7645.4512
6399,0.59,-1.1630,-0.1254,-6.0350,4.8720,1.5902,-175.0653,5929.4561,5929.4561
6400,0.57,-1.3489,-0.0547,-6.0402,4.6912,1.5969,-194.5008,7285.1060,7285.1060
6401,0.53,-1.0806,+0.0254,-6.0549,4.9743,2.5963,-172.8980,5803.8682,5803.8682
6402,0.55,-1.1042,-0.0254,-6.0278,4.9237,2.7985,-197.2404,7525.3179,7525.3179
6403,0.55,-0.9927,+0.1827,-6.0260,5.0333,2.7583,-176.1002,6034.3813,6034.3813
6404,0.55,-1.3996,+0.0434,-6.0020,4.6024,1.7650,-197.0685,7469.0449,7469.0449
6405,0.53,-1.3183,+0.1813,-5.9875,4.6692,2.1523,-185.2614,6650.3335,6650.3335
6406,0.54,-1.4608,-0.0643,-5.9638,4.5030,2.8586,-198.8795,7569.1484,7569.1484
6407,0.55,-1.0521,-0.1006,-5.9998,4.9478,1.6401,-174.1266,5858.6958,5858.6958
6408,0.53,-1.0178,-0.0345,-5.9915,4.9737,8.0484,-198.8566,7656.7622,7656.7622
6409,0.56,-1.3142,-0.1383,-5.9718,4.6576,1.9415,-177.8136,6052.9434,6052.9434
6410,0.53,-1.2563,+0.0503,-5.9876,4.7313,2.3603,-202.5773,7924.8789,7924.8789
6411,0.55,-1.2951,-0.0139,-6.0072,4.7122,1.2437,-176.1895,6043.2759,6043.2759
6412,0.55,-1.3848,+0.3946,-5.9921,4.6073,3.9754,-201.0387,7790.2402,7790.2402
6413,0.55,-1.4096,-0.1884,-6.0010,4.5914,1.4558,-176.9167,6035.7500,6035.7500
6414,0.54,-1.5350,+0.4217,-6.0201,4.4851,7.4916,-195.9372,7364.5874,7364.5874
6415,0.54,-1.6027,-0.0434,-6.0290,4.4263,1.7114,-179.6408,6155.2129,6155.2129
6416,0.55,-1.2243,+0.3436,-6.0145,4.7902,2.4909,-198.0809,7602.2515,7602.2515
6417,0.55,-1.6053,-0.1967,-6.0356,4.4302,1.5479,-179.0892,6146.2979,6146.2979
6418,0.53,-1.5145,-0.0251,-6.0143,4.4999,3.9319,-183.8292,6471.6104,6471.6104
6419,0.53,-1.7355,+0.0243,-6.0272,4.2917,1.8607,-183.1409,6501.4453,6501.4453
6420,0.56,-1.5481,-0.0385,-6.0011,4.4530,1.6346,-187.5490,6685.7686,6685.7686
6421,0.57,-1.1404,-0.0154,-5.9914,4.8510,3.0321,-178.8281,6143.9883,6143.9883
6422,0.56,-1.2114,-0.0183,-5.9951,4.7837,3.4634,-200.5484,7800.1572,7800.1572
6423,0.56,-0.7008,+0.0117,-6.0146,5.3138,47.8702,-174.6840,5912.6470,5912.6470
6424,0.56,-1.6574,-0.1090,-6.0352,4.3778,1.6035,-186.4490,6726.9775,6726.9775
6425,0.54,-1.1498,-0.0141,-6.0199,4.8701,1.3447,-176.4348,5990.4775,5990.4775
6426,0.56,-1.1533,+0.1146,-6.0283,4.8750,3.7577,-199.2049,7666.7544,7666.7544
6427,0.57,-1.2137,+0.0183,-6.0392,4.8254,0.9439,-173.7415,5781.0771,5781.0771
6428,0.54,-1.3217,+0.1230,-6.0306,4.7090,1.6556,-201.1685,7819.5879,7819.5879
6429,0.56,-1.1923,+0.0626,-6.0199,4.8276,1.5201,-175.0731,5947.9702,5947.9702
6430,0.52,-1.2509,+0.1077,-6.0237,4.7728,1.4331,-199.9101,7751.8608,7751.8608
6431,0.54,-1.3411,-0.0128,-6.0345,4.6934,1.5988,-174.8010,5951.0625,5951.0625
6432,0.54,-1.3134,-0.0220,-6.0320,4.7185,2.6873,-198.2305,7567.9844,7567.9844
6433,0.57,-1.4126,-0.0814,-6.0204,4.6078,2.8417,-179.5515,6108.5898,6108.5898
6434,0.55,-1.6571,-0.0144,-6.0262,4.3691,1.7232,-185.5146,6684.8789,6684.8789
6435,0.54,-1.5184,-0.0420,-6.0197,4.5013,0.9600,-184.4590,6687.3511,6687.3511
6436,0.54,-1.4949,-0.1213,-6.0194,4.5245,2.2461,-189.8571,6941.3853,6941.3853
6437,0.55,-1.4235,+0.0154,-6.0066,4.5831,1.8594,-183.1721,6558.4512,6558.4512
6438,0.52,-1.4904,-0.0628,-6.0291,4.5387,2.9943,-194.9645,7337.5415,7337.5415
6439,0.55,-1.2706,-0.0619,-6.0298,4.7592,1.0504,-175.9033,6017.0864,6017.0864
6440,0.54,-1.5658,-0.1272,-6.0257,4.4599,2.6603,-198.7969,7658.2725,7658.2725
6441,0.55,-1.3970,-0.1159,-6.0147,4.6177,1.9886,-176.7121,5993.8604,5993.8604
6442,0.54,-1.6873,+0.0543,-6.0170,4.3297,3.2598,-198.2042,7656.3784,7656.3784
6443,0.55,-1.4980,+0.0738,-6.0339,4.5358,2.0595,-174.3271,5879.3643,5879.3643
6444,0.56,-1.6386,+0.2495,-6.0328,4.3942,3.6205,-197.0832,7563.3291,7563.3291
6445,0.55,-1.5779,-0.1275,-6.0495,4.4716,1.6098,-174.9296,5907.1743,5907.1743
6446,0.54,-1.2934,-0.1731,-6.0501,4.7567,6.2364,-199.2865,7708.7622,7708.7622
6447,0.54,-1.7370,+0.0189,-6.0740,4.3370,3.3707,-179.9364,6213.4478,6213.4478
6448,0.55,-1.8334,-0.0073,-6.0552,4.2219,1.3435,-191.9738,7152.3203,7152.3203
6449,0.54,-1.2625,+0.0290,-6.0395,4.7770,4.8207,-171.4860,5633.3794,5633.3794
6450,0.59,-1.5682,-0.1160,-6.0064,4.4382,3.0334,-188.1797,6830.4492,6830.4492
6451,0.53,-1.5727,+0.1752,-6.0210,4.4483,8.2022,-185.9994,6617.6768,6617.6768
6452,0.55,-1.9722,+0.0710,-6.0238,4.0516,4.2584,-188.7169,6886.2695,6886.2695
6453,0.56,-1.3094,+0.0103,-6.0452,4.7358,4.2700,-176.1444,6001.6592,6001.6592
6454,0.53,-1.6207,-0.1850,-6.0717,4.4510,3.4841,-192.9573,7223.8491,7223.8491
6455,0.55,-1.4576,-0.1527,-6.0487,4.5911,1.4474,-177.7035,6047.8921,6047.8921
6456,0.56,-1.5380,-0.0691,-6.0617,4.5237,1.5134,-193.0095,7285.6641,7285.6641
6457,0.56,-1.5507,-0.1699,-6.0563,4.5055,1.2003,-176.6641,5999.6167,5999.6167
6458,0.55,-1.5562,+0.0848,-6.0703,4.5142,1.6057,-196.8968,7521.7998,7521.7998
6459,0.56,-1.0922,+0.0795,-6.0965,5.0042,22.1310,-170.8648,5673.1123,5673.1123
6460,0.57,-1.8876,-0.1152,-6.0845,4.1970,4.2120,-186.0270,6678.2358,6678.2358
6461,0.56,-1.5634,-0.1666,-6.0903,4.5269,3.1782,-177.5061,6086.3506,6086.3506
6462,0.56,-1.5782,-0.3530,-6.0670,4.4889,4.9390,-191.7886,7179.2559,7179.2559
6463,0.55,-1.5933,+0.0242,-6.0441,4.4508,1.3389,-182.2310,6412.3506,6412.3506
6464,0.53,-1.4614,+0.0832,-6.0417,4.5803,1.5747,-200.5466,7818.4048,7818.4048
6465,0.54,-1.4490,-0.0252,-6.0433,4.5943,0.6695,-176.1652,5992.7842,5992.7842
6466,0.54,-1.3237,-0.0171,-6.0390,4.7153,2.0107,-200.9081,7822.1113,7822.1113
6467,0.54,-1.4013,+0.0656,-6.0555,4.6542,0.8400,-175.1786,5886.5493,5886.5493
6468,0.55,-1.4774,-0.0515,-6.0592,4.5818,7.0723,-195.1309,7383.8677,7383.8677
6469,0.56,-1.5059,-0.2421,-6.0581,4.5522,2.1560,-178.6702,6201.5830,6201.5830
6470,0.53,-2.2546,-0.1370,-6.0576,3.8030,49.2866,-189.8784,6966.0498,6966.0498
6471,0.53,-1.7130,-0.1659,-6.0384,4.3254,10.3287,-189.6073,7013.6416,7013.6416
6472,0.53,-1.5648,-0.1179,-6.0255,4.4607,30.1348,-186.7512,6770.4375,6770.4375
6473,0.53,-2.1068,+0.1183,-6.0227,3.9159,3.4365,-192.0303,7127.3867,7127.3867
6474,0.54,-1.1546,-0.0527,-6.0203,4.8657,7.2549,-179.5262,6249.9287,6249.9287
6475,0.56,-1.8595,-0.0287,-6.0169,4.1574,2.3579,-188.6253,6799.2036,6799.2036
6476,0.53,-1.9644,+0.0274,-6.0339,4.0695,2.3934,-188.1445,6924.6738,6924.6738
6477,0.60,-1.4963,+0.0836,-6.0325,4.5362,2.7174,-180.2640,6275.8926,6275.8926
6478,0.57,-1.7046,+0.0319,-6.0267,4.3222,2.3374,-197.4333,7582.1411,7582.1411
6479,0.55,-1.3593,-0.0364,-6.0173,4.6580,3.4225,-178.7418,6092.9814,6092.9814
6480,0.55,-1.6049,+0.1281,-6.0427,4.4377,2.6685,-196.8622,7557.1509,7557.1509
6481,0.54,-1.3412,+0.0501,-6.0568,4.7156,1.3471,-175.4079,5900.5952,5900.5952
6482,0.56,-1.6422,+0.2318,-6.0667,4.4244,1.0751,-196.5930,7541.9453,7541.9453
6483,0.56,-1.2151,-0.1599,-6.0681,4.8529,1.3015,-172.7024,5754.1348,5754.1348
6484,0.56,-1.5909,+0.0209,-6.0513,4.4604,2.0440,-194.5028,7365.8110,7365.8110
6485,0.55,-1.5014,-0.0448,-6.0421,4.5407,1.6244,-175.1577,5950.2881,5950.2881
6486,0.58,-1.5558,-0.2050,-6.0570,4.5012,2.7076,-195.1068,7390.1680,7390.1680
6487,0.56,-1.5375,+0.1167,-6.0478,4.5103,1.3055,-176.9378,6100.4985,6100.4985
6488,0.55,-1.2578,-0.0521,-6.0603,4.8025,7.2672,-198.2688,7656.9805,7656.9805
6489,0.55,-1.9080,-0.0541,-6.0738,4.1658,1.4661,-179.5710,6288.5786,6288.5786
6490,0.56,-1.0663,+0.0545,-6.0525,4.9862,5.8775,-202.4414,7990.2480,7990.2480
6491,0.56,-1.7676,-0.2269,-6.0788,4.3112,1.9898,-179.0118,6198.9639,6198.9639
6492,0.56,-1.8142,+0.0981,-6.0799,4.2657,2.4040,-196.8119,7444.2656,7444.2656
6493,0.56,-1.5070,-0.0042,-6.1010,4.5940,0.9989,-171.8430,5695.0820,5695.0820
6494,0.53,-1.8381,+0.1223,-6.0890,4.2509,2.4810,-195.9115,7502.1143,7502.1143
6495,0.56,-1.6484,-0.0266,-6.0595,4.4111,1.1411,-176.5471,6051.3096,6051.3096
6496,0.55,-1.5467,+0.0123,-6.0561,4.5093,2.1171,-199.8757,7716.1221,7716.1221
6497,0.58,-1.6236,-0.0267,-6.0781,4.4545,1.5012,-175.4767,5955.8198,5955.8198
6498,0.54,-1.4081,-0.1026,-6.0769,4.6688,2.5062,-196.7120,7478.9873,7478.9873
6499,0.55,-1.5771,-0.0496,-6.0595,4.4824,2.5908,-177.3797,6054.6904,6054.6904
6500,0.54,-1.5830,-0.0687,-6.0815,4.4985,1.2361,-198.7180,7587.6504,7587.6504
6501,0.57,-1.4497,-0.1922,-6.0833,4.6336,1.3357,-174.1463,5859.7441,5859.7441
6502,0.57,-1.7152,-0.1195,-6.0745,4.3593,1.9001,-198.4825,7591.4185,7591.4185
6503,0.55,-1.3913,+0.0207,-6.0873,4.6960,1.3220,-172.9628,5785.6401,5785.6401
6504,0.55,-1.5230,-0.2826,-6.0700,4.5470,3.9601,-198.3824,7643.9160,7643.9160
6505,0.57,-1.7024,+0.0758,-6.0833,4.3809,1.5699,-176.6505,6031.7334,6031.7334
6506,0.55,-1.1049,-0.0653,-6.0942,4.9894,5.3211,-200.7611,7790.5068,7790.5068
6507,0.56,-1.6626,-0.0193,-6.0765,4.4139,1.3704,-179.7870,6252.4351,6252.4351
6508,0.55,-1.3540,+0.1657,-6.0810,4.7270,2.0461,-197.4498,7626.1904,7626.1904
6509,0.56,-1.6902,+0.1085,-6.0727,4.3825,2.6219,-176.8189,6080.2358,6080.2358
6510,0.56,-1.8112,+0.0146,-6.0765,4.2653,5.6350,-192.3438,7214.4668,7214.4668
6511,0.57,-1.7597,+0.0990,-6.0716,4.3120,1.3511,-177.9464,6123.5576,6123.5576
6512,0.56,-1.5988,+0.0367,-6.0809,4.4821,3.4251,-194.3828,7357.9277,7357.9277
6513,0.53,-1.6695,+0.1019,-6.0873,4.4177,1.4341,-175.1691,5918.4219,5918.4219
6514,0.54,-1.4715,+0.0556,-6.0937,4.6222,4.9267,-198.1891,7585.1953,7585.1953
6515,0.55,-1.8912,+0.0918,-6.0855,4.1943,1.7216,-176.1974,6009.4775,6009.4775
6516,0.55,-1.5292,+0.0608,-6.0722,4.5430,3.2487,-194.8476,7413.9097,7413.9097
6517,0.56,-1.7126,-0.0623,-6.0487,4.3362,1.2055,-177.6049,6117.8813,6117.8813
6518,0.55,-1.5329,+0.1385,-6.0600,4.5271,2.1974,-197.2420,7479.1206,7479.1206
6519,0.56,-1.7787,-0.0308,-6.0748,4.2961,1.0782,-175.6610,5972.6758,5972.6758
6520,0.54,-1.6747,+0.0139,-6.0810,4.4063,0.9618,-193.7408,7281.4902,7281.4902
6521,0.55,-1.4039,+0.0827,-6.0898,4.6859,3.1186,-173.8665,5856.9131,5856.9131
6522,0.56,-1.7517,+0.0946,-6.0528,4.3011,3.8657,-195.2760,7347.5190,7347.5190
6523,0.55,-1.9501,+0.0198,-6.0620,4.1119,13.9610,-179.3802,6229.2891,6229.2891
6524,0.56,-1.7344,+0.0202,-6.0434,4.3089,36.1990,-185.3153,6671.9517,6671.9517
6525,0.58,-2.1608,-0.0054,-6.0445,3.8837,2.4573,-185.7648,6668.7358,6668.7358
6526,0.53,-1.8846,-0.1455,-6.0345,4.1499,3.6391,-182.9111,6538.4248,6538.4248
6527,0.56,-1.7845,+0.0034,-6.0576,4.2731,1.5585,-192.5020,7144.6045,7144.6045
6528,0.58,-1.5204,+0.0812,-6.0533,4.5329,0.9274,-176.8012,6084.0068,6084.0068
6529,0.57,-1.0077,-0.3869,-6.0669,5.0592,38.3444,-195.0217,7460.6270,7460.6270
6530,0.56,-1.8546,+0.1363,-6.0824,4.2278,4.6398,-197.4771,7562.1270,7562.1270
6531,0.57,-1.7368,-0.0523,-6.0710,4.3342,2.3866,-177.9256,6170.8794,6170.8794
6532,0.54,-1.8766,+0.4705,-6.0904,4.2138,8.0719,-198.3182,7608.4800,7608.4800
6533,0.56,-1.8777,+0.0718,-6.1132,4.2355,1.4196,-182.6385,6443.2603,6443.2603
6534,0.55,-1.6360,+0.1608,-6.1096,4.4736,1.2516,-190.6179,7150.1240,7150.1240
6535,0.55,-1.6441,+0.0671,-6.0809,4.4369,1.1886,-175.3753,5981.0620,5981.0620
6536,0.55,-1.6780,+0.0556,-6.0977,4.4196,1.7636,-196.7682,7531.9795,7531.9795
6537,0.55,-1.6096,-0.0020,-6.0852,4.4756,1.8827,-173.4140,5810.8623,5810.8623
6538,0.56,-1.7074,-0.0794,-6.1095,4.4022,1.8919,-195.0150,7390.8423,7390.8423
6539,0.57,-1.5862,-0.0797,-6.1039,4.5177,1.3188,-175.1613,5962.6895,5962.6895
6540,0.55,-1.8288,+0.0211,-6.0950,4.2662,47.4359,-197.8199,7615.9043,7615.9043
6541,0.55,-1.7846,-0.0057,-6.0785,4.2940,3.0007,-185.5581,6733.4375,6733.4375
6542,0.53,-1.8934,-0.1146,-6.0826,4.1892,2.0919,-180.6900,6331.2271,6331.2271
6543,0.55,-1.6937,+0.0754,-6.0827,4.3890,5.4354,-185.0862,6696.2744,6696.2744
6544,0.55,-1.8485,-0.0064,-6.0937,4.2452,2.2743,-185.5000,6616.1230,6616.1230
6545,0.57,-1.7262,+0.1483,-6.1047,4.3785,2.6262,-181.4707,6487.2886,6487.2886
6546,0.56,-1.6957,+0.0011,-6.1041,4.4084,2.5607,-176.8668,6063.2930,6063.2930
6547,0.57,-1.7655,-0.2752,-6.1249,4.3594,2.0483,-189.6563,6961.8418,6961.8418
6548,0.55,-1.9213,+0.1264,-6.1163,4.1950,1.1342,-176.6957,6098.0610,6098.0610
6549,0.55,-1.6068,-0.0659,-6.1085,4.5017,3.9258,-192.0097,7227.6113,7227.6113
6550,0.56,-1.7039,-0.0454,-6.1109,4.4070,3.4212,-178.5363,6186.6494,6186.6494
6551,0.57,-1.7468,+0.1633,-6.1379,4.3911,1.6871,-191.0731,7169.4492,7169.4492
6552,0.56,-1.3281,-0.0892,-6.1279,4.7998,1.0462,-168.6870,5544.9204,5544.9204
6553,0.56,-1.8462,-0.0007,-6.1009,4.2547,1.0771,-193.7882,7290.0566,7290.0566
6554,0.56,-1.4053,-0.0547,-6.0835,4.6782,0.9811,-171.4932,5712.5137,5712.5137
6555,0.55,-1.9125,-0.1036,-6.0913,4.1788,2.6496,-195.2370,7412.8408,7412.8408
6556,0.56,-1.7826,-0.1073,-6.0649,4.2823,1.7970,-175.3249,5991.1475,5991.1475
6557,0.56,-1.5377,-0.1999,-6.1097,4.5720,2.4177,-188.7266,6929.2676,6929.2676
6558,0.56,-1.7545,+0.0515,-6.1124,4.3579,2.1750,-179.5065,6326.7188,6326.7188
6559,0.57,-1.4200,+0.0949,-6.0932,4.6731,34.2102,-185.3621,6656.1348,6656.1348
6560,0.57,-1.9166,+0.1085,-6.1130,4.1964,1.8240,-184.3399,6650.9199,6650.9199
6561,0.56,-1.5427,-0.0675,-6.1094,4.5667,13.0208,-171.9982,5672.8525,5672.8525
6562,0.55,-1.9184,-0.0319,-6.0920,4.1736,0.9880,-181.4847,6411.5786,6411.5786
6563,0.54,-1.9083,+0.1384,-6.0824,4.1741,1.8636,-190.8659,7154.7070,7154.7070
6564,0.56,-1.7243,-0.0024,-6.0885,4.3642,1.1902,-173.4471,5886.9814,5886.9814
6565,0.55,-1.5468,+0.2062,-6.0952,4.5484,1.4097,-196.1635,7568.0103,7568.0103
6566,0.58,-1.6510,+0.0309,-6.0824,4.4314,0.8517,-173.0297,5859.0811,5859.0811
6567,0.56,-1.6540,-0.1535,-6.0725,4.4185,1.5211,-196.6757,7558.0244,7558.0244
6568,0.57,-1.6741,+0.0019,-6.0646,4.3905,1.3676,-176.1193,6047.9438,6047.9438
6569,0.56,-1.8440,+0.0422,-6.0819,4.2379,0.8776,-192.6123,7190.5439,7190.5439
6570,0.57,-1.7109,+0.0914,-6.0810,4.3702,1.1713,-178.3241,6208.0732,6208.0732
6571,0.57,-1.9761,-0.0426,-6.0607,4.0845,1.3188,-189.8731,7030.1777,7030.1777
6572,0.55,-1.7090,+0.0268,-6.0683,4.3594,1.2096,-180.6892,6409.9731,6409.9731
6573,0.57,-1.7137,+0.0123,-6.0812,4.3675,8.4123,-189.4645,6931.6963,6931.6963
6574,0.57,-1.5747,+0.0975,-6.0916,4.5168,6.1823,-173.1277,5840.3477,5840.3477
6575,0.55,-1.7455,+0.2424,-6.0720,4.3265,3.0114,-196.1494,7544.9316,7544.9316
6576,0.57,-1.6179,-0.0673,-6.0803,4.4624,2.4759,-172.8236,5839.2080,5839.2080
6577,0.57,-1.8029,+0.2143,-6.0835,4.2805,2.1557,-195.0708,7468.5166,7468.5166
6578,0.58,-1.7083,+0.0884,-6.0688,4.3604,3.4873,-192.3339,7314.2256,7314.2256
6579,0.57,-1.9001,-0.0049,-6.0645,4.1644,1.1579,-184.4692,6658.6577,6658.6577
6580,0.57,-1.6950,-0.1169,-6.1161,4.4211,1.1928,-192.7242,7362.9839,7362.9839
6581,0.56,-1.7827,-0.0357,-6.0958,4.3132,1.1494,-176.4429,6085.2744,6085.2744
6582,0.56,-1.4624,-0.0073,-6.1077,4.6453,1.6001,-197.6465,7638.7334,7638.7334
6583,0.56,-1.5007,+0.0550,-6.1027,4.6020,1.8577,-171.7347,5810.7363,5810.7363
6584,0.56,-1.7890,-0.4363,-6.1007,4.3118,36.0825,-193.1924,7286.3955,7286.3955
6585,0.56,-1.8942,+0.1995,-6.0684,4.1742,4.5540,-185.9608,6739.4961,6739.4961
6586,0.57,-1.6676,-0.1455,-6.0829,4.4153,1.1295,-182.3697,6467.7842,6467.7842
6587,0.57,-1.8424,-0.0461,-6.0649,4.2224,1.7732,-190.0109,7160.9502,7160.9502
6588,0.57,-1.7252,+0.1734,-6.0622,4.3370,1.1014,-176.8349,6113.3618,6113.3618
6589,0.56,-1.6725,-0.0489,-6.0566,4.3841,3.4778,-195.9338,7615.8979,7615.8979
6590,0.56,-1.6528,+0.0605,-6.0666,4.4138,1.5154,-174.3014,5973.7114,5973.7114
6591,0.55,-1.5931,+0.2071,-6.0653,4.4723,13.9185,-197.3697,7695.0913,7695.0913
6592,0.56,-2.2503,-0.0206,-6.1000,3.8497,2.4738,-182.3129,6594.5142,6594.5142
6593,0.55,-1.8849,+0.0445,-6.0759,4.1909,3.1256,-193.2058,7367.6514,7367.6514
6594,0.57,-1.6407,+0.0393,-6.0515,4.4108,5.0594,-176.7384,6119.8286,6119.8286
6595,0.56,-1.9573,-0.0241,-6.0336,4.0763,3.3824,-191.4836,7154.4907,7154.4907
6596,0.57,-1.7808,+0.1168,-6.0421,4.2613,3.7042,-180.9569,6328.7676,6328.7676
6597,0.56,-2.0247,-0.1231,-6.0562,4.0315,1.6235,-194.4839,7339.7612,7339.7612
6598,0.58,-1.5803,+0.0382,-6.0673,4.4870,0.9867,-173.7975,5859.0195,5859.0195
6599,0.56,-1.9190,+0.0814,-6.0740,4.1550,1.2497,-195.5300,7488.2305,7488.2305
6600,0.56,-1.7517,-0.0788,-6.0803,4.3286,1.2054,-174.0941,5980.0278,5980.0278
6601,0.53,-1.4915,+0.0546,-6.0777,4.5861,7.5708,-195.1519,7491.7070,7491.7070
6602,0.54,-1.9173,-0.0337,-6.0985,4.1812,1.3642,-176.6456,6046.0127,6046.0127
6603,0.52,-1.7234,+0.0615,-6.0895,4.3661,2.4700,-190.8309,7181.1973,7181.1973
6604,0.54,-1.8052,+0.0273,-6.1000,4.2948,0.7780,-175.3356,5936.7036,5936.7036
6605,0.51,-1.9370,+0.0265,-6.1467,4.2097,4.8766,-193.0154,7309.3203,7309.3203
6606,0.56,-1.7309,-0.0676,-6.1122,4.3813,1.9752,-173.6473,5874.9458,5874.9458
6607,0.52,-1.8829,-0.0249,-6.1105,4.2276,1.4474,-192.5636,7204.2856,7204.2856
6608,0.53,-1.5953,-0.0448,-6.0922,4.4969,1.5446,-173.1532,5882.4199,5882.4199
6609,0.54,-1.9916,+0.1409,-6.0901,4.0985,1.0822,-194.5207,7456.0186,7456.0186
6610,0.53,-1.3947,+0.0958,-6.0978,4.7031,1.5024,-171.4636,5806.5327,5806.5327
6611,0.53,-1.9669,+0.0797,-6.1071,4.1403,1.0713,-192.6430,7307.3311,7307.3311
6612,0.52,-1.3671,+0.0440,-6.1058,4.7387,1.5966,-168.6191,5558.9585,5558.9585
6613,0.51,-2.0516,+0.0580,-6.1447,4.0930,1.2414,-189.9867,7084.3438,7084.3438
6614,0.54,-1.3518,-0.3162,-6.1332,4.7815,3.9242,-166.8902,5464.2739,5464.2739
6615,0.54,-1.6730,-0.0108,-6.1378,4.4648,2.2141,-178.8091,6278.0059,6278.0059
6616,0.50,-2.3933,+0.2277,-6.1323,3.7390,43.3368,-179.7028,6309.3198,6309.3198
6617,0.52,-1.9662,-0.0016,-6.1141,4.1479,5.4805,-181.7801,6489.8066,6489.8066
6618,0.54,-2.0172,+0.0202,-6.1146,4.0974,1.5601,-180.1399,6381.8564,6381.8564
6619,0.51,-1.7553,-0.1020,-6.1001,4.3447,1.1100,-194.8986,7484.3555,7484.3555
6620,0.53,-1.5931,+0.0623,-6.1050,4.5119,1.7876,-171.2763,5730.2588,5730.2588
6621,0.54,-1.9610,-0.0295,-6.1010,4.1400,1.1562,-192.9481,7356.9766,7356.9766
6622,0.51,-1.7273,-0.0320,-6.1086,4.3813,3.4637,-181.2109,6483.8359,6483.8359
6623,0.52,-1.9873,-0.0507,-6.1154,4.1281,2.0084,-187.5993,6873.1582,6873.1582
6624,0.53,-1.7264,-0.0256,-6.1203,4.3939,1.1105,-173.9560,5960.0391,5960.0391
6625,0.52,-1.6168,+0.1162,-6.1060,4.4892,4.5047,-194.8130,7499.2549,7499.2549
6626,0.51,-1.8772,+0.0145,-6.1051,4.2280,0.7678,-177.1602,6150.4307,6150.4307
6627,0.52,-1.7991,-0.1584,-6.1223,4.3231,2.4924,-195.2864,7595.5420,7595.5420
6628,0.53,-1.9601,-0.0147,-6.1223,4.1622,0.8327,-175.2265,6051.6758,6051.6758
6629,0.53,-1.6012,-0.0441,-6.0877,4.4865,1.1614,-198.8869,7817.5322,7817.5322
6630,0.53,-1.8845,-0.1292,-6.0712,4.1866,1.3781,-175.0531,6021.3613,6021.3613
6631,0.51,-1.8576,+0.0706,-6.0791,4.2215,1.4343,-193.0993,7318.0518,7318.0518
6632,0.53,-1.7389,+0.0205,-6.1067,4.3678,1.0816,-170.6189,5722.1924,5722.1924
6633,0.55,-2.0224,-0.0426,-6.0906,4.0682,0.8797,-192.4609,7271.8999,7271.8999
6634,0.54,-1.7089,+0.0654,-6.0830,4.3741,1.2198,-174.3977,6017.8857,6017.8857
6635,0.53,-1.8756,+0.0917,-6.0961,4.2205,0.9712,-191.0772,7107.8232,7107.8232
6636,0.54,-1.5906,+0.0566,-6.1123,4.5217,0.8438,-171.0364,5800.1357,5800.1357
6637,0.52,-1.9095,+0.0108,-6.1091,4.1996,1.4339,-192.8589,7360.8501,7360.8501
6638,0.55,-1.8950,-0.0789,-6.0672,4.1722,1.7487,-173.2822,5872.9985,5872.9985
6639,0.54,-2.0584,-0.1103,-6.0896,4.0312,2.6440,-191.1597,7127.4546,7127.4546
6640,0.53,-1.7343,+0.0307,-6.0955,4.3612,13.2224,-176.5027,6143.0889,6143.0889
6641,0.51,-2.1617,+0.2438,-6.1097,3.9479,1.6326,-184.5363,6666.8730,6666.8730
6642,0.54,-1.2678,+0.0711,-6.0930,4.8251,1.9185,-167.6768,5556.9463,5556.9463
6643,0.53,-2.0424,-0.0244,-6.1113,4.0689,1.7692,-187.3726,6951.0117,6951.0117
6644,0.50,-1.8451,+0.1687,-6.1187,4.2736,2.8056,-178.4938,6377.3501,6377.3501
6645,0.51,-1.8336,-0.1512,-6.1080,4.2744,1.6212,-184.3142,6606.4287,6606.4287
6646,0.54,-1.6926,-0.0026,-6.1081,4.4155,3.2737,-175.2085,6132.5122,6132.5122
6647,0.53,-1.9572,+0.1536,-6.0971,4.1399,4.2920,-189.3100,7138.9346,7138.9346
6648,0.53,-2.1788,-0.0954,-6.1210,3.9422,3.2146,-178.0364,6207.8022,6207.8022
6649,0.51,-2.0052,+0.1962,-6.1044,4.0992,3.6202,-191.9941,7290.9888,7290.9888
6650,0.53,-1.9981,+0.0639,-6.1290,4.1309,1.4341,-176.7851,6137.8618,6137.8618
6651,0.53,-1.9400,-0.0721,-6.1501,4.2101,1.3667,-193.5992,7458.7168,7458.7168
6652,0.55,-1.5172,-0.0811,-6.1618,4.6446,1.9153,-169.8665,5715.9712,5715.9712
6653,0.52,-2.0494,-0.0931,-6.1554,4.1060,1.5700,-191.0829,7200.5615,7200.5615
6654,0.54,-1.6165,-0.1113,-6.1579,4.5413,5.9302,-170.1794,5744.2017,5744.2017
6655,0.51,-2.2636,+0.0007,-6.1518,3.8883,2.2105,-187.8063,6941.4453,6941.4453
6656,0.54,-1.4859,+0.0958,-6.1504,4.6645,0.8540,-168.6503,5633.7373,5633.7373
6657,0.53,-1.8604,+0.1254,-6.1368,4.2764,8.4718,-187.6026,6925.2432,6925.2432
6658,0.55,-1.5620,+0.1676,-6.1278,4.5658,27.3669,-174.8897,6064.3379,6064.3379
6659,0.52,-1.8012,+0.1324,-6.1440,4.3427,10.4332,-178.7024,6309.1553,6309.1553
6660,0.52,-2.0845,-0.0462,-6.1401,4.0557,1.9939,-187.0480,6893.6084,6893.6084
6661,0.54,-1.4245,-0.0378,-6.1528,4.7283,3.0541,-169.0359,5712.9673,5712.9673
6662,0.52,-1.7823,+0.0269,-6.1399,4.3576,1.9124,-191.4595,7289.7676,7289.7676
6663,0.50,-1.6564,+0.1547,-6.1538,4.4974,1.4062,-169.8905,5736.6187,5736.6187
6664,0.54,-1.8074,+0.1837,-6.1608,4.3535,1.4543,-190.6765,7332.4990,7332.4990
6665,0.54,-1.6078,-0.4326,-6.1405,4.5326,12.2224,-171.0380,5783.6279,5783.6279
6666,0.52,-1.6139,-0.0270,-6.1542,4.5403,1.5161,-173.0584,5965.4727,5965.4727
6667,0.51,-1.7391,+0.0267,-6.1643,4.4252,2.1841,-189.0204,7050.0732,7050.0732
6668,0.54,-1.7268,-0.1046,-6.1938,4.4670,1.7393,-170.1185,5785.4165,5785.4165
6669,0.52,-1.5452,+0.3041,-6.1770,4.6318,5.0764,-190.0267,7172.2656,7172.2656
6670,0.51,-2.0642,-0.0042,-6.1735,4.1093,7.0875,-173.8320,5994.0298,5994.0298
6671,0.50,-1.9958,-0.2172,-6.1472,4.1514,3.1032,-182.4616,6634.4170,6634.4170
6672,0.53,-1.8913,-0.0862,-6.1332,4.2418,5.4238,-186.4316,6858.8252,6858.8252
6673,0.52,-1.8089,-0.2277,-6.1358,4.3269,7.0897,-181.5959,6557.3633,6557.3633
6674,0.51,-2.0993,+0.1572,-6.1220,4.0227,3.6023,-189.6732,7134.1470,7134.1470
6675,0.53,-1.4368,-0.0095,-6.1264,4.6896,4.2082,-172.3750,5799.4639,5799.4639
6676,0.52,-1.8293,+0.0095,-6.1272,4.2979,1.4180,-193.7527,7423.6045,7423.6045
6677,0.53,-1.4566,+0.0239,-6.1345,4.6779,1.4974,-171.1662,5810.7070,5810.7070
6678,0.51,-1.8666,+0.0064,-6.1136,4.2470,5.1259,-196.5789,7664.7725,7664.7725
6679,0.53,-1.9293,-0.0318,-6.1344,4.2051,0.8337,-176.1923,6142.4170,6142.4170
6680,0.50,-1.4353,-0.0196,-6.1155,4.6802,1.0070,-200.5282,7980.3252,7980.3252
6681,0.52,-1.9011,-0.0064,-6.1312,4.2301,1.2097,-175.3812,6109.0576,6109.0576
6682,0.54,-1.6862,-0.0465,-6.1087,4.4226,1.4657,-194.3627,7488.4502,7488.4502
6683,0.54,-1.6913,+0.0414,-6.0863,4.3950,1.3008,-174.8423,6075.1973,6075.1973
6684,0.54,-1.8254,+0.2162,-6.0976,4.2723,1.2701,-196.1849,7587.3677,7587.3677
6685,0.51,-1.8090,+0.0711,-6.1203,4.3114,1.2431,-172.0057,5816.3071,5816.3071
6686,0.53,-1.8565,+0.0871,-6.1287,4.2722,1.9837,-191.8755,7373.3320,7373.3320
6687,0.53,-1.7323,+0.0628,-6.1327,4.4004,1.4361,-174.5032,5983.5503,5983.5503
6688,0.53,-2.0747,-0.1949,-6.1241,4.0494,1.0292,-191.3223,7277.6113,7277.6113
6689,0.53,-1.7981,+0.0749,-6.1395,4.3414,1.5058,-171.2901,5816.5537,5816.5537
6690,0.54,-2.1440,+0.0122,-6.1325,3.9885,1.8558,-190.8993,7200.7979,7200.7979
6691,0.52,-2.0658,+0.0383,-6.1359,4.0701,1.2926,-177.1827,6239.2900,6239.2900
6692,0.50,-1.9961,+0.0336,-6.1429,4.1469,1.5032,-192.8616,7311.2793,7311.2793
6693,0.53,-1.8879,-0.0034,-6.1188,4.2309,0.9823,-173.9257,6044.7988,6044.7988
6694,0.51,-1.8796,-0.1191,-6.1123,4.2326,1.6362,-195.8254,7626.7383,7626.7383
6695,0.53,-1.9432,+0.1150,-6.1209,4.1776,0.8166,-175.1170,6047.9844,6047.9844
6696,0.52,-1.8499,+0.0717,-6.1151,4.2652,1.2048,-198.7678,7795.6787,7795.6787
6697,0.53,-1.8445,-0.1445,-6.1398,4.2953,1.5554,-173.9093,5978.3867,5978.3867
6698,0.54,-1.9082,+0.1445,-6.1397,4.2315,1.6911,-195.2726,7566.7207,7566.7207
6699,0.56,-1.9610,-0.2037,-6.1605,4.1994,0.7842,-173.0900,5890.8906,5890.8906
6700,0.53,-1.8387,+0.0512,-6.1490,4.3102,1.6104,-195.2322,7555.8984,7555.8984
6701,0.54,-1.8603,-0.0570,-6.1269,4.2666,4.7124,-173.3876,5923.9697,5923.9697
6702,0.53,-2.1390,+0.1334,-6.1124,3.9735,2.9493,-190.1128,7179.4951,7179.4951
6703,0.51,-2.0472,+0.0894,-6.1299,4.0827,2.4406,-184.8742,6719.0820,6719.0820
6704,0.53,-1.9563,+0.0852,-6.1087,4.1524,1.0684,-179.7304,6385.9629,6385.9629
6705,0.53,-2.0510,+0.1008,-6.1319,4.0809,3.0097,-192.0187,7312.7363,7312.7363
6706,0.53,-1.8275,+0.1546,-6.1270,4.2994,20.1369,-175.2137,6125.4170,6125.4170
6707,0.51,-2.2730,+0.0966,-6.1337,3.8607,6.0495,-182.6779,6598.5977,6598.5977
6708,0.51,-2.0259,+0.0018,-6.1400,4.1141,3.4742,-188.0831,7038.8643,7038.8643
6709,0.53,-1.8134,-0.1354,-6.1362,4.3228,9.4624,-179.9020,6453.8496,6453.8496
6710,0.51,-1.9158,+0.1355,-6.1282,4.2124,17.5322,-185.1306,6736.3896,6736.3896
6711,0.53,-1.9834,-0.0518,-6.1481,4.1647,1.2887,-179.0248,6386.3940,6386.3940
6712,0.54,-1.8442,+0.0426,-6.1387,4.2945,1.2022,-191.2984,7205.8965,7205.8965
6713,0.54,-1.8125,-0.1702,-6.1376,4.3250,2.0090,-173.5255,5953.2529,5953.2529
6714,0.52,-1.8975,+0.0389,-6.1485,4.2510,0.7672,-192.3640,7275.7510,7275.7510
6715,0.54,-1.6502,-0.0899,-6.1482,4.4980,2.8397,-172.4335,5891.6387,5891.6387
6716,0.54,-1.8492,+0.0654,-6.1429,4.2938,1.3879,-192.1380,7269.7803,7269.7803
6717,0.54,-1.6303,+0.2263,-6.1439,4.5136,1.0804,-170.2834,5753.9023,5753.9023
6718,0.53,-1.9454,-0.1014,-6.1398,4.1945,1.1652,-192.4200,7361.5820,7361.5820
6719,0.54,-1.6188,+0.0600,-6.1291,4.5103,0.9753,-171.4807,5837.2861,5837.2861
6720,0.53,-1.9493,-0.0446,-6.1625,4.2132,3.4130,-192.4561,7377.9341,7377.9341
6721,0.53,-1.8661,-0.0015,-6.1569,4.2908,2.3043,-173.3653,5887.2100,5887.2100
6722,0.51,-2.1230,+0.1817,-6.1664,4.0435,0.8064,-186.5222,6978.6587,6978.6587
6723,0.52,-1.7978,-0.1060,-6.1633,4.3655,3.0944,-174.0782,5987.0566,5987.0566
6724,0.54,-2.0975,+0.1497,-6.1497,4.0522,4.2402,-190.3878,7305.6680,7305.6680
6725,0.53,-1.9430,+0.0753,-6.1493,4.2063,18.6315,-178.2282,6261.2881,6261.2881
6726,0.53,-2.2410,+0.0832,-6.1924,3.9515,1.3281,-178.9387,6409.6836,6409.6836
6727,0.52,-2.0437,-0.0365,-6.1791,4.1354,1.2067,-190.0290,7174.4658,7174.4658
6728,0.54,-1.5426,-0.0552,-6.1196,4.5770,1.9065,-169.5517,5725.5869,5725.5869
6729,0.52,-2.1078,-0.1166,-6.1558,4.0480,0.8527,-190.6144,7172.3672,7172.3672
6730,0.53,-1.6385,+0.0051,-6.1474,4.5090,1.0039,-170.6416,5806.1714,5806.1714
6731,0.54,-1.7712,-0.0457,-6.1495,4.3783,13.1845,-190.4996,7118.1763,7118.1763
6732,0.54,-1.9935,+0.1258,-6.1491,4.1556,1.8685,-179.8049,6386.2876,6386.2876
6733,0.54,-2.1044,+0.0418,-6.1450,4.0406,0.7326,-184.6917,6764.9307,6764.9307
6734,0.52,-1.9455,+0.0143,-6.1645,4.2190,1.5898,-179.2660,6387.3408,6387.3408
6735,0.52,-1.8526,+0.1557,-6.1774,4.3248,2.3894,-189.2637,7126.4468,7126.4468
6736,0.53,-2.0654,+0.0697,-6.1554,4.0900,2.8617,-175.3810,6102.7822,6102.7822
6737,0.53,-1.9270,-0.0555,-6.1347,4.2076,1.1242,-196.1478,7619.1562,7619.1562
6738,0.53,-1.8949,+0.0961,-6.1807,4.2857,1.7825,-171.2865,5875.3149,5875.3149
6739,0.53,-1.8206,-0.0661,-6.1937,4.3732,1.6203,-192.1189,7354.4756,7354.4756
6740,0.53,-1.9745,-0.0060,-6.1768,4.2023,1.5712,-170.9421,5806.4062,5806.4062
6741,0.53,-1.9209,-0.3053,-6.1553,4.2343,4.4912,-193.4085,7452.6665,7452.6665
6742,0.53,-1.8669,+0.0877,-6.1627,4.2959,2.2159,-174.5378,6103.0391,6103.0391
6743,0.53,-1.8912,+0.1498,-6.1748,4.2835,2.9071,-191.9761,7288.2402,7288.2402
6744,0.53,-1.9335,+0.1578,-6.1783,4.2447,0.9135,-175.6002,6050.9751,6050.9751
6745,0.52,-1.8827,+0.1829,-6.1621,4.2795,1.6369,-192.0261,7388.6406,7388.6406
6746,0.54,-1.8584,-0.0114,-6.1815,4.3231,1.2268,-172.7529,5903.3252,5903.3252
6747,0.52,-1.8019,-0.2044,-6.1783,4.3763,7.7743,-187.3795,7086.4150,7086.4150
6748,0.53,-2.0598,+0.0611,-6.1648,4.1050,1.3913,-174.2090,6052.4043,6052.4043
6749,0.54,-1.8892,+0.1126,-6.1753,4.2862,3.5902,-191.0567,7288.4795,7288.4795
6750,0.54,-2.0525,+0.0399,-6.1557,4.1032,1.2631,-176.0631,6146.7695,6146.7695
6751,0.53,-1.9207,-0.0838,-6.1524,4.2317,5.2789,-188.9417,7121.6006,7121.6006
6752,0.52,-2.1324,+0.1366,-6.1791,4.0467,0.7674,-179.3636,6432.0981,6432.0981
6753,0.52,-1.8461,-0.0889,-6.1490,4.3030,5.2756,-195.2646,7480.5127,7480.5127
6754,0.52,-2.0895,-0.0020,-6.1518,4.0623,2.7447,-176.5977,6139.8433,6139.8433
6755,0.51,-1.8166,+0.0282,-6.1712,4.3546,1.3808,-192.1904,7465.5732,7465.5732
6756,0.53,-2.1407,+0.1071,-6.1768,4.0362,1.6942,-173.6968,5994.3853,5994.3853
6757,0.52,-2.0220,-0.0944,-6.1603,4.1384,5.1106,-194.0152,7484.8921,7484.8921
6758,0.54,-2.0956,+0.0395,-6.1420,4.0464,0.8532,-178.0598,6234.0420,6234.0420
6759,0.53,-1.9862,-0.0042,-6.1561,4.1698,0.9295,-191.7597,7476.9082,7476.9082
6760,0.54,-2.1000,-0.1309,-6.1459,4.0459,1.0794,-175.8554,6118.4263,6118.4263
6761,0.53,-1.8497,+0.0529,-6.1438,4.2942,1.2452,-195.6447,7662.2988,7662.2988
6762,0.52,-1.9226,+0.0140,-6.1486,4.2260,1.0423,-172.4029,5899.9590,5899.9590
6763,0.52,-2.0361,-0.0668,-6.1349,4.0988,1.6587,-196.3545,7657.2861,7657.2861
6764,0.55,-2.0436,+0.0658,-6.1268,4.0833,0.6485,-175.2516,6056.7910,6056.7910
6765,0.53,-1.6319,-0.3009,-6.1729,4.5410,22.8486,-192.0840,7448.3594,7448.3594
6766,0.53,-2.2493,+0.0069,-6.1610,3.9117,1.7292,-179.1563,6413.9023,6413.9023
6767,0.54,-2.2065,+0.1010,-6.1413,3.9347,14.5106,-182.2357,6669.6968,6669.6968
6768,0.53,-2.0425,+0.0114,-6.1559,4.1134,1.4568,-186.3694,6970.6572,6970.6572
6769,0.54,-2.1007,+0.1931,-6.1727,4.0720,0.7101,-176.1115,6146.8486,6146.8486
6770,0.52,-1.8867,-0.0720,-6.1720,4.2852,0.7806,-189.7356,7139.6992,7139.6992
6771,0.55,-1.7976,-0.1716,-6.1735,4.3758,11.0594,-171.3562,5876.4248,5876.4248
6772,0.52,-1.8991,-0.0301,-6.1664,4.2674,1.3755,-175.4774,6156.2842,6156.2842
6773,0.53,-2.2930,-0.0627,-6.1708,3.8777,1.0324,-188.0925,7086.1123,7086.1123
6774,0.54,-1.5580,-0.5228,-6.1488,4.5909,3.1148,-168.3944,5716.1357,5716.1357
6775,0.54,-2.1961,-0.0892,-6.1570,3.9608,1.0673,-182.7007,6677.9619,6677.9619
6776,0.55,-1.8063,-0.1052,-6.1769,4.3706,0.8752,-173.1552,5984.7422,5984.7422
6777,0.53,-2.0308,+0.0830,-6.1788,4.1479,2.5861,-187.9207,6980.9834,6980.9834
6778,0.53,-2.0362,+0.0593,-6.1625,4.1262,2.4651,-177.0369,6391.6211,6391.6211
6779,0.52,-2.0339,-0.0535,-6.1772,4.1433,1.7385,-191.0989,7257.7529,7257.7529
6780,0.54,-1.9873,+0.1810,-6.1948,4.2075,0.9449,-170.2638,5816.2383,5816.2383
6781,0.55,-2.1500,-0.1723,-6.1900,4.0399,1.0392,-191.2754,7285.8696,7285.8696
6782,0.54,-1.8656,-0.2131,-6.1608,4.2952,1.8564,-171.5509,5830.0439,5830.0439
6783,0.54,-2.1387,+0.1369,-6.1474,4.0087,1.3574,-190.1459,7209.5059,7209.5059
6784,0.54,-1.9248,+0.0406,-6.1765,4.2517,1.0886,-172.0633,5929.4204,5929.4204
6785,0.52,-2.2209,+0.0866,-6.1827,3.9618,1.3589,-186.2679,6978.3252,6978.3252
6786,0.53,-1.9651,+0.0955,-6.1666,4.2015,1.4112,-170.2295,5833.6387,5833.6387
6787,0.54,-2.1392,+0.2647,-6.1591,4.0199,12.0631,-188.9865,7195.7363,7195.7363
6788,0.53,-2.1082,-0.0568,-6.1626,4.0544,2.1075,-184.7640,6853.2461,6853.2461
6789,0.54,-2.1538,+0.1471,-6.1669,4.0131,1.3667,-175.6998,6111.7383,6111.7383
6790,0.53,-1.9990,+0.0388,-6.1600,4.1610,1.1962,-187.5205,7081.6724,7081.6724
6791,0.55,-1.9753,+0.0811,-6.1538,4.1785,0.9429,-174.4052,5969.1982,5969.1982
6792,0.53,-2.0612,+0.0016,-6.1486,4.0875,0.9840,-186.1820,7023.5068,7023.5068
6793,0.53,-1.9122,-0.0387,-6.1492,4.2371,4.5217,-172.9708,5908.7363,5908.7363
6794,0.55,-2.1363,+0.0916,-6.1415,4.0053,1.3152,-189.4671,7185.7812,7185.7812
6795,0.55,-1.8602,-0.1241,-6.1694,4.3093,1.1342,-168.7957,5673.6665,5673.6665
6796,0.52,-1.9184,+0.0678,-6.1603,4.2419,2.8106,-188.6259,7066.1572,7066.1572
6797,0.54,-2.1226,-0.0050,-6.1676,4.0450,0.7201,-174.4066,6118.6221,6118.6221
6798,0.54,-1.6734,-0.0827,-6.1697,4.4963,1.2755,-195.7626,7696.8491,7696.8491
6799,0.54,-2.1213,-0.0639,-6.1682,4.0470,0.8555,-173.9850,6027.5757,6027.5757
6800,0.53,-1.8944,+0.0365,-6.1583,4.2639,1.0305,-193.4053,7445.8037,7445.8037
6801,0.53,-1.8850,+0.0744,-6.1571,4.2721,5.4361,-171.7509,5842.4756,5842.4756
6802,0.53,-2.3019,+0.0166,-6.1707,3.8688,1.1855,-187.4854,6998.0581,6998.0581
6803,0.52,-1.8748,+0.0362,-6.1668,4.2920,0.8934,-169.9402,5729.5166,5729.5166
6804,0.53,-2.0544,-0.0700,-6.1764,4.1220,1.9149,-190.9012,7287.4346,7287.4346
6805,0.53,-2.0696,-0.0018,-6.1917,4.1221,1.0040,-171.7790,5847.3843,5847.3843
6806,0.52,-2.0758,-0.0895,-6.2041,4.1283,2.3271,-188.8442,7220.8384,7220.8384
6807,0.54,-2.2903,+0.0160,-6.1967,3.9064,2.5369,-173.0733,5969.4941,5969.4941
6808,0.55,-2.2273,-0.0459,-6.1679,3.9405,1.0357,-185.3106,6909.5762,6909.5762
6809,0.55,-1.6629,+0.0452,-6.1524,4.4895,1.0271,-167.6421,5534.1855,5534.1855
6810,0.54,-2.2771,+0.1618,-6.1326,3.8555,1.4908,-188.6631,7119.6162,7119.6162
6811,0.54,-1.9127,+0.0266,-6.1467,4.2339,1.2439,-172.4047,5928.2041,5928.2041
6812,0.52,-2.1863,-0.1315,-6.1666,3.9803,0.9789,-190.6942,7219.1030,7219.1030
6813,0.57,-1.9298,+0.0264,-6.1934,4.2636,0.9646,-168.9095,5745.6182,5745.6182
6814,0.55,-2.1839,-0.0670,-6.2002,4.0164,1.2972,-189.0751,7168.2793,7168.2793
6815,0.55,-2.0413,-0.0048,-6.1763,4.1349,1.4244,-170.8846,5896.0488,5896.0488
6816,0.54,-2.0427,+0.0599,-6.1820,4.1393,1.3672,-186.9394,6967.7529,6967.7529
6817,0.54,-2.0441,-0.0062,-6.1679,4.1238,1.1579,-170.7917,5791.6143,5791.6143
6818,0.54,-2.3253,-0.0465,-6.1804,3.8552,2.0663,-184.2792,6793.5732,6793.5732
6819,0.55,-1.6616,+0.1394,-6.1394,4.4778,0.9879,-167.1214,5588.8081,5588.8081
6820,0.54,-2.3304,-0.0541,-6.1286,3.7981,1.4557,-189.0067,7143.8691,7143.8691
6821,0.54,-1.9687,+0.0230,-6.1292,4.1605,1.1036,-172.7446,5870.1064,5870.1064
6822,0.54,-2.2422,-0.0444,-6.1278,3.8856,1.1259,-189.7315,7221.1382,7221.1382
6823,0.56,-1.8401,-0.0508,-6.1396,4.2995,1.4927,-171.1129,5767.0073,5767.0073
6824,0.54,-2.0497,-0.1411,-6.1344,4.0847,4.0458,-191.1242,7223.6123,7223.6123
6825,0.54,-2.1255,+0.1311,-6.1773,4.0519,1.6032,-176.3186,6170.0415,6170.0415
6826,0.54,-2.1135,+0.0540,-6.1669,4.0534,1.4106,-183.2019,6624.9897,6624.9897
6827,0.54,-2.0102,-0.0240,-6.1621,4.1519,2.6975,-172.0127,5912.7871,5912.7871
6828,0.53,-2.1261,-0.0269,-6.1690,4.0428,3.8211,-189.2539,7097.5640,7097.5640
6829,0.53,-2.1627,+0.1014,-6.1649,4.0022,1.4256,-174.4687,6149.7334,6149.7334
6830,0.54,-2.1508,-0.0269,-6.1398,3.9890,1.7362,-189.6184,7176.8662,7176.8662
6831,0.54,-1.9511,-0.0945,-6.1554,4.2043,0.7648,-171.6521,5909.5488,5909.5488
6832,0.54,-2.1183,+0.2158,-6.1778,4.0594,2.9945,-189.0211,7165.5010,7165.5010
6833,0.54,-2.2342,+0.1243,-6.2055,3.9713,2.5514,-176.6188,6256.9648,6256.9648
6834,0.53,-2.0404,-0.0565,-6.1990,4.1586,4.0964,-188.5962,7230.7500,7230.7500
6835,0.53,-2.1975,-0.0089,-6.1931,3.9956,1.2017,-172.7031,6035.3730,6035.3730
6836,0.55,-2.0939,-0.0255,-6.1773,4.0834,2.5157,-191.9955,7322.4761,7322.4761
6837,0.55,-2.0402,-0.0141,-6.1698,4.1296,1.5561,-171.6808,5861.7632,5861.7632
6838,0.53,-2.0118,+0.0508,-6.2087,4.1969,2.3603,-189.1288,7126.4287,7126.4287
6839,0.54,-1.7483,+0.2023,-6.1938,4.4455,21.5017,-169.9598,5765.8574,5765.8574
6840,0.54,-1.9086,-0.0390,-6.1812,4.2726,5.3167,-173.7103,6023.9668,6023.9668
6841,0.54,-2.0396,+0.2233,-6.1883,4.1488,19.6100,-183.5082,6781.3872,6781.3872
6842,0.54,-2.0817,-0.1306,-6.1896,4.1079,1.9261,-179.4099,6461.7534,6461.7534
6843,0.54,-1.9700,+0.0801,-6.1810,4.2110,1.6548,-179.4763,6460.5068,6460.5068
6844,0.53,-2.2087,+0.1066,-6.1825,3.9738,0.5744,-183.0032,6684.8818,6684.8818
6845,0.54,-2.1344,+0.0467,-6.1691,4.0347,2.0797,-175.3878,6131.9170,6131.9170
6846,0.53,-2.1618,-0.0854,-6.1954,4.0336,1.0714,-187.9234,7096.3555,7096.3555
6847,0.54,-1.8349,-0.1147,-6.1740,4.3391,1.8719,-171.3191,5839.8403,5839.8403
6848,0.53,-2.2196,+0.1201,-6.1819,3.9623,0.7951,-186.9429,6965.5439,6965.5439
6849,0.55,-1.7375,-0.0346,-6.1981,4.4607,3.7636,-166.0214,5501.0928,5501.0928
6850,0.54,-1.6715,+0.1296,-6.1711,4.4996,77.9087,-186.3792,6969.6216,6969.6216
6851,0.52,-2.1972,+0.0304,-6.2029,4.0057,2.3926,-182.8823,6722.5469,6722.5469
6852,0.51,-1.8921,+0.0653,-6.1996,4.3076,0.6472,-170.2579,5741.0166,5741.0166
6853,0.52,-2.0614,+0.1020,-6.2111,4.1496,0.8589,-188.4340,7179.3438,7179.3438
6854,0.53,-2.0373,-0.0436,-6.2150,4.1777,1.3927,-171.2001,5944.2314,5944.2314
6855,0.53,-1.9396,+0.1143,-6.2092,4.2697,2.5665,-189.3656,7245.8442,7245.8442
6856,0.54,-1.6749,-0.0657,-6.1935,4.5186,32.7403,-170.8624,5888.5986,5888.5986
6857,0.52,-2.3538,+0.0114,-6.1970,3.8432,1.4706,-182.4281,6698.6987,6698.6987
6858,0.52,-1.9502,+0.0554,-6.2154,4.2652,1.0271,-171.1142,5883.6494,5883.6494
6859,0.53,-2.1968,+0.0862,-6.1924,3.9956,0.9514,-187.6929,7093.9824,7093.9824
6860,0.54,-1.8948,+0.0064,-6.2091,4.3143,0.6706,-169.7463,5836.3403,5836.3403
6861,0.54,-2.2601,-0.0285,-6.1681,3.9080,1.6005,-191.4217,7394.7666,7394.7666
6862,0.54,-1.9192,+0.0497,-6.1853,4.2660,0.9866,-170.6466,5880.2837,5880.2837
6863,0.52,-2.0801,+0.0454,-6.2094,4.1292,1.8817,-189.1635,7157.4697,7157.4697
6864,0.55,-2.0547,-0.0185,-6.1962,4.1415,1.2183,-170.8234,5837.7124,5837.7124
6865,0.53,-2.0228,+0.0345,-6.1744,4.1516,1.3956,-190.1073,7236.0703,7236.0703
6866,0.54,-1.8247,+0.1185,-6.2090,4.3843,5.0298,-170.1995,5796.4751,5796.4751
6867,0.51,-2.2343,+0.0935,-6.2248,3.9904,1.5087,-185.5965,6938.5859,6938.5859
6868,0.55,-1.8821,+0.0182,-6.1968,4.3148,6.8705,-170.9239,5957.5752,5957.5752
6869,0.54,-2.1776,-0.0209,-6.1729,3.9953,5.2337,-179.2242,6456.8877,6456.8877
6870,0.53,-2.4877,-0.0215,-6.1951,3.7073,1.1872,-180.9599,6611.4507,6611.4507
6871,0.53,-2.0899,-0.0411,-6.1849,4.0950,1.1830,-177.0794,6315.0674,6315.0674
6872,0.52,-2.1883,-0.0342,-6.1580,3.9697,1.1428,-185.8209,6891.5425,6891.5425
6873,0.53,-2.0293,+0.1080,-6.1704,4.1412,3.6574,-176.2321,6250.2812,6250.2812
6874,0.53,-2.3896,-0.1883,-6.1714,3.7819,1.8589,-188.1067,7078.9414,7078.9414
6875,0.53,-2.1101,-0.0141,-6.1785,4.0684,1.2483,-172.1038,5990.7915,5990.7915
6876,0.53,-1.9552,-0.1870,-6.1981,4.2429,1.8937,-188.8304,7176.0322,7176.0322
6877,0.53,-2.0194,+0.0310,-6.1793,4.1599,0.8930,-171.9554,5934.9780,5934.9780
6878,0.55,-1.9305,-0.2120,-6.1949,4.2644,1.8514,-192.0609,7392.7817,7392.7817
6879,0.52,-2.0970,-0.0030,-6.2014,4.1044,3.4699,-177.1330,6214.6973,6214.6973
6880,0.53,-1.8447,+0.0545,-6.1831,4.3384,15.9852,-179.0031,6399.7534,6399.7534
6881,0.52,-2.1494,+0.0534,-6.1946,4.0452,16.8656,-184.7135,6876.9092,6876.9092
6882,0.55,-2.1838,+0.0114,-6.1788,3.9950,15.2810,-179.0200,6421.7231,6421.7231
6883,0.52,-1.9251,+0.1626,-6.1898,4.2647,24.9591,-177.5100,6359.0098,6359.0098
6884,0.53,-1.9615,+0.1456,-6.1832,4.2216,26.2168,-179.3631,6456.5728,6456.5728
6885,0.54,-2.1135,+0.1261,-6.1915,4.0780,1.4307,-178.3723,6382.2202,6382.2202
6886,0.51,-2.0338,-0.0348,-6.1657,4.1319,1.9004,-186.2503,6937.4990,6937.4990
6887,0.52,-2.1127,+0.0332,-6.1647,4.0520,1.5759,-177.8558,6240.7339,6240.7339
6888,0.53,-2.0078,+0.0093,-6.1805,4.1727,1.1038,-179.8478,6456.2358,6456.2358
6889,0.52,-2.3300,-0.0115,-6.1900,3.8600,4.5126,-177.5547,6276.3203,6276.3203
6890,0.54,-2.2377,-0.0787,-6.1946,3.9570,0.8751,-175.3019,6109.2046,6109.2046
6891,0.54,-1.9983,-0.0709,-6.1906,4.1923,5.4304,-180.6351,6527.3926,6527.3926
6892,0.52,-2.3260,+0.0994,-6.1888,3.8628,1.1116,-184.1277,6800.4160,6800.4160
6893,0.53,-1.8917,+0.0749,-6.1968,4.3051,0.9102,-169.9829,5706.3086,5706.3086
6894,0.53,-2.2263,-0.0139,-6.1906,3.9643,0.9153,-188.8738,7149.0542,7149.0542
6895,0.54,-1.9686,-0.0698,-6.1864,4.2178,0.9260,-170.3827,5743.6587,5743.6587
6896,0.53,-2.0758,+0.0590,-6.1941,4.1182,0.9265,-188.7497,7153.9829,7153.9829
6897,0.53,-2.0944,+0.0000,-6.1856,4.0912,1.2876,-170.7931,5818.9014,5818.9014
6898,0.52,-2.0545,+0.0627,-6.1923,4.1378,3.4019,-189.0540,7232.0586,7232.0586
6899,0.53,-2.2367,-0.0396,-6.2021,3.9654,5.9589,-177.6792,6356.7817,6356.7817
6900,0.53,-2.2742,-0.0523,-6.1737,3.8995,1.2840,-178.5681,6418.5371,6418.5371
6901,0.53,-1.8842,-0.1754,-6.1690,4.2849,4.5465,-184.7128,6857.0137,6857.0137
6902,0.52,-2.1827,+0.0391,-6.1807,3.9980,2.1454,-186.9058,7025.9771,7025.9771
6903,0.53,-2.1283,-0.0985,-6.2121,4.0837,0.7918,-172.6104,5999.7432,5999.7432
6904,0.53,-2.1178,+0.0688,-6.1897,4.0719,4.0985,-186.9977,7023.9663,7023.9663
6905,0.53,-2.0282,+0.1605,-6.1790,4.1507,0.6120,-171.1105,5891.1519,5891.1519
6906,0.54,-2.0582,-0.1144,-6.1934,4.1353,1.6280,-188.2850,7139.1821,7139.1821
6907,0.55,-2.0484,-0.0230,-6.1966,4.1483,0.8078,-171.6082,5886.1787,5886.1787
6908,0.53,-2.0307,-0.0921,-6.2270,4.1963,1.7687,-188.6535,7145.8594,7145.8594
6909,0.55,-1.5969,-0.0680,-6.2071,4.6101,83.3815,-170.2958,5845.9648,5845.9648
6910,0.54,-2.3613,+0.0520,-6.1975,3.8361,2.7395,-182.2045,6695.6562,6695.6562
6911,0.53,-1.9297,-0.1260,-6.1705,4.2408,4.9056,-172.9813,5983.6162,5983.6162
6912,0.53,-2.1512,+0.1905,-6.1686,4.0174,0.8799,-183.2859,6803.5039,6803.5039
6913,0.52,-2.1316,+0.0219,-6.1661,4.0345,4.2070,-173.0607,5909.4062,5909.4062
6914,0.52,-2.3410,-0.0453,-6.1650,3.8240,1.7396,-186.2468,6990.5928,6990.5928
6915,0.53,-2.1221,-0.0207,-6.2255,4.1034,0.8904,-171.9185,5902.0938,5902.0938
6916,0.55,-2.1662,+0.0677,-6.2136,4.0475,1.2339,-182.2292,6619.7241,6619.7241
6917,0.53,-2.1968,+0.0324,-6.2061,4.0093,0.9305,-172.4932,5955.5234,5955.5234
6918,0.55,-2.0044,+0.0625,-6.1932,4.1888,1.5408,-187.2254,7073.8950,7073.8950
6919,0.54,-2.1615,-0.1213,-6.1785,4.0170,0.5079,-171.4473,5868.6958,5868.6958
6920,0.53,-1.9602,+0.0544,-6.1950,4.2348,2.1250,-188.8396,7092.0635,7092.0635
6921,0.54,-2.2741,-0.0634,-6.1974,3.9233,0.8719,-173.6918,6028.2886,6028.2886
6922,0.54,-2.0494,-0.0107,-6.2004,4.1510,1.2470,-187.9542,7021.7275,7021.7275
6923,0.54,-1.8338,-0.2565,-6.1976,4.3637,10.2270,-172.3577,6014.3960,6014.3960
6924,0.54,-2.1595,-0.0456,-6.2063,4.0468,1.0231,-176.2966,6135.4678,6135.4678
6925,0.53,-2.2614,+0.1682,-6.2213,3.9598,0.9166,-185.0952,6970.3462,6970.3462
6926,0.52,-1.8615,-0.1591,-6.1816,4.3201,1.2676,-167.8693,5701.1104,5701.1104
6927,0.53,-2.3868,+0.0747,-6.1836,3.7968,0.9427,-187.1526,7028.5645,7028.5645
6928,0.55,-2.0202,+0.0013,-6.1790,4.1589,0.9340,-169.9116,5911.3857,5911.3857
6929,0.55,-2.2495,+0.0803,-6.1817,3.9321,1.3086,-189.6901,7255.9312,7255.9312
6930,0.53,-2.0073,+0.0705,-6.1879,4.1806,3.6616,-170.3610,5823.4697,5823.4697
6931,0.52,-2.3006,+0.0697,-6.2222,3.9216,1.8571,-185.6463,7015.9131,7015.9131
6932,0.54,-2.2505,+0.0855,-6.2030,3.9525,1.5783,-173.4225,6020.1157,6020.1157
6933,0.54,-2.2185,-0.1115,-6.1905,3.9720,1.4359,-186.2308,6973.0254,6973.0254
6934,0.54,-1.9356,+0.1231,-6.1774,4.2418,3.0841,-170.9201,5874.2266,5874.2266
6935,0.54,-2.2600,-0.0787,-6.2027,3.9426,1.0019,-187.6527,7081.7749,7081.7749
6936,0.54,-2.1199,-0.0631,-6.1749,4.0549,1.0800,-171.6921,5915.5938,5915.5938
6937,0.56,-2.0636,+0.1551,-6.1850,4.1214,3.4220,-190.6868,7351.7148,7351.7148
6938,0.56,-2.2065,-0.0812,-6.1826,3.9760,2.0219,-176.2477,6270.0688,6270.0688
6939,0.53,-2.0999,-0.0417,-6.2130,4.1132,1.3670,-178.6351,6325.2188,6325.2188
6940,0.55,-2.2465,+0.0731,-6.1985,3.9520,1.0071,-174.8237,6248.3154,6248.3154
6941,0.53,-2.0657,+0.0373,-6.2113,4.1456,1.2443,-188.8064,7166.4707,7166.4707
6942,0.55,-2.2028,+0.0274,-6.2042,4.0013,0.9862,-169.9064,5839.1606,5839.1606
6943,0.53,-2.2476,+0.0648,-6.2132,3.9657,0.7906,-187.8119,7084.8691,7084.8691
6944,0.55,-2.1209,+0.0232,-6.2020,4.0810,0.8036,-169.9820,5882.6064,5882.6064
6945,0.55,-2.2185,+0.0353,-6.2035,3.9850,1.3272,-189.2019,7213.4912,7213.4912
6946,0.54,-2.1313,+0.0729,-6.2055,4.0742,3.4031,-169.8966,5770.5864,5770.5864
6947,0.53,-2.3376,-0.0960,-6.2036,3.8660,0.8403,-183.7083,6815.1108,6815.1108
6948,0.55,-1.7580,-0.0162,-6.1918,4.4338,1.6714,-166.9235,5567.7295,5567.7295
6949,0.54,-2.3426,-0.0213,-6.1743,3.8317,0.8242,-186.9710,6983.8174,6983.8174
6950,0.54,-1.9690,+0.1337,-6.1798,4.2108,0.6929,-168.7913,5750.9307,5750.9307
6951,0.52,-2.3752,-0.0589,-6.2118,3.8366,0.7090,-185.1028,6805.8716,6805.8716
6952,0.56,-1.9987,+0.0492,-6.2078,4.2090,0.9926,-166.6724,5596.5391,5596.5391
6953,0.55,-2.2722,-0.0157,-6.1663,3.8941,0.8401,-188.8933,7209.7832,7209.7832
6954,0.54,-2.0112,-0.0018,-6.1793,4.1681,0.8140,-168.1636,5658.9453,5658.9453
6955,0.53,-2.3067,+0.2012,-6.1728,3.8662,1.5806,-187.2027,7054.8501,7054.8501
6956,0.54,-2.0371,-0.0269,-6.1802,4.1431,4.3624,-174.1191,6087.4497,6087.4497
6957,0.55,-2.3981,+0.0699,-6.2070,3.8088,1.4211,-179.8610,6422.4941,6422.4941
6958,0.54,-2.2640,-0.0199,-6.2255,3.9616,1.0812,-184.7789,6898.7642,6898.7642
6959,0.55,-2.2168,+0.0294,-6.2327,4.0159,0.9933,-169.6629,5787.7256,5787.7256
6960,0.53,-2.4844,+0.0485,-6.2255,3.7411,1.7923,-181.9240,6710.7656,6710.7656
6961,0.55,-2.0687,+0.0916,-6.1875,4.1188,1.0210,-168.6029,5709.3433,5709.3433
6962,0.53,-2.1413,-0.0371,-6.2194,4.0781,2.0021,-185.3093,6966.6582,6966.6582
6963,0.56,-2.1583,+0.0673,-6.2190,4.0607,0.8547,-170.5425,5815.6890,5815.6890
6964,0.54,-2.2111,+0.1749,-6.2237,4.0126,1.0418,-187.5663,7070.8945,7070.8945
6965,0.56,-2.1679,+0.1112,-6.2160,4.0481,3.1301,-167.1699,5622.3545,5622.3545
6966,0.53,-2.2300,+0.0303,-6.2149,3.9850,1.3654,-184.6502,6868.0439,6868.0439
6967,0.55,-1.8266,-0.2205,-6.2254,4.3989,13.8059,-168.0854,5658.6582,5658.6582
6968,0.55,-2.3467,-0.9523,-6.1981,3.8514,5.8283,-177.1644,6217.9712,6217.9712
6969,0.55,-2.1427,+0.0417,-6.2049,4.0622,4.2911,-173.9100,6074.0928,6074.0928
6970,0.54,-2.2456,-0.1082,-6.2290,3.9834,1.9626,-182.7063,6768.1699,6768.1699
6971,0.53,-1.8758,+0.1112,-6.2217,4.3459,3.6657,-167.8960,5673.1445,5673.1445
6972,0.54,-2.3456,-0.2085,-6.2243,3.8787,1.7289,-183.6694,6844.0215,6844.0215
6973,0.51,-1.4687,+0.4237,-6.2359,4.7672,68.5044,-169.7630,5834.4263,5834.4263
6974,0.53,-2.0661,+0.0365,-6.2449,4.1788,0.9065,-173.2865,6153.7212,6153.7212
6975,0.54,-2.2916,+0.0995,-6.2326,3.9409,0.8031,-181.8872,6638.3135,6638.3135
6976,0.53,-2.2103,+0.1216,-6.2368,4.0265,1.9859,-167.1291,5667.3047,5667.3047
6977,0.52,-2.5331,+0.0530,-6.2422,3.7091,4.1619,-181.0770,6599.1992,6599.1992
6978,0.55,-1.8386,-0.0709,-6.2134,4.3748,29.5603,-169.8636,5808.9482,5808.9482
6979,0.54,-2.3815,+0.0101,-6.2184,3.8369,0.6195,-183.5887,6743.5513,6743.5513
6980,0.54,-1.9750,-0.0008,-6.2166,4.2416,0.8559,-168.8447,5772.9971,5772.9971
6981,0.53,-2.3500,-0.1146,-6.2437,3.8938,2.9458,-183.1105,6776.9380,6776.9380
6982,0.55,-1.7243,-0.0061,-6.2409,4.5167,66.2510,-170.0073,5814.4346,5814.4346
6983,0.54,-2.4406,+0.0596,-6.2168,3.7763,1.3375,-175.7649,6173.9604,6173.9604
6984,0.54,-2.3712,-0.0304,-6.2145,3.8433,0.7392,-180.7028,6626.3242,6626.3242
6985,0.55,-1.9821,+0.0396,-6.2143,4.2322,1.0331,-166.2638,5497.0742,5497.0742
6986,0.53,-2.4040,+0.0342,-6.2107,3.8067,0.7016,-186.1228,6936.3677,6936.3677
6987,0.55,-1.9506,-0.0144,-6.2277,4.2771,1.1959,-165.7817,5537.7529,5537.7529
6988,0.54,-2.4510,+0.0785,-6.2535,3.8025,2.1024,-181.3106,6653.3516,6653.3516
6989,0.55,-2.1710,+0.0157,-6.2483,4.0773,0.7779,-169.2333,5848.8281,5848.8281
6990,0.52,-2.2407,+0.0386,-6.2277,3.9870,2.8178,-185.9354,7032.2422,7032.2422
6991,0.56,-2.2483,-0.0848,-6.2466,3.9983,1.4928,-168.1839,5700.4214,5700.4214
6992,0.54,-2.1612,-0.0414,-6.2410,4.0798,1.6691,-183.4995,6777.2759,6777.2759
6993,0.52,-2.2646,-0.0826,-6.2202,3.9556,0.8922,-170.1454,5849.0356,5849.0356
6994,0.54,-2.1730,+0.0583,-6.1854,4.0124,0.7261,-188.7981,7142.8433,7142.8433
6995,0.55,-2.1276,+0.0485,-6.2080,4.0804,1.4859,-169.0772,5732.3584,5732.3584
6996,0.55,-2.1766,+0.1152,-6.2265,4.0499,2.1128,-180.3825,6633.0225,6633.0225
6997,0.54,-2.1167,+0.0592,-6.2535,4.1368,0.7749,-167.8353,5709.1133,5709.1133
6998,0.54,-2.1240,-0.0871,-6.2346,4.1105,3.1815,-181.4932,6635.1035,6635.1035
6999,0.54,-2.1538,+0.0452,-6.2341,4.0803,0.7940,-168.7021,5764.9204,5764.9204
7000,0.53,-2.1907,+0.0812,-6.2257,4.0350,1.0525,-188.1246,7165.4087,7165.4087
7001,0.52,-2.1601,-0.0009,-6.2397,4.0795,0.9595,-167.2550,5649.6240,5649.6240
7002,0.56,-2.1014,-0.0508,-6.2375,4.1361,5.4715,-186.3890,7033.2051,7033.2051
7003,0.54,-2.2583,+0.1002,-6.2468,3.9886,2.2992,-173.7591,6066.9805,6066.9805
7004,0.54,-2.3224,+0.0440,-6.2373,3.9149,1.2946,-173.5759,6131.7549,6131.7549
7005,0.54,-2.2092,-0.0910,-6.2149,4.0057,1.2706,-188.1639,7155.1816,7155.1816
7006,0.54,-2.1889,+0.0802,-6.2272,4.0383,0.6953,-169.2548,5762.7095,5762.7095
7007,0.54,-2.0544,+0.0772,-6.2347,4.1803,1.1929,-187.4532,7109.3877,7109.3877
7008,0.54,-2.2534,+0.0421,-6.2167,3.9633,0.8600,-169.5458,5796.9341,5796.9341
7009,0.54,-2.2265,-0.0539,-6.2434,4.0169,1.0166,-186.8232,7041.3447,7041.3447
7010,0.53,-2.0456,-0.0664,-6.2185,4.1729,0.4251,-167.5671,5681.1582,5681.1582
7011,0.55,-2.1624,-0.0521,-6.2203,4.0579,0.7118,-188.3642,7188.4790,7188.4790
7012,0.55,-2.0763,+0.0406,-6.2340,4.1577,0.5363,-167.6275,5747.8018,5747.8018
7013,0.53,-2.1835,-0.0239,-6.2353,4.0518,1.1547,-187.4203,7152.4673,7152.4673
7014,0.53,-2.1510,+0.0501,-6.2385,4.0875,0.7971,-168.4998,5736.9404,5736.9404
7015,0.53,-2.3535,-0.4099,-6.2375,3.8840,2.8770,-187.2269,7139.2695,7139.2695
7016,0.55,-2.2336,-0.1432,-6.2362,4.0025,8.2328,-183.7959,6915.9688,6915.9688
7017,0.55,-2.4000,-0.0704,-6.2278,3.8277,0.9801,-176.7386,6311.5806,6311.5806
7018,0.53,-2.2716,+0.0092,-6.2032,3.9316,1.2009,-177.4847,6358.8223,6358.8223
7019,0.54,-2.3247,+0.3792,-6.2269,3.9021,4.3571,-185.5308,6967.6982,6967.6982
7020,0.56,-2.4037,-0.0109,-6.2432,3.8396,0.6162,-178.5721,6430.6064,6430.6064
7021,0.52,-2.4186,-0.0589,-6.2447,3.8261,0.8995,-178.8855,6457.3379,6457.3379
7022,0.53,-2.2367,-0.1083,-6.2252,3.9884,1.2394,-180.5647,6665.7568,6665.7568
7023,0.56,-2.4175,-0.0849,-6.2328,3.8153,0.7521,-173.2715,6028.5322,6028.5322
7024,0.54,-2.1300,-0.0491,-6.2436,4.1136,1.1217,-179.4430,6531.3105,6531.3105
7025,0.56,-2.1311,+0.0997,-6.2151,4.0840,1.7748,-169.7106,5892.4551,5892.4551
7026,0.54,-2.2869,+0.0470,-6.2180,3.9311,1.7903,-185.6318,6935.6216,6935.6216
7027,0.54,-2.0786,-0.0876,-6.2318,4.1532,1.6286,-166.3171,5540.4243,5540.4243
7028,0.53,-2.3953,+0.1299,-6.2341,3.8388,0.5644,-185.8507,6951.3623,6951.3623
7029,0.54,-1.9614,-0.0683,-6.2402,4.2788,0.8701,-164.9909,5459.3945,5459.3945
7030,0.55,-2.3545,+0.0407,-6.2340,3.8795,2.2050,-184.5456,6899.0615,6899.0615
7031,0.54,-2.2328,-0.1377,-6.2450,4.0122,0.6901,-167.3941,5633.1104,5633.1104
7032,0.54,-2.2279,-0.0775,-6.2293,4.0015,0.7860,-186.8118,7004.5615,7004.5615
7033,0.54,-2.3510,+0.0791,-6.2276,3.8766,0.9545,-168.6039,5726.8750,5726.8750
7034,0.56,-2.3638,-0.1126,-6.2226,3.8589,1.4784,-186.9544,6988.5962,6988.5962
7035,0.55,-2.2980,+0.0475,-6.2398,3.9417,0.6594,-167.4037,5612.3174,5612.3174
7036,0.54,-2.2149,+0.1258,-6.2476,4.0327,0.9016,-185.9540,6995.7871,6995.7871
7037,0.56,-2.2454,+0.0278,-6.2459,4.0006,0.6865,-168.6972,5747.1006,5747.1006
7038,0.54,-2.1915,+0.1343,-6.2500,4.0585,0.8079,-186.0353,7004.0571,7004.0571
7039,0.56,-2.2114,-0.0411,-6.2506,4.0392,0.6582,-166.8036,5631.1016,5631.1016
7040,0.55,-2.1621,+0.1371,-6.2429,4.0808,11.1754,-186.0102,6972.8047,6972.8047
7041,0.56,-2.4754,+0.0603,-6.2712,3.7958,0.8280,-173.2696,6096.7471,6096.7471
7042,0.54,-2.2674,-0.0319,-6.2558,3.9884,1.4208,-183.7566,6722.5742,6722.5742
7043,0.55,-2.1381,+0.0417,-6.2173,4.0791,1.1167,-168.0688,5702.1235,5702.1235
7044,0.55,-2.2727,+0.0906,-6.2487,3.9760,0.4775,-183.7390,6764.2432,6764.2432
7045,0.54,-2.0787,-0.0027,-6.2576,4.1790,0.5731,-166.0963,5608.1572,5608.1572
7046,0.56,-2.2276,+0.0032,-6.2412,4.0136,0.8002,-186.9084,7066.5420,7066.5420
7047,0.55,-2.1239,-0.1709,-6.2501,4.1262,4.7968,-168.0100,5718.6953,5718.6953
7048,0.55,-2.2499,-0.0318,-6.2280,3.9780,0.8583,-169.5432,5758.5000,5758.5000
7049,0.55,-2.3941,+0.0249,-6.2472,3.8530,0.8131,-181.2136,6563.1914,6563.1914
7050,0.55,-2.1551,+0.1746,-6.2671,4.1120,2.2988,-165.9721,5590.8213,5590.8213
7051,0.55,-2.2528,-0.0355,-6.2621,4.0093,7.8578,-179.7424,6506.3179,6506.3179
7052,0.54,-1.7131,+0.4271,-6.2694,4.5563,24.6605,-168.7063,5788.1997,5788.1997
7053,0.54,-2.3639,-0.0366,-6.2812,3.9173,4.4792,-170.6103,5915.0049,5915.0049
7054,0.55,-2.3905,-0.0532,-6.2637,3.8732,4.9782,-174.6855,6152.5869,6152.5869
7055,0.54,-2.3107,-0.0220,-6.2575,3.9468,1.0528,-175.3630,6227.5942,6227.5942
7056,0.54,-2.3741,+0.0810,-6.2583,3.8842,1.3988,-177.6203,6473.1914,6473.1914
7057,0.55,-2.3370,+0.0292,-6.2718,3.9348,0.6348,-170.9709,5872.5308,5872.5308
7058,0.54,-2.2371,+0.0908,-6.2616,4.0245,0.6132,-185.1181,6926.2451,6926.2451
7059,0.55,-2.0029,+0.0258,-6.2788,4.2759,4.5519,-165.3615,5570.2905,5570.2905
7060,0.55,-2.2631,-0.1107,-6.2657,4.0025,0.9905,-184.4700,6945.4917,6945.4917
7061,0.55,-2.1539,-0.1184,-6.2519,4.0979,0.8021,-166.2437,5566.7637,5566.7637
7062,0.54,-2.3070,-0.0410,-6.2523,3.9453,0.8406,-184.1042,6862.9429,6862.9429
7063,0.55,-2.2180,-0.0370,-6.2433,4.0253,0.7841,-167.9673,5687.2002,5687.2002
7064,0.54,-2.3916,-0.0682,-6.2782,3.8865,1.7365,-182.7211,6769.8691,6769.8691
7065,0.54,-2.4168,-0.0616,-6.2766,3.8598,0.9382,-166.8213,5665.2017,5665.2017
7066,0.53,-2.2391,+0.1366,-6.2592,4.0201,3.4169,-184.2962,6873.6270,6873.6270
7067,0.53,-2.3200,+0.0055,-6.2532,3.9331,3.3115,-175.1059,6206.2354,6206.2354
7068,0.53,-2.4495,+0.0301,-6.2527,3.8033,1.7982,-177.7368,6424.7793,6424.7793
7069,0.53,-2.3082,-0.0297,-6.2725,3.9643,0.6996,-174.1028,6241.0723,6241.0723
7070,0.56,-2.3785,+0.0792,-6.2749,3.8964,1.6004,-175.8153,6261.7324,6261.7324
7071,0.55,-2.3952,+0.0131,-6.2656,3.8704,1.0767,-174.7279,6323.7568,6323.7568
7072,0.54,-2.3709,+0.1070,-6.2658,3.8949,0.7468,-172.6312,5997.3774,5997.3774
7073,0.54,-2.4425,+0.0178,-6.2525,3.8100,1.9682,-184.1958,6947.5190,6947.5190
7074,0.54,-2.1753,-0.0334,-6.2705,4.0953,2.3550,-170.2791,5873.0464,5873.0464
7075,0.53,-2.4775,+0.0411,-6.2546,3.7772,0.5900,-179.5746,6467.9561,6467.9561
7076,0.54,-2.3657,+0.1026,-6.2613,3.8956,0.5559,-172.6550,6027.4351,6027.4351
7077,0.51,-2.3063,+0.0455,-6.2634,3.9570,0.5953,-179.0277,6493.1729,6493.1729
7078,0.54,-2.2732,+0.0581,-6.2379,3.9647,1.1398,-168.7250,5692.2192,5692.2192
7079,0.54,-2.2894,-0.0364,-6.2583,3.9689,2.9933,-183.5391,6823.1709,6823.1709
7080,0.54,-2.4780,+0.0078,-6.2366,3.7586,1.3209,-169.5539,5763.0298,5763.0298
7081,0.54,-2.4120,+0.1351,-6.2348,3.8228,1.1146,-186.4345,7064.9443,7064.9443
7082,0.55,-2.3263,+0.2484,-6.2338,3.9075,0.5926,-171.5932,5976.6582,5976.6582
7083,0.57,-2.1417,-0.0154,-6.2627,4.1210,1.4840,-187.9455,7115.8428,7115.8428
7084,0.56,-2.4456,+0.0746,-6.2366,3.7910,0.8938,-172.0517,5901.4482,5901.4482
7085,0.54,-2.1845,-0.0732,-6.2475,4.0629,0.9424,-181.6635,6658.0273,6658.0273
7086,0.55,-2.0929,+0.1927,-6.2294,4.1365,1.5467,-166.2280,5595.5322,5595.5322
7087,0.55,-2.4177,-0.1080,-6.2463,3.8286,0.8173,-179.8541,6550.4585,6550.4585
7088,0.55,-1.8915,-0.0350,-6.2613,4.3699,27.4779,-167.2104,5602.0938,5602.0938
7089,0.54,-2.3665,-0.0257,-6.2493,3.8828,5.4760,-176.9724,6294.1846,6294.1846
7090,0.54,-2.3920,+0.0104,-6.2606,3.8686,4.5157,-180.3356,6597.9971,6597.9971
7091,0.55,-2.5069,+0.0767,-6.2396,3.7326,1.1975,-176.6811,6281.8145,6281.8145
7092,0.54,-1.9918,+0.2034,-6.2273,4.2355,1.9611,-186.4183,7152.1533,7152.1533
7093,0.54,-2.3764,-0.0803,-6.2572,3.8808,1.6109,-173.1403,6045.5840,6045.5840
7094,0.55,-2.4296,+0.0828,-6.2564,3.8267,2.4395,-181.5780,6678.5752,6678.5752
7095,0.56,-2.0054,-0.1909,-6.2601,4.2546,19.0679,-167.6120,5652.6196,5652.6196
7096,0.54,-2.6675,-0.0480,-6.2667,3.5991,2.0403,-176.9935,6313.6514,6313.6514
7097,0.53,-2.1843,-0.0476,-6.2468,4.0625,0.8012,-170.2520,5910.5601,5910.5601
7098,0.55,-2.3777,+0.1081,-6.2369,3.8593,1.9521,-180.2655,6589.5605,6589.5605
7099,0.55,-2.2374,+0.1170,-6.2381,4.0007,0.7585,-168.9053,5797.1973,5797.1973
7100,0.54,-2.3057,+0.0333,-6.2376,3.9319,6.3378,-179.0715,6470.7988,6470.7988
7101,0.54,-2.3647,+0.0862,-6.2315,3.8668,4.5135,-171.0674,5863.6714,5863.6714
7102,0.54,-2.4481,-0.1333,-6.2317,3.7836,3.3470,-180.8949,6658.3994,6658.3994
7103,0.55,-2.3236,-0.0816,-6.2455,3.9219,1.1842,-168.7940,5758.6631,5758.6631
7104,0.54,-2.4748,-0.1024,-6.2586,3.7838,1.2077,-182.7692,6803.8750,6803.8750
7105,0.56,-2.2023,-0.1076,-6.2451,4.0429,0.8345,-167.3595,5725.2686,5725.2686
7106,0.55,-2.5531,+0.0784,-6.2495,3.6964,1.2100,-182.7615,6752.0034,6752.0034
7107,0.58,-2.0455,+0.0409,-6.2384,4.1929,0.5690,-167.1447,5712.2681,5712.2681
7108,0.55,-2.3950,+0.0237,-6.2242,3.8292,1.4266,-186.6081,7055.7012,7055.7012
7109,0.54,-2.2177,-0.0384,-6.2324,4.0147,0.4682,-168.7828,5829.2241,5829.2241
7110,0.56,-2.3309,+0.0799,-6.2322,3.9013,1.5934,-186.7642,7084.7305,7084.7305
7111,0.53,-2.4587,-0.0320,-6.2421,3.7834,4.3982,-170.5287,5865.3403,5865.3403
7112,0.56,-2.5242,+0.0685,-6.2419,3.7177,0.7301,-172.6341,6011.6221,6011.6221
7113,0.55,-1.8446,+0.2596,-6.2466,4.4019,6.8017,-183.1345,6932.6885,6932.6885
7114,0.55,-2.3258,-0.0630,-6.2513,3.9256,5.5931,-174.8455,6252.7529,6252.7529
7115,0.55,-2.4324,+0.0566,-6.2311,3.7987,1.4161,-181.0641,6679.8174,6679.8174
7116,0.56,-2.4461,+0.0829,-6.2464,3.8004,2.7287,-170.0638,5882.7534,5882.7534
7117,0.55,-2.4633,+0.0037,-6.2727,3.8095,0.5936,-177.6508,6346.2329,6346.2329
7118,0.55,-2.0445,+0.0125,-6.2631,4.2186,1.3620,-163.0069,5415.0112,5415.0112
7119,0.56,-2.4325,+0.1743,-6.2902,3.8577,1.0737,-179.6064,6523.9756,6523.9756
7120,0.56,-2.2716,+0.0534,-6.2728,4.0013,0.8635,-165.4540,5533.9648,5533.9648
7121,0.55,-2.3285,+0.0909,-6.2556,3.9271,1.0089,-184.2156,6929.0522,6929.0522
7122,0.56,-1.8348,+0.1604,-6.2541,4.4193,52.7401,-165.7819,5565.4507,5565.4507
7123,0.56,-2.1747,-0.2178,-6.2547,4.0800,8.5543,-168.5889,5785.1123,5785.1123
7124,0.54,-2.0861,+0.1399,-6.2605,4.1744,4.8641,-171.3698,5922.1138,5922.1138
7125,0.55,-2.3329,-0.0464,-6.2731,3.9402,1.1103,-172.2869,5935.3535,5935.3535
7126,0.54,-2.2493,+0.1425,-6.2634,4.0140,3.1894,-182.5981,6724.5352,6724.5352
7127,0.53,-2.3615,+0.0150,-6.2589,3.8975,0.7038,-169.0920,5775.4302,5775.4302
7128,0.55,-2.3380,-0.0865,-6.2474,3.9094,1.3027,-184.1320,6851.1709,6851.1709
7129,0.55,-2.1229,-0.1994,-6.2289,4.1060,1.9242,-165.9712,5581.0020,5581.0020
7130,0.54,-2.3814,+0.0934,-6.2454,3.8641,1.0488,-172.4460,5891.1929,5891.1929
7131,0.55,-2.3055,-0.0333,-6.2558,3.9503,2.6043,-180.0482,6550.8555,6550.8555
7132,0.54,-1.9696,+0.1288,-6.2498,4.2802,5.6379,-170.1506,5831.0864,5831.0864
7133,0.52,-2.3727,+0.1520,-6.2203,3.8476,8.2262,-177.9125,6422.7090,6422.7090
7134,0.54,-2.1761,-0.0124,-6.2110,4.0348,11.4263,-179.5030,6504.7803,6504.7803
7135,0.55,-2.6698,+0.2409,-6.2123,3.5425,17.1288,-176.1731,6268.9121,6268.9121
7136,0.55,-2.4685,-0.0587,-6.1976,3.7290,0.8044,-177.5101,6381.6411,6381.6411
7137,0.55,-2.3914,+0.0556,-6.2057,3.8143,2.4201,-182.8569,6720.9902,6720.9902
7138,0.55,-2.0127,+0.0243,-6.2161,4.2034,1.1411,-168.4102,5735.3154,5735.3154
7139,0.55,-2.4042,-0.0269,-6.2508,3.8466,1.1029,-178.8313,6439.9639,6439.9639
7140,0.54,-2.0849,+0.0420,-6.2764,4.1915,10.5850,-167.9987,5683.4868,5683.4868
7141,0.53,-2.4120,+0.0206,-6.2568,3.8448,0.6714,-177.3296,6355.9082,6355.9082
7142,0.52,-2.1916,+0.0617,-6.2666,4.0750,1.5464,-168.3297,5792.3525,5792.3525
7143,0.55,-2.3755,-0.0060,-6.2566,3.8811,0.9299,-181.2621,6602.7861,6602.7861
7144,0.54,-2.3603,+0.1197,-6.2547,3.8944,0.6912,-168.9073,5757.0596,5757.0596
7145,0.55,-2.2168,-0.0730,-6.2777,4.0609,1.8903,-183.2455,6802.0449,6802.0449
7146,0.54,-2.3785,+0.1413,-6.2646,3.8861,1.5441,-166.3949,5586.9482,5586.9482
7147,0.57,-2.3038,+0.0633,-6.2664,3.9627,1.2763,-181.4350,6721.0991,6721.0991
7148,0.53,-2.3793,-0.0162,-6.2589,3.8796,0.5386,-170.2487,5819.1650,5819.1650
7149,0.55,-2.1706,-0.1010,-6.2779,4.1072,0.6792,-185.2121,6936.4395,6936.4395
7150,0.54,-2.4206,+0.0098,-6.2728,3.8522,0.7347,-166.6071,5560.2285,5560.2285
7151,0.55,-2.1550,+0.1478,-6.2693,4.1143,2.3082,-185.4182,7007.8394,7007.8394
7152,0.55,-2.3130,-0.1141,-6.2609,3.9479,1.1483,-175.7996,6185.7969,6185.7969
7153,0.56,-2.1828,-0.0403,-6.2613,4.0784,0.7910,-166.5565,5646.7139,5646.7139
7154,0.53,-2.4498,+0.0155,-6.2870,3.8371,0.9044,-178.9552,6404.5000,6404.5000
7155,0.56,-2.2429,+0.0483,-6.2746,4.0317,1.2053,-166.0815,5556.9932,5556.9932
7156,0.56,-2.0128,+0.0671,-6.2442,4.2314,17.8658,-185.0073,6888.1221,6888.1221
7157,0.55,-2.1431,+0.0931,-6.2612,4.1181,52.8160,-178.6049,6428.3330,6428.3330
7158,0.55,-2.2073,+0.0533,-6.2624,4.0551,23.4805,-176.4995,6279.8398,6279.8398
7159,0.56,-2.6030,-0.0694,-6.2460,3.6430,2.4518,-176.6444,6270.8374,6270.8374
7160,0.55,-2.4160,-0.0176,-6.2494,3.8335,1.6110,-172.1104,5963.5059,5963.5059
7161,0.53,-2.4184,-0.1038,-6.2589,3.8405,2.3928,-180.0229,6539.0752,6539.0752
7162,0.54,-2.2980,-0.0070,-6.2708,3.9728,0.8381,-164.9881,5480.3389,5480.3389
7163,0.57,-2.4316,-0.0292,-6.2627,3.8311,2.3256,-181.2540,6608.5815,6608.5815
7164,0.54,-2.1074,+0.1705,-6.2700,4.1626,4.7708,-164.5672,5456.8936,5456.8936
7165,0.55,-2.3973,+0.1058,-6.2955,3.8982,0.6802,-178.2858,6409.4111,6409.4111
7166,0.54,-2.1215,+0.1167,-6.2821,4.1607,2.5809,-162.4544,5258.3271,5258.3271
7167,0.55,-2.4593,-0.0594,-6.2806,3.8213,0.6143,-180.2888,6529.0703,6529.0703
7168,0.56,-2.0552,-0.0881,-6.2764,4.2211,1.7649,-163.0799,5347.3872,5347.3872
7169,0.56,-2.3119,+0.2234,-6.2565,3.9446,1.7039,-178.3019,6432.2852,6432.2852
7170,0.56,-2.1044,+0.1136,-6.2489,4.1444,2.3404,-164.8990,5423.0576,5423.0576
7171,0.54,-2.6504,+0.0819,-6.2243,3.5739,4.6066,-181.3118,6612.7236,6612.7236
7172,0.54,-2.3571,+0.0140,-6.2323,3.8752,0.8485,-171.0602,5890.8984,5890.8984
7173,0.55,-2.4630,+0.1089,-6.2311,3.7681,1.8425,-178.5127,6292.8833,6292.8833
7174,0.55,-2.4130,+0.0504,-6.2465,3.8335,0.6546,-170.7016,5886.0059,5886.0059
7175,0.55,-2.1479,+0.0402,-6.2511,4.1032,2.4149,-179.6729,6577.4062,6577.4062
7176,0.53,-2.7622,+0.0064,-6.2481,3.4860,6.7643,-174.1688,6151.9375,6151.9375
7177,0.54,-2.6356,+0.0168,-6.2474,3.6118,0.7534,-178.4393,6359.8232,6359.8232
7178,0.56,-2.0438,-0.0049,-6.2673,4.2235,1.0057,-162.6903,5353.6978,5353.6978
7179,0.54,-2.4436,+0.0621,-6.2454,3.8017,1.4567,-181.2612,6609.0708,6609.0708
7180,0.55,-2.2167,-0.0473,-6.2563,4.0396,4.1310,-166.8349,5613.6411,5613.6411
7181,0.56,-2.4900,+0.0795,-6.2848,3.7947,0.7483,-178.6043,6442.6416,6442.6416
7182,0.55,-2.0985,+0.0196,-6.2402,4.1417,1.1963,-164.8240,5499.9092,5499.9092
7183,0.54,-2.6022,-0.0231,-6.2679,3.6657,0.7772,-178.5563,6421.4785,6421.4785
7184,0.56,-2.0348,+0.0737,-6.2528,4.2180,0.9603,-163.5407,5450.0625,5450.0625
7185,0.54,-2.5485,+0.1442,-6.2228,3.6743,0.7123,-178.3969,6435.2656,6435.2656
7186,0.54,-2.2328,-0.0475,-6.2722,4.0394,0.8073,-166.5675,5579.0249,5579.0249
7187,0.56,-2.3547,-0.0070,-6.2733,3.9186,1.3177,-182.2094,6680.6064,6680.6064
7188,0.52,-2.3500,-0.1071,-6.2962,3.9462,2.0138,-167.2311,5640.8413,5640.8413
7189,0.55,-2.3900,+0.0296,-6.2887,3.8987,1.7872,-176.8931,6379.3174,6379.3174
7190,0.55,-2.2904,+0.0100,-6.2937,4.0032,4.9556,-169.3331,5835.9097,5835.9097
7191,0.55,-2.4449,-0.0926,-6.2969,3.8520,1.0884,-179.8839,6552.4141,6552.4141
7192,0.56,-2.2227,-0.1135,-6.3007,4.0781,0.7131,-166.2455,5621.7397,5621.7397
7193,0.55,-2.5221,+0.0401,-6.3025,3.7804,1.5139,-180.8113,6606.3950,6606.3950
7194,0.55,-2.3164,-0.0121,-6.2731,3.9568,1.6498,-164.0565,5417.6387,5417.6387
7195,0.55,-2.5473,-0.0174,-6.2834,3.7361,0.9781,-174.8288,6186.7148,6186.7148
7196,0.55,-2.1843,+0.0392,-6.2722,4.0879,1.5242,-167.6105,5593.2529,5593.2529
7197,0.55,-2.5905,+0.1550,-6.2614,3.6709,2.2569,-177.0424,6404.4106,6404.4106
7198,0.54,-2.4689,-0.0167,-6.2654,3.7965,0.9128,-176.2204,6249.0649,6249.0649
7199,0.55,-1.9221,-0.2231,-6.2544,4.3323,23.7268,-170.7868,5989.5020,5989.5020
7200,0.54,-2.4339,+0.0039,-6.2614,3.8275,1.2820,-170.5596,5860.6436,5860.6436
7201,0.54,-2.3336,+0.1266,-6.2844,3.9508,0.5549,-182.8724,6667.1670,6667.1670
7202,0.56,-2.5804,-0.0896,-6.2960,3.7156,1.2280,-170.5561,5941.1973,5941.1973
7203,0.54,-2.4034,+0.1000,-6.2746,3.8712,0.7740,-178.6017,6428.7617,6428.7617
7204,0.56,-2.1416,+0.0893,-6.2559,4.1143,0.6274,-166.3089,5595.2500,5595.2500
7205,0.54,-2.3548,-0.0590,-6.2792,3.9244,0.7814,-180.7704,6533.6323,6533.6323
7206,0.54,-2.0134,+0.0277,-6.2822,4.2688,9.0398,-163.7339,5369.1782,5369.1782
7207,0.54,-2.6186,-0.0328,-6.2947,3.6762,2.4428,-177.6816,6395.2842,6395.2842
7208,0.54,-2.2952,+0.2852,-6.3073,4.0122,0.9799,-163.1677,5419.1592,5419.1592
7209,0.55,-2.5230,+0.0321,-6.2893,3.7663,1.7470,-177.3430,6365.7207,6365.7207
7210,0.56,-2.2530,+0.0433,-6.2706,4.0176,9.6809,-163.0244,5410.6631,5410.6631
7211,0.54,-2.0985,-0.0122,-6.2813,4.1828,11.1106,-165.3051,5565.8662,5565.8662
7212,0.56,-2.2806,+0.0459,-6.2663,3.9856,28.8043,-172.9885,6099.9263,6099.9263
7213,0.55,-2.3698,+0.0718,-6.2518,3.8820,5.2710,-172.9981,6091.2412,6091.2412
7214,0.56,-2.3013,+0.0730,-6.2505,3.9492,5.5325,-176.8021,6358.3774,6358.3774
7215,0.52,-2.1914,+0.0564,-6.2778,4.0864,7.8385,-169.3726,5807.7822,5807.7822
7216,0.52,-2.2970,-0.0631,-6.2923,3.9953,11.5655,-172.8120,6060.1396,6060.1396
7217,0.53,-2.4245,+0.0371,-6.2946,3.8701,1.3667,-170.8502,5947.7109,5947.7109
7218,0.52,-2.2332,-0.0159,-6.2990,4.0658,2.0089,-180.4757,6519.8320,6519.8320
7219,0.54,-2.1276,+0.0355,-6.2979,4.1703,0.6692,-163.6161,5434.0791,5434.0791
7220,0.55,-2.2573,-0.0213,-6.3042,4.0469,1.0841,-182.5677,6721.9932,6721.9932
7221,0.54,-2.2274,-0.0022,-6.3019,4.0744,0.9317,-164.3405,5526.3252,5526.3252
7222,0.54,-2.4132,+0.1222,-6.2937,3.8804,0.9391,-181.3140,6668.0947,6668.0947
7223,0.54,-1.9533,+0.0564,-6.3061,4.3527,19.8154,-163.1882,5462.8389,5462.8389
7224,0.54,-2.5381,-0.0361,-6.3004,3.7623,0.4752,-173.8502,6146.0791,6146.0791
7225,0.54,-1.6397,-0.0642,-6.2865,4.6468,29.2002,-163.1492,5352.3887,5352.3887
7226,0.53,-2.4649,+0.0130,-6.2674,3.8025,1.2661,-172.9357,5993.8013,5993.8013
7227,0.55,-2.3768,-0.0661,-6.2757,3.8989,0.7379,-174.8707,6289.7583,6289.7583
7228,0.56,-2.3161,-0.0003,-6.2895,3.9733,0.8531,-171.4377,6013.1572,6013.1572
7229,0.55,-2.4348,+0.1103,-6.2702,3.8354,1.0205,-174.4890,6272.9697,6272.9697
7230,0.55,-2.2591,+0.0471,-6.2750,4.0159,4.1349,-168.6859,5782.0845,5782.0845
7231,0.54,-2.5057,+0.0468,-6.2795,3.7738,1.5212,-177.2194,6393.3647,6393.3647
7232,0.53,-2.1555,-0.1181,-6.2719,4.1164,1.1987,-163.1108,5426.2852,5426.2852
7233,0.52,-2.4552,-0.0340,-6.2807,3.8255,1.4696,-179.1660,6509.3662,6509.3662
7234,0.55,-2.2958,+0.0131,-6.2998,4.0040,0.7273,-162.9297,5431.5303,5431.5303
7235,0.54,-2.4523,+0.0596,-6.2860,3.8338,0.8404,-181.7681,6737.7197,6737.7197
7236,0.55,-2.1742,+0.3090,-6.2784,4.1042,12.1023,-166.6057,5719.1196,5719.1196
7237,0.54,-2.4685,-0.1173,-6.2904,3.8219,1.8072,-174.1413,6123.0669,6123.0669
7238,0.53,-2.2284,-0.0967,-6.3043,4.0758,4.1380,-165.2567,5571.8467,5571.8467
7239,0.53,-2.4991,+0.0555,-6.2990,3.8000,1.0635,-176.9076,6377.0742,6377.0742
7240,0.55,-2.1145,+0.1415,-6.3010,4.1865,0.8115,-160.7761,5272.2520,5272.2520
7241,0.55,-2.4882,+0.0195,-6.2819,3.7937,1.2938,-178.4860,6475.0229,6475.0229
7242,0.54,-2.1807,+0.1064,-6.2973,4.1167,0.9156,-161.7937,5367.7744,5367.7744
7243,0.54,-2.4555,+0.0419,-6.2462,3.7907,1.8065,-180.9646,6649.7129,6649.7129
7244,0.54,-2.2703,-0.0007,-6.2764,4.0061,0.8365,-164.7993,5495.3320,5495.3320
7245,0.55,-2.4230,-0.0224,-6.2769,3.8539,0.8909,-179.0952,6579.4150,6579.4150
7246,0.53,-2.1542,-0.0332,-6.2984,4.1442,1.0571,-163.1342,5401.7744,5401.7744
7247,0.54,-2.4677,+0.0131,-6.3016,3.8339,1.2520,-177.4320,6404.4746,6404.4746
7248,0.56,-2.3225,-0.0719,-6.2981,3.9756,6.2359,-163.5345,5408.6187,5408.6187
7249,0.55,-2.3470,+0.0080,-6.2784,3.9315,2.8565,-169.5837,5830.4873,5830.4873
7250,0.53,-2.4180,-0.0525,-6.2732,3.8552,1.9857,-179.3778,6505.0869,6505.0869
7251,0.54,-2.1459,-0.0312,-6.2575,4.1117,5.0087,-168.8241,5787.1816,5787.1816
7252,0.54,-2.1860,-0.0109,-6.2783,4.0923,13.0435,-175.3385,6272.0737,6272.0737
7253,0.53,-2.0371,-0.2258,-6.2791,4.2420,39.4901,-174.9466,6276.7134,6276.7134
7254,0.54,-2.7678,-0.0971,-6.2727,3.5049,8.9336,-175.7275,6256.7866,6256.7866
7255,0.54,-2.4211,-0.0851,-6.2911,3.8700,3.1841,-174.0317,6173.5303,6173.5303
7256,0.53,-2.4880,+0.0297,-6.2954,3.8074,1.1758,-177.6326,6414.5532,6414.5532
7257,0.55,-2.2855,-0.0633,-6.2855,4.0000,5.7953,-164.4118,5480.9678,5480.9678
7258,0.54,-2.5546,+0.0367,-6.2995,3.7449,2.0101,-175.1342,6197.6973,6197.6973
7259,0.54,-2.2628,+0.0580,-6.2980,4.0352,1.1832,-173.8461,6176.3833,6176.3833
7260,0.54,-2.4457,+0.0084,-6.2635,3.8177,1.3241,-173.3936,6074.8159,6074.8159
7261,0.53,-2.4572,-0.2501,-6.2771,3.8199,1.1962,-177.6815,6420.4336,6420.4336
7262,0.56,-2.2004,+0.0349,-6.2346,4.0341,1.3015,-169.6982,5893.6943,5893.6943
7263,0.54,-2.2867,+0.0169,-6.2537,3.9670,0.6583,-185.9537,7073.0659,7073.0659
7264,0.56,-2.1703,+0.1917,-6.2675,4.0972,5.0556,-165.2601,5550.6377,5550.6377
7265,0.54,-2.4363,-0.0481,-6.2698,3.8336,0.5902,-179.9207,6577.3682,6577.3682
7266,0.54,-2.2244,+0.0638,-6.2705,4.0462,1.0437,-164.0075,5466.1987,5466.1987
7267,0.55,-2.4548,-0.0193,-6.2618,3.8070,0.5749,-182.2884,6773.5059,6773.5059
7268,0.56,-2.0981,+0.0276,-6.2756,4.1776,2.5400,-164.0547,5489.9688,5489.9688
7269,0.52,-2.4220,-0.0474,-6.2952,3.8733,1.3200,-180.2656,6612.7607,6612.7607
7270,0.55,-2.1380,+0.1118,-6.2931,4.1551,3.3400,-164.8146,5516.8174,5516.8174
7271,0.54,-2.4501,-0.0663,-6.3027,3.8526,0.8917,-179.0020,6571.0225,6571.0225
7272,0.55,-1.9732,+0.0689,-6.2830,4.3099,1.7588,-163.2196,5422.2031,5422.2031
7273,0.54,-2.4856,+0.0396,-6.3138,3.8282,0.8988,-178.5507,6507.3740,6507.3740
7274,0.55,-1.9574,+0.0491,-6.3203,4.3629,1.3983,-159.8786,5189.9375,5189.9375
7275,0.54,-2.3705,+0.0605,-6.3156,3.9451,6.4613,-178.0022,6456.1602,6456.1602
7276,0.53,-2.4300,-0.1219,-6.2970,3.8671,1.0895,-170.3022,5854.3618,5854.3618
7277,0.53,-2.4442,-0.0122,-6.3010,3.8569,1.1424,-178.9142,6526.0098,6526.0098
7278,0.55,-2.2583,+0.0489,-6.3003,4.0420,0.9264,-163.7595,5493.3447,5493.3447
7279,0.56,-2.5059,-0.0604,-6.2919,3.7860,1.1766,-180.0600,6662.3057,6662.3057
7280,0.53,-2.2337,+0.0605,-6.2969,4.0632,0.5014,-162.6808,5391.3604,5391.3604
7281,0.53,-2.4544,-0.0484,-6.2890,3.8346,1.0002,-180.8167,6655.6274,6655.6274
7282,0.55,-2.4188,+0.0299,-6.3101,3.8914,0.5466,-163.3147,5430.8662,5430.8662
7283,0.54,-2.3140,-0.1042,-6.3209,4.0069,0.7321,-179.7513,6584.2246,6584.2246
7284,0.56,-2.3216,+0.0204,-6.3169,3.9953,1.1957,-161.7664,5342.4375,5342.4375
7285,0.53,-1.9870,-0.1561,-6.3295,4.3425,21.5640,-178.6865,6536.4697,6536.4697
7286,0.55,-2.4285,+0.0580,-6.3029,3.8743,0.7347,-171.8779,5938.3262,5938.3262
7287,0.54,-2.4086,+0.0898,-6.3020,3.8935,2.4441,-169.7122,5887.7515,5887.7515
7288,0.54,-2.5331,-0.1739,-6.3081,3.7751,1.0298,-177.8381,6455.1475,6455.1475
7289,0.55,-2.1152,+0.0893,-6.2967,4.1815,0.5029,-163.1401,5443.0840,5443.0840
7290,0.54,-2.4489,+0.0294,-6.2911,3.8422,0.4149,-181.5704,6743.7910,6743.7910
7291,0.55,-2.0905,-0.0208,-6.2689,4.1785,0.4986,-163.6982,5456.2188,5456.2188
7292,0.54,-2.4148,+0.1095,-6.2852,3.8703,0.8796,-182.1205,6754.5469,6754.5469
7293,0.53,-2.2791,+0.0089,-6.3025,4.0234,0.6132,-164.2213,5496.3013,5496.3013
7294,0.54,-2.3996,-0.0835,-6.2788,3.8792,1.1376,-183.4837,6848.1992,6848.1992
7295,0.54,-2.2145,-0.0457,-6.2823,4.0678,9.1698,-165.3996,5581.0112,5581.0112
7296,0.54,-2.5026,-0.0358,-6.2870,3.7844,0.8855,-176.0309,6350.0830,6350.0830
7297,0.55,-2.2740,+0.1285,-6.2939,4.0199,1.4206,-165.2295,5574.2729,5574.2729
7298,0.56,-2.5160,-0.0341,-6.2823,3.7663,1.1195,-175.5875,6364.1963,6364.1963
7299,0.55,-2.3066,+0.0660,-6.3046,3.9979,0.7795,-165.4823,5571.3940,5571.3940
7300,0.52,-2.5389,-0.0340,-6.3203,3.7814,0.6330,-173.7766,6230.8608,6230.8608
7301,0.53,-2.4391,-0.0397,-6.3127,3.8736,1.4631,-167.4861,5731.8428,5731.8428
7302,0.53,-2.3853,+0.0769,-6.3043,3.9190,3.2281,-178.2660,6558.0039,6558.0039
7303,0.53,-2.5530,-0.0160,-6.3063,3.7533,1.2953,-169.3699,5858.8086,5858.8086
7304,0.56,-2.1630,-0.0190,-6.3083,4.1454,7.5678,-173.5672,6158.1035,6158.1035
7305,0.54,-2.6008,+0.0548,-6.3186,3.7179,3.0258,-171.4328,6011.7822,6011.7822
7306,0.55,-2.6290,+0.0743,-6.2850,3.6560,0.8329,-169.2026,5887.9375,5887.9375
7307,0.55,-2.3468,-0.0338,-6.2765,3.9297,0.9364,-182.8523,6914.6523,6914.6523
7308,0.57,-2.2256,+0.0207,-6.2787,4.0531,1.3529,-165.6541,5628.7812,5628.7812
7309,0.55,-2.4478,-0.0402,-6.2891,3.8414,0.6399,-178.9874,6611.7334,6611.7334
7310,0.54,-2.1511,+0.0156,-6.2814,4.1303,2.6435,-162.5313,5410.5947,5410.5947
7311,0.54,-2.5422,-0.1256,-6.2819,3.7397,1.2306,-179.6312,6653.0854,6653.0854
7312,0.55,-2.0465,+0.1909,-6.3112,4.2647,1.8421,-159.8448,5260.8330,5260.8330
7313,0.54,-2.6100,+0.1103,-6.3071,3.6971,3.3413,-174.1102,6180.3472,6180.3472
7314,0.54,-2.5520,+0.0640,-6.3092,3.7573,0.9998,-170.3372,5947.8574,5947.8574
7315,0.55,-2.4180,+0.0289,-6.3182,3.9002,1.6063,-169.1554,5873.8379,5873.8379
7316,0.55,-2.5348,+0.0766,-6.3206,3.7858,1.0645,-166.0750,5670.3721,5670.3721
7317,0.55,-2.4525,+0.0561,-6.3055,3.8529,5.8535,-177.1383,6415.1807,6415.1807
7318,0.55,-2.2781,+0.0717,-6.2998,4.0217,2.1272,-162.3895,5366.3525,5366.3525
7319,0.54,-2.5162,-0.0746,-6.2924,3.7762,5.7225,-173.8936,6178.0127,6178.0127
7320,0.53,-2.5070,-0.0227,-6.2857,3.7787,1.3316,-171.1618,6006.1309,6006.1309
7321,0.54,-2.3378,-0.0455,-6.2726,3.9348,1.6712,-167.8501,5728.5537,5728.5537
7322,0.54,-2.5762,+0.1223,-6.2844,3.7082,2.3815,-172.1455,5986.4541,5986.4541
7323,0.56,-2.0867,+0.1202,-6.2875,4.2008,2.1411,-162.1855,5416.9707,5416.9707
7324,0.54,-2.6388,+0.0389,-6.2664,3.6276,1.8563,-177.6919,6438.3457,6438.3457
7325,0.53,-2.0096,-0.3367,-6.2883,4.2787,5.5784,-163.2086,5468.9736,5468.9736
7326,0.56,-2.1641,-0.0148,-6.3114,4.1474,0.6244,-168.0536,5813.7559,5813.7559
7327,0.55,-2.5359,+0.0545,-6.2944,3.7585,0.8259,-171.5974,6028.7783,6028.7783
7328,0.53,-2.2961,-0.0468,-6.2889,3.9928,7.8621,-179.6146,6576.3911,6576.3911
7329,0.54,-2.3412,+0.1380,-6.2934,3.9522,2.3120,-166.1484,5625.4185,5625.4185
7330,0.53,-2.3051,+0.0121,-6.3205,4.0153,1.3020,-181.3643,6781.2480,6781.2480
7331,0.56,-2.3463,+0.0307,-6.3184,3.9720,0.6873,-163.5141,5465.3799,5465.3799
7332,0.54,-1.9631,+0.0316,-6.3116,4.3485,10.5155,-181.7092,6798.6670,6798.6670
7333,0.56,-2.5551,+0.0528,-6.2889,3.7338,3.5942,-175.4791,6322.6040,6322.6040
7334,0.53,-2.4176,-0.1053,-6.2819,3.8643,1.8146,-169.2044,5878.4844,5878.4844
7335,0.53,-2.1423,+0.3166,-6.2642,4.1220,65.5946,-175.7899,6374.7529,6374.7529
7336,0.54,-2.5608,+0.0777,-6.2905,3.7297,0.8815,-175.1312,6316.9170,6316.9170
7337,0.55,-2.0860,+0.0310,-6.2887,4.2027,0.7861,-163.9796,5492.9746,5492.9746
7338,0.55,-2.6442,+0.0071,-6.2943,3.6501,0.5409,-176.8032,6401.9600,6401.9600
7339,0.55,-2.0489,+0.0301,-6.2858,4.2368,0.9671,-160.8089,5341.9727,5341.9727
7340,0.54,-2.5276,-0.0538,-6.2927,3.7651,2.4302,-175.1998,6247.3594,6247.3594
7341,0.53,-2.1490,-0.0712,-6.3082,4.1591,5.5968,-162.3604,5498.8652,5498.8652
7342,0.54,-2.5028,+0.0659,-6.3349,3.8321,1.0058,-175.5996,6375.3271,6375.3271
7343,0.56,-2.1742,-0.0160,-6.3258,4.1516,3.1775,-161.3814,5349.6938,5349.6938
7344,0.54,-2.3421,-0.0513,-6.3331,3.9910,13.0870,-172.9842,6214.8730,6214.8730
7345,0.54,-2.5487,+0.0470,-6.3414,3.7927,0.7562,-167.9780,5842.1182,5842.1182
7346,0.53,-2.1873,-0.0188,-6.3363,4.1490,0.9568,-182.2853,6905.4990,6905.4990
7347,0.56,-2.4082,+0.0454,-6.3349,3.9267,0.7002,-164.1279,5549.8057,5549.8057
7348,0.54,-2.4144,+0.0803,-6.3377,3.9233,0.7835,-180.2351,6640.3867,6640.3867
7349,0.56,-2.3460,+0.0332,-6.3234,3.9774,0.5527,-161.5522,5373.7739,5373.7739
7350,0.55,-2.4542,+0.1286,-6.3266,3.8724,1.1531,-179.8865,6658.2119,6658.2119
7351,0.55,-2.5444,+0.0122,-6.3401,3.7957,0.7670,-167.4215,5770.1475,5770.1475
7352,0.56,-2.4809,+0.0266,-6.3395,3.8586,0.5226,-171.4695,6130.8750,6130.8750
7353,0.55,-2.5578,+0.0535,-6.3518,3.7940,1.6502,-169.0641,5853.6294,5853.6294
7354,0.56,-2.5877,-0.0563,-6.3427,3.7550,0.8495,-166.9048,5718.0757,5718.0757
7355,0.52,-2.4897,-0.0754,-6.3176,3.8279,1.5604,-172.9147,6139.4956,6139.4956
7356,0.55,-2.4747,+0.0450,-6.3310,3.8563,1.0454,-164.5835,5542.8467,5542.8467
7357,0.55,-2.5537,-0.0118,-6.3405,3.7867,0.9388,-175.3400,6274.6260,6274.6260
7358,0.56,-1.9776,-0.0711,-6.3254,4.3477,5.0023,-159.3323,5208.1079,5208.1079
7359,0.54,-2.5319,+0.0939,-6.3142,3.7824,3.0806,-168.8445,5814.1519,5814.1519
7360,0.54,-2.6755,-0.1227,-6.3354,3.6600,2.5351,-170.5456,5995.6562,5995.6562
7361,0.56,-2.2550,-0.0641,-6.3482,4.0932,6.7205,-163.5547,5462.9170,5462.9170
7362,0.55,-2.4797,-0.2801,-6.3320,3.8523,6.1336,-169.8993,5906.4365,5906.4365
7363,0.57,-2.6228,+0.0446,-6.3300,3.7072,1.8857,-171.8614,6033.6797,6033.6797
7364,0.55,-2.6281,+0.0940,-6.3248,3.6968,4.1642,-170.0964,5912.9453,5912.9453
7365,0.56,-2.5543,+0.0453,-6.3086,3.7544,0.9051,-171.7518,6062.0244,6062.0244
7366,0.55,-2.4643,-0.0350,-6.2931,3.8288,0.9357,-172.1256,5980.0239,5980.0239
7367,0.54,-2.4686,+0.0716,-6.3154,3.8469,0.7777,-169.8405,5953.5410,5953.5410
7368,0.54,-2.1604,-0.1113,-6.3079,4.1475,11.4244,-177.0253,6394.2183,6394.2183
7369,0.53,-2.3807,-0.0972,-6.3385,3.9578,8.8729,-171.1099,5938.5303,5938.5303
7370,0.54,-2.5148,+0.0497,-6.3261,3.8113,2.2087,-175.1245,6237.7549,6237.7549
7371,0.54,-2.3996,+0.0013,-6.3018,3.9022,1.0646,-163.1681,5423.7866,5423.7866
7372,0.55,-2.4878,-0.0352,-6.3247,3.8369,1.1695,-176.1069,6274.8184,6274.8184
7373,0.56,-2.1441,+0.1370,-6.3060,4.1620,20.0353,-163.5568,5478.8115,5478.8115
7374,0.53,-2.4723,-0.0758,-6.3017,3.8294,1.9489,-174.3109,6242.0835,6242.0835
7375,0.54,-2.3279,+0.0460,-6.3282,4.0003,0.7757,-161.3582,5329.8398,5329.8398
7376,0.55,-2.2665,-0.0414,-6.3592,4.0928,1.6400,-177.3315,6468.9648,6468.9648
7377,0.52,-2.4394,+0.0385,-6.3442,3.9049,0.7368,-166.2678,5643.7930,5643.7930
7378,0.54,-2.2846,+0.1084,-6.3542,4.0696,0.7181,-178.6416,6397.6704,6397.6704
7379,0.54,-2.4280,+0.1015,-6.3446,3.9166,1.1079,-163.1290,5445.5352,5445.5352
7380,0.54,-2.1276,-0.0640,-6.3514,4.2237,3.6643,-182.0373,6821.4727,6821.4727
7381,0.54,-2.4373,-0.1155,-6.3471,3.9097,0.6153,-164.1475,5515.8086,5515.8086
7382,0.53,-2.3295,+0.0813,-6.3484,4.0189,0.7803,-180.6098,6648.8286,6648.8286
7383,0.54,-2.4282,-0.0697,-6.3489,3.9207,0.5347,-162.1686,5437.7246,5437.7246
7384,0.53,-2.4443,+0.0207,-6.3327,3.8884,3.9684,-180.3202,6661.6016,6661.6016
7385,0.55,-2.6049,-0.0531,-6.3412,3.7362,0.5436,-165.8462,5669.5430,5669.5430
7386,0.54,-2.3719,+0.0309,-6.3274,3.9555,1.0086,-174.3998,6193.8994,6193.8994
7387,0.55,-2.6016,+0.0471,-6.3088,3.7072,0.6591,-168.6464,5827.8833,5827.8833
7388,0.53,-2.6643,+0.1493,-6.3124,3.6481,5.3747,-177.6942,6435.2422,6435.2422
7389,0.56,-2.5679,+0.1378,-6.3309,3.7630,0.6625,-167.7368,5807.5107,5807.5107
7390,0.54,-2.3944,+0.1821,-6.3120,3.9175,3.0397,-172.6925,6026.7617,6026.7617
7391,0.56,-2.5135,+0.1765,-6.3064,3.7929,3.0928,-170.1841,5934.2144,5934.2144
7392,0.53,-2.3935,-0.0191,-6.3075,3.9140,1.1890,-173.6754,6177.3931,6177.3931
7393,0.55,-2.0682,+0.0763,-6.3279,4.2597,3.1339,-162.4301,5427.7324,5427.7324
7394,0.54,-2.6178,+0.0293,-6.3518,3.7340,0.7784,-171.5344,5971.2188,5971.2188
7395,0.53,-2.1572,-0.0747,-6.3611,4.2039,18.6167,-166.7585,5779.8223,5779.8223
7396,0.55,-2.6020,+0.1659,-6.3348,3.7328,1.0463,-170.1300,5962.6436,5962.6436
7397,0.54,-2.5665,-0.0816,-6.3310,3.7645,0.9517,-171.5534,6007.0225,6007.0225
7398,0.54,-2.4172,+0.0011,-6.3354,3.9181,0.6618,-168.0543,5746.0254,5746.0254
7399,0.56,-2.2727,-0.0924,-6.3297,4.0569,2.4878,-165.8950,5720.4434,5720.4434
7400,0.53,-2.4830,+0.0335,-6.3119,3.8288,0.9426,-178.6039,6688.4873,6688.4873
7401,0.54,-2.3951,-0.0342,-6.3391,3.9440,0.6851,-162.8221,5399.0850,5399.0850
7402,0.55,-2.3597,-0.0428,-6.3493,3.9896,1.4483,-177.6848,6510.2378,6510.2378
7403,0.55,-2.3111,+0.0121,-6.3311,4.0200,2.5329,-163.0405,5437.4961,5437.4961
7404,0.55,-2.3283,+0.0347,-6.3250,3.9966,1.0706,-177.9668,6548.8623,6548.8623
7405,0.53,-2.5170,-0.0134,-6.3609,3.8440,0.9518,-166.7913,5757.6733,5757.6733
7406,0.56,-2.4521,-0.0295,-6.3453,3.8931,3.6023,-166.6265,5684.7266,5684.7266
7407,0.56,-2.5263,+0.0513,-6.3458,3.8194,1.1549,-174.7244,6196.8022,6196.8022
7408,0.55,-2.4849,+0.0650,-6.3293,3.8444,0.7217,-164.2470,5539.2891,5539.2891
7409,0.53,-2.5409,-0.0270,-6.3222,3.7813,1.5225,-176.3165,6273.3364,6273.3364
7410,0.56,-2.4315,-0.0360,-6.3283,3.8969,0.8885,-165.4851,5639.8135,5639.8135
7411,0.56,-2.6572,-0.0141,-6.3137,3.6565,1.3441,-177.6135,6462.2871,6462.2871
7412,0.56,-2.4617,+0.0212,-6.3103,3.8486,0.9916,-167.2355,5698.7383,5698.7383
7413,0.53,-2.4752,+0.0641,-6.3325,3.8574,2.9372,-172.8201,6190.0645,6190.0645
7414,0.55,-2.4598,+0.0623,-6.3177,3.8580,2.1031,-166.2313,5694.3428,5694.3428
7415,0.55,-2.3634,+0.0427,-6.3396,3.9761,1.1445,-181.8986,6813.4902,6813.4902
7416,0.55,-2.4798,-0.1099,-6.3422,3.8623,1.3667,-163.9352,5549.5088,5549.5088
7417,0.56,-2.4737,-0.0070,-6.3486,3.8749,0.5755,-176.1591,6280.9399,6280.9399
7418,0.57,-2.4872,-0.0180,-6.3606,3.8734,0.8249,-163.7989,5576.8457,5576.8457
7419,0.55,-2.4684,+0.0280,-6.3681,3.8997,0.6352,-175.0177,6260.3823,6260.3823
7420,0.55,-2.2581,-0.0182,-6.3679,4.1098,0.9295,-160.2556,5284.6792,5284.6792
7421,0.54,-2.4994,+0.1902,-6.3478,3.8483,1.3769,-176.9922,6417.9512,6417.9512
7422,0.56,-2.3914,+0.0205,-6.3347,3.9432,1.1355,-161.8568,5357.0474,5357.0474
7423,0.54,-2.4655,-0.0108,-6.3331,3.8676,1.9884,-178.2838,6518.9336,6518.9336
7424,0.55,-2.3339,+0.1498,-6.3339,4.0000,0.7658,-163.2314,5447.6489,5447.6489
7425,0.55,-2.2370,+0.0341,-6.3463,4.1093,3.8486,-180.6873,6729.8105,6729.8105
7426,0.53,-2.6854,-0.0802,-6.3287,3.6433,1.1732,-171.5045,6078.4707,6078.4707
7427,0.54,-1.9785,+0.1274,-6.3261,4.3476,17.1308,-163.4479,5520.2354,5520.2354
7428,0.55,-2.4742,-0.0322,-6.3162,3.8419,0.6008,-168.7438,5929.1177,5929.1177
7429,0.54,-2.3476,+0.1319,-6.3288,3.9813,0.6138,-168.6158,5802.5366,5802.5366
7430,0.55,-2.5772,+0.1204,-6.3181,3.7410,0.9023,-173.5927,6278.2114,6278.2114
7431,0.55,-2.4409,-0.0193,-6.3439,3.9030,0.7259,-165.1878,5599.3145,5599.3145
7432,0.54,-2.4054,+0.0984,-6.3300,3.9246,1.3132,-178.1685,6616.3345,6616.3345
7433,0.55,-2.4167,-0.0271,-6.3373,3.9207,0.7927,-162.5246,5467.3213,5467.3213
7434,0.55,-2.4981,+0.0260,-6.3574,3.8593,0.8458,-179.0339,6629.8257,6629.8257
7435,0.55,-2.3101,+0.0675,-6.3554,4.0454,1.0109,-159.1587,5201.1982,5201.1982
7436,0.56,-2.4233,-0.0264,-6.3491,3.9258,2.5817,-175.1669,6391.7129,6391.7129
7437,0.55,-2.2976,-0.0170,-6.3407,4.0431,0.6557,-160.9446,5309.6001,5309.6001
7438,0.52,-2.5135,+0.0130,-6.3389,3.8255,1.2781,-178.4816,6545.7090,6545.7090
7439,0.53,-2.4405,+0.0029,-6.3377,3.8972,1.4733,-163.0198,5444.7886,5444.7886
7440,0.54,-2.6177,-0.0903,-6.3298,3.7121,0.6122,-174.6651,6282.9282,6282.9282
7441,0.53,-2.0517,-0.0478,-6.3223,4.2706,8.9487,-161.7279,5413.6523,5413.6523
7442,0.55,-2.6467,+0.0708,-6.3372,3.6905,0.4532,-169.5248,5881.6597,5881.6597
7443,0.55,-2.5361,-0.1641,-6.3263,3.7901,1.0464,-171.3275,6062.7188,6062.7188
7444,0.56,-2.3152,-0.0250,-6.3576,4.0424,5.0147,-170.2764,6109.2539,6109.2539
7445,0.55,-2.4652,+0.0450,-6.3764,3.9112,1.1026,-162.6267,5455.9429,5455.9429
7446,0.53,-2.6062,+0.0248,-6.3783,3.7721,0.9231,-175.0677,6425.0815,6425.0815
7447,0.54,-2.3533,-0.0200,-6.3720,4.0187,1.0055,-160.6727,5338.7910,5338.7910
7448,0.55,-2.7007,+0.0228,-6.3525,3.6518,1.1376,-173.1723,6175.5493,6175.5493
7449,0.54,-2.3924,+0.0207,-6.3392,3.9468,1.9299,-162.8818,5472.5996,5472.5996
7450,0.55,-2.7007,-0.1902,-6.3380,3.6373,6.3195,-173.9154,6195.4043,6195.4043
7451,0.55,-2.6567,-0.0841,-6.3402,3.6835,6.9116,-169.1787,5898.3169,5898.3169
7452,0.54,-2.7070,-0.0435,-6.3252,3.6182,2.1920,-173.4937,6215.6973,6215.6973
7453,0.55,-2.3248,-0.0950,-6.3527,4.0279,1.2133,-160.4669,5278.3770,5278.3770
7454,0.53,-2.7686,-0.0200,-6.3429,3.5743,1.8935,-174.5168,6295.0752,6295.0752
7455,0.55,-2.4055,+0.0953,-6.3209,3.9153,7.4066,-164.1495,5604.7310,5604.7310
7456,0.55,-2.5747,+0.0299,-6.3281,3.7535,1.3445,-171.7680,6040.7637,6040.7637
7457,0.56,-2.8768,-0.0919,-6.3191,3.4424,17.5772,-172.0739,6048.2520,6048.2520
7458,0.57,-2.5424,+0.1807,-6.3189,3.7765,1.1565,-168.7299,5844.5630,5844.5630
7459,0.55,-2.5601,-0.0073,-6.3374,3.7773,1.5302,-169.6357,5840.3022,5840.3022
7460,0.56,-2.3690,+0.1216,-6.3353,3.9663,1.2300,-163.0647,5476.0024,5476.0024
7461,0.55,-2.5105,+0.0770,-6.3185,3.8080,3.0769,-178.6964,6528.0381,6528.0381
7462,0.55,-2.4284,+0.0007,-6.3357,3.9073,1.3483,-163.3160,5471.4785,5471.4785
7463,0.54,-2.3970,-0.0002,-6.3673,3.9703,1.7124,-175.5048,6325.5249,6325.5249
7464,0.55,-2.4901,-0.0559,-6.3728,3.8826,0.5297,-162.0672,5413.2817,5413.2817
7465,0.53,-2.4035,+0.0489,-6.3596,3.9561,1.3277,-177.4992,6564.9517,6564.9517
7466,0.54,-2.5405,+0.2066,-6.3409,3.8004,0.8684,-172.3118,6205.1787,6205.1787
7467,0.54,-2.4495,-0.1677,-6.3549,3.9055,0.5751,-171.9368,6176.6704,6176.6704
7468,0.56,-2.5343,+0.1366,-6.3629,3.8285,1.0669,-166.5436,5758.6519,5758.6519
7469,0.54,-2.4291,+0.1270,-6.3608,3.9316,1.3357,-172.1962,6175.1484,6175.1484
7470,0.55,-2.5686,-0.1051,-6.3454,3.7769,0.6254,-165.5088,5660.5576,5660.5576
7471,0.54,-2.5066,-0.0849,-6.3477,3.8411,0.9007,-175.1777,6342.4585,6342.4585
7472,0.55,-2.4603,+0.0571,-6.3336,3.8733,0.9687,-166.2788,5759.6499,5759.6499
7473,0.53,-2.4172,-0.0874,-6.3265,3.9093,0.7835,-177.9457,6552.7378,6552.7378
7474,0.54,-2.4067,+0.0356,-6.3426,3.9360,0.6124,-161.8559,5399.4473,5399.4473
7475,0.53,-2.5506,+0.0082,-6.3541,3.8035,0.5826,-177.8161,6481.4834,6481.4834
7476,0.55,-2.3049,-0.0135,-6.3411,4.0362,0.5472,-160.4096,5268.9932,5268.9932
7477,0.55,-2.2779,-0.0927,-6.3591,4.0812,8.0300,-176.8604,6437.5146,6437.5146
7478,0.54,-2.6255,+0.0938,-6.3334,3.7078,0.8972,-167.3637,5686.6909,5686.6909
7479,0.56,-2.2875,-0.2209,-6.3385,4.0510,8.7847,-170.0163,6004.7881,6004.7881
7480,0.55,-2.4566,-0.0761,-6.3805,3.9239,17.9184,-170.0324,5905.4229,5905.4229
7481,0.55,-2.6727,-0.0371,-6.3455,3.6729,0.7913,-166.5966,5714.3560,5714.3560
7482,0.54,-2.6186,+0.0704,-6.3778,3.7592,2.3833,-176.5677,6272.3853,6272.3853
7483,0.56,-2.5720,+0.0972,-6.3856,3.8136,0.6936,-161.3539,5310.0649,5310.0649
7484,0.54,-2.5796,-0.0683,-6.3650,3.7855,2.5710,-175.5014,6260.1738,6260.1738
7485,0.54,-2.4508,+0.1974,-6.3307,3.8799,3.3457,-165.5345,5634.5488,5634.5488
7486,0.54,-2.5629,-0.0937,-6.3647,3.8017,2.1095,-172.0784,6082.7314,6082.7314
7487,0.57,-2.5900,+0.0526,-6.3623,3.7723,2.9351,-165.3038,5578.6562,5578.6562
7488,0.57,-2.6078,+0.0585,-6.3583,3.7504,2.5339,-169.6344,5950.3262,5950.3262
7489,0.54,-2.5228,+0.0573,-6.3499,3.8270,0.7942,-165.9062,5619.0537,5619.0537
7490,0.55,-2.3654,-0.1874,-6.3871,4.0217,1.5287,-165.7082,5671.4238,5671.4238
7491,0.53,-2.1066,-0.1598,-6.3568,4.2501,24.8123,-164.4922,5424.5020,5424.5020
7492,0.53,-2.4189,+0.0818,-6.3361,3.9172,0.5364,-167.9512,5672.9204,5672.9204
7493,0.55,-2.5876,+0.2135,-6.3458,3.7582,7.2501,-172.3169,6096.1055,6096.1055
7494,0.54,-2.4497,+0.0782,-6.3228,3.8731,11.9200,-172.4465,6184.9023,6184.9023
7495,0.55,-2.5836,+0.0685,-6.3155,3.7319,1.0875,-172.1103,6133.1523,6133.1523
7496,0.55,-2.5604,-0.0448,-6.3179,3.7575,0.6799,-166.2013,5638.5127,5638.5127
7497,0.53,-2.3898,-0.1099,-6.3248,3.9350,1.3440,-181.8366,6781.8857,6781.8857
7498,0.55,-2.3715,+0.1232,-6.2866,3.9150,1.0093,-165.6149,5593.4971,5593.4971
7499,0.54,-2.2510,-0.0437,-6.3413,4.0903,7.2987,-177.3871,6449.2681,6449.2681
7500,0.53,-2.4886,-0.0347,-6.3434,3.8549,2.4849,-172.8746,6108.0503,6108.0503
7501,0.54,-2.5288,-0.0806,-6.3430,3.8142,1.1152,-165.1415,5616.8086,5616.8086
7502,0.54,-2.5013,+0.0965,-6.3556,3.8543,0.6900,-175.9791,6359.7085,6359.7085
7503,0.55,-2.2954,-0.0939,-6.3355,4.0401,0.6499,-161.2418,5324.7246,5324.7246
7504,0.53,-2.4671,-0.0179,-6.3553,3.8882,0.9569,-177.7746,6472.9849,6472.9849
7505,0.54,-2.4336,+0.0154,-6.3693,3.9358,0.5905,-161.6598,5375.2480,5375.2480
7506,0.56,-2.4607,-0.0488,-6.3650,3.9043,3.9695,-176.6397,6360.2080,6360.2080
7507,0.55,-2.4626,-0.2103,-6.3337,3.8711,2.3925,-163.8381,5512.7012,5512.7012
7508,0.54,-2.3908,-0.0752,-6.3280,3.9372,13.6489,-173.9877,6198.5596,6198.5596
7509,0.55,-2.4110,+0.0259,-6.3348,3.9239,29.2151,-171.8129,6040.5923,6040.5923
7510,0.54,-2.4220,-0.0185,-6.3465,3.9245,15.7567,-169.7525,5889.9707,5889.9707
7511,0.54,-2.4588,+0.0228,-6.3585,3.8997,4.7017,-166.8780,5736.3433,5736.3433
7512,0.52,-0.3948,-1.0178,-6.3809,5.9861,1350.0798,-168.9541,5917.9941,5917.9941
7513,0.53,-2.5881,-0.0424,-6.3535,3.7654,21.5582,-171.3510,5966.3970,5966.3970
7514,0.55,-2.4270,+0.1571,-6.3682,3.9412,8.7706,-166.8682,5701.8643,5701.8643
7515,0.55,-2.1832,-0.0236,-6.3618,4.1787,12.8159,-166.8234,5710.0840,5710.0840
7516,0.53,-2.5082,+0.0687,-6.3525,3.8443,1.3997,-169.8074,5878.2061,5878.2061
7517,0.55,-2.5049,+0.0291,-6.3550,3.8501,0.7227,-169.4752,5859.7305,5859.7305
7518,0.55,-2.5118,-0.0081,-6.3737,3.8619,0.8223,-171.2009,6026.4316,6026.4316
7519,0.55,-2.5355,-0.1304,-6.3725,3.8370,0.7041,-166.1862,5609.4756,5609.4756
7520,0.53,-2.3124,+0.0772,-6.3543,4.0420,5.5292,-174.3987,6241.9077,6241.9077
7521,0.55,-2.3919,-0.0856,-6.3541,3.9622,5.9088,-168.2981,5796.9541,5796.9541
7522,0.52,-2.2840,-0.0380,-6.3365,4.0524,13.8608,-169.2953,5892.2178,5892.2178
7523,0.54,-2.1074,-0.1284,-6.3415,4.2341,34.3642,-168.4427,5832.4287,5832.4287
7524,0.52,-2.1879,-0.0469,-6.3549,4.1670,26.6353,-167.5769,5761.5098,5761.5098
7525,0.55,-2.0782,+0.2137,-6.3543,4.2762,39.0819,-168.0459,5825.4404,5825.4404
7526,0.54,-2.3435,+0.2459,-6.3447,4.0012,29.6490,-168.4522,5823.5898,5823.5898
7527,0.55,-2.3498,+0.0682,-6.3180,3.9682,14.2720,-172.2551,6076.7280,6076.7280
7528,0.56,-2.4317,+0.0431,-6.3042,3.8725,8.9982,-172.6818,6049.2559,6049.2559
7529,0.55,-2.5307,+0.0611,-6.3186,3.7879,2.0151,-172.3655,6041.6934,6041.6934
7530,0.53,-2.3598,+0.3316,-6.3359,3.9761,2.8446,-160.8063,5287.9209,5287.9209
7531,0.55,-2.5222,+0.0450,-6.3441,3.8220,0.7092,-168.2999,5786.3770,5786.3770
7532,0.53,-2.4432,-0.0834,-6.3422,3.8990,0.9259,-163.4495,5372.8154,5372.8154
7533,0.54,-2.4579,+0.0454,-6.3504,3.8925,1.0649,-176.9083,6387.5093,6387.5093
7534,0.52,-2.1501,+0.0220,-6.3267,4.1765,4.1799,-161.6177,5290.3330,5290.3330
7535,0.54,-2.5000,+0.0230,-6.3482,3.8482,0.6241,-176.9392,6416.6436,6416.6436
7536,0.55,-2.1975,-0.0691,-6.3422,4.1447,0.6296,-160.3876,5275.2104,5275.2104
7537,0.54,-2.5526,-0.0214,-6.3409,3.7883,0.8771,-177.2197,6387.8335,6387.8335
7538,0.55,-2.2925,-0.0824,-6.3394,4.0470,0.7897,-161.3687,5295.6821,5295.6821
7539,0.56,-2.5366,+0.0576,-6.3424,3.8058,0.5533,-176.0691,6267.6782,6267.6782
7540,0.54,-2.1624,+0.0076,-6.2979,4.1355,0.7244,-161.4910,5232.5513,5232.5513
7541,0.54,-2.6400,+0.0782,-6.3002,3.6603,1.6771,-177.7079,6363.0830,6363.0830
7542,0.56,-2.5911,-0.0832,-6.3178,3.7267,0.7516,-169.5574,5875.6182,5875.6182
7543,0.55,-2.6066,+0.2303,-6.3241,3.7175,1.3934,-173.3052,6143.7329,6143.7329
7544,0.57,-2.5638,+0.0739,-6.3109,3.7471,0.8495,-170.1426,5941.4482,5941.4482
7545,0.54,-2.4223,-0.2096,-6.3159,3.8936,12.6933,-171.8645,5993.4707,5993.4707
7546,0.55,-2.3851,+0.0296,-6.3432,3.9581,1.0025,-174.4123,6139.4541,6139.4541
7547,0.54,-2.5144,-0.0278,-6.3286,3.8142,0.8654,-167.0841,5650.0684,5650.0684
7548,0.55,-2.2601,+0.1318,-6.3331,4.0731,3.8093,-178.4621,6564.3799,6564.3799
7549,0.55,-2.4127,+0.1063,-6.3277,3.9150,3.3638,-166.5485,5627.2300,5627.2300
7550,0.53,-2.5650,-0.0099,-6.3287,3.7637,0.6489,-177.4333,6446.4639,6446.4639
7551,0.55,-2.0411,-0.0319,-6.3416,4.3005,8.6651,-159.9300,5204.3901,5204.3901
7552,0.53,-2.6629,+0.0796,-6.3490,3.6861,2.4971,-169.4361,5819.4614,5819.4614
7553,0.56,-2.0562,-0.0121,-6.3457,4.2895,9.1873,-162.6853,5346.8477,5346.8477
7554,0.52,-2.3642,-0.2191,-6.3472,3.9830,27.3437,-169.6885,5865.7363,5865.7363
7555,0.55,-2.5764,-0.1042,-6.3704,3.7940,1.6240,-168.7926,5819.1152,5819.1152
7556,0.53,-2.3983,+0.0771,-6.3721,3.9738,1.2341,-165.9485,5539.2822,5539.2822
7557,0.52,-2.5415,-0.0641,-6.3937,3.8521,1.1130,-171.3983,6056.0283,6056.0283
7558,0.56,-2.3913,+0.0065,-6.3617,3.9704,7.7543,-163.3055,5489.3682,5489.3682
7559,0.53,-2.5714,-0.0119,-6.3654,3.7940,1.8626,-166.8147,5673.9204,5673.9204
7560,0.53,-2.4134,+0.1503,-6.3576,3.9441,13.3614,-172.8881,6159.1411,6159.1411
7561,0.54,-2.7441,+0.0122,-6.3266,3.5824,4.7259,-169.1837,5882.8604,5882.8604
7562,0.54,-1.9537,+0.8996,-6.3436,4.3899,167.9848,-163.9065,5521.7974,5521.7974
7563,0.54,-2.4251,-0.0007,-6.3361,3.9109,0.8598,-169.8228,6003.6006,6003.6006
7564,0.54,-2.5684,-0.0490,-6.3447,3.7763,0.9421,-167.8675,5761.1226,5761.1226
7565,0.54,-2.2854,-0.2055,-6.3494,4.0640,6.2231,-166.8335,5749.6953,5749.6953
7566,0.55,-2.4459,+0.1355,-6.3480,3.9021,0.6532,-170.4496,5983.5586,5983.5586
7567,0.54,-2.3501,+0.0323,-6.3755,4.0254,0.7638,-164.8235,5608.2852,5608.2852
7568,0.52,-2.4892,+0.1196,-6.3750,3.8857,0.5099,-166.9661,5795.4604,5795.4604
7569,0.52,-2.4768,-0.0005,-6.3613,3.8845,0.6254,-164.9927,5571.7358,5571.7358
7570,0.55,-2.5192,-0.0726,-6.3330,3.8138,11.1386,-173.7851,6246.6616,6246.6616
7571,0.55,-2.4760,+0.0381,-6.3418,3.8657,2.6484,-171.1511,6041.2588,6041.2588
7572,0.56,-2.5311,+0.0159,-6.3571,3.8259,1.3206,-167.9177,5806.4473,5806.4473
7573,0.56,-2.3493,+0.2413,-6.3298,3.9806,2.4827,-166.4281,5669.8521,5669.8521
7574,0.52,-2.4007,-0.0770,-6.3470,3.9463,3.6091,-176.5810,6424.9209,6424.9209
7575,0.52,-2.5948,+0.0654,-6.3490,3.7542,1.0112,-167.4646,5705.2656,5705.2656
7576,0.56,-2.5781,+0.0409,-6.3597,3.7816,0.7507,-171.3874,6093.3799,6093.3799
7577,0.54,-2.1354,-0.0710,-6.3600,4.2246,1.9840,-157.3601,5082.2856,5082.2856
7578,0.55,-2.4401,+0.1480,-6.3510,3.9109,12.9195,-168.1721,5724.9570,5724.9570
7579,0.53,-2.6437,+0.0041,-6.3422,3.6984,0.5361,-173.1402,6184.9341,6184.9341
7580,0.54,-1.8505,-0.0829,-6.3218,4.4714,5.3949,-158.8355,5185.2573,5185.2573
7581,0.54,-2.5378,+0.0150,-6.3310,3.7931,2.0942,-174.8064,6252.8872,6252.8872
7582,0.54,-2.3403,-0.0787,-6.3369,3.9965,1.0622,-161.1984,5337.4600,5337.4600
7583,0.53,-2.3257,+0.1763,-6.3540,4.0283,3.7974,-176.5804,6487.7148,6487.7148
7584,0.54,-2.3690,-0.0259,-6.3385,3.9695,0.9497,-166.3320,5749.0615,5749.0615
7585,0.56,-2.4914,+0.0589,-6.3643,3.8729,0.6826,-176.8928,6362.7788,6362.7788
7586,0.53,-2.3236,-0.0273,-6.3825,4.0588,1.2895,-159.4606,5276.2695,5276.2695
7587,0.54,-2.5441,-0.0808,-6.3834,3.8393,0.6404,-175.0027,6296.2061,6296.2061
7588,0.53,-2.5564,-0.0050,-6.4236,3.8672,1.7280,-161.5719,5380.1890,5380.1890
7589,0.56,-2.5258,+0.0828,-6.4067,3.8809,0.7248,-167.3276,5756.3130,5756.3130
7590,0.55,-2.5058,-0.0606,-6.4058,3.9000,0.7412,-163.5478,5641.8457,5641.8457
7591,0.54,-2.3195,-0.1287,-6.3992,4.0798,5.3131,-174.4225,6285.5176,6285.5176
7592,0.53,-2.5721,+0.0265,-6.3964,3.8243,0.5718,-162.0999,5419.7080,5419.7080
7593,0.52,-2.3640,-0.1399,-6.3743,4.0104,1.3681,-180.1940,6676.2515,6676.2515
7594,0.53,-2.6801,-0.0314,-6.3780,3.6979,1.2546,-162.8426,5482.6582,5482.6582
7595,0.55,-2.5374,+0.0452,-6.3554,3.8180,0.8925,-173.2307,6193.9697,6193.9697
7596,0.53,-2.2254,-0.1929,-6.3674,4.1420,1.1408,-158.0786,5188.1172,5188.1172
7597,0.55,-2.4205,-0.2062,-6.3796,3.9591,1.7660,-170.9173,6038.5645,6038.5645
7598,0.56,-2.4351,-0.1429,-6.3988,3.9636,0.6968,-160.3529,5266.1436,5266.1436
7599,0.54,-2.5161,-0.0511,-6.3827,3.8666,0.5990,-175.4614,6253.7979,6253.7979
7600,0.56,-2.4646,-0.0151,-6.3511,3.8865,0.4849,-161.9985,5434.0527,5434.0527
7601,0.56,-2.5196,-0.0109,-6.3688,3.8492,0.4546,-172.8647,6081.1768,6081.1768
7602,0.55,-2.4249,-0.0021,-6.3669,3.9421,0.6022,-160.8833,5394.2090,5394.2090
7603,0.55,-2.4164,-0.0865,-6.3727,3.9563,0.7562,-177.1053,6485.1646,6485.1646
7604,0.55,-2.4189,-0.0553,-6.3365,3.9176,0.4718,-160.9457,5292.0342,5292.0342
7605,0.56,-2.5823,-0.0276,-6.3495,3.7672,0.8070,-175.5091,6307.6553,6307.6553
7606,0.55,-2.1975,-0.1259,-6.3491,4.1516,17.0932,-160.7503,5278.7378,5278.7378
7607,0.57,-2.6960,-0.1169,-6.3445,3.6485,2.9747,-171.8158,6021.4468,6021.4468
7608,0.56,-2.3593,-0.0385,-6.3297,3.9703,0.4819,-160.4698,5281.9707,5281.9707
7609,0.54,-2.5548,+0.0494,-6.3396,3.7848,1.0678,-176.6668,6390.7080,6390.7080
7610,0.54,-2.3124,-0.0097,-6.2983,3.9860,1.2438,-160.6198,5241.2744,5241.2744
7611,0.56,-2.5943,+0.0710,-6.3161,3.7218,1.0072,-176.9407,6358.7705,6358.7705
7612,0.56,-2.3225,-0.1214,-6.3280,4.0055,0.8725,-160.9413,5271.9990,5271.9990
7613,0.54,-2.8048,+0.0407,-6.3487,3.5439,4.7002,-174.5154,6210.9072,6210.9072
7614,0.55,-2.6092,-0.0526,-6.3505,3.7413,0.3405,-166.8954,5683.4141,5683.4141
7615,0.54,-2.4898,+0.0408,-6.3563,3.8666,0.8249,-175.1040,6185.8662,6185.8662
7616,0.56,-2.3501,+0.1283,-6.3560,4.0059,0.6184,-160.6322,5261.9736,5261.9736
7617,0.56,-2.4595,+0.0083,-6.3631,3.9037,8.1804,-176.4617,6407.3501,6407.3501
7618,0.55,-2.6113,-0.0117,-6.3451,3.7337,1.2471,-165.0673,5600.3945,5600.3945
7619,0.57,-2.5915,+0.0070,-6.3510,3.7595,0.7013,-170.7582,6034.5908,6034.5908
7620,0.55,-2.3361,+0.0083,-6.3287,3.9926,1.1401,-162.5212,5375.6328,5375.6328
7621,0.54,-2.3528,-0.1386,-6.3255,3.9727,7.1195,-177.9930,6512.8735,6512.8735
7622,0.54,-2.3244,+0.1432,-6.3401,4.0157,36.0336,-166.7640,5757.3779,5757.3779
7623,0.55,-2.5455,+0.1449,-6.3619,3.8164,1.6208,-172.6485,6198.7563,6198.7563
7624,0.54,-2.5091,+0.1248,-6.3753,3.8661,0.5655,-164.1481,5543.2451,5543.2451
7625,0.54,-2.2130,+0.0329,-6.3809,4.1678,1.4074,-179.5872,6751.4971,6751.4971
7626,0.55,-2.5937,+0.0105,-6.3792,3.7855,0.5446,-161.5023,5410.3452,5410.3452
7627,0.55,-2.2794,-0.1165,-6.3913,4.1119,3.3743,-177.8121,6564.6465,6564.6465
7628,0.54,-2.6316,+0.0466,-6.3805,3.7489,0.5526,-164.3409,5603.4805,5603.4805
7629,0.55,-2.2823,-0.0943,-6.3660,4.0837,0.5961,-175.5020,6429.5781,6429.5781
7630,0.55,-2.3369,+0.1461,-6.3863,4.0494,1.5014,-160.7928,5363.3647,5363.3647
7631,0.55,-2.6512,-0.0659,-6.3847,3.7336,0.7946,-168.4822,5825.1489,5825.1489
7632,0.54,-2.4471,-0.0400,-6.3891,3.9420,0.7460,-162.4595,5492.6084,5492.6084
7633,0.57,-2.5356,+0.0486,-6.3550,3.8194,0.6414,-173.7652,6293.8599,6293.8599
7634,0.56,-2.3804,+0.0669,-6.3579,3.9776,0.8631,-162.8524,5507.3540,5507.3540
7635,0.54,-2.5341,+0.1371,-6.3434,3.8093,1.6999,-175.9765,6434.2354,6434.2354
7636,0.55,-2.3880,-0.0815,-6.3623,3.9743,1.6688,-159.7625,5293.6758,5293.6758
7637,0.56,-2.5896,+0.0849,-6.3626,3.7730,0.6138,-175.8763,6345.9062,6345.9062
7638,0.55,-2.2783,+0.0818,-6.3550,4.0766,0.8048,-159.1372,5236.4868,5236.4868
7639,0.56,-2.3075,-0.4833,-6.3627,4.0552,33.5416,-168.4333,5841.7129,5841.7129
7640,0.56,-2.6408,+0.0297,-6.3566,3.7158,1.4955,-173.1642,6091.4927,6091.4927
7641,0.56,-2.5584,+0.0180,-6.3254,3.7670,4.5531,-167.5021,5767.2217,5767.2217
7642,0.55,-2.5203,+0.1464,-6.3258,3.8055,2.7711,-170.7993,5951.9575,5951.9575
7643,0.54,-2.4584,+0.0095,-6.3256,3.8673,2.2602,-173.1420,6188.4590,6188.4590
7644,0.55,-2.3878,+0.0628,-6.3611,3.9734,13.2449,-167.8162,5807.8721,5807.8721
7645,0.55,-2.5758,+0.1809,-6.3683,3.7926,6.4418,-168.7897,5859.3159,5859.3159
7646,0.54,-2.1884,-0.2066,-6.3917,4.2033,43.6006,-165.8956,5706.3438,5706.3438
7647,0.54,-2.1024,-0.0967,-6.3890,4.2866,30.0076,-166.5175,5802.1709,5802.1709
7648,0.55,-2.2755,-0.0604,-6.3677,4.0922,28.6776,-168.2811,5886.2686,5886.2686
7649,0.55,-2.1313,+0.0594,-6.3582,4.2269,42.2107,-169.0333,5916.9307,5916.9307
7650,0.55,-2.2498,+0.0142,-6.3841,4.1342,20.7457,-165.5134,5665.9297,5665.9297
7651,0.55,-5.5319,+0.7063,-6.3823,0.8504,2134.9187,-163.2556,5324.0981,5324.0981
7652,0.54,-2.8842,-0.9807,-6.3800,3.4958,34.7547,-164.9101,5608.8335,5608.8335
7653,0.53,-2.1117,+0.0366,-6.3981,4.2863,31.8389,-164.5769,5617.4873,5617.4873
7654,0.56,-2.2695,-0.0854,-6.3938,4.1244,40.5643,-165.7356,5702.6719,5702.6719
7655,0.54,-2.4816,-0.0086,-6.3805,3.8989,40.8042,-168.1292,5853.3936,5853.3936
7656,0.54,-2.0886,-0.0178,-6.3931,4.3045,55.3595,-165.9507,5733.5664,5733.5664
7657,0.53,-2.3935,-0.0277,-6.3776,3.9841,12.6051,-167.5874,5820.8896,5820.8896
7658,0.53,-2.3728,+0.1257,-6.3761,4.0033,7.1593,-167.8953,5834.5459,5834.5459
7659,0.53,-2.7688,+0.0478,-6.3748,3.6060,6.6898,-167.7105,5817.0273,5817.0273
7660,0.54,-2.6898,+0.0736,-6.3709,3.6811,1.0574,-167.7465,5834.0718,5834.0718
7661,0.55,-2.4118,-0.0577,-6.3599,3.9481,3.0401,-166.4016,5657.7822,5657.7822
7662,0.53,-2.4766,+0.1559,-6.3901,3.9135,1.0834,-170.3574,6033.7417,6033.7417
7663,0.53,-2.4763,-0.1194,-6.4068,3.9305,0.5012,-169.9479,6015.3936,6015.3936
7664,0.56,-2.3927,-0.0322,-6.3825,3.9897,0.6797,-161.1916,5410.9365,5410.9365
7665,0.53,-2.3848,-0.0226,-6.3764,3.9916,0.6461,-176.4802,6463.4468,6463.4468
7666,0.55,-2.3131,+0.0745,-6.3708,4.0577,0.5704,-159.3843,5256.8369,5256.8369
7667,0.53,-1.6453,+0.0953,-6.3796,4.7343,60.8214,-176.1691,6469.7773,6469.7773
7668,0.52,-2.5066,-0.0360,-6.3787,3.8721,0.7131,-167.9864,5874.3218,5874.3218
7669,0.54,-2.4673,+0.0043,-6.3574,3.8902,0.8723,-170.2191,6002.2549,6002.2549
7670,0.54,-2.4209,+0.1928,-6.3650,3.9441,0.7826,-173.7175,6355.3374,6355.3374
7671,0.55,-2.2578,-0.0157,-6.3685,4.1107,1.0711,-160.8867,5450.3350,5450.3350
7672,0.53,-2.4871,+0.0655,-6.3607,3.8736,1.1220,-177.4901,6561.9170,6561.9170
7673,0.55,-2.3856,-0.0325,-6.3524,3.9668,0.8506,-160.7851,5396.7974,5396.7974
7674,0.54,-2.1524,+0.2163,-6.3663,4.2139,31.0730,-178.3305,6578.2271,6578.2271
7675,0.53,-2.7181,-0.0917,-6.3482,3.6301,1.8678,-170.7660,6055.3535,6055.3535
7676,0.55,-2.2540,-0.0321,-6.3519,4.0979,0.7416,-159.8296,5223.2666,5223.2666
7677,0.55,-2.5661,+0.0691,-6.3709,3.8048,0.6960,-174.6569,6329.2891,6329.2891
7678,0.54,-2.1562,+0.0405,-6.3575,4.2013,0.8338,-158.1807,5130.4824,5130.4824
7679,0.56,-2.6744,+0.0122,-6.3409,3.6665,1.6987,-176.3647,6286.1738,6286.1738
7680,0.55,-2.5532,+0.0975,-6.3509,3.7978,0.7595,-163.1201,5455.0112,5455.0112
7681,0.56,-2.4632,-0.0114,-6.3583,3.8951,1.4291,-176.4962,6423.2861,6423.2861
7682,0.56,-2.4354,+0.0066,-6.3543,3.9189,2.4776,-159.9565,5277.2271,5277.2271
7683,0.57,-2.5566,-0.0677,-6.3743,3.8177,2.2476,-170.7630,5979.0840,5979.0840
7684,0.55,-2.4928,+0.0156,-6.3751,3.8823,1.2991,-158.7353,5182.3848,5182.3848
7685,0.53,-2.4314,-0.0337,-6.3960,3.9646,1.6453,-174.0708,6259.1846,6259.1846
7686,0.56,-2.4756,+0.0227,-6.3937,3.9180,1.1762,-158.0046,5138.3818,5138.3818
7687,0.54,-2.5184,+0.0090,-6.3913,3.8729,1.1822,-174.5464,6249.6484,6249.6484
7688,0.54,-2.3227,-0.1016,-6.3719,4.0491,0.8642,-157.9234,5092.4307,5092.4307
7689,0.56,-2.5996,+0.0010,-6.3687,3.7691,0.6967,-174.1080,6192.5469,6192.5469
7690,0.56,-2.3970,+0.1105,-6.3776,3.9806,1.0071,-157.1183,4992.1035,4992.1035
7691,0.55,-2.6241,+0.0856,-6.3661,3.7420,0.8358,-170.6392,5947.6655,5947.6655
7692,0.54,-2.5515,+0.0514,-6.3544,3.8028,0.5472,-164.8797,5503.3706,5503.3706
7693,0.55,-2.3285,+0.0917,-6.3534,4.0249,1.5474,-160.1087,5220.4287,5220.4287
7694,0.56,-2.7078,+0.0590,-6.3245,3.6167,0.6356,-173.8416,6196.3633,6196.3633
7695,0.55,-2.3211,+0.0094,-6.3327,4.0116,0.7671,-160.2515,5322.7627,5322.7627
7696,0.55,-2.6038,+0.0403,-6.3563,3.7525,0.6518,-174.7139,6266.4370,6266.4370
7697,0.55,-1.3878,-0.6375,-6.3752,4.9874,227.0269,-157.1464,5102.3145,5102.3145
7698,0.55,-2.5883,+0.1111,-6.3597,3.7714,9.7648,-163.7854,5530.3784,5530.3784
7699,0.57,-2.4838,+0.1008,-6.3539,3.8701,5.6692,-163.8145,5546.7129,5546.7129
7700,0.55,-2.4132,+0.0622,-6.3579,3.9447,2.2389,-164.7233,5590.5220,5590.5220
7701,0.54,-2.5871,+0.0431,-6.3690,3.7819,4.0050,-169.4118,5853.7402,5853.7402
7702,0.54,-2.6157,+0.1198,-6.3595,3.7438,0.6323,-171.4967,5949.3203,5949.3203
7703,0.55,-2.2319,-0.0214,-6.3481,4.1162,1.1022,-159.6591,5168.1328,5168.1328
7704,0.55,-2.5132,+0.1027,-6.3434,3.8302,1.0660,-177.6348,6473.4844,6473.4844
7705,0.55,-2.4252,-0.0379,-6.3463,3.9211,0.8416,-161.4144,5302.5811,5302.5811
7706,0.55,-2.6513,-0.1152,-6.3694,3.7181,0.9408,-173.3537,6195.2178,6195.2178
7707,0.56,-2.3099,+0.0695,-6.3556,4.0457,1.5076,-158.9735,5171.8091,5171.8091
7708,0.55,-2.5576,+0.0138,-6.3626,3.8050,1.9677,-174.0796,6248.4229,6248.4229
7709,0.55,-2.4817,-0.0050,-6.4048,3.9231,6.4419,-162.9164,5422.6826,5422.6826
7710,0.54,-2.4512,+0.1182,-6.3894,3.9382,6.2727,-165.8802,5651.7837,5651.7837
7711,0.54,-2.6224,+0.1057,-6.3923,3.7699,5.1265,-167.5988,5797.8174,5797.8174
7712,0.54,-2.6720,+0.0736,-6.3781,3.7062,0.8658,-170.9565,6044.9082,6044.9082
7713,0.54,-2.2044,+0.2189,-6.3719,4.1675,1.4849,-156.4652,4981.7183,4981.7183
7714,0.54,-2.6259,+0.0238,-6.3623,3.7363,1.0875,-171.5570,6050.5649,6050.5649
7715,0.55,-2.3904,-0.0934,-6.3728,3.9823,2.5456,-163.6397,5436.7168,5436.7168
7716,0.55,-2.4304,+0.0901,-6.3752,3.9448,5.9762,-170.8008,5938.2256,5938.2256
7717,0.54,-2.5193,-0.0869,-6.3750,3.8557,3.3701,-167.0390,5755.0508,5755.0508
7718,0.55,-2.4093,-0.0181,-6.3537,3.9444,10.0212,-163.9305,5440.5083,5440.5083
7719,0.53,-2.7248,-0.0023,-6.3644,3.6396,1.1341,-168.4245,5772.4229,5772.4229
7720,0.55,-2.3865,+0.0301,-6.3637,3.9772,1.1593,-160.1873,5274.2070,5274.2070
7721,0.54,-2.4435,+0.0861,-6.3657,3.9222,0.9514,-177.2293,6444.7383,6444.7383
7722,0.56,-2.3072,+0.0333,-6.3469,4.0397,1.3314,-159.8343,5237.7998,5237.7998
7723,0.54,-2.4711,+0.2079,-6.3398,3.8688,1.8624,-174.5551,6260.5693,6260.5693
7724,0.55,-2.4827,-0.1388,-6.3631,3.8804,1.9656,-159.6059,5175.5146,5175.5146
7725,0.53,-2.5966,+0.0016,-6.3563,3.7597,1.7679,-174.7306,6263.6377,6263.6377
7726,0.55,-2.3830,-0.0335,-6.3808,3.9978,1.0696,-158.2294,5096.5234,5096.5234
7727,0.53,-2.5647,-0.0176,-6.3723,3.8076,1.0550,-171.6380,6046.6592,6046.6592
7728,0.54,-2.4694,+0.0243,-6.3604,3.8911,0.9083,-157.9385,5076.3970,5076.3970
7729,0.55,-2.4607,-0.1095,-6.3792,3.9185,3.6468,-173.7614,6213.7822,6213.7822
7730,0.54,-2.4059,-0.0264,-6.3765,3.9706,0.7099,-171.9477,6014.0654,6014.0654
7731,0.55,-2.7231,+0.0484,-6.3838,3.6606,1.9652,-161.9513,5389.0762,5389.0762
7732,0.56,-2.5997,+0.0241,-6.3874,3.7877,1.0509,-163.1619,5440.4297,5440.4297
7733,0.55,-2.3588,+0.1424,-6.3908,4.0320,2.9118,-168.2030,5739.6367,5739.6367
7734,0.55,-2.1665,-0.0236,-6.3843,4.2178,18.9492,-160.5936,5294.8555,5294.8555
7735,0.54,-2.6974,-0.1125,-6.3807,3.6833,0.6688,-169.1635,5864.3501,5864.3501
7736,0.55,-2.3784,-0.0375,-6.3631,3.9847,0.5753,-161.7462,5401.1992,5401.1992
7737,0.55,-2.5267,+0.0229,-6.3675,3.8408,0.8112,-173.8866,6172.4316,6172.4316
7738,0.54,-2.3999,+0.0356,-6.3515,3.9516,1.1419,-162.8546,5426.8096,5426.8096
7739,0.55,-2.3600,+0.0288,-6.3581,3.9981,3.0615,-175.7550,6284.4482,6284.4482
7740,0.55,-2.5667,+0.1433,-6.3422,3.7755,1.3690,-160.3469,5225.5962,5225.5962
7741,0.54,-2.6588,-0.0500,-6.3498,3.6911,0.8804,-174.3208,6237.6758,6237.6758
7742,0.57,-2.4596,+0.0018,-6.3419,3.8823,0.6616,-162.0615,5388.1562,5388.1562
7743,0.56,-2.3154,+0.0941,-6.3431,4.0277,9.1495,-173.6468,6139.9326,6139.9326
7744,0.55,-2.5785,+0.0008,-6.3559,3.7774,0.8804,-169.5107,5820.4971,5820.4971
7745,0.55,-2.5673,+0.0156,-6.3361,3.7688,0.6750,-165.1762,5539.5977,5539.5977
7746,0.55,-2.0458,+0.1384,-6.3500,4.3041,24.8814,-172.8417,6109.7627,6109.7627
7747,0.55,-2.6599,-0.0082,-6.3545,3.6946,0.9385,-170.6974,5946.9658,5946.9658
7748,0.56,-2.3509,+0.0322,-6.3510,4.0001,0.4508,-160.4066,5278.0342,5278.0342
7749,0.55,-2.4593,+0.0021,-6.3259,3.8666,0.7141,-176.4141,6367.2144,6367.2144
7750,0.55,-2.7309,-0.0431,-6.3356,3.6047,6.4001,-165.1946,5513.3506,5513.3506
7751,0.53,-2.6547,-0.0301,-6.3573,3.7026,0.6246,-165.4592,5574.5063,5574.5063
7752,0.57,-2.6948,+0.0690,-6.3362,3.6413,0.7248,-174.1091,6178.8828,6178.8828
7753,0.55,-2.4242,+0.0774,-6.3465,3.9223,0.5835,-159.2876,5185.6392,5185.6392
7754,0.56,-2.5543,+0.0957,-6.3666,3.8123,1.0555,-174.8036,6276.4194,6276.4194
7755,0.55,-2.4441,+0.0622,-6.3708,3.9267,0.8382,-158.4135,5147.1113,5147.1113
7756,0.55,-2.6232,+0.1059,-6.3918,3.7685,0.8952,-175.4327,6298.5542,6298.5542
7757,0.56,-2.4183,-0.0166,-6.3837,3.9654,0.6903,-157.0358,4988.1328,4988.1328
7758,0.55,-2.5861,+0.0081,-6.3989,3.8128,1.0989,-174.4089,6220.7173,6220.7173
7759,0.56,-2.5649,-0.0462,-6.4034,3.8385,1.8736,-157.6338,5054.6484,5054.6484
7760,0.54,-2.7514,+0.0123,-6.4111,3.6597,0.6448,-166.4772,5636.5317,5636.5317
7761,0.54,-2.5104,+0.1137,-6.3901,3.8797,0.9232,-162.4806,5387.3022,5387.3022
7762,0.54,-2.4554,-0.0226,-6.3753,3.9199,1.4294,-169.4251,5799.0850,5799.0850
7763,0.56,-2.4042,-0.0749,-6.3709,3.9667,1.5154,-161.0319,5297.9268,5297.9268
7764,0.55,-2.4957,-0.2463,-6.3780,3.8823,1.9373,-174.7214,6257.4941,6257.4941
7765,0.53,-2.6404,-0.0151,-6.3637,3.7232,0.8069,-164.3884,5464.2754,5464.2754
7766,0.54,-2.5679,-0.0071,-6.3791,3.8112,1.4803,-175.0375,6289.6191,6289.6191
7767,0.55,-2.5642,-0.0111,-6.3880,3.8238,1.0324,-161.4904,5372.1157,5372.1157
7768,0.56,-2.5669,+0.0132,-6.3742,3.8073,1.2799,-172.4419,6033.8174,6033.8174
7769,0.54,-2.3752,+0.1357,-6.3715,3.9964,5.3313,-160.4365,5234.1729,5234.1729
7770,0.55,-2.6708,+0.0026,-6.3694,3.6986,0.5576,-168.6949,5816.6182,5816.6182
7771,0.54,-2.5058,-0.0415,-6.3880,3.8822,0.6655,-159.0332,5140.4297,5140.4297
7772,0.53,-0.3474,-0.3439,-6.3928,6.0454,872.3721,-174.2852,6289.3428,6289.3428
7773,0.52,-2.1351,-0.1784,-6.3553,4.2202,20.0654,-175.1850,6308.5615,6308.5615
7774,0.54,-2.5580,-0.1031,-6.3614,3.8033,0.9573,-172.4624,6128.8423,6128.8423
7775,0.55,-1.6665,-0.9238,-6.3597,4.6932,288.5013,-167.7645,5829.6602,5829.6602
7776,0.55,-2.6959,+0.0041,-6.3755,3.6797,2.1475,-168.1360,5835.1543,5835.1543
7777,0.56,-2.6275,-0.0388,-6.3674,3.7399,0.5237,-168.5062,5851.3657,5851.3657
7778,0.54,-2.6582,-0.0971,-6.3542,3.6961,1.7788,-169.6253,5979.7109,5979.7109
7779,0.53,-2.6643,+0.0778,-6.3722,3.7080,1.1053,-167.8796,5839.6123,5839.6123
7780,0.54,-2.6264,-0.0503,-6.3903,3.7639,1.7617,-163.6462,5550.2266,5550.2266
7781,0.55,-2.6648,-0.0569,-6.3727,3.7078,0.7627,-167.8285,5858.0234,5858.0234
7782,0.55,-2.6030,+0.0250,-6.3584,3.7554,1.7168,-166.0961,5647.8232,5647.8232
7783,0.56,-2.5566,+0.0795,-6.3854,3.8287,0.7091,-168.7031,5922.5249,5922.5249
7784,0.54,-2.4081,-0.0958,-6.3865,3.9784,4.1569,-161.6308,5381.0405,5381.0405
7785,0.54,-2.6082,-0.1600,-6.3675,3.7593,3.3440,-167.4649,5830.3145,5830.3145
7786,0.55,-2.4951,+0.0139,-6.3581,3.8630,3.4895,-166.8832,5737.9883,5737.9883
7787,0.54,-2.7292,+0.2994,-6.3857,3.6565,1.7490,-168.8101,5951.3584,5951.3584
7788,0.53,-2.7072,-0.0093,-6.4010,3.6938,0.9201,-167.7174,5777.4507,5777.4507
7789,0.54,-2.5371,-0.1010,-6.3772,3.8401,0.7035,-160.9637,5260.7031,5260.7031
7790,0.55,-2.4254,+0.0122,-6.3554,3.9300,1.5082,-175.4341,6309.9058,6309.9058
7791,0.54,-2.3532,+0.0469,-6.3638,4.0106,0.5894,-157.7999,5088.5513,5088.5513
7792,0.54,-2.6998,+0.0116,-6.3553,3.6555,0.9546,-176.4986,6364.4492,6364.4492
7793,0.55,-2.4402,-0.0180,-6.3614,3.9212,1.1024,-158.6302,5118.9062,5118.9062
7794,0.55,-2.6587,-0.0239,-6.3569,3.6982,0.8212,-175.0724,6254.4077,6254.4077
7795,0.54,-2.3235,+0.0984,-6.3738,4.0503,0.9132,-157.8509,5048.3398,5048.3398
7796,0.53,-2.4729,+0.1161,-6.3946,3.9217,3.7678,-174.0849,6171.4658,6171.4658
7797,0.54,-2.6942,+0.0228,-6.3991,3.7049,0.5590,-160.9844,5279.9902,5279.9902
7798,0.55,-2.3087,-0.2530,-6.3651,4.0564,10.8316,-175.6351,6326.4561,6326.4561
7799,0.54,-2.6301,+0.1091,-6.3876,3.7576,0.9007,-168.2561,5748.4497,5748.4497
7800,0.55,-2.4602,-0.0737,-6.3803,3.9201,0.5927,-159.3656,5141.0303,5141.0303
7801,0.54,-2.5876,+0.0258,-6.3740,3.7863,0.7610,-170.8663,5985.3516,5985.3516
7802,0.55,-2.4619,+0.0320,-6.3773,3.9154,3.4465,-163.1945,5488.3789,5488.3789
7803,0.53,-2.7431,+0.0765,-6.3792,3.6362,0.9871,-170.4996,5954.8345,5954.8345
7804,0.55,-0.2715,+0.3554,-6.3627,6.0912,734.8004,-156.8555,5168.1387,5168.1387
7805,0.55,-2.2393,+0.0416,-6.3786,4.1393,5.3212,-159.5552,5233.4131,5233.4131
7806,0.55,-2.6496,-0.0812,-6.3863,3.7367,0.6341,-162.9927,5430.7461,5430.7461
7807,0.55,-2.4028,+0.0642,-6.3812,3.9784,3.4915,-169.3514,5862.9644,5862.9644
7808,0.53,-2.4583,+0.0786,-6.3912,3.9329,0.5475,-162.6575,5459.0527,5459.0527
7809,0.57,-2.6532,+0.0819,-6.3848,3.7316,1.4199,-167.0854,5744.4570,5744.4570
7810,0.55,-2.5468,+0.0177,-6.4057,3.8589,1.0131,-162.1292,5479.3828,5479.3828
7811,0.58,-2.5343,+0.0744,-6.4065,3.8722,0.8109,-166.0525,5655.8037,5655.8037
7812,0.56,-2.4233,+0.0137,-6.4043,3.9810,1.7097,-161.7312,5487.0449,5487.0449
7813,0.53,-2.6599,+0.0220,-6.4022,3.7422,0.8732,-169.5247,5882.7773,5882.7773
7814,0.53,-2.3141,+0.1460,-6.4238,4.1097,6.4662,-154.0721,4872.6060,4872.6060
7815,0.54,-2.8347,-0.1591,-6.3901,3.5553,2.2960,-168.5784,5845.0171,5845.0171
7816,0.55,-2.7356,+0.0025,-6.3993,3.6637,0.6742,-163.5821,5480.4165,5480.4165
7817,0.55,-2.4976,-0.1027,-6.3805,3.8829,0.5512,-171.4199,6011.3457,6011.3457
7818,0.55,-2.6131,+0.0615,-6.3821,3.7691,0.9881,-162.4752,5475.8066,5475.8066
7819,0.59,-2.6838,+0.1511,-6.4020,3.7182,1.0398,-169.2970,5855.8242,5855.8242
7820,0.55,-2.3840,+0.0849,-6.4107,4.0267,1.1981,-157.2989,5128.7764,5128.7764
7821,0.57,-2.6301,-0.1417,-6.4027,3.7726,1.2083,-171.6010,6050.9995,6050.9995
7822,0.55,-2.5793,-0.0067,-6.4015,3.8222,0.5703,-164.7631,5586.8384,5586.8384
7823,0.54,-2.4524,-0.0306,-6.3908,3.9384,1.9310,-173.1870,6282.6455,6282.6455
7824,0.54,-2.5536,-0.2104,-6.3796,3.8260,5.4754,-164.2780,5550.9316,5550.9316
7825,0.53,-2.7733,-0.1141,-6.3800,3.6067,1.5196,-169.3682,5851.4795,5851.4795
7826,0.55,-2.4784,-0.0501,-6.3738,3.8954,2.0334,-166.2601,5729.9053,5729.9053
7827,0.55,-2.7747,-0.0572,-6.3877,3.6130,1.7113,-170.2741,5886.7637,5886.7637
7828,0.54,-2.5231,-0.1646,-6.3652,3.8421,1.1756,-161.8975,5350.3501,5350.3501
7829,0.56,-2.6180,-0.0147,-6.3661,3.7480,0.6558,-169.3699,5972.8711,5972.8711
7830,0.56,-2.0231,+0.1861,-6.3703,4.3472,40.8527,-160.8293,5268.9697,5268.9697
7831,0.55,-2.7002,-0.0506,-6.3821,3.6819,2.8808,-166.8283,5683.1357,5683.1357
7832,0.54,-2.7554,+0.1084,-6.4010,3.6456,1.2519,-167.0070,5687.1992,5687.1992
7833,0.53,-2.3908,+0.0163,-6.3895,3.9986,0.9651,-158.6878,5132.1875,5132.1875
7834,0.56,-2.4932,+0.0094,-6.3921,3.8989,5.7773,-170.7801,5945.7085,5945.7085
7835,0.55,-2.6865,+0.0328,-6.3898,3.7033,4.6406,-165.0673,5579.5703,5579.5703
7836,0.56,-2.5206,+0.0825,-6.3704,3.8498,0.6765,-162.0895,5389.6411,5389.6411
7837,0.55,-2.5788,-0.0165,-6.3916,3.8128,0.5933,-171.7292,5953.5518,5953.5518
7838,0.54,-2.4526,-0.0626,-6.3884,3.9358,0.8209,-157.6985,5082.3179,5082.3179
7839,0.57,-2.6239,+0.0666,-6.3860,3.7621,0.8444,-172.5611,6149.4717,6149.4717
7840,0.56,-2.3254,+0.0005,-6.3745,4.0491,0.6676,-156.7524,5028.0630,5028.0630
7841,0.55,-2.6375,-0.1027,-6.3739,3.7364,1.9248,-172.9118,6113.6631,6113.6631
7842,0.57,-2.6657,-0.0015,-6.3901,3.7244,0.7732,-160.6758,5290.5850,5290.5850
7843,0.56,-2.5828,+0.0512,-6.3938,3.8110,3.0705,-175.4536,6262.0986,6262.0986
7844,0.57,-2.7049,-0.1093,-6.3665,3.6616,0.4696,-162.6728,5420.2715,5420.2715
7845,0.56,-2.4416,+0.1675,-6.3854,3.9438,2.1135,-173.5578,6216.5767,6216.5767
7846,0.54,-2.6985,-0.0035,-6.3909,3.6924,10.2061,-158.2889,5178.5879,5178.5879
7847,0.54,-2.7601,-0.1028,-6.3733,3.6131,0.6110,-167.0792,5725.8940,5725.8940
7848,0.57,-2.6744,-0.0198,-6.3561,3.6817,0.7415,-162.6386,5403.3120,5403.3120
7849,0.55,-2.5206,+0.0165,-6.3724,3.8518,0.6922,-168.7287,5804.2705,5804.2705
7850,0.57,-2.5303,+0.0235,-6.3685,3.8383,0.7065,-159.8547,5275.6572,5275.6572
7851,0.56,-2.4598,-0.0187,-6.3682,3.9084,1.5312,-175.5868,6376.9170,6376.9170
7852,0.56,-2.5618,-0.0378,-6.3725,3.8107,3.0052,-159.9233,5269.5845,5269.5845
7853,0.56,-2.4496,-0.2798,-6.3770,3.9275,22.8031,-168.0200,5784.5801,5784.5801
7854,0.54,-2.6225,-0.0415,-6.3874,3.7649,0.5477,-161.5092,5313.0801,5313.0801
7855,0.53,-2.5988,-0.0755,-6.3942,3.7954,0.7551,-169.6709,5897.9375,5897.9375
7856,0.56,-2.4297,-0.0044,-6.3547,3.9249,0.5241,-159.2295,5188.9214,5188.9214
7857,0.56,-2.5664,-0.1007,-6.3832,3.8168,1.1173,-172.9897,6076.8862,6076.8862
7858,0.54,-2.5299,+0.0447,-6.3957,3.8659,0.5924,-158.9164,5123.8574,5123.8574
7859,0.54,-2.1659,+0.0578,-6.3966,4.2307,24.6555,-173.3292,6146.9458,6146.9458
7860,0.56,-2.7328,+0.0283,-6.3821,3.6494,0.6059,-163.2198,5383.1426,5383.1426
7861,0.55,-2.5637,+0.2183,-6.3963,3.8326,8.2423,-173.2551,6109.2690,6109.2690
7862,0.55,-2.5560,-0.1279,-6.3971,3.8411,1.2562,-162.3533,5431.7246,5431.7246
7863,0.54,-2.4434,-0.0841,-6.4077,3.9643,1.7806,-172.2520,6074.9219,6074.9219
7864,0.54,-2.7917,+0.0181,-6.3930,3.6013,2.9793,-164.4132,5528.9336,5528.9336
7865,0.54,-2.7380,+0.0281,-6.3938,3.6558,0.9651,-167.6857,5756.6353,5756.6353
7866,0.58,-2.5839,+0.1673,-6.4087,3.8248,1.4944,-162.8509,5390.0674,5390.0674
7867,0.54,-2.6340,-0.1543,-6.4110,3.7771,0.8309,-162.1994,5380.7783,5380.7783
7868,0.54,-2.4939,+0.0204,-6.3891,3.8952,2.8965,-160.9439,5257.7783,5257.7783
7869,0.55,-2.8112,+0.0662,-6.4153,3.6041,0.7128,-165.0712,5566.0020,5566.0020
7870,0.55,-2.6636,+0.0737,-6.4124,3.7488,3.6835,-165.7531,5577.6489,5577.6489
7871,0.55,-2.3330,+0.0499,-6.4010,4.0680,11.5956,-159.3834,5156.7852,5156.7852
7872,0.56,-2.2682,+0.1414,-6.4124,4.1442,13.6583,-159.6815,5198.4727,5198.4727
7873,0.53,-2.2025,+0.0217,-6.4024,4.1999,29.9838,-161.9566,5349.9199,5349.9199
7874,0.56,-2.3449,-0.0819,-6.4026,4.0578,26.6629,-162.1182,5349.2168,5349.2168
7875,0.55,-2.2045,+0.1965,-6.3990,4.1946,30.7379,-162.5080,5422.8574,5422.8574
7876,0.56,-2.3958,+0.1476,-6.3770,3.9812,23.2675,-163.0578,5442.2690,5442.2690
7877,0.54,-2.1863,+0.1204,-6.3680,4.1817,18.6182,-164.7430,5562.8413,5562.8413
7878,0.53,-2.6856,+0.0292,-6.3796,3.6940,1.2444,-164.7910,5534.5801,5534.5801
7879,0.55,-2.6887,-0.0830,-6.3602,3.6714,5.4425,-167.1227,5690.8604,5690.8604
7880,0.53,-2.4567,+0.0505,-6.3812,3.9245,0.7937,-159.3483,5159.0195,5159.0195
7881,0.55,-2.5543,-0.0261,-6.3861,3.8318,0.5989,-172.7355,6121.1279,6121.1279
7882,0.54,-2.4643,+0.0594,-6.4124,3.9482,1.0388,-155.1032,4921.8516,4921.8516
7883,0.57,-2.6598,-0.0310,-6.4239,3.7641,1.4690,-167.9803,5764.3760,5764.3760
7884,0.56,-2.4739,-0.0037,-6.4007,3.9267,0.6726,-155.6651,4927.4160,4927.4160
7885,0.56,-2.6558,+0.0468,-6.3975,3.7417,0.7316,-172.8371,6083.6045,6083.6045
7886,0.56,-2.3166,+0.0965,-6.3616,4.0450,0.8419,-156.5230,5018.0879,5018.0879
7887,0.57,-2.6945,+0.1130,-6.3586,3.6641,1.0835,-171.0722,6021.8755,6021.8755
7888,0.56,-2.3419,-0.0894,-6.3741,4.0321,1.2343,-161.0446,5257.8086,5257.8086
7889,0.54,-2.7219,+0.2121,-6.3687,3.6468,0.6433,-171.2222,5988.8828,5988.8828
7890,0.56,-2.3348,-0.0278,-6.3857,4.0509,0.8874,-157.7691,5114.9375,5114.9375
7891,0.55,-2.7028,+0.1213,-6.3808,3.6780,0.4857,-171.7144,6019.7129,6019.7129
7892,0.53,-2.3053,-0.0455,-6.3854,4.0802,0.5387,-155.7555,4967.1064,4967.1064
7893,0.56,-2.7140,+0.0613,-6.3902,3.6762,0.4546,-171.2750,6044.1943,6044.1943
7894,0.56,-2.3150,-0.0743,-6.3800,4.0649,2.2383,-155.8755,4976.5537,4976.5537
7895,0.57,-2.7649,-0.0277,-6.3791,3.6142,0.6423,-170.6279,5937.0918,5937.0918
7896,0.57,-2.3530,-0.0609,-6.4037,4.0507,0.6671,-155.2172,4936.1875,4936.1875
7897,0.54,-2.7103,+0.1358,-6.4072,3.6969,0.7373,-171.6654,5997.4683,5997.4683
7898,0.56,-2.4744,+0.0275,-6.4046,3.9302,0.7874,-156.7929,5062.3462,5062.3462
7899,0.56,-2.6588,+0.1983,-6.4247,3.7659,1.4384,-171.0362,6007.7695,6007.7695
7900,0.54,-2.5440,+0.0533,-6.3990,3.8550,0.7441,-166.2346,5701.0186,5701.0186
7901,0.49,-2.7053,+0.1404,-6.4018,3.6965,2.8598,-158.7785,5163.9795,5163.9795
7902,0.52,-2.7520,-0.1198,-6.3885,3.6365,1.2962,-167.1942,5719.0850,5719.0850
7903,0.52,-2.3061,-0.0066,-6.4002,4.0940,2.3894,-156.2950,5077.7422,5077.7422
7904,0.52,-2.7581,+0.0442,-6.4192,3.6611,0.6692,-166.8774,5735.1592,5735.1592
7905,0.52,-2.0396,+0.1274,-6.4035,4.3639,3.5200,-152.4632,4728.0664,4728.0664
7906,0.51,-2.3369,-0.0766,-6.4092,4.0723,13.5578,-167.5827,5727.1836,5727.1836
7907,0.51,-2.3896,+0.5714,-6.3907,4.0011,26.1646,-161.7771,5333.5552,5333.5552
7908,0.49,-2.6946,-0.0875,-6.3630,3.6684,0.9766,-165.6661,5633.2109,5633.2109
7909,0.52,-2.7477,+0.1031,-6.3869,3.6392,0.7903,-167.8005,5808.1719,5808.1719
7910,0.51,-1.7950,-0.1007,-6.3766,4.5816,62.0171,-158.1760,5187.9814,5187.9814
7911,0.52,-2.1804,+0.0056,-6.3479,4.1675,22.4843,-162.3211,5491.9473,5491.9473
7912,0.50,-2.5671,+0.0663,-6.3690,3.8019,8.0469,-164.5481,5615.6562,5615.6562
7913,0.50,-2.5775,-0.1966,-6.3675,3.7900,1.6884,-171.3771,6074.4585,6074.4585
7914,0.50,-2.4629,+0.0304,-6.3751,3.9122,0.8439,-159.1665,5197.9434,5197.9434
7915,0.49,-2.5685,-0.0163,-6.3750,3.8064,1.0948,-174.7626,6300.3135,6300.3135
7916,0.51,-2.5716,+0.0349,-6.3916,3.8200,0.7536,-159.5075,5231.5361,5231.5361
7917,0.50,-2.7781,+0.0091,-6.3784,3.6003,0.5724,-170.1907,5911.1602,5911.1602
7918,0.52,-2.4187,+0.0408,-6.3815,3.9629,0.8154,-157.3519,5089.7822,5089.7822
7919,0.52,-2.7071,+0.2398,-6.3885,3.6815,0.7940,-170.4329,5984.6309,5984.6309
7920,0.51,-2.7114,+0.0370,-6.4118,3.7004,0.9913,-164.2827,5546.0054,5546.0054
7921,0.49,-2.5061,+0.0603,-6.4163,3.9102,0.7119,-173.0420,6180.5166,6180.5166
7922,0.50,-2.4792,-0.0634,-6.4083,3.9291,0.5811,-157.0028,5068.7622,5068.7622
7923,0.51,-2.4579,-0.0116,-6.4155,3.9576,0.6714,-173.0006,6165.8950,6165.8950
7924,0.52,-2.4483,-0.0484,-6.3811,3.9327,0.8458,-158.3557,5154.8374,5154.8374
7925,0.51,-2.6296,+0.0422,-6.3901,3.7606,0.7192,-172.6392,6066.9014,6066.9014
7926,0.51,-2.4299,+0.0306,-6.3934,3.9634,0.5225,-156.4635,5030.4204,5030.4204
7927,0.51,-2.6502,+0.0016,-6.3931,3.7429,0.9593,-171.7805,6076.7500,6076.7500
7928,0.51,-2.3317,+0.0645,-6.3848,4.0531,0.7380,-155.3249,4980.5972,4980.5972
7929,0.50,-2.5736,+0.0697,-6.3862,3.8127,0.8932,-171.6349,6097.0757,6097.0757
7930,0.54,-2.4031,+0.0917,-6.3819,3.9788,0.4837,-156.9015,5057.8901,5057.8901
7931,0.51,-2.6489,+0.0533,-6.4040,3.7551,0.3634,-170.8989,6033.8076,6033.8076
7932,0.53,-2.4843,-0.0236,-6.4190,3.9347,0.4654,-156.2022,5007.1270,5007.1270
7933,0.52,-2.7006,+0.0576,-6.3983,3.6977,0.6269,-173.1849,6176.5439,6176.5439
7934,0.51,-2.5307,-0.0764,-6.4207,3.8901,6.4792,-155.6723,4977.2754,4977.2754
7935,0.52,-2.8639,-0.0019,-6.3569,3.4930,0.9839,-165.4893,5578.8574,5578.8574
7936,0.52,-2.8506,+0.0430,-6.3592,3.5085,0.7707,-167.8147,5761.8438,5761.8438
7937,0.51,-2.5432,+0.1977,-6.3598,3.8166,9.0702,-164.5399,5587.3398,5587.3398
7938,0.52,-2.5975,+0.0666,-6.3665,3.7690,11.8214,-168.7781,5911.3711,5911.3711
7939,0.50,-2.7141,+0.0859,-6.3891,3.6750,1.2696,-164.1376,5531.1484,5531.1484
7940,0.50,-2.6071,-0.1517,-6.3811,3.7740,2.0683,-166.6113,5698.1519,5698.1519
7941,0.51,-2.6778,+0.0801,-6.4142,3.7364,0.7118,-159.5653,5231.1382,5231.1382
7942,0.51,-2.6445,+0.1106,-6.4235,3.7789,1.3710,-164.7370,5600.1299,5600.1299
7943,0.53,-2.4667,+0.0176,-6.4210,3.9543,1.3097,-155.3015,4946.1631,4946.1631
7944,0.50,-2.7140,-0.0954,-6.4047,3.6906,1.1011,-170.4694,5964.9644,5964.9644
7945,0.52,-1.8463,-0.2675,-6.3944,4.5481,119.4121,-157.8121,5136.2476,5136.2476
7946,0.51,-2.7203,-0.1403,-6.3892,3.6689,0.8311,-162.9923,5471.7612,5471.7612
7947,0.51,-2.5641,-0.2111,-6.4007,3.8365,3.9965,-161.4443,5370.3838,5370.3838
7948,0.51,-2.5850,+0.1775,-6.3817,3.7967,1.7584,-165.6844,5685.5024,5685.5024
7949,0.52,-2.5934,-0.0835,-6.4008,3.8074,0.5316,-165.8495,5647.7998,5647.7998
7950,0.51,-2.7549,+0.0274,-6.3820,3.6271,0.8338,-164.5458,5561.8867,5561.8867
7951,0.51,-2.6461,+0.0081,-6.4056,3.7595,0.5494,-161.5732,5345.0410,5345.0410
7952,0.50,-2.5140,-0.0031,-6.4424,3.9284,0.7696,-159.5963,5304.5908,5304.5908
7953,0.51,-2.6704,-0.0554,-6.4386,3.7681,0.7892,-168.6215,5828.7969,5828.7969
7954,0.51,-2.4555,-0.0172,-6.4446,3.9891,1.0271,-154.4915,4908.9023,4908.9023
7955,0.51,-2.5119,+0.1873,-6.4308,3.9189,0.9223,-169.8336,5991.1025,5991.1025
7956,0.49,-2.4851,-0.0958,-6.4113,3.9262,0.8398,-155.8550,4964.8999,4964.8999
7957,0.50,-2.6891,+0.0167,-6.4039,3.7148,0.4150,-170.8304,6014.2207,6014.2207
7958,0.54,-2.2020,-0.2517,-6.4127,4.2107,11.5638,-155.9918,5021.7793,5021.7793
7959,0.52,-2.7951,-0.0255,-6.4213,3.6263,0.5486,-166.3767,5632.9902,5632.9902
7960,0.53,-2.3179,-0.1622,-6.4191,4.1012,2.2368,-156.1686,4996.3936,4996.3936
7961,0.50,-2.7507,+0.1294,-6.4229,3.6722,1.2380,-163.8531,5491.2324,5491.2324
7962,0.52,-2.7024,-0.0597,-6.4273,3.7249,0.7124,-166.4574,5648.5049,5648.5049
7963,0.51,-2.2946,+0.0054,-6.4263,4.1318,1.3292,-153.4677,4823.2749,4823.2749
7964,0.52,-2.7218,+0.0115,-6.4262,3.7043,0.8360,-165.1724,5585.0811,5585.0811
7965,0.51,-2.4798,-0.0464,-6.3954,3.9157,1.0187,-158.6775,5107.5498,5107.5498
7966,0.50,-2.6436,+0.0417,-6.4095,3.7659,1.6794,-171.6454,6018.2158,6018.2158
7967,0.51,-2.5752,+0.0706,-6.3855,3.8104,0.7025,-162.1717,5365.6426,5365.6426
7968,0.50,-2.3241,+0.0427,-6.3901,4.0660,5.0480,-174.7041,6239.7979,6239.7979
7969,0.49,-2.6279,+0.1755,-6.4143,3.7864,3.3592,-161.7247,5349.6875,5349.6875
7970,0.51,-2.7631,-0.1665,-6.3912,3.6281,0.6199,-168.1525,5814.4326,5814.4326
7971,0.50,-2.6082,-0.1964,-6.4036,3.7954,2.3489,-160.2221,5262.7495,5262.7495
7972,0.49,-2.8087,-0.0217,-6.4188,3.6101,0.8286,-164.1978,5512.6357,5512.6357
7973,0.53,-2.6696,-0.0621,-6.4202,3.7507,0.4254,-167.4527,5759.1909,5759.1909
7974,0.52,-2.5978,-0.1184,-6.4218,3.8240,1.1777,-159.5627,5209.9941,5209.9941
7975,0.50,-2.6904,+0.0314,-6.4315,3.7412,0.6579,-167.0619,5653.0518,5653.0518
7976,0.53,-2.3118,+0.1481,-6.3863,4.0744,6.1554,-158.2613,5143.1274,5143.1274
7977,0.53,-2.6550,+0.0277,-6.3793,3.7244,3.6143,-166.0443,5582.8325,5582.8325
7978,0.52,-2.7537,+0.0826,-6.3810,3.6273,0.8214,-165.5718,5559.3252,5559.3252
7979,0.49,-2.6388,+0.0217,-6.3984,3.7596,0.5460,-171.0407,6030.3711,6030.3711
7980,0.51,-2.3896,+0.0867,-6.4203,4.0306,0.8123,-154.9212,4896.3584,4896.3584
7981,0.51,-2.6493,+0.3201,-6.4164,3.7672,1.6528,-169.9375,5923.1421,5923.1421
7982,0.51,-2.5497,+0.1473,-6.4130,3.8633,1.7602,-160.4689,5299.1152,5299.1152
7983,0.51,-2.6091,-0.0407,-6.4128,3.8037,2.0643,-163.3165,5516.3857,5516.3857
7984,0.51,-2.6310,-0.0706,-6.4340,3.8030,0.6826,-162.3233,5372.2583,5372.2583
7985,0.49,-2.2487,+0.1563,-6.4233,4.1746,33.3873,-158.6976,5184.6338,5184.6338
7986,0.51,-2.6652,+0.0123,-6.4336,3.7684,0.4423,-162.9391,5472.6357,5472.6357
7987,0.51,-2.4798,+0.0248,-6.4358,3.9560,0.7679,-161.5180,5411.6196,5411.6196
7988,0.52,-2.6071,-0.1266,-6.4380,3.8309,1.3320,-165.1195,5680.4043,5680.4043
7989,0.51,-2.5617,-0.0411,-6.4367,3.8750,0.4013,-167.6127,5800.0854,5800.0854
7990,0.52,-2.5189,-0.0208,-6.4439,3.9250,1.3718,-155.0604,4926.3047,4926.3047
7991,0.51,-2.7193,+0.0085,-6.4366,3.7173,0.9184,-166.7778,5720.2739,5720.2739
7992,0.52,-2.3339,-0.0071,-6.4277,4.0938,0.7179,-151.4371,4682.2642,4682.2642
7993,0.53,-2.6456,-0.0531,-6.4211,3.7754,2.3251,-167.5176,5769.3882,5769.3882
7994,0.51,-1.9830,-0.4655,-6.4555,4.4725,71.9397,-153.0889,4780.8447,4780.8447
7995,0.50,-2.5213,-0.0244,-6.4491,3.9279,0.7140,-160.6995,5218.5400,5218.5400
7996,0.52,-2.7383,-0.0265,-6.4481,3.7099,0.8441,-168.0791,5797.9678,5797.9678
7997,0.52,-2.4772,+0.0294,-6.4387,3.9615,1.2662,-154.8906,4924.9180,4924.9180
7998,0.51,-2.5777,-0.0147,-6.4332,3.8555,4.3987,-164.7078,5560.5708,5560.5708
7999,0.50,-2.5378,+0.0716,-6.4244,3.8866,12.5976,-162.6377,5442.9233,5442.9233
8000,0.52,-2.6908,-0.0050,-6.4200,3.7292,2.4628,-162.6229,5404.1240,5404.1240
8001,0.50,-2.6390,-0.0030,-6.4111,3.7721,2.4193,-167.0970,5718.3701,5718.3701
8002,0.51,-2.8090,+0.1322,-6.4057,3.5967,3.8215,-164.1904,5493.6514,5493.6514
8003,0.51,-2.6011,-0.0083,-6.4029,3.8019,0.4935,-160.9020,5307.7817,5307.7817
8004,0.51,-2.4686,+0.0461,-6.4137,3.9451,1.2266,-164.0912,5530.1797,5530.1797
8005,0.47,-2.5223,+0.0719,-6.4065,3.8842,3.9613,-168.0416,5765.4087,5765.4087
8006,0.51,-2.6155,-0.0730,-6.3956,3.7801,1.3193,-158.2451,5117.9707,5117.9707
8007,0.51,-2.6695,-0.0637,-6.3819,3.7125,0.4865,-171.0718,5930.2056,5930.2056
8008,0.50,-2.3799,+0.0946,-6.4075,4.0277,0.7166,-154.7324,4917.6758,4917.6758
8009,0.51,-2.6604,+0.1086,-6.4114,3.7510,0.7803,-171.6049,6008.1318,6008.1318
8010,0.50,-2.5887,+0.1325,-6.3950,3.8063,0.7211,-158.6956,5191.6919,5191.6919
8011,0.50,-2.6359,+0.0060,-6.3918,3.7559,1.0144,-172.0967,6085.1152,6085.1152
8012,0.52,-2.7081,-0.0920,-6.4126,3.7045,0.6578,-160.2168,5290.5601,5290.5601
8013,0.50,-2.6532,+0.1292,-6.3955,3.7424,0.9768,-172.1638,6028.9634,6028.9634
8014,0.51,-2.4432,+0.0183,-6.4049,3.9617,3.8515,-157.1137,5079.2002,5079.2002
8015,0.53,-2.7129,+0.0925,-6.4275,3.7145,1.8162,-166.7267,5715.2949,5715.2949
8016,0.52,-1.8858,+0.1811,-6.4424,4.5565,62.5118,-157.1430,5070.7300,5070.7300
8017,0.51,-2.4747,+0.0326,-6.4148,3.9401,11.9615,-161.1291,5282.4863,5282.4863
8018,0.50,-2.4327,+0.0319,-6.3920,3.9593,37.2815,-163.3830,5486.0537,5486.0537
8019,0.49,-2.4878,-0.0159,-6.4061,3.9184,27.4624,-162.2363,5398.4033,5398.4033
8020,0.50,-2.6143,+0.1977,-6.3933,3.7789,0.8206,-161.1488,5345.0869,5345.0869
8021,0.50,-2.7511,+0.0161,-6.4198,3.6687,1.1845,-163.2473,5429.5435,5429.5435
8022,0.51,-2.5018,-0.0371,-6.4126,3.9108,1.6941,-161.4438,5401.0820,5401.0820
8023,0.50,-2.6489,+0.2083,-6.4145,3.7656,0.5929,-159.7372,5218.9180,5218.9180
8024,0.52,-2.4303,+0.0672,-6.4150,3.9847,3.0281,-162.2974,5464.7524,5464.7524
8025,0.52,-2.6876,+0.0365,-6.4005,3.7128,0.4746,-163.2352,5546.1201,5546.1201
8026,0.51,-2.7438,-0.0353,-6.4071,3.6633,1.0199,-164.8669,5556.9170,5556.9170
8027,0.51,-2.5931,-0.0243,-6.4053,3.8122,0.5788,-158.4253,5193.1309,5193.1309
8028,0.51,-2.6725,+0.0947,-6.3966,3.7241,1.1654,-171.7207,6075.2769,6075.2769
8029,0.52,-2.3591,+0.0443,-6.4239,4.0649,1.5339,-154.3092,4920.0356,4920.0356
8030,0.53,-2.7220,-0.0063,-6.4004,3.6785,0.7369,-169.3972,5927.9854,5927.9854
8031,0.51,-2.3441,-0.0393,-6.3992,4.0551,1.1577,-154.9564,4937.2090,4937.2090
8032,0.53,-2.6489,+0.1660,-6.3864,3.7375,1.7045,-169.7632,5945.2212,5945.2212
8033,0.51,-2.6977,-0.1219,-6.3786,3.6809,0.8853,-165.9233,5642.8188,5642.8188
8034,0.51,-2.5976,-0.0137,-6.4238,3.8262,0.7291,-157.7391,5097.3926,5097.3926
8035,0.50,-2.7158,+0.0461,-6.4246,3.7089,0.4511,-169.2822,5928.8564,5928.8564
8036,0.51,-2.4327,-0.0789,-6.4373,4.0047,0.6127,-153.8403,4894.5288,4894.5288
8037,0.51,-2.3960,+0.1864,-6.4363,4.0402,14.4946,-169.9985,5989.6260,5989.6260
8038,0.50,-2.7871,-0.0738,-6.4493,3.6622,0.5934,-165.8631,5693.2534,5693.2534
8039,0.52,-2.4129,+0.0059,-6.4296,4.0167,1.2404,-153.4701,4835.3481,4835.3481
8040,0.52,-3.0338,+0.1260,-6.4240,3.3902,18.9460,-166.8678,5732.1865,5732.1865
8041,0.51,-2.7262,-0.0094,-6.4042,3.6780,0.4682,-161.7333,5380.2349,5380.2349
8042,0.50,-2.6632,+0.2042,-6.4095,3.7464,0.9639,-170.6612,5959.4697,5959.4697
8043,0.51,-2.5435,+0.0353,-6.4189,3.8755,0.5576,-156.6521,5023.5615,5023.5615
8044,0.53,-2.5753,+0.1015,-6.4188,3.8435,0.6758,-172.2765,6095.9521,6095.9521
8045,0.53,-2.5357,-0.0373,-6.4280,3.8923,0.8825,-156.7879,5077.2305,5077.2305
8046,0.53,-2.6763,+0.0563,-6.4160,3.7397,1.0604,-172.3323,6155.3457,6155.3457
8047,0.51,-2.7095,-0.0356,-6.4264,3.7169,0.7238,-158.9267,5139.7095,5139.7095
8048,0.52,-2.6226,-0.0781,-6.4060,3.7834,0.6338,-171.3375,6108.3438,6108.3438
8049,0.52,-2.4123,-0.0187,-6.4102,3.9979,1.8932,-155.8905,4996.5459,4996.5459
8050,0.51,-2.7331,+0.1330,-6.4289,3.6958,1.1395,-170.0200,5949.9102,5949.9102
8051,0.50,-2.4908,+0.0199,-6.4171,3.9262,0.4696,-155.4565,4937.1968,4937.1968
8052,0.51,-2.7761,+0.0380,-6.4012,3.6251,1.0319,-169.2411,5918.4189,5918.4189
8053,0.52,-2.6213,+0.0561,-6.4173,3.7960,1.2436,-160.8653,5377.2871,5377.2871
8054,0.49,-2.5633,+0.1366,-6.3984,3.8351,0.8175,-159.7985,5320.3057,5320.3057
8055,0.52,-2.6967,+0.0616,-6.3818,3.6851,1.4913,-168.7141,5859.0288,5859.0288
8056,0.50,-2.6349,-0.0315,-6.3859,3.7510,0.7711,-162.8375,5405.6338,5405.6338
8057,0.52,-2.3270,+0.0198,-6.4022,4.0752,13.0322,-160.2552,5275.6904,5275.6904
8058,0.50,-2.7758,+0.0226,-6.4418,3.6660,0.6200,-163.0944,5467.1743,5467.1743
8059,0.51,-2.2930,-0.0321,-6.4394,4.1464,3.2026,-153.2647,4817.2383,4817.2383
8060,0.53,-2.6318,+0.0797,-6.4222,3.7904,0.6113,-161.4589,5350.0391,5350.0391
8061,0.52,-2.6631,+0.0614,-6.4296,3.7664,2.6486,-162.7068,5438.2007,5438.2007
8062,0.51,-2.6651,-0.0616,-6.4241,3.7590,2.4877,-166.2627,5723.3340,5723.3340
8063,0.50,-2.6440,+0.0364,-6.4289,3.7849,2.1392,-165.3101,5614.9150,5614.9150
8064,0.50,-2.7342,+0.0903,-6.4333,3.6990,0.8832,-162.8839,5476.3066,5476.3066
8065,0.51,-2.6908,+0.0987,-6.4521,3.7613,0.8388,-161.8027,5413.7964,5413.7964
8066,0.50,-2.6790,-0.0096,-6.4631,3.7841,0.7789,-157.3926,5120.9492,5120.9492
8067,0.51,-2.7363,+0.0236,-6.4438,3.7075,0.7309,-168.2987,5906.2100,5906.2100
8068,0.52,-2.5792,-0.0078,-6.4576,3.8784,0.5322,-153.3289,4898.1797,4898.1797
8069,0.51,-2.6532,-0.0113,-6.4538,3.8006,0.6675,-170.9264,6068.1099,6068.1099
8070,0.51,-2.6219,+0.0486,-6.4439,3.8220,0.6618,-155.0107,5036.3535,5036.3535
8071,0.50,-2.6256,+0.0002,-6.4371,3.8115,1.1895,-171.9028,6195.2432,6195.2432
8072,0.52,-2.7498,+0.0875,-6.4417,3.6919,0.7992,-159.6541,5356.1631,5356.1631
8073,0.52,-2.7265,-0.0065,-6.4807,3.7542,0.9009,-157.4640,5139.8188,5139.8188
8074,0.50,-2.6320,+0.0406,-6.4795,3.8475,0.8116,-160.8185,5400.4844,5400.4844
8075,0.50,-2.7034,-0.0539,-6.4661,3.7626,0.4856,-158.3048,5155.1001,5155.1001
8076,0.53,-2.5926,-0.0224,-6.4794,3.8869,0.9033,-158.1233,5160.5928,5160.5928
8077,0.48,-2.7885,+0.0684,-6.4948,3.7063,0.6634,-161.3986,5393.4785,5393.4785
8078,0.52,-2.5156,-0.0156,-6.4646,3.9490,0.5718,-154.9782,4995.0200,4995.0200
8079,0.52,-2.6348,+0.0814,-6.4697,3.8349,0.9521,-164.2379,5559.9336,5559.9336
8080,0.50,-2.4941,+0.0537,-6.4512,3.9571,0.5099,-152.8883,4818.0068,4818.0068
8081,0.52,-2.5870,+0.2813,-6.4517,3.8647,2.0640,-169.1765,5905.5991,5905.5991
8082,0.50,-2.5786,+0.0349,-6.4540,3.8753,0.8462,-171.0841,6008.7539,6008.7539
8083,0.49,-2.5477,-0.0959,-6.4502,3.9026,3.1579,-155.4906,5010.2422,5010.2422
8084,0.50,-2.6501,+0.1075,-6.4322,3.7821,5.0269,-169.9446,5930.4858,5930.4858
8085,0.51,-2.4048,-0.1168,-6.4409,4.0361,16.4849,-159.2561,5294.9521,5294.9521
8086,0.52,-2.6896,+0.0530,-6.4570,3.7675,1.3470,-163.7327,5558.8398,5558.8398
8087,0.51,-2.6973,+0.1659,-6.4560,3.7587,0.9893,-157.6841,5126.5327,5126.5327
8088,0.51,-2.7721,-0.0099,-6.4330,3.6609,0.6573,-167.7089,5749.1367,5749.1367
8089,0.50,-2.5215,-0.0234,-6.4350,3.9135,0.5927,-158.2682,5193.3438,5193.3438
8090,0.51,-2.5981,+0.0656,-6.4341,3.8359,0.6797,-168.6266,5821.8652,5821.8652
8091,0.50,-2.5062,-0.1209,-6.4047,3.8984,0.7024,-156.7245,5051.3721,5051.3721
8092,0.51,-2.5994,+0.1205,-6.4198,3.8204,0.8402,-171.6417,6124.3789,6124.3789
8093,0.52,-2.3693,+0.1016,-6.4177,4.0484,3.2934,-156.1378,4997.3032,4997.3032
8094,0.50,-2.7918,+0.0677,-6.4521,3.6603,1.2502,-166.0145,5701.8594,5701.8594
8095,0.51,-2.4177,+0.1102,-6.4393,4.0216,2.1894,-155.6165,5024.1895,5024.1895
8096,0.50,-2.8097,+0.1384,-6.4549,3.6451,0.5818,-168.1364,5798.5454,5798.5454
8097,0.51,-2.4837,+0.1085,-6.4126,3.9290,1.0123,-155.3238,4967.7070,4967.7070
8098,0.50,-2.7830,+0.0680,-6.4291,3.6461,0.6375,-169.8176,5952.4419,5952.4419
8099,0.51,-2.6420,+0.0585,-6.4068,3.7648,0.5433,-158.8457,5190.0356,5190.0356
8100,0.50,-2.6368,-0.0522,-6.4129,3.7761,0.7140,-173.7684,6237.9775,6237.9775
8101,0.50,-2.5708,-0.0163,-6.4477,3.8769,0.7348,-155.3097,4969.9453,4969.9453
8102,0.50,-2.6823,-0.0725,-6.4407,3.7584,1.0006,-170.8599,6009.6367,6009.6367
8103,0.52,-2.5481,-0.0781,-6.4419,3.8938,0.6169,-158.8958,5170.1670,5170.1670
8104,0.52,-2.6065,+0.1165,-6.4633,3.8568,0.4643,-164.7864,5586.8418,5586.8418
8105,0.51,-2.6960,+0.0854,-6.4597,3.7637,0.3097,-159.0383,5182.1494,5182.1494
8106,0.52,-2.6473,+0.1352,-6.4577,3.8103,1.8173,-163.6136,5609.4756,5609.4756
8107,0.51,-2.8455,+0.0209,-6.4321,3.5865,2.5477,-166.2556,5715.3496,5715.3496
8108,0.50,-2.5612,+0.0562,-6.4448,3.8836,1.2651,-155.8705,5013.6099,5013.6099
8109,0.51,-2.7234,+0.0091,-6.4552,3.7318,1.0115,-163.8549,5537.6338,5537.6338
8110,0.53,-2.6022,+0.1663,-6.4464,3.8442,1.0165,-155.3503,4970.0547,4970.0547
8111,0.50,-2.6810,+0.1365,-6.4494,3.7684,2.0756,-162.2912,5385.6030,5385.6030
8112,0.50,-2.6074,+0.0662,-6.4509,3.8434,0.5036,-161.9818,5331.1416,5331.1416
8113,0.50,-2.5388,-0.0966,-6.4299,3.8911,3.3294,-161.3213,5394.4160,5394.4160
8114,0.53,-2.6949,+0.0005,-6.4209,3.7260,0.4468,-165.9251,5663.3682,5663.3682
8115,0.50,-2.6060,-0.0149,-6.4351,3.8292,0.4580,-160.0541,5338.9355,5338.9355
8116,0.51,-2.5728,+0.0238,-6.4500,3.8772,3.9439,-169.8694,5974.6045,5974.6045
8117,0.51,-2.5061,+0.3399,-6.4380,3.9319,4.7054,-156.5247,5120.5029,5120.5029
8118,0.50,-2.5207,-0.2511,-6.4487,3.9279,1.1580,-161.8712,5450.6538,5450.6538
8119,0.49,-2.6405,+0.0083,-6.4313,3.7907,0.6363,-161.5763,5409.4795,5409.4795
8120,0.52,-2.5199,-0.0531,-6.4198,3.8999,1.6476,-159.8403,5216.6753,5216.6753
8121,0.52,-2.6350,+0.0932,-6.4098,3.7748,1.1399,-166.3706,5675.1289,5675.1289
8122,0.52,-2.4846,+0.0052,-6.4103,3.9257,0.9512,-155.9986,4990.6689,4990.6689
8123,0.52,-2.7567,+0.0043,-6.4507,3.6941,0.3918,-169.1199,5971.6816,5971.6816
8124,0.53,-2.4215,-0.0473,-6.4337,4.0122,1.2656,-154.7363,4875.9502,4875.9502
8125,0.51,-2.7847,+0.0818,-6.4352,3.6505,0.9973,-169.1698,5861.0732,5861.0732
8126,0.51,-2.4517,-0.0732,-6.4607,4.0090,5.1137,-153.6939,4871.0918,4871.0918
8127,0.52,-2.7476,+0.0388,-6.4641,3.7165,0.6100,-165.1847,5590.6973,5590.6973
8128,0.51,-2.5198,-0.0240,-6.4331,3.9134,3.2823,-155.5123,4987.8770,4987.8770
8129,0.51,-2.7570,+0.0136,-6.4463,3.6893,0.9648,-165.7646,5655.3457,5655.3457
8130,0.52,-2.5378,+0.0951,-6.4677,3.9299,0.8084,-151.7203,4735.5327,4735.5327
8131,0.52,-2.5477,+0.0071,-6.4766,3.9289,4.0783,-166.4845,5720.1680,5720.1680
8132,0.53,-2.4879,+0.2055,-6.4532,3.9653,3.9251,-154.1481,4890.2632,4890.2632
8133,0.52,-2.6295,+0.0417,-6.4496,3.8202,1.4393,-162.4808,5529.6934,5529.6934
8134,0.51,-2.6909,+0.0515,-6.4450,3.7541,1.0600,-160.5449,5257.1914,5257.1914
8135,0.53,-2.7272,+0.0815,-6.4431,3.7159,0.8514,-166.1288,5793.6621,5793.6621
8136,0.51,-2.5542,-0.0117,-6.4381,3.8839,0.9914,-156.1285,5021.6699,5021.6699
8137,0.51,-2.7281,+0.0580,-6.4330,3.7049,0.9339,-167.7503,5857.9365,5857.9365
8138,0.52,-2.5258,+0.0451,-6.4587,3.9329,0.5360,-153.5913,4841.0581,4841.0581
8139,0.53,-2.5499,-0.0877,-6.4627,3.9128,0.4956,-169.9764,5964.5723,5964.5723
8140,0.52,-2.6407,+0.0615,-6.4522,3.8115,0.6521,-152.6291,4801.8311,4801.8311
8141,0.49,-2.7234,+0.2029,-6.4446,3.7212,0.9217,-167.3012,5825.3613,5825.3613
8142,0.52,-2.6770,-0.0053,-6.4214,3.7444,0.8739,-161.1077,5352.0977,5352.0977
8143,0.50,-2.6179,-0.0346,-6.4340,3.8160,1.0237,-171.6773,6133.2051,6133.2051
8144,0.50,-2.7131,+0.0432,-6.4368,3.7236,0.6778,-156.9760,5105.4502,5105.4502
8145,0.52,-2.6458,+0.1119,-6.4288,3.7830,0.6077,-169.8687,5964.6250,5964.6250
8146,0.51,-2.6121,+0.1671,-6.4341,3.8220,0.7298,-155.5309,4986.0684,4986.0684
8147,0.51,-2.6690,+0.1229,-6.4304,3.7614,0.5819,-170.2619,5946.6875,5946.6875
8148,0.50,-2.5414,+0.0107,-6.4204,3.8789,0.5407,-155.4257,4948.9434,4948.9434
8149,0.52,-2.6350,+0.0264,-6.4253,3.7904,0.7714,-170.3297,5945.9053,5945.9053
8150,0.50,-2.6011,+0.0412,-6.4498,3.8487,1.7509,-154.1189,4852.6006,4852.6006
8151,0.51,-2.7339,+0.0190,-6.4313,3.6974,0.6400,-167.9021,5782.3970,5782.3970
8152,0.53,-2.1559,-0.1843,-6.4209,4.2650,7.9574,-153.0408,4781.6714,4781.6714
8153,0.52,-2.8218,-0.0676,-6.4306,3.6088,0.5508,-164.8955,5563.5112,5563.5112
8154,0.51,-2.1960,-0.2535,-6.4478,4.2518,18.8146,-152.8130,4785.8145,4785.8145
8155,0.50,-2.6665,+0.0252,-6.4386,3.7721,3.4613,-160.9510,5337.0830,5337.0830
8156,0.49,-2.6382,+0.0597,-6.4703,3.8321,4.4142,-158.6821,5144.8096,5144.8096
8157,0.48,-2.7588,+0.1156,-6.4541,3.6953,1.0955,-163.0594,5454.7139,5454.7139
8158,0.53,-2.1123,+0.2049,-6.4485,4.3362,53.3207,-161.3497,5444.3955,5444.3955
8159,0.49,-2.4217,+0.0812,-6.4677,4.0461,7.7907,-161.8861,5448.4692,5448.4692
8160,0.49,-2.6310,+0.0360,-6.4447,3.8138,0.7997,-158.0728,5122.3799,5122.3799
8161,0.49,-2.6654,+0.0633,-6.4254,3.7600,3.6570,-174.2642,6185.9731,6185.9731
8162,0.51,-2.8748,-0.1273,-6.4284,3.5536,8.5234,-159.6353,5226.4570,5226.4570
8163,0.50,-2.6538,+0.0690,-6.4271,3.7733,2.1739,-160.8890,5321.3252,5321.3252
8164,0.52,-2.3862,-0.0397,-6.4016,4.0154,9.6032,-162.5268,5476.3594,5476.3594
8165,0.51,-2.7524,-0.0594,-6.4297,3.6773,1.3527,-161.1912,5349.0776,5349.0776
8166,0.52,-2.4074,+0.0349,-6.4100,4.0025,3.0346,-162.6105,5446.9131,5446.9131
8167,0.49,-2.6147,+0.0135,-6.4218,3.8070,2.4840,-168.5456,5819.6221,5819.6221
8168,0.49,-2.6383,-0.0807,-6.4245,3.7863,0.6322,-163.9447,5470.7300,5470.7300
8169,0.49,-2.5441,+0.0595,-6.4259,3.8817,0.8473,-168.7521,5781.0527,5781.0527
8170,0.49,-2.4755,+0.2332,-6.4141,3.9386,4.3338,-161.2493,5392.3789,5392.3789
8171,0.50,-2.4064,+0.0860,-6.4247,4.0182,2.1755,-165.3961,5669.3394,5669.3394
8172,0.51,-2.3940,+0.2421,-6.4376,4.0436,5.3014,-156.9340,5031.2295,5031.2295
8173,0.51,-2.6151,+0.0116,-6.4285,3.8135,0.7577,-161.8586,5361.9194,5361.9194
8174,0.49,-2.4208,+0.5492,-6.4297,4.0089,42.0275,-164.2524,5545.4922,5545.4922
8175,0.50,-2.5363,-0.0002,-6.4107,3.8743,1.7504,-164.6816,5577.5684,5577.5684
8176,0.50,-2.5186,+0.0200,-6.3844,3.8657,5.0212,-163.8701,5373.5576,5373.5576
8177,0.51,-2.6293,+0.1452,-6.3823,3.7530,0.8810,-165.5597,5569.1113,5569.1113
8178,0.51,-2.6957,+0.0899,-6.3967,3.7010,1.3379,-170.0501,5931.2754,5931.2754
8179,0.50,-2.6385,+0.0668,-6.4000,3.7614,0.9068,-159.7088,5272.4717,5272.4717
8180,0.50,-2.4652,+0.0836,-6.3948,3.9296,1.1157,-172.6180,6128.2974,6128.2974
8181,0.50,-2.5489,-0.0262,-6.3859,3.8370,2.5355,-159.6895,5252.6523,5252.6523
8182,0.51,-2.7739,-0.0085,-6.3703,3.5963,0.7212,-167.4510,5708.6113,5708.6113
8183,0.51,-2.6564,-0.0570,-6.3929,3.7365,0.8018,-162.7319,5482.2109,5482.2109
8184,0.51,-2.2919,-0.1447,-6.4085,4.1166,3.1812,-175.3049,6269.5850,6269.5850
8185,0.51,-2.7129,-0.0029,-6.4161,3.7032,0.6382,-160.6045,5297.1904,5297.1904
8186,0.49,-2.6946,+0.1136,-6.4229,3.7283,0.6318,-165.8409,5594.9434,5594.9434
8187,0.52,-2.6077,+0.0260,-6.4172,3.8095,0.5340,-158.1283,5134.7202,5134.7202
8188,0.52,-2.6196,+0.0374,-6.3908,3.7712,0.7135,-164.3911,5545.8086,5545.8086
8189,0.52,-2.7341,+0.0476,-6.4304,3.6963,0.5692,-160.1945,5266.6963,5266.6963
8190,0.53,-2.7601,+0.0902,-6.4211,3.6610,0.5132,-166.6598,5686.3174,5686.3174
8191,0.52,-2.2583,-0.0930,-6.4239,4.1655,1.5341,-153.2557,4844.2432,4844.2432
8192,0.53,-2.5926,-0.0618,-6.4154,3.8228,5.9829,-167.7461,5751.8579,5751.8579
8193,0.52,-2.5099,+0.1247,-6.4402,3.9302,8.4654,-161.7003,5338.6777,5338.6777
8194,0.52,-2.7204,+0.0391,-6.4088,3.6883,2.0679,-161.2112,5273.4175,5273.4175
8195,0.49,-2.3877,-0.2106,-6.3978,4.0100,26.7430,-163.2957,5396.3794,5396.3794
8196,0.48,-2.7972,+0.1333,-6.4070,3.6098,0.7659,-165.0855,5513.6968,5513.6968
8197,0.50,-2.5339,+0.0590,-6.4136,3.8798,0.5063,-158.8087,5163.3809,5163.3809
8198,0.51,-2.4486,+0.0616,-6.3976,3.9489,2.0476,-168.6865,5827.5728,5827.5728
8199,0.52,-2.7629,-0.0269,-6.4149,3.6519,0.7177,-160.3185,5251.3516,5251.3516
8200,0.52,-2.8732,-0.0700,-6.4315,3.5583,0.8532,-163.1333,5417.1816,5417.1816
8201,0.53,-2.4539,+0.0443,-6.4529,3.9989,2.7052,-156.1770,4985.8809,4985.8809
8202,0.50,-2.6039,+0.0962,-6.4546,3.8508,1.2333,-160.5975,5269.3691,5269.3691
8203,0.50,-2.6788,+0.1972,-6.4698,3.7909,4.5088,-160.8282,5324.2109,5324.2109
8204,0.53,-2.6610,+0.1482,-6.4791,3.8182,0.6463,-155.2787,4960.1787,4960.1787
8205,0.51,-2.7605,+0.1209,-6.4698,3.7094,3.8592,-169.0187,5894.0796,5894.0796
8206,0.50,-2.5433,+0.2173,-6.4729,3.9296,15.4855,-158.6016,5211.0527,5211.0527
8207,0.51,-2.8024,-0.0291,-6.4677,3.6653,0.7713,-163.7117,5611.4980,5611.4980
8208,0.52,-2.6941,+0.0468,-6.4630,3.7689,1.1897,-153.4605,4862.0713,4862.0713
8209,0.51,-2.6195,+0.0288,-6.4549,3.8353,0.8103,-164.2870,5607.8037,5607.8037
8210,0.52,-2.6004,+0.0790,-6.4686,3.8682,0.5415,-154.7574,5005.4307,5005.4307
8211,0.52,-2.6951,+0.2236,-6.4592,3.7641,0.6742,-169.0991,5932.3955,5932.3955
8212,0.50,-2.4404,+0.0568,-6.4525,4.0121,2.2406,-153.4519,4858.1807,4858.1807
8213,0.51,-2.7728,+0.0259,-6.4246,3.6518,1.6465,-167.0177,5772.9961,5772.9961
8214,0.52,-2.5905,-0.0089,-6.4475,3.8570,0.9237,-153.5978,4850.8213,4850.8213
8215,0.51,-2.7765,+0.0085,-6.4443,3.6677,0.7191,-164.6391,5639.8018,5639.8018
8216,0.51,-2.6365,+0.0111,-6.4166,3.7802,0.7106,-157.6891,5114.3242,5114.3242
8217,0.51,-2.6591,+0.0163,-6.4068,3.7477,0.8313,-165.1149,5570.7773,5570.7773
8218,0.52,-2.5323,+0.1295,-6.3963,3.8640,1.0343,-156.0104,5065.2534,5065.2534
8219,0.51,-2.5368,-0.0950,-6.4106,3.8738,12.7144,-167.1200,5768.8037,5768.8037
8220,0.52,-2.5551,+0.0475,-6.4103,3.8552,2.5036,-160.9933,5306.9238,5306.9238
8221,0.51,-2.8091,-0.0028,-6.4124,3.6033,3.3646,-164.4535,5592.7744,5592.7744
8222,0.52,-2.7277,+0.0227,-6.4180,3.6903,0.6040,-160.3708,5274.6807,5274.6807
8223,0.49,-2.6552,+0.0649,-6.4401,3.7848,1.6288,-168.6151,5919.1836,5919.1836
8224,0.52,-2.5749,+0.0762,-6.4390,3.8642,0.5881,-155.4631,4997.1523,4997.1523
8225,0.52,-2.6075,+0.0508,-6.4589,3.8515,0.9387,-169.6762,5904.5215,5904.5215
8226,0.51,-2.3919,+0.0195,-6.4453,4.0534,8.0046,-153.1267,4838.9365,4838.9365
8227,0.53,-2.7043,-0.0479,-6.4432,3.7389,6.2091,-163.7070,5481.5835,5481.5835
8228,0.52,-2.7081,-0.0478,-6.4097,3.7016,0.8227,-159.5421,5213.8892,5213.8892
8229,0.50,-2.7641,+0.1126,-6.4171,3.6530,0.9252,-168.9618,5837.6797,5837.6797
8230,0.53,-2.5375,+0.0857,-6.4287,3.8912,0.8031,-154.4764,4912.4551,4912.4551
8231,0.50,-2.7971,+0.0017,-6.4406,3.6434,0.7001,-168.9237,5826.2969,5826.2969
8232,0.51,-2.6193,+0.0396,-6.4252,3.8059,0.6542,-155.4660,4999.2607,4999.2607
8233,0.51,-2.8346,+0.0356,-6.4376,3.6029,0.4240,-169.9786,5921.5596,5921.5596
8234,0.51,-2.4790,+0.0677,-6.4347,3.9558,0.7748,-155.9294,5033.3418,5033.3418
8235,0.50,-2.7391,+0.1265,-6.4502,3.7112,2.0826,-167.7524,5757.6533,5757.6533
8236,0.50,-2.7168,+0.0533,-6.4252,3.7084,1.2702,-158.6746,5215.5850,5215.5850
8237,0.51,-2.6711,-0.0548,-6.4415,3.7704,0.5966,-155.6867,4931.4863,4931.4863
8238,0.49,-2.6806,-0.1255,-6.4455,3.7649,1.6691,-163.6792,5479.3291,5479.3291
8239,0.52,-2.7430,+0.0154,-6.4360,3.6930,4.9483,-159.1237,5223.8633,5223.8633
8240,0.51,-2.7644,-0.0695,-6.4373,3.6728,1.8176,-161.3750,5371.1299,5371.1299
8241,0.53,-2.7344,-0.1419,-6.4051,3.6707,1.9326,-163.8239,5547.2080,5547.2080
8242,0.51,-2.7006,-0.0616,-6.4379,3.7373,1.5227,-158.4040,5164.9365,5164.9365
8243,0.50,-2.3903,-0.2309,-6.4396,4.0492,22.9489,-163.1707,5545.0576,5545.0576
8244,0.50,-2.7244,+0.1514,-6.4211,3.6967,1.3530,-164.5566,5593.5103,5593.5103
8245,0.48,-2.6057,+0.0431,-6.4466,3.8408,0.8530,-157.9805,5168.0195,5168.0195
8246,0.52,-2.7664,+0.0676,-6.4261,3.6597,0.6689,-169.6307,6015.0664,6015.0664
8247,0.52,-2.6631,+0.0430,-6.4232,3.7600,0.6682,-156.2160,5043.5415,5043.5415
8248,0.52,-2.7053,+0.1760,-6.4316,3.7263,1.0624,-171.6331,6117.3857,6117.3857
8249,0.50,-2.6085,+0.0886,-6.4396,3.8312,0.8924,-156.0508,5044.3462,5044.3462
8250,0.51,-2.5456,+0.0677,-6.4322,3.8866,7.1483,-171.0440,6058.4165,6058.4165
8251,0.49,-2.7629,+0.0519,-6.4111,3.6483,0.9529,-161.1125,5359.5850,5359.5850
8252,0.51,-2.6715,-0.0087,-6.4215,3.7500,1.4527,-171.7223,6110.2358,6110.2358
8253,0.50,-2.6000,+0.0727,-6.4278,3.8278,0.7406,-157.1885,5128.1113,5128.1113
8254,0.50,-2.6045,+0.0563,-6.4264,3.8219,0.9354,-172.5673,6206.3115,6206.3115
8255,0.51,-2.3838,+0.2003,-6.4321,4.0483,23.0620,-158.7985,5259.4307,5259.4307
8256,0.51,-2.4638,+0.0126,-6.4422,3.9784,0.9482,-155.4328,5036.3276,5036.3276
8257,0.52,-2.8517,+0.0408,-6.4556,3.6039,0.7552,-168.2401,5939.7568,5939.7568
8258,0.53,-2.5486,+0.0158,-6.4545,3.9059,0.6801,-153.8794,4923.8184,4923.8184
8259,0.51,-2.7868,+0.0457,-6.4679,3.6811,0.9672,-165.4934,5722.4277,5722.4277
8260,0.51,-2.6310,-0.1101,-6.4657,3.8347,6.9558,-158.3054,5218.6504,5218.6504
8261,0.52,-2.7305,-0.0206,-6.4816,3.7511,0.6715,-154.6317,4974.9849,4974.9849
8262,0.50,-2.6697,-0.0641,-6.4726,3.8029,1.9198,-166.4985,5711.4478,5711.4478
8263,0.52,-2.7594,+0.0536,-6.4673,3.7080,0.5545,-156.7017,5121.3306,5121.3306
8264,0.51,-2.8090,-0.0131,-6.4726,3.6636,1.5723,-164.6951,5688.8833,5688.8833
8265,0.52,-2.5169,+0.0716,-6.4404,3.9235,0.7548,-154.7205,4979.0820,4979.0820
8266,0.51,-2.7439,-0.0905,-6.4629,3.7190,0.9948,-168.6649,5940.8843,5940.8843
8267,0.50,-2.5359,-0.0487,-6.4217,3.8858,0.7543,-154.3158,4912.5693,4912.5693
8268,0.50,-2.4367,+0.0316,-6.4206,3.9840,29.6923,-167.9724,5798.4751,5798.4751
8269,0.51,-2.8084,+0.1477,-6.4216,3.6132,0.9535,-166.0938,5692.1475,5692.1475
8270,0.50,-2.8869,+0.0223,-6.4512,3.5643,0.7181,-161.4688,5419.1338,5419.1338
8271,0.51,-2.8220,+0.0351,-6.4426,3.6206,0.9146,-167.4159,5859.1533,5859.1533
8272,0.51,-2.3957,-0.2940,-6.4458,4.0501,3.7013,-153.2833,4903.4829,4903.4829
8273,0.50,-2.3359,+0.0240,-6.4300,4.0941,0.6187,-150.7751,4697.4756,4697.4756
8274,0.54,-2.8129,+0.0962,-6.4180,3.6051,1.7169,-166.2031,5733.2949,5733.2949
8275,0.52,-2.6984,-0.0228,-6.4105,3.7122,0.6301,-157.0040,5102.6797,5102.6797
8276,0.53,-2.7134,-0.0010,-6.4138,3.7005,0.9145,-171.6218,6105.6147,6105.6147
8277,0.52,-2.6911,-0.0576,-6.4357,3.7446,0.8887,-156.9586,5135.7969,5135.7969
8278,0.52,-2.8354,-0.0434,-6.4417,3.6063,1.1131,-162.5916,5420.2305,5420.2305
8279,0.50,-2.7027,+0.0218,-6.4773,3.7746,2.5371,-156.6341,5122.7002,5122.7002
8280,0.52,-2.6530,-0.1088,-6.4639,3.8109,4.2268,-158.9744,5235.3203,5235.3203
8281,0.51,-2.7758,+0.0592,-6.4537,3.6780,1.4562,-159.9359,5235.3638,5235.3638
8282,0.51,-2.9897,+0.1861,-6.4662,3.4765,9.2495,-157.4180,5158.6035,5158.6035
8283,0.51,-2.6330,-0.1781,-6.4580,3.8250,3.4387,-154.9172,4956.5693,4956.5693
8284,0.52,-2.8020,+0.0748,-6.4599,3.6578,0.8109,-157.8070,5103.4424,5103.4424
8285,0.51,-2.5689,+0.1169,-6.4662,3.8973,2.5349,-161.9337,5446.1587,5446.1587
8286,0.50,-2.6393,-0.0048,-6.4451,3.8058,2.7371,-166.4696,5733.8379,5733.8379
8287,0.50,-2.7277,+0.0792,-6.4408,3.7131,0.6237,-158.2292,5156.9785,5156.9785
8288,0.52,-2.2076,-0.2200,-6.4759,4.2683,35.7615,-169.5224,5889.5566,5889.5566
8289,0.51,-2.8391,+0.1431,-6.4279,3.5889,5.1132,-166.0183,5634.0596,5634.0596
8290,0.52,-2.5023,-0.0198,-6.4291,3.9268,3.5014,-162.0891,5375.0156,5375.0156
8291,0.52,-2.7021,+0.1546,-6.4342,3.7321,1.0137,-159.1716,5164.8887,5164.8887
8292,0.51,-2.8250,+0.0629,-6.4466,3.6216,0.8289,-163.3708,5471.0615,5471.0615
8293,0.53,-2.4127,+0.0271,-6.4466,4.0339,0.7269,-152.3934,4771.4385,4771.4385
8294,0.50,-2.8178,-0.0606,-6.4676,3.6498,0.7510,-165.5468,5606.1748,5606.1748
8295,0.50,-2.4434,-0.0382,-6.4469,4.0035,1.3240,-153.3412,4759.1646,4759.1646
8296,0.52,-2.7195,+0.0575,-6.4416,3.7220,1.6218,-166.6486,5633.0234,5633.0234
8297,0.52,-2.6257,-0.0914,-6.4704,3.8447,0.7116,-154.2976,4838.1338,4838.1338
8298,0.50,-2.5547,+0.0625,-6.4565,3.9019,5.5457,-167.8425,5739.5967,5739.5967
8299,0.52,-2.8039,-0.0701,-6.4816,3.6776,1.3572,-156.1311,4975.6162,4975.6162
8300,0.51,-2.5580,-0.0887,-6.4948,3.9368,8.8127,-159.4715,5223.0850,5223.0850
8301,0.51,-2.5084,-0.0883,-6.4993,3.9909,5.7487,-155.2428,4901.7646,4901.7646
8302,0.51,-1.8261,-0.6898,-6.4737,4.6476,25.3696,-155.6354,4939.9316,4939.9316
8303,0.52,-1.0662,-0.3406,-6.4650,5.3988,51.9886,-157.2174,4993.9160,4993.9160
8304,0.51,-0.2634,+0.1590,-6.4596,6.1963,77.6928,-154.8806,4843.7461,4843.7461
8305,0.49,-2.1501,+0.7506,-6.4453,4.2952,15.6507,-159.2763,5108.3169,5108.3169
8306,0.49,-2.2960,-0.1755,-6.4383,4.1424,1.8255,-164.0920,5516.8799,5516.8799
8307,0.50,-1.6246,+0.1525,-6.4421,4.8175,30.3034,-151.1269,4635.4121,4635.4121
8308,0.49,-2.4814,+0.2690,-6.4451,3.9637,2.4714,-160.9158,5229.8647,5229.8647
8309,0.50,-2.1573,+0.0102,-6.4277,4.2704,5.5055,-166.3135,5660.3760,5660.3760
8310,0.49,-2.3590,+0.0590,-6.4318,4.0728,4.2275,-154.8310,4877.8281,4877.8281
8311,0.51,-2.4509,-0.1041,-6.4314,3.9805,0.9037,-161.6115,5316.6450,5316.6450
8312,0.51,-2.4701,-0.1431,-6.4249,3.9548,1.4934,-156.1950,4868.8086,4868.8086
8313,0.52,-2.5696,+0.0389,-6.4511,3.8815,0.6715,-162.8371,5396.2603,5396.2603
8314,0.49,-2.4059,+0.0587,-6.4578,4.0518,2.4584,-151.4962,4594.4751,4594.4751
8315,0.51,-2.5512,+0.0537,-6.4537,3.9025,0.6129,-162.4176,5347.4531,5347.4531
8316,0.50,-2.4340,+0.0629,-6.4704,4.0364,4.3764,-155.2205,4876.2217,4876.2217
8317,0.50,-2.2572,+0.0110,-6.4337,4.1765,22.1875,-156.8172,4992.8330,4992.8330
8318,0.49,-2.7310,-0.0226,-6.4404,3.7094,1.0925,-160.8813,5236.9785,5236.9785
8319,0.52,-2.1185,+0.0388,-6.4290,4.3105,1.2644,-148.0789,4433.5693,4433.5693
8320,0.49,-2.5635,-0.0627,-6.4383,3.8748,0.9218,-162.2903,5349.4478,5349.4478
8321,0.49,-2.2226,+0.0428,-6.4262,4.2036,1.1535,-150.5471,4591.5039,4591.5039
8322,0.51,-2.6803,-0.0403,-6.4367,3.7564,0.5668,-165.6277,5531.1934,5531.1934
8323,0.51,-2.2681,-0.0237,-6.4429,4.1748,0.8526,-149.9625,4564.3359,4564.3359
8324,0.50,-2.5822,-0.1004,-6.4471,3.8648,0.6953,-166.8328,5636.6758,5636.6758
8325,0.51,-1.8221,+0.0410,-6.4212,4.5992,30.2087,-152.7977,4746.9883,4746.9883
8326,0.50,-2.5566,-0.0091,-6.4278,3.8712,1.9351,-157.2325,5000.1562,5000.1562
8327,0.50,-2.2253,-0.0757,-6.4315,4.2062,29.0270,-162.8435,5395.5518,5395.5518
8328,0.50,-2.1894,-0.0030,-6.4224,4.2329,24.4920,-160.5023,5242.7876,5242.7876
8329,0.48,-2.3321,-0.1502,-6.4425,4.1104,26.5060,-161.3198,5302.9453,5302.9453
8330,0.49,-2.3133,+0.0046,-6.4123,4.0990,38.2258,-161.5992,5326.0625,5326.0625
8331,0.49,-2.0089,+0.1439,-6.4376,4.4287,124.2234,-158.9070,5159.5361,5159.5361
8332,0.51,-1.2683,-0.2648,-6.4294,5.1610,287.0485,-159.0448,5170.1895,5170.1895
8333,0.48,-2.5639,+0.0571,-6.4013,3.8375,0.9423,-159.1984,5193.1602,5193.1602
8334,0.51,-2.6142,-0.0132,-6.4186,3.8044,0.7487,-163.9686,5444.8257,5444.8257
8335,0.51,-2.2850,+0.0825,-6.3990,4.1140,0.3843,-152.2251,4732.7026,4732.7026
8336,0.50,-2.6114,-0.0091,-6.3992,3.7878,1.2762,-168.2891,5813.2485,5813.2485
8337,0.50,-2.4107,-0.1145,-6.4016,3.9909,1.0214,-153.3563,4790.5498,4790.5498
8338,0.50,-2.5792,+0.0928,-6.4297,3.8506,1.0456,-164.0410,5461.8818,5461.8818
8339,0.51,-2.5333,+0.0987,-6.4543,3.9210,0.5362,-153.3075,4795.7568,4795.7568
8340,0.51,-2.5537,+0.0878,-6.4244,3.8707,1.5573,-164.4045,5447.8423,5447.8423
8341,0.53,-2.4734,-0.0279,-6.4018,3.9285,9.4972,-156.5564,4967.1128,4967.1128
8342,0.52,-2.5165,+0.0937,-6.3971,3.8807,3.7831,-158.7281,5127.7373,5127.7373
8343,0.48,-0.0583,+1.3523,-6.3922,6.3339,1672.6139,-162.2445,5508.2646,5508.2646
8344,0.51,-2.6227,+0.0689,-6.4098,3.7871,1.6711,-163.3954,5455.6675,5455.6675
8345,0.52,-2.4443,+0.1371,-6.4244,3.9801,3.4274,-157.8861,5091.0767,5091.0767
8346,0.51,-2.2498,+0.0451,-6.4210,4.1711,42.5686,-159.3087,5165.2134,5165.2134
8347,0.49,-2.6958,+0.0542,-6.4242,3.7284,1.6800,-158.0632,5070.9502,5070.9502
8348,0.50,-2.5503,+0.0034,-6.4251,3.8748,0.6883,-165.8860,5634.2925,5634.2925
8349,0.48,-2.4420,-0.0897,-6.4151,3.9731,0.8360,-152.1158,4717.0078,4717.0078
8350,0.52,-2.3921,+0.1475,-6.4272,4.0351,1.3553,-167.4041,5717.3662,5717.3662
8351,0.50,-2.5154,-0.0164,-6.4207,3.9053,0.7170,-153.9585,4830.9414,4830.9414
8352,0.51,-2.6049,-0.0273,-6.4091,3.8042,0.5867,-165.5120,5653.3789,5653.3789
8353,0.52,-2.3110,+0.0630,-6.3872,4.0762,1.7044,-154.3180,4912.9521,4912.9521
8354,0.51,-2.5756,+0.0228,-6.3766,3.8010,1.2245,-168.4684,5806.1016,5806.1016
8355,0.50,-2.4877,-0.0101,-6.3975,3.9098,0.8248,-155.8930,4989.8672,4989.8672
8356,0.50,-2.6321,-0.0666,-6.4224,3.7903,0.9208,-167.4397,5735.4844,5735.4844
8357,0.51,-2.3424,-0.0948,-6.4468,4.1044,1.4487,-152.0576,4739.3389,4739.3389
8358,0.51,-2.6574,+0.0762,-6.4786,3.8212,1.7560,-162.6803,5378.9424,5378.9424
8359,0.51,-2.7017,+0.0336,-6.4763,3.7746,1.9202,-152.6739,4735.2217,4735.2217
8360,0.51,-2.4851,+0.1686,-6.4355,3.9504,4.1068,-165.2262,5574.1963,5574.1963
8361,0.50,-2.7365,+0.1181,-6.3825,3.6460,1.0412,-159.6131,5150.4980,5150.4980
8362,0.50,-2.5174,+0.0081,-6.4043,3.8869,0.6112,-162.4884,5450.9507,5450.9507
8363,0.53,-1.5048,-1.0655,-6.4178,4.9130,285.8180,-153.5237,4843.1699,4843.1699
8364,0.50,-2.6244,-0.0702,-6.4256,3.8012,0.7102,-157.9585,5044.5767,5044.5767
8365,0.51,-2.4802,+0.0395,-6.4459,3.9657,0.6420,-162.1740,5299.0024,5299.0024
8366,0.53,-2.2871,-0.0123,-6.4352,4.1480,0.7498,-151.2429,4639.2461,4639.2461
8367,0.49,-2.6597,-0.0071,-6.4081,3.7484,0.7189,-168.1992,5797.4019,5797.4019
8368,0.51,-2.4820,-0.0740,-6.4310,3.9490,1.4685,-151.3797,4665.4048,4665.4048
8369,0.52,-2.4700,-0.1823,-6.4370,3.9670,11.1875,-163.2987,5418.6870,5418.6870
8370,0.52,-2.4903,+0.1257,-6.4277,3.9374,1.5552,-156.2057,5006.3862,5006.3862
8371,0.50,-2.5364,+0.1456,-6.4316,3.8952,1.3060,-164.2644,5566.0791,5566.0791
8372,0.50,-2.5720,+0.1099,-6.4475,3.8755,0.9688,-154.5755,4838.0850,4838.0850
8373,0.49,-2.5845,-0.1159,-6.4505,3.8661,0.8143,-164.8329,5577.1094,5577.1094
8374,0.51,-2.3511,+0.0196,-6.4320,4.0809,0.9505,-150.9569,4668.0610,4668.0610
8375,0.51,-2.6661,-0.0372,-6.3921,3.7260,1.0780,-168.0824,5783.0645,5783.0645
8376,0.50,-2.4054,-0.0027,-6.4110,4.0056,0.4765,-154.3025,4833.4155,4833.4155
8377,0.51,-2.6337,-0.0128,-6.4310,3.7973,0.5878,-167.4317,5738.7515,5738.7515
8378,0.51,-2.5331,+0.0619,-6.4459,3.9128,0.4409,-151.4375,4694.6772,4694.6772
8379,0.51,-2.5926,+0.0022,-6.4398,3.8472,1.0352,-167.2902,5696.8481,5696.8481
8380,0.52,-2.4684,-0.0613,-6.4369,3.9685,1.2157,-151.2329,4661.5195,4661.5195
8381,0.54,-2.5812,-0.0110,-6.4488,3.8675,1.1139,-165.2279,5539.3857,5539.3857
8382,0.52,-2.2907,-0.1543,-6.4161,4.1254,7.3512,-153.5618,4758.5439,4758.5439
8383,0.51,-2.6992,-0.0436,-6.4201,3.7209,0.4834,-164.6314,5489.5747,5489.5747
8384,0.52,-2.2763,+0.0027,-6.4119,4.1356,0.6846,-152.6852,4718.6450,4718.6450
8385,0.52,-2.6786,-0.0330,-6.4038,3.7252,3.2295,-167.4766,5697.9067,5697.9067
8386,0.51,-2.6219,+0.0090,-6.3844,3.7626,0.8700,-160.1394,5214.1660,5214.1660
8387,0.51,-2.6083,-0.0280,-6.3971,3.7888,0.8118,-159.9167,5172.6006,5172.6006
8388,0.50,-2.6568,+0.0649,-6.3977,3.7409,0.5725,-166.5717,5611.4385,5611.4385
8389,0.51,-2.3810,-0.0202,-6.3660,3.9850,1.6434,-158.2472,5102.5645,5102.5645
8390,0.49,-2.7201,-0.0295,-6.3775,3.6573,0.8013,-168.4483,5783.0576,5783.0576
8391,0.51,-2.7146,-0.0226,-6.3762,3.6615,0.5277,-162.5692,5343.8818,5343.8818
8392,0.51,-2.7578,-0.2391,-6.4005,3.6428,0.7357,-163.5523,5503.2920,5503.2920
8393,0.51,-2.4613,-0.0042,-6.4283,3.9669,0.9143,-152.5013,4737.4150,4737.4150
8394,0.52,-2.6445,+0.0382,-6.4319,3.7874,0.6197,-167.1391,5661.8379,5661.8379
8395,0.53,-2.5102,+0.0773,-6.4574,3.9471,0.4836,-152.7350,4746.3516,4746.3516
8396,0.52,-2.6553,-0.0207,-6.4542,3.7989,0.6264,-164.9022,5528.2412,5528.2412
8397,0.49,-2.7364,-0.0488,-6.4754,3.7391,0.5170,-157.4301,5035.2329,5035.2329
8398,0.49,-2.6084,+0.0017,-6.4588,3.8503,0.4743,-163.8317,5355.0156,5355.0156
8399,0.52,-2.5473,-0.0361,-6.4683,3.9210,6.5200,-153.6526,4795.3843,4795.3843
8400,0.51,4.2739,-5.3821,-6.4659,10.7397,12619.8711,-158.0950,5253.7041,5253.7041
8401,0.50,-2.6806,-0.0060,-6.4646,3.7840,0.5914,-160.4582,5199.2500,5199.2500
8402,0.51,-2.7252,-0.0066,-6.4495,3.7243,1.7959,-157.2102,5054.1016,5054.1016
8403,0.53,-2.5542,-0.0873,-6.4330,3.8788,6.5726,-157.9727,5078.1895,5078.1895
8404,0.51,-2.6534,+0.1028,-6.4533,3.7999,0.7602,-162.3948,5351.3145,5351.3145
8405,0.52,-2.1457,+0.0546,-6.4357,4.2900,2.2427,-151.4134,4652.2944,4652.2944
8406,0.52,-2.4682,-0.1550,-6.4432,3.9750,11.4740,-160.4949,5212.8672,5212.8672
8407,0.52,-2.4896,-0.1082,-6.4411,3.9515,8.3915,-158.2821,5104.5400,5104.5400
8408,0.50,-2.4267,+0.0306,-6.4522,4.0255,20.2286,-158.6884,5160.0830,5160.0830
8409,0.51,-2.4444,+0.0806,-6.4526,4.0083,9.3448,-156.7070,5026.7871,5026.7871
8410,0.50,-2.4021,+0.1714,-6.4607,4.0587,40.5547,-157.1259,5057.1577,5057.1577
8411,0.52,-2.6558,-0.0440,-6.4620,3.8062,4.1351,-157.1971,5045.0195,5045.0195
8412,0.49,-2.4784,-0.0672,-6.4702,3.9918,17.0605,-156.2836,4980.6157,4980.6157
8413,0.49,-2.3064,+0.0187,-6.4471,4.1406,33.2143,-157.6758,5097.2754,5097.2754
8414,0.49,-1.9998,-0.1727,-6.4515,4.4517,119.4891,-156.0031,5036.9307,5036.9307
8415,0.49,-2.1180,-0.1596,-6.4536,4.3356,76.7242,-156.3615,5025.5854,5025.5854
8416,0.49,-1.9856,-0.0096,-6.4715,4.4859,88.2231,-155.5382,4968.6724,4968.6724
8417,0.49,-2.3547,-0.1505,-6.4773,4.1226,34.5359,-156.1890,4980.3472,4980.3472
8418,0.49,-2.5737,+0.0539,-6.4565,3.8828,6.5444,-156.6302,5026.4795,5026.4795
8419,0.50,-2.5000,-0.1660,-6.4485,3.9484,11.3874,-157.4745,5093.4863,5093.4863
8420,0.48,-2.4055,-0.1792,-6.4643,4.0588,16.0886,-159.4796,5223.1182,5223.1182
8421,0.50,-2.2375,+0.0177,-6.4699,4.2323,45.9153,-156.6201,5057.7842,5057.7842
8422,0.50,-2.2134,+0.0695,-6.4605,4.2471,39.4506,-156.8819,5078.0391,5078.0391
8423,0.49,-2.0779,-0.0819,-6.4593,4.3814,79.7006,-156.4424,5057.7510,5057.7510
8424,0.51,-2.2165,-0.1169,-6.4794,4.2629,44.3553,-158.9040,5224.5063,5224.5063
8425,0.51,-2.2090,-0.1058,-6.4708,4.2618,41.1854,-157.3171,5143.6807,5143.6807
8426,0.50,-2.2533,+0.1628,-6.4662,4.2128,33.5841,-156.8260,5086.3086,5086.3086
8427,0.49,-2.2467,+0.0120,-6.4486,4.2020,39.1324,-158.7397,5201.9990,5201.9990
8428,0.49,-2.2035,-0.0212,-6.4605,4.2570,38.3922,-158.4634,5189.3516,5189.3516
8429,0.49,-2.3294,+0.0867,-6.4773,4.1479,37.4394,-158.3050,5189.3477,5189.3477
8430,0.49,-2.3486,+0.0393,-6.4758,4.1272,39.3444,-158.8474,5212.4185,5212.4185
8431,0.49,-2.3359,-0.2460,-6.4415,4.1056,32.6812,-158.6458,5174.1519,5174.1519
8432,0.50,-2.1384,-0.0684,-6.4137,4.2753,42.9626,-158.4119,5181.9727,5181.9727
8433,0.49,-1.9087,-0.0849,-6.4097,4.5010,105.4242,-159.4751,5261.6475,5261.6475
8434,0.49,-2.1569,-0.1810,-6.4233,4.2664,41.7905,-159.5802,5283.8496,5283.8496
8435,0.51,-2.2179,+0.0046,-6.4230,4.2051,36.6970,-158.8751,5214.0278,5214.0278
8436,0.49,-2.1369,+0.0709,-6.4204,4.2835,64.8608,-159.6775,5251.9756,5251.9756
8437,0.49,-2.2765,-0.0652,-6.4216,4.1451,31.5046,-159.7045,5243.5811,5243.5811
8438,0.50,-2.5762,+0.0509,-6.4214,3.8452,0.7335,-160.6652,5319.0293,5319.0293
8439,0.49,-2.5106,-0.0616,-6.4134,3.9028,0.7488,-165.9921,5701.0322,5701.0322
8440,0.49,-2.3168,+0.0835,-6.4248,4.1080,0.7514,-153.8104,4838.5107,4838.5107
8441,0.49,-2.4686,+0.0487,-6.4606,3.9920,0.6860,-168.0360,5793.5396,5793.5396
8442,0.50,-2.2583,+0.0908,-6.4535,4.1952,0.7600,-151.5040,4690.0771,4690.0771
8443,0.50,-2.5376,+0.0106,-6.4371,3.8994,1.4133,-169.0906,5863.3301,5863.3301
8444,0.49,-2.5011,-0.0172,-6.4457,3.9446,1.3419,-157.2896,5136.9814,5136.9814
8445,0.49,-2.6996,-0.2229,-6.4471,3.7475,1.2832,-163.7997,5522.1733,5522.1733
8446,0.51,-2.4563,+0.0917,-6.4570,4.0008,0.7144,-151.9305,4726.4097,4726.4097
8447,0.50,-2.6034,-0.0088,-6.4655,3.8622,0.5683,-164.2272,5528.6582,5528.6582
8448,0.52,-2.4137,-0.0076,-6.4451,4.0314,1.5170,-150.9044,4649.8711,4649.8711
8449,0.50,-2.7112,+0.1510,-6.4318,3.7206,0.9532,-164.8412,5558.5835,5558.5835
8450,0.51,-2.2808,+0.0357,-6.4356,4.1549,1.4866,-150.3412,4557.0122,4557.0122
8451,0.50,-2.6257,-0.0279,-6.4243,3.7986,1.8638,-163.4026,5450.1973,5450.1973
8452,0.52,-2.4660,-0.1815,-6.4342,3.9683,0.8225,-153.6178,4775.3613,4775.3613
8453,0.51,-2.8273,+0.0407,-6.4391,3.6118,0.8234,-164.3208,5581.5518,5581.5518
8454,0.52,-2.3503,+0.1490,-6.4495,4.0992,0.7828,-149.4253,4597.1055,4597.1055
8455,0.52,-2.6612,+0.0679,-6.4358,3.7747,0.5756,-166.5081,5665.7476,5665.7476
8456,0.51,-2.3867,+0.1006,-6.4360,4.0493,0.8315,-149.7484,4576.3506,4576.3506
8457,0.51,-2.7405,+0.0063,-6.4119,3.6714,0.5850,-166.2025,5663.1655,5663.1655
8458,0.52,-2.3837,+0.0231,-6.4122,4.0285,1.9241,-153.0950,4857.9268,4857.9268
8459,0.49,-2.8514,+0.0962,-6.4399,3.5884,5.9258,-163.7429,5519.1455,5519.1455
8460,0.52,-2.7413,-0.0608,-6.4443,3.7030,0.9089,-155.6503,4981.6729,4981.6729
8461,0.51,-2.6741,-0.0321,-6.4421,3.7681,1.2564,-159.8309,5270.7080,5270.7080
8462,0.52,-2.6000,+0.0456,-6.4292,3.8292,2.1151,-157.7832,5095.1035,5095.1035
8463,0.51,-2.7190,-0.0878,-6.4446,3.7255,2.4543,-162.3056,5428.7622,5428.7622
8464,0.51,-2.7239,+0.0570,-6.4557,3.7318,2.7953,-153.7561,4923.8994,4923.8994
8465,0.49,-2.6726,-0.2172,-6.4634,3.7908,6.5186,-162.6645,5451.9595,5451.9595
8466,0.51,-2.7039,-0.0403,-6.4621,3.7582,0.8332,-157.9971,5074.0234,5074.0234
8467,0.53,-2.5978,+0.1244,-6.4514,3.8537,1.1541,-152.9285,4838.2949,4838.2949
8468,0.50,-2.7053,+0.0175,-6.4537,3.7484,1.0268,-163.7058,5572.1074,5572.1074
8469,0.53,-2.5819,-0.0493,-6.4547,3.8729,0.5673,-151.2964,4674.2876,4674.2876
8470,0.51,-2.7192,-0.0532,-6.4352,3.7160,0.4150,-166.8088,5760.0728,5760.0728
8471,0.52,-2.3160,+0.1437,-6.4476,4.1316,3.2597,-149.2803,4622.2510,4622.2510
8472,0.52,-2.7410,+0.0197,-6.4515,3.7105,0.7626,-160.8632,5331.2979,5331.2979
8473,0.50,-2.5281,-0.0286,-6.4447,3.9166,1.7097,-152.6599,4780.1680,4780.1680
8474,0.49,-2.7605,-0.1503,-6.4373,3.6769,1.3993,-158.7888,5150.7529,5150.7529
8475,0.50,-2.7188,-0.0370,-6.4369,3.7181,2.8204,-161.6358,5384.0566,5384.0566
8476,0.48,-2.7465,-0.1065,-6.4272,3.6807,4.3385,-157.4741,5096.3555,5096.3555
8477,0.50,-2.7121,-0.0904,-6.4271,3.7150,1.8196,-161.0563,5365.3535,5365.3535
8478,0.50,-2.7669,+0.0240,-6.4418,3.6749,0.8575,-164.4763,5530.6377,5530.6377
8479,0.51,-2.3140,-0.0611,-6.4510,4.1370,0.8884,-149.5959,4591.6387,4591.6387
8480,0.51,-2.5575,-0.5062,-6.4333,3.8757,14.4076,-166.5139,5741.2446,5741.2446
8481,0.50,-2.6144,+0.0045,-6.4462,3.8318,0.4029,-162.3849,5428.8330,5428.8330
8482,0.51,-2.6185,-0.0609,-6.4325,3.8141,0.6601,-154.8535,4969.7227,4969.7227
8483,0.49,-2.5559,-0.0828,-6.4234,3.8675,0.5795,-170.3435,5966.5747,5966.5747
8484,0.51,-2.4608,-0.0260,-6.4101,3.9493,0.5925,-153.7419,4874.7632,4874.7632
8485,0.51,-2.5130,+0.0332,-6.4325,3.9195,0.8512,-169.0235,5873.3447,5873.3447
8486,0.52,-2.4888,-0.0684,-6.4373,3.9485,0.5090,-153.4985,4846.5269,4846.5269
8487,0.51,-2.6443,-0.0472,-6.4424,3.7981,2.3650,-168.2862,5802.3438,5802.3438
8488,0.52,-2.6239,-0.0011,-6.4421,3.8182,0.5902,-154.5707,4968.1104,4968.1104
8489,0.51,-2.6971,+0.0648,-6.4142,3.7171,0.7368,-167.7200,5789.3315,5789.3315
8490,0.50,-2.3951,-0.0010,-6.3834,3.9883,0.8032,-154.5634,4885.1104,4885.1104
8491,0.50,-2.6662,+0.0380,-6.4135,3.7473,0.4998,-166.4401,5717.8447,5717.8447
8492,0.50,-2.4209,-0.0756,-6.4319,4.0110,0.8274,-150.8181,4684.6230,4684.6230
8493,0.52,-2.8248,+0.0565,-6.4344,3.6095,0.7346,-166.5128,5721.8867,5721.8867
8494,0.51,-2.5545,-0.0834,-6.4292,3.8747,0.7121,-151.9777,4772.1523,4772.1523
8495,0.49,-2.7237,+0.0620,-6.4626,3.7389,0.7466,-164.8880,5622.8340,5622.8340
8496,0.52,-2.6953,+0.0424,-6.4863,3.7911,0.5582,-153.4448,4857.2090,4857.2090
8497,0.51,-2.5815,-0.0087,-6.4735,3.8920,0.6494,-169.0423,5880.9463,5880.9463
8498,0.52,-2.6464,-0.0121,-6.4490,3.8026,0.4897,-153.5297,4823.7480,4823.7480
8499,0.51,-2.7001,+0.0143,-6.4687,3.7686,0.6422,-165.3488,5595.0552,5595.0552
8500,0.51,-2.5624,+0.1134,-6.4629,3.9004,0.5371,-150.9985,4680.9028,4680.9028
8501,0.51,-2.7324,+0.0554,-6.4558,3.7235,0.5511,-166.5951,5664.9727,5664.9727
8502,0.51,-2.6748,-0.0380,-6.4559,3.7811,0.9050,-152.7580,4762.2886,4762.2886
8503,0.51,-2.7851,+0.0501,-6.5025,3.7174,1.0681,-158.6127,5155.0518,5155.0518
8504,0.50,-2.5158,+0.0556,-6.4802,3.9644,0.5565,-151.5151,4777.0352,4777.0352
8505,0.52,-2.7645,-0.0938,-6.4683,3.7038,0.6742,-159.8758,5197.1855,5197.1855
8506,0.52,-2.6038,+0.0868,-6.4563,3.8525,0.4865,-153.1832,4792.5576,4792.5576
8507,0.53,-2.5855,-0.0293,-6.4318,3.8463,3.5982,-168.6729,5824.5962,5824.5962
8508,0.50,-2.6299,+0.0410,-6.4550,3.8252,0.8867,-152.1474,4751.1997,4751.1997
8509,0.52,-2.7558,+0.1380,-6.4285,3.6727,0.8634,-166.6802,5713.8784,5713.8784
8510,0.50,-2.5588,+0.0054,-6.4480,3.8892,0.9895,-150.9274,4680.2817,4680.2817
8511,0.51,-2.8049,-0.0548,-6.4477,3.6427,0.5260,-166.0085,5677.4756,5677.4756
8512,0.52,-2.5423,-0.0188,-6.4438,3.9015,0.4462,-150.8246,4701.9897,4701.9897
8513,0.51,-2.7676,-0.0186,-6.4351,3.6675,0.5359,-166.3171,5736.0234,5736.0234
8514,0.52,-2.4668,+0.1174,-6.4765,4.0097,1.3454,-149.2265,4611.4697,4611.4697
8515,0.52,-2.6101,-0.0825,-6.4729,3.8628,5.0425,-163.4817,5568.9531,5568.9531
8516,0.50,-2.8328,-0.0574,-6.4560,3.6233,0.4637,-158.9513,5207.4028,5207.4028
8517,0.50,-2.3885,+0.0499,-6.4396,4.0512,0.6524,-149.7043,4683.7739,4683.7739
8518,0.52,-2.6338,-0.0178,-6.4410,3.8072,3.2902,-163.1776,5517.5410,5517.5410
8519,0.50,-2.7571,+0.0167,-6.4783,3.7212,0.9578,-151.7829,4797.0239,4797.0239
8520,0.50,-2.7227,-0.0314,-6.4571,3.7343,0.5989,-164.1965,5559.3188,5559.3188
8521,0.51,-2.4819,-0.0430,-6.4509,3.9689,0.7067,-150.3374,4666.0723,4666.0723
8522,0.52,-2.6421,+0.2282,-6.4560,3.8139,5.8993,-163.8871,5560.4150,5560.4150
8523,0.50,-2.7218,+0.0295,-6.4586,3.7368,0.9384,-160.0799,5332.7305,5332.7305
8524,0.49,-2.6545,-0.1002,-6.4613,3.8068,0.7600,-155.7410,4973.2783,4973.2783
8525,0.51,-2.9608,-0.0374,-6.4581,3.4973,0.3948,-161.4946,5378.6699,5378.6699
8526,0.51,-2.4218,-0.0223,-6.4381,4.0163,0.3803,-151.2445,4748.0381,4748.0381
8527,0.52,-2.8005,-0.0066,-6.4437,3.6432,1.0329,-164.5605,5594.7485,5594.7485
8528,0.53,-2.4530,+0.1575,-6.4769,4.0239,1.6786,-148.8664,4648.0166,4648.0166
8529,0.53,-2.7532,-0.0474,-6.4691,3.7159,0.9960,-163.5445,5556.7686,5556.7686
8530,0.52,-2.6804,+0.1377,-6.4806,3.8002,0.4737,-152.1727,4825.7603,4825.7603
8531,0.51,-2.7563,+0.0132,-6.4482,3.6919,0.9618,-167.8784,5817.6953,5817.6953
8532,0.53,-2.5808,-0.0894,-6.4621,3.8814,0.5297,-152.5557,4805.9292,4805.9292
8533,0.50,-2.7261,-0.2431,-6.4577,3.7316,0.9091,-167.6011,5809.5386,5809.5386
8534,0.51,-2.5626,-0.2095,-6.4671,3.9045,2.6097,-152.8271,4850.3687,4850.3687
8535,0.51,-2.8106,+0.0533,-6.4524,3.6418,0.5159,-164.2692,5599.8970,5599.8970
8536,0.52,-2.3813,+0.0251,-6.4328,4.0515,0.7887,-151.3073,4720.8320,4720.8320
8537,0.51,-2.7969,-0.0591,-6.4457,3.6488,0.5816,-166.0296,5728.4272,5728.4272
8538,0.51,-2.5138,-0.0342,-6.4456,3.9318,0.3606,-153.7468,4878.1021,4878.1021
8539,0.51,-2.5463,-0.0414,-6.4563,3.9100,4.3553,-168.3659,5818.7207,5818.7207
8540,0.50,-2.4633,-0.0435,-6.4753,4.0120,5.0387,-155.4565,4999.7437,4999.7437
8541,0.49,-2.7159,+0.1304,-6.4619,3.7460,0.7020,-157.5488,5134.8501,5134.8501
8542,0.53,-2.6124,-0.0145,-6.4471,3.8347,1.3268,-162.8886,5459.3394,5459.3394
8543,0.50,-2.6886,+0.0956,-6.4469,3.7583,0.9991,-154.8168,4917.7930,4917.7930
8544,0.51,-2.6460,-0.0810,-6.4516,3.8056,0.7386,-167.8228,5810.1045,5810.1045
8545,0.53,-2.5765,+0.0066,-6.4528,3.8762,1.3908,-152.6401,4779.4619,4779.4619
8546,0.51,-2.6205,+0.0876,-6.4461,3.8256,1.2695,-166.4701,5710.9878,5710.9878
8547,0.51,-2.6611,-0.0543,-6.4547,3.7936,1.4390,-154.7391,4921.1611,4921.1611
8548,0.52,-2.6027,+0.0419,-6.4635,3.8608,14.8695,-164.4244,5578.5210,5578.5210
8549,0.51,-2.7798,+0.0269,-6.4589,3.6791,0.5051,-159.4492,5249.4912,5249.4912
8550,0.50,-2.3279,+0.0185,-6.4606,4.1326,1.3552,-149.0125,4601.1274,4601.1274
8551,0.50,-2.7106,-0.1290,-6.4426,3.7320,1.0934,-164.4489,5597.8564,5597.8564
8552,0.51,-2.6025,-0.0950,-6.4356,3.8331,0.4765,-154.3072,4874.6064,4874.6064
8553,0.50,-2.6904,+0.0554,-6.4483,3.7580,0.9063,-166.6157,5698.6440,5698.6440
8554,0.51,-2.5137,-0.0793,-6.4422,3.9284,4.4241,-154.2003,4937.6436,4937.6436
8555,0.50,-2.7818,-0.0996,-6.4444,3.6626,1.1209,-165.0413,5593.2334,5593.2334
8556,0.51,-2.6042,+0.0239,-6.4491,3.8449,0.9621,-154.2048,4888.4561,4888.4561
8557,0.53,-2.7331,+0.0615,-6.4664,3.7334,0.4934,-163.9005,5564.0352,5564.0352
8558,0.51,-2.5157,-0.0034,-6.4355,3.9197,0.4881,-153.3151,4850.7129,4850.7129
8559,0.53,-2.8016,+0.0276,-6.4523,3.6507,0.5232,-164.7734,5563.7002,5563.7002
8560,0.52,-2.4537,+0.1025,-6.4373,3.9836,0.5081,-150.5008,4649.6284,4649.6284
8561,0.51,-2.7376,+0.0433,-6.4265,3.6889,1.4480,-165.4759,5591.0771,5591.0771
8562,0.50,-2.6797,+0.0873,-6.4255,3.7458,0.5735,-154.8690,4921.1523,4921.1523
8563,0.50,-2.4334,-0.5088,-6.4152,3.9818,15.0946,-164.7882,5610.2544,5610.2544
8564,0.50,-2.6907,+0.0278,-6.4432,3.7524,0.7493,-164.5988,5565.9795,5565.9795
8565,0.52,-2.6317,+0.0223,-6.4486,3.8170,0.9076,-157.1445,5142.3208,5142.3208
8566,0.52,-2.6931,-0.0819,-6.4609,3.7678,1.1653,-156.3267,4987.3633,4987.3633
8567,0.52,-2.7482,-0.0209,-6.4140,3.6658,1.8141,-161.1490,5318.5107,5318.5107
8568,0.53,-2.7738,+0.2945,-6.3927,3.6189,10.6795,-161.2984,5331.2778,5331.2778
8569,0.51,-2.7272,-0.1424,-6.4276,3.7004,1.0093,-158.6275,5148.2773,5148.2773
8570,0.51,-2.6461,-0.0495,-6.4443,3.7982,1.1549,-156.6082,4992.8105,4992.8105
8571,0.51,-2.8202,-0.0418,-6.4592,3.6390,0.8531,-159.9124,5177.3750,5177.3750
8572,0.52,-2.7746,-0.0619,-6.4675,3.6929,0.7163,-161.1896,5322.6328,5322.6328
8573,0.51,-2.4660,-0.0886,-6.4671,4.0011,8.4883,-160.1671,5275.0591,5275.0591
8574,0.49,-2.8383,-0.0329,-6.4576,3.6193,1.8276,-162.2102,5386.4321,5386.4321
8575,0.52,-2.4591,-0.2186,-6.4662,4.0071,1.6037,-149.7759,4609.7944,4609.7944
8576,0.49,-2.9405,+0.0800,-6.4982,3.5577,7.5801,-157.8257,5096.9014,5096.9014
8577,0.51,-2.7167,-0.0212,-6.4691,3.7524,1.1409,-157.3824,5077.6089,5077.6089
8578,0.51,-2.6770,+0.0863,-6.4618,3.7848,1.2669,-166.4910,5668.0254,5668.0254
8579,0.53,-2.6176,-0.1080,-6.4688,3.8513,1.1085,-152.9467,4822.9834,4822.9834
8580,0.51,-2.6043,+0.0224,-6.4418,3.8376,3.3789,-165.5661,5717.1084,5717.1084
8581,0.51,-2.8563,-0.0634,-6.4488,3.5925,0.5316,-164.1199,5516.6299,5516.6299
8582,0.51,-2.6108,+0.0429,-6.4472,3.8364,0.4801,-156.3303,5028.6831,5028.6831
8583,0.50,-2.5987,+0.0117,-6.4363,3.8377,1.4853,-163.9057,5514.5234,5514.5234
8584,0.51,-2.6661,-0.1577,-6.4226,3.7566,1.2855,-155.9842,5015.6162,5015.6162
8585,0.53,-2.5440,-0.0029,-6.4662,3.9222,21.3449,-163.1495,5513.3740,5513.3740
8586,0.51,-2.8204,-0.0690,-6.4572,3.6368,2.4611,-158.8118,5189.4448,5189.4448
8587,0.51,-2.6148,-0.1244,-6.4512,3.8364,0.6750,-156.3729,5053.0342,5053.0342
8588,0.50,-2.8972,+0.0043,-6.4489,3.5517,0.7361,-162.3739,5313.2275,5313.2275
8589,0.50,-2.7476,-0.0699,-6.4396,3.6920,0.7204,-156.3076,5009.5781,5009.5781
8590,0.52,-2.6195,-0.0026,-6.4388,3.8193,1.0529,-168.6149,5861.2568,5861.2568
8591,0.53,-2.6980,+0.0562,-6.4113,3.7133,0.7552,-156.2613,5006.5078,5006.5078
8592,0.52,-2.7384,+0.0662,-6.4160,3.6776,0.6923,-168.5670,5857.0742,5857.0742
8593,0.51,-2.4562,-0.0286,-6.4093,3.9531,6.8585,-156.0648,4973.6567,4973.6567
8594,0.52,-2.7908,-0.0183,-6.4262,3.6354,0.4789,-163.8600,5487.0908,5487.0908
8595,0.52,-2.6171,+0.0472,-6.4383,3.8213,0.6589,-155.4720,4961.4238,4961.4238
8596,0.51,-2.6197,-0.0348,-6.4483,3.8286,0.4535,-168.8702,5840.0859,5840.0859
8597,0.51,-2.5967,+0.0431,-6.4316,3.8348,0.4472,-153.2966,4789.6689,4789.6689
8598,0.51,-2.4914,-0.0769,-6.4437,3.9523,2.0794,-167.0596,5704.3564,5704.3564
8599,0.51,-2.6675,+0.0016,-6.4595,3.7919,3.9455,-155.7531,4994.4512,4994.4512
8600,0.49,-2.7179,+0.0836,-6.4659,3.7480,1.0615,-156.0363,4997.5127,4997.5127
8601,0.48,-2.7870,-0.1624,-6.4716,3.6846,1.4787,-167.5031,5736.7993,5736.7993
8602,0.52,-2.5515,-0.0995,-6.4706,3.9192,3.5343,-153.5261,4843.7959,4843.7959
8603,0.51,-2.3023,+0.0052,-6.4732,4.1709,51.2007,-154.8380,4920.7041,4920.7041
8604,0.51,-2.4541,+0.1343,-6.4429,3.9889,20.8554,-155.7158,4993.5605,4993.5605
8605,0.50,-2.3931,+0.0629,-6.4594,4.0662,28.7626,-157.3549,5132.4346,5132.4346
8606,0.50,-2.4093,+0.0147,-6.4439,4.0346,50.1321,-159.0073,5233.5352,5233.5352
8607,0.49,-2.4342,+0.0128,-6.4717,4.0376,38.6229,-157.3810,5138.4136,5138.4136
8608,0.50,-2.3868,+0.1333,-6.4710,4.0842,33.5552,-157.1324,5119.0171,5119.0171
8609,0.51,-2.8657,+0.1151,-6.4784,3.6127,1.4107,-157.7510,5102.7217,5102.7217
8610,0.52,-2.8440,+0.0836,-6.5144,3.6705,0.8102,-156.4336,5025.1426,5025.1426
8611,0.51,-2.7712,+0.0112,-6.4878,3.7165,0.4376,-155.4196,5004.0801,5004.0801
8612,0.52,-2.6172,-0.0339,-6.5071,3.8899,0.8043,-155.0369,4913.4473,4913.4473
8613,0.51,-2.6361,-0.1185,-6.5064,3.8703,1.3498,-154.3641,4969.6299,4969.6299
8614,0.50,-2.7141,-0.0082,-6.4744,3.7602,0.4205,-164.5231,5536.3618,5536.3618
8615,0.52,-2.4357,+0.0346,-6.4614,4.0257,1.0781,-150.4910,4686.7432,4686.7432
8616,0.51,-2.6243,-0.0176,-6.4519,3.8276,0.6089,-167.4644,5805.7095,5805.7095
8617,0.51,-2.4807,-0.0087,-6.4672,3.9865,1.1788,-151.9483,4716.0952,4716.0952
8618,0.51,-2.5970,+0.0437,-6.4529,3.8559,0.6718,-164.9310,5587.6191,5587.6191
8619,0.52,-2.5429,-0.0532,-6.4410,3.8981,1.4900,-154.2612,4853.7036,4853.7036
8620,0.51,-2.6267,-0.0378,-6.4443,3.8176,0.8098,-164.5492,5572.7222,5572.7222
8621,0.51,-2.7728,+0.0618,-6.4509,3.6781,1.1553,-157.7791,5020.7559,5020.7559
8622,0.51,-2.8084,+0.0408,-6.4422,3.6337,0.6106,-162.9431,5465.6836,5465.6836
8623,0.51,-2.6485,-0.2459,-6.4333,3.7847,1.4453,-156.9032,5003.1455,5003.1455
8624,0.51,-2.5134,-0.0343,-6.4529,3.9396,10.8519,-157.6971,5106.4951,5106.4951
8625,0.51,-2.3591,-0.2272,-6.4600,4.1010,27.8616,-158.4257,5176.5967,5176.5967
8626,0.52,-2.4841,+0.0759,-6.4601,3.9759,16.6192,-158.1707,5148.0649,5148.0649
8627,0.51,-1.2186,+0.1815,-6.4907,5.2721,433.1344,-155.2210,4995.3574,4995.3574
8628,0.50,-2.1886,+0.2194,-6.4725,4.2839,88.9984,-156.6172,5043.2427,5043.2427
8629,0.51,-2.3345,-0.0019,-6.4753,4.1408,21.3466,-157.6651,5114.4492,5114.4492
8630,0.50,-2.6707,+0.0561,-6.4649,3.7942,7.9698,-159.3699,5209.8052,5209.8052
8631,0.50,-2.7278,-0.0830,-6.4433,3.7155,3.5248,-160.6981,5281.1543,5281.1543
8632,0.51,-2.6142,+0.0102,-6.4446,3.8305,9.4658,-159.1429,5186.0156,5186.0156
8633,0.51,-2.4546,+0.0040,-6.4357,3.9812,19.2198,-159.4100,5182.8472,5182.8472
8634,0.48,-2.3680,-0.0370,-6.4629,4.0949,37.5972,-158.0397,5083.8574,5083.8574
8635,0.51,-2.2828,+0.3558,-6.4668,4.1840,44.4041,-157.8211,5114.4141,5114.4141
8636,0.50,-2.2037,-0.0778,-6.4997,4.2960,47.7476,-156.2372,5013.2549,5013.2549
8637,0.51,-2.3691,-0.0819,-6.5055,4.1364,36.2398,-156.2151,4983.1055,4983.1055
8638,0.50,-2.2701,-0.1346,-6.4887,4.2185,56.6339,-154.9600,4924.9155,4924.9155
8639,0.49,-2.2722,+0.1319,-6.4700,4.1978,55.9854,-156.7138,5049.7656,5049.7656
8640,0.50,-2.3563,-0.0136,-6.4848,4.1285,35.4429,-156.2076,5001.5122,5001.5122
8641,0.50,-2.4276,-0.3047,-6.4957,4.0681,36.7612,-157.5143,5075.7822,5075.7822
8642,0.50,-2.3260,+0.1330,-6.4819,4.1559,39.5753,-157.4980,5084.9312,5084.9312
8643,0.49,-2.3520,+0.0838,-6.4937,4.1416,52.7902,-157.3587,5101.1841,5101.1841
8644,0.50,-2.1954,-0.0830,-6.4690,4.2737,57.8167,-157.4402,5107.3262,5107.3262
8645,0.49,-2.2348,-0.0061,-6.4528,4.2180,42.6213,-158.2416,5141.9644,5141.9644
8646,0.49,-2.2856,-0.0103,-6.4545,4.1689,20.8487,-157.7205,5088.3301,5088.3301
8647,0.49,-2.3616,+0.1259,-6.4504,4.0888,35.4576,-158.0479,5119.7920,5119.7920
8648,0.50,-2.3270,-0.0933,-6.4517,4.1247,32.3004,-157.8213,5125.7812,5125.7812
8649,0.50,-2.4849,+0.0733,-6.4739,3.9890,14.5901,-157.1893,5094.3047,5094.3047
8650,0.51,-2.2862,+0.0369,-6.4766,4.1904,40.2190,-159.4672,5235.2480,5235.2480
8651,0.50,-2.5189,+0.4014,-6.4865,3.9675,43.1745,-157.6455,5087.3496,5087.3496
8652,0.49,-2.2444,-0.0504,-6.4873,4.2429,40.4681,-159.3537,5262.7109,5262.7109
8653,0.49,-2.2206,-0.0531,-6.5026,4.2821,50.4001,-158.4592,5185.4551,5185.4551
8654,0.50,-2.4132,-0.1874,-6.5254,4.1122,12.8228,-157.7492,5115.5996,5115.5996
8655,0.50,-2.4322,+0.0186,-6.5135,4.0813,9.7115,-158.1682,5143.5928,5143.5928
8656,0.48,-2.5630,-0.0179,-6.4978,3.9348,8.7515,-158.8922,5178.3545,5178.3545
8657,0.51,-2.4139,+0.0039,-6.4886,4.0747,14.9991,-160.1174,5273.3730,5273.3730
8658,0.50,-2.3596,-0.0602,-6.4833,4.1236,23.2024,-158.5146,5155.2222,5155.2222
8659,0.48,-2.1770,-0.5361,-6.4480,4.2711,37.0165,-160.5522,5266.1602,5266.1602
8660,0.49,-1.7492,+0.0977,-6.4689,4.7197,176.6052,-159.6118,5261.8647,5261.8647
8661,0.47,-2.2403,+0.2651,-6.4618,4.2214,45.5809,-160.8453,5311.4336,5311.4336
8662,0.50,-2.5302,+0.0401,-6.4829,3.9527,56.1485,-158.3588,5181.4653,5181.4653
8663,0.50,-2.3047,-0.2067,-6.4880,4.1833,25.1247,-158.3242,5191.1699,5191.1699
8664,0.49,-2.3123,+0.0079,-6.4923,4.1800,39.7468,-159.4228,5261.8467,5261.8467
8665,0.49,-2.1750,+0.2736,-6.4664,4.2914,60.5323,-160.3919,5343.1616,5343.1616
8666,0.49,-2.1232,+0.0768,-6.4755,4.3523,47.3882,-159.9167,5313.4292,5313.4292
8667,0.49,-2.1178,-0.0665,-6.4892,4.3714,46.0970,-159.4077,5265.5518,5265.5518
8668,0.48,-2.4393,-0.0123,-6.4893,4.0500,50.3728,-158.5015,5197.7910,5197.7910
8669,0.50,-2.3173,-0.2555,-6.4757,4.1585,43.3760,-157.2753,5078.6895,5078.6895
8670,0.50,-2.2021,+0.0162,-6.4846,4.2825,44.5144,-158.1797,5183.6660,5183.6660
8671,0.51,-2.2340,-0.0782,-6.4940,4.2600,37.2479,-157.6040,5121.7388,5121.7388
8672,0.47,-2.2677,+0.0287,-6.4581,4.1904,50.2022,-159.1925,5218.1035,5218.1035
8673,0.49,-2.3186,-0.0348,-6.4585,4.1399,26.3989,-160.1602,5277.7930,5277.7930
8674,0.50,-2.3994,-0.5039,-6.4750,4.0755,7.7567,-158.0152,5140.3320,5140.3320
8675,0.50,-2.2344,-0.0342,-6.4822,4.2479,36.2457,-158.0204,5124.4116,5124.4116
8676,0.49,-2.1611,-0.1332,-6.4795,4.3184,44.7474,-158.2819,5146.1992,5146.1992
8677,0.48,-2.2193,-0.0381,-6.4518,4.2325,38.0794,-159.2343,5222.4639,5222.4639
8678,0.49,-2.3407,+0.1353,-6.4595,4.1188,56.3428,-158.9742,5224.6177,5224.6177
8679,0.49,-2.1848,+0.1243,-6.4776,4.2927,35.6725,-158.2473,5154.2314,5154.2314
8680,0.50,-2.0536,+0.1269,-6.4940,4.4403,105.7530,-158.1175,5150.4619,5150.4619
8681,0.49,-2.1411,+0.0482,-6.4783,4.3372,63.8204,-158.7138,5194.4121,5194.4121
8682,0.48,-2.3367,+0.1784,-6.4893,4.1526,25.9939,-158.8307,5202.7256,5202.7256
8683,0.50,-2.3246,+0.1462,-6.4812,4.1565,31.9753,-158.8687,5207.0791,5207.0791
8684,0.51,-2.3288,+0.2980,-6.4832,4.1544,49.8358,-158.2780,5159.8418,5159.8418
8685,0.51,-2.0680,-0.1062,-6.4894,4.4215,53.7171,-157.9677,5146.0562,5146.0562
8686,0.49,-1.9653,+0.1438,-6.4732,4.5078,85.1996,-160.1530,5315.1514,5315.1514
8687,0.50,-2.1714,+0.2456,-6.4736,4.3021,41.0428,-160.4182,5366.9297,5366.9297
8688,0.49,-2.1171,-0.0908,-6.4731,4.3560,37.4886,-159.5194,5316.1133,5316.1133
8689,0.50,-2.0533,+0.0120,-6.4697,4.4163,39.4712,-160.5878,5391.5654,5391.5654
8690,0.49,-2.0676,+0.1352,-6.4624,4.3948,40.6323,-161.1752,5390.1934,5390.1934
8691,0.49,-2.2131,-0.0711,-6.4563,4.2432,41.8030,-162.7425,5485.3330,5485.3330
8692,0.48,-2.3212,+0.1020,-6.4186,4.0975,26.8132,-162.4058,5469.8438,5469.8438
8693,0.49,-2.0110,-3.2660,-6.4307,4.4197,78.3019,-162.7389,5509.6060,5509.6060
8694,0.48,-2.4696,-0.0300,-6.4307,3.9611,39.4588,-162.3360,5473.4619,5473.4619
8695,0.49,-2.2286,-0.0854,-6.4201,4.1915,43.2479,-160.4300,5358.8345,5358.8345
8696,0.49,-2.3556,-0.0348,-6.4442,4.0885,27.4547,-159.5483,5280.7988,5280.7988
8697,0.50,-1.7822,-0.0439,-6.4222,4.6400,190.1514,-160.1916,5326.2905,5326.2905
8698,0.49,-2.1496,-0.1029,-6.4316,4.2821,41.4653,-159.5154,5252.9707,5252.9707
8699,0.50,-2.1670,-0.0833,-6.4693,4.3024,39.7215,-158.9736,5243.3984,5243.3984
8700,0.50,-2.0948,+0.0533,-6.4559,4.3611,73.6235,-160.0526,5307.2227,5307.2227
8701,0.55,-2.4661,-0.0136,-6.4537,3.9876,33.7031,-161.0567,5359.1445,5359.1445
8702,0.54,-2.2654,-0.0178,-6.4513,4.1859,73.1574,-161.9425,5426.2002,5426.2002
8703,0.52,-2.2446,-0.1645,-6.4453,4.2007,82.1608,-160.3680,5338.9756,5338.9756
8704,0.54,-3.3510,+0.0245,-6.4241,3.0731,104.0691,-162.8824,5470.7178,5470.7178
8705,0.52,-2.3728,+0.2756,-6.4538,4.0810,28.0491,-162.4033,5483.9688,5483.9688
8706,0.53,-2.1769,-0.1224,-6.4449,4.2680,40.1246,-161.7729,5431.8994,5431.8994
8707,0.54,-1.8950,-0.1380,-6.4419,4.5469,119.2216,-161.0008,5374.5176,5374.5176
8708,0.53,-2.5132,+0.1504,-6.4320,3.9188,3.1124,-161.1206,5347.5156,5347.5156
8709,0.53,-2.2890,+0.0310,-6.4254,4.1364,27.2052,-165.2156,5666.7031,5666.7031
8710,0.54,-2.1054,+0.0216,-6.4513,4.3458,37.6273,-164.4153,5603.2998,5603.2998
8711,0.55,-2.1839,+0.0172,-6.4189,4.2351,35.0976,-164.2795,5580.8345,5580.8345
8712,0.54,-2.3096,+0.0452,-6.4295,4.1198,31.5630,-163.3277,5498.3682,5498.3682
8713,0.54,-2.0682,+0.0104,-6.4387,4.3705,42.8360,-162.1129,5427.1201,5427.1201
8714,0.53,-2.1891,+0.0285,-6.4475,4.2584,51.6457,-162.1004,5412.9614,5412.9614
8715,0.53,-2.1867,+0.0287,-6.4675,4.2807,36.8449,-160.5983,5342.5269,5342.5269
8716,0.54,-2.3350,+0.0753,-6.4427,4.1076,38.0154,-161.0664,5345.8574,5345.8574
8717,0.54,-2.3230,-0.0948,-6.4436,4.1206,53.7208,-160.8789,5371.2588,5371.2588
8718,0.53,-2.1387,-0.0333,-6.4581,4.3194,35.8679,-159.4037,5271.5391,5271.5391
8719,0.53,-2.3038,+0.1125,-6.4502,4.1463,28.9528,-160.1832,5274.4414,5274.4414
8720,0.52,-2.3113,-0.1549,-6.4572,4.1460,56.4585,-161.1329,5339.1182,5339.1182
8721,0.53,-2.2294,-0.1011,-6.4618,4.2324,36.4393,-160.9087,5313.2461,5313.2461
8722,0.51,-2.2273,-0.0377,-6.4710,4.2437,30.2597,-160.0470,5276.5059,5276.5059
8723,0.54,-1.8928,+0.0821,-6.4359,4.5431,110.9442,-161.6174,5415.6548,5415.6548
8724,0.53,-2.1394,-0.0600,-6.4340,4.2946,34.2736,-161.0919,5356.4097,5356.4097
8725,0.55,-2.2424,-0.1317,-6.4419,4.1995,36.7864,-159.9169,5248.9780,5248.9780
8726,0.55,-2.2433,-0.0057,-6.4251,4.1817,36.8082,-161.2255,5340.1875,5340.1875
8727,0.55,-2.3765,-0.0884,-6.4228,4.0463,21.2967,-161.9683,5376.4336,5376.4336
8728,0.52,-1.7575,+0.0916,-6.4173,4.6597,188.1676,-161.4036,5402.1758,5402.1758
8729,0.50,-2.3792,+0.0684,-6.4263,4.0472,53.2678,-162.7595,5443.5469,5443.5469
8730,0.53,-2.4456,+0.0115,-6.4326,3.9870,42.9549,-162.2610,5398.5029,5398.5029
8731,0.54,-2.2264,+0.0447,-6.4265,4.2001,43.2809,-162.4514,5422.3848,5422.3848
8732,0.53,-2.4723,-0.0128,-6.4682,3.9959,54.8765,-160.6631,5291.4028,5291.4028
8733,0.54,-2.1097,-0.1791,-6.4568,4.3471,48.7222,-160.9432,5321.5845,5321.5845
8734,0.53,-3.9197,+2.0219,-6.4524,2.5327,539.6043,-162.4229,5310.7061,5310.7061
8735,0.52,-1.2404,+2.4018,-6.4612,5.2208,480.0475,-161.1560,5396.8301,5396.8301
8736,0.53,-2.3685,-0.0523,-6.4591,4.0906,34.9495,-160.1122,5273.6289,5273.6289
8737,0.53,-2.1722,+0.0197,-6.4380,4.2658,36.9032,-161.8907,5349.7017,5349.7017
8738,0.55,-2.3762,-0.0302,-6.4355,4.0593,38.6319,-162.9829,5419.7051,5419.7051
8739,0.52,-2.3311,+0.0661,-6.4434,4.1124,33.9376,-162.5263,5390.1323,5390.1323
8740,0.53,-2.1613,+0.0009,-6.4422,4.2808,42.6928,-161.9427,5370.3721,5370.3721
8741,0.53,-2.1522,+0.1333,-6.4663,4.3141,43.1671,-160.9676,5305.6006,5305.6006
8742,0.53,-1.9862,-0.5516,-6.4612,4.4750,113.4296,-162.2660,5432.1855,5432.1855
8743,0.54,-2.2231,+0.0865,-6.4545,4.2314,29.8186,-161.2614,5307.9185,5307.9185
8744,0.55,5.5074,+5.1087,-6.4501,11.9575,16718.3105,-160.0308,5966.4844,5966.4844
8745,0.54,-2.1790,+0.2262,-6.4655,4.2865,40.6506,-160.5787,5276.0742,5276.0742
8746,0.54,-2.3097,+0.0645,-6.4639,4.1542,14.2443,-160.0662,5241.8872,5241.8872
8747,0.52,-2.2552,+0.0305,-6.4741,4.2188,36.4349,-159.6013,5259.2822,5259.2822
8748,0.54,-2.1993,-0.0444,-6.4684,4.2690,36.6882,-159.9018,5268.6030,5268.6030
8749,0.54,-2.3065,+0.0636,-6.4617,4.1552,37.6227,-160.5842,5300.7441,5300.7441
8750,0.53,-2.1588,-0.0118,-6.4646,4.3058,41.6908,-161.1737,5351.7017,5351.7017
8751,0.54,-2.4713,+0.0669,-6.4377,3.9664,33.7428,-162.0930,5361.8330,5361.8330
8752,0.52,-2.0977,+0.0331,-6.3990,4.3013,54.6219,-162.5413,5422.0791,5422.0791
8753,0.54,-2.2615,+0.0055,-6.4247,4.1631,34.0681,-161.3799,5311.7881,5311.7881
8754,0.53,-2.2083,-0.0705,-6.4185,4.2101,28.5586,-162.0617,5348.4980,5348.4980
8755,0.54,-1.9978,-0.0209,-6.4252,4.4273,53.4075,-161.0020,5302.1226,5302.1226
8756,0.52,-1.8282,+0.0270,-6.4416,4.6134,135.2250,-160.0439,5255.2178,5255.2178
8757,0.53,-2.0602,+0.0552,-6.4360,4.3758,41.4222,-159.7707,5237.3271,5237.3271
8758,0.54,-2.2179,-0.0768,-6.4354,4.2175,35.4299,-161.1743,5311.2329,5311.2329
8759,0.53,-2.2100,+0.0376,-6.4413,4.2313,42.6191,-160.0912,5238.4399,5238.4399
8760,0.53,-2.1558,-0.0226,-6.4334,4.2776,46.5535,-160.5155,5285.3579,5285.3579
8761,0.56,-2.1200,+0.0966,-6.4667,4.3467,108.8674,-160.1284,5261.0981,5261.0981
8762,0.53,-2.0980,-0.1325,-6.4556,4.3576,51.9446,-160.8334,5301.0942,5301.0942
8763,0.55,-2.0929,-0.0501,-6.4591,4.3662,53.2018,-160.2798,5244.6494,5244.6494
8764,0.54,-2.4225,-0.3290,-6.4685,4.0460,43.1504,-160.0595,5176.3784,5176.3784
8765,0.55,-2.1669,-0.1255,-6.4715,4.3045,34.9985,-158.9176,5143.3750,5143.3750
8766,0.52,-2.2508,-0.0301,-6.4396,4.1888,36.8769,-160.4385,5235.8140,5235.8140
8767,0.54,-2.2459,+0.2872,-6.4480,4.2021,37.1499,-159.8215,5177.5723,5177.5723
8768,0.53,-2.1797,-0.0268,-6.4370,4.2572,32.3485,-160.7091,5257.8438,5257.8438
8769,0.52,-2.0989,+0.3063,-6.4304,4.3315,59.0975,-161.3897,5300.7959,5300.7959
8770,0.54,-2.1211,+0.0396,-6.4376,4.3166,31.1890,-160.3896,5256.2607,5256.2607
8771,0.54,-2.4627,-0.1381,-6.4290,3.9663,12.3930,-160.9528,5281.8608,5281.8608
8772,0.53,-2.1759,-0.0573,-6.4375,4.2615,30.4033,-159.0419,5144.8843,5144.8843
8773,0.53,-2.0180,+0.3356,-6.4015,4.3836,73.8816,-160.8567,5276.7778,5276.7778
8774,0.53,-1.2898,+0.8221,-6.4118,5.1220,365.1283,-162.4134,5421.5146,5421.5146
8775,0.53,-2.1210,+0.0246,-6.4234,4.3024,30.2581,-163.2585,5477.1699,5477.1699
8776,0.54,-2.2042,-0.0611,-6.4160,4.2118,42.1264,-163.1364,5456.9150,5456.9150
8777,0.53,-2.2166,+0.0143,-6.4190,4.2024,36.6584,-161.6420,5362.9277,5362.9277
8778,0.53,-2.2398,+0.1071,-6.4341,4.1943,40.5980,-161.3490,5316.7764,5316.7764
8779,0.53,-2.1441,+0.1235,-6.4469,4.3028,49.9713,-161.6040,5331.2334,5331.2334
8780,0.53,-2.4629,-0.0344,-6.4508,3.9879,42.3758,-161.4031,5297.2598,5297.2598
8781,0.54,-2.2166,+0.1408,-6.4258,4.2092,26.1672,-162.8833,5386.5396,5386.5396
8782,0.54,-2.1486,+0.0228,-6.3983,4.2496,45.5304,-164.2186,5463.2993,5463.2993
8783,0.56,-2.0903,-0.0205,-6.4276,4.3373,32.3139,-162.6277,5363.2100,5363.2100
8784,0.55,-2.1213,+0.1474,-6.4152,4.2939,26.6378,-161.7826,5329.2358,5329.2358
8785,0.55,-2.1041,+0.0172,-6.4305,4.3264,30.3123,-161.9399,5360.0073,5360.0073
8786,0.53,-2.0948,+0.1339,-6.4385,4.3437,42.4166,-160.0377,5223.3955,5223.3955
8787,0.54,-2.1518,-0.0742,-6.4718,4.3200,35.8097,-158.3777,5089.8711,5089.8711
8788,0.55,-1.9564,+0.0098,-6.4645,4.5081,42.7805,-159.6707,5183.5186,5183.5186
8789,0.54,-2.1134,+0.0395,-6.4538,4.3404,39.5087,-160.1529,5206.1475,5206.1475
8790,0.55,-2.0953,+0.1077,-6.4691,4.3738,36.5104,-159.2357,5169.7847,5169.7847
8791,0.53,-2.1909,-0.1496,-6.4283,4.2374,34.0539,-161.8248,5320.5352,5320.5352
8792,0.53,-1.9441,-0.1543,-6.4428,4.4987,46.3281,-160.9793,5273.7236,5273.7236
8793,0.54,-2.2870,-0.0302,-6.4309,4.1438,33.8290,-163.0169,5416.6465,5416.6465
8794,0.53,-2.2129,-0.0788,-6.4246,4.2117,34.8406,-162.3079,5381.6870,5381.6870
8795,0.52,-2.2759,+0.0447,-6.4275,4.1516,35.1214,-161.8361,5359.0254,5359.0254
8796,0.52,-2.2414,-0.0126,-6.4171,4.1757,35.9082,-162.1573,5374.3633,5374.3633
8797,0.55,-2.2781,+0.0305,-6.4489,4.1709,23.4242,-160.2813,5250.3706,5250.3706
8798,0.55,-2.2439,+0.1144,-6.4239,4.1799,31.9085,-161.9999,5329.4712,5329.4712
8799,0.56,-2.2541,-0.0587,-6.4416,4.1875,23.2208,-160.8237,5234.1416,5234.1416
8800,0.55,-2.6370,+1.6846,-6.4308,3.7938,3.9588,-161.0602,5260.5850,5260.5850
8801,0.52,-2.0992,+0.0163,-6.4120,4.3129,31.2834,-161.6909,5327.8032,5327.8032
8802,0.56,-1.9896,-0.2694,-6.4212,4.4316,94.2717,-161.4520,5306.3018,5306.3018
8803,0.54,-2.1674,+0.0982,-6.4380,4.2706,25.1119,-160.7654,5242.6646,5242.6646
8804,0.53,-2.1556,+0.1083,-6.4109,4.2553,38.1798,-162.1291,5317.4316,5317.4316
8805,0.52,-2.1548,+0.0687,-6.4268,4.2719,33.7738,-161.7826,5298.5791,5298.5791
8806,0.53,-2.2682,-0.0156,-6.4059,4.1378,37.5621,-161.9821,5310.0107,5310.0107
8807,0.54,-2.1628,-0.0336,-6.4202,4.2574,30.0848,-161.4213,5283.1162,5283.1162
8808,0.53,-2.1033,+0.0967,-6.4432,4.3399,41.2695,-160.8409,5229.1279,5229.1279
8809,0.54,-2.2459,+0.0836,-6.4289,4.1830,29.2673,-161.5705,5284.2222,5284.2222
8810,0.53,-3.1101,+0.5297,-6.4323,3.3222,89.4512,-161.8304,5257.5176,5257.5176
8811,0.52,-2.2361,-0.0774,-6.4170,4.1809,26.1616,-162.3303,5360.9224,5360.9224
8812,0.54,-2.0958,+0.0008,-6.4303,4.3345,27.6628,-161.6400,5337.8408,5337.8408
8813,0.54,-2.3328,+0.0989,-6.4344,4.1016,29.8371,-161.4870,5316.5459,5316.5459
8814,0.53,-2.2142,+0.1506,-6.4298,4.2156,39.3852,-160.4001,5245.2031,5245.2031
8815,0.52,-2.1896,-0.0558,-6.4305,4.2409,39.3122,-160.5052,5280.5898,5280.5898
8816,0.54,-2.1120,-0.0900,-6.4075,4.2954,42.5849,-161.9682,5350.7305,5350.7305
8817,0.53,-2.1258,+0.0428,-6.4212,4.2955,34.9633,-162.6725,5419.4888,5419.4888
8818,0.55,-2.1123,+0.2028,-6.4100,4.2977,47.4645,-163.3204,5450.2710,5450.2710
8819,0.51,-2.2245,-0.0968,-6.4157,4.1912,34.8533,-162.9616,5454.3184,5454.3184
8820,0.53,-2.2674,-0.1986,-6.4113,4.1438,35.1502,-163.5768,5466.4121,5466.4121
8821,0.52,-2.1794,-0.0536,-6.4148,4.2355,39.6651,-161.9474,5358.5806,5358.5806
8822,0.53,-2.1715,+0.1711,-6.4445,4.2730,46.8184,-160.8326,5274.9033,5274.9033
8823,0.53,-2.0807,-0.0104,-6.4461,4.3654,52.6946,-160.1582,5223.8652,5223.8652
8824,0.53,-2.3972,+0.0932,-6.4344,4.0372,10.3526,-160.8866,5262.0210,5262.0210
8825,0.54,-2.2765,+0.0595,-6.4005,4.1240,29.8451,-162.1845,5357.8848,5357.8848
8826,0.55,-2.1989,+0.0421,-6.4152,4.2163,22.4345,-162.3361,5357.0581,5357.0581
8827,0.53,-2.3158,+0.0166,-6.4173,4.1015,14.3720,-162.1357,5374.9277,5374.9277
8828,0.55,-1.9330,-0.1496,-6.4258,4.4928,82.3791,-162.8809,5436.9351,5436.9351
8829,0.52,-1.9739,+0.2196,-6.4280,4.4540,91.6938,-162.3490,5397.4775,5397.4775
8830,0.53,-1.4875,-0.1197,-6.4299,4.9424,161.0893,-161.7867,5354.1826,5354.1826
8831,0.52,-1.6471,+0.5205,-6.4233,4.7762,220.9989,-162.7971,5386.5928,5386.5928
8832,0.52,-1.8929,+0.2300,-6.4446,4.5518,74.9543,-162.9123,5377.1025,5377.1025
8833,0.55,-1.8710,-0.0630,-6.4190,4.5481,88.1009,-163.9596,5453.4282,5453.4282
8834,0.55,-1.9112,+0.2017,-6.3961,4.4849,49.3608,-165.6768,5553.8862,5553.8862
8835,0.52,-2.3666,+0.2267,-6.4104,4.0438,10.7249,-166.1782,5573.1001,5573.1001
8836,0.54,-2.0361,-0.0049,-6.4267,4.3907,40.7030,-167.9167,5716.7231,5716.7231
8837,0.54,-1.9322,-0.2178,-6.4041,4.4719,54.0471,-167.6499,5690.4023,5690.4023
8838,0.51,-0.3101,-0.1051,-6.4094,6.0993,1129.3647,-166.2318,5700.2480,5700.2480
8839,0.53,-1.8688,-0.1538,-6.3898,4.5210,59.4534,-166.4172,5629.8203,5629.8203
8840,0.54,-2.0673,-0.1513,-6.4132,4.3459,38.3401,-166.1246,5592.0151,5592.0151
8841,0.52,-2.0953,-0.0382,-6.4025,4.3071,37.7720,-165.9743,5609.3438,5609.3438
8842,0.55,-2.1827,+0.1751,-6.3853,4.2026,27.3463,-165.7165,5580.6572,5580.6572
8843,0.53,-1.9508,+0.0117,-6.3919,4.4411,48.2264,-165.7711,5591.7529,5591.7529
8844,0.53,-1.9859,-0.0314,-6.4002,4.4144,32.1575,-164.3801,5486.7734,5486.7734
8845,0.53,-2.1825,+0.1978,-6.4052,4.2227,32.9647,-164.3996,5489.2432,5489.2432
8846,0.53,-1.9168,+0.0901,-6.3934,4.4766,30.1103,-165.7578,5554.1450,5554.1450
8847,0.54,-1.9342,-0.0889,-6.3944,4.4602,30.5835,-165.8370,5565.0654,5565.0654
8848,0.52,-2.1439,-0.0899,-6.4071,4.2632,31.2778,-164.8357,5482.3042,5482.3042
8849,0.54,-1.8795,+0.1202,-6.4229,4.5434,36.7595,-162.2724,5330.8032,5330.8032
8850,0.52,-2.3261,-0.0471,-6.3963,4.0703,7.7568,-163.6118,5387.5107,5387.5107
8851,0.51,-2.4394,-0.0663,-6.3951,3.9557,2.0041,-164.6909,5470.8193,5470.8193
8852,0.54,-2.2083,-0.0228,-6.3953,4.1870,1.2782,-161.7096,5364.6572,5364.6572
8853,0.54,-2.1715,+0.1166,-6.4107,4.2392,4.5956,-169.1394,5779.0410,5779.0410
8854,0.55,-2.3036,+0.0504,-6.4200,4.1164,1.6728,-156.6799,4883.3711,4883.3711
8855,0.53,-2.3967,-0.0238,-6.4079,4.0112,1.0734,-172.8454,6008.4375,6008.4375
8856,0.53,-2.1033,+0.0641,-6.4227,4.3194,1.0909,-156.1136,4959.3745,4959.3745
8857,0.53,-2.2743,-0.0642,-6.4034,4.1290,3.2759,-171.2159,5907.3916,5907.3916
8858,0.52,-2.3110,+0.0305,-6.4153,4.1043,1.2427,-155.8282,4909.1230,4909.1230
8859,0.54,-2.3622,+0.1231,-6.4222,4.0600,0.8418,-173.6816,6047.9487,6047.9487
8860,0.53,-2.4530,+0.1318,-6.4068,3.9538,1.0487,-159.7938,5232.2246,5232.2246
8861,0.53,-2.2249,+0.1236,-6.3703,4.1455,1.2394,-177.5839,6429.6646,6429.6646
8862,0.53,-2.4101,-0.0395,-6.3819,3.9718,0.5710,-159.0416,5117.1548,5117.1548
8863,0.53,-2.2365,+0.1103,-6.3542,4.1177,1.6114,-176.5619,6294.4961,6294.4961
8864,0.55,-2.3986,+0.0969,-6.3548,3.9562,0.8571,-160.2974,5181.3643,5181.3643
8865,0.54,-2.3088,+0.1382,-6.3642,4.0554,1.2140,-170.9689,5934.8887,5934.8887
8866,0.52,-2.3250,+0.0105,-6.3588,4.0339,2.8465,-157.6451,4975.5176,4975.5176
8867,0.54,-2.2448,-0.0354,-6.3492,4.1044,1.4620,-176.4842,6254.6738,6254.6738
8868,0.55,-2.3168,-0.1851,-6.3693,4.0525,0.8671,-161.4021,5293.5239,5293.5239
8869,0.52,-2.4787,+0.1224,-6.3488,3.8701,0.7141,-169.6006,5765.8477,5765.8477
8870,0.53,-2.4083,-0.0613,-6.3521,3.9438,1.2368,-160.9014,5221.2656,5221.2656
8871,0.55,-2.5296,-0.0110,-6.3796,3.8500,1.7159,-172.0240,5959.7041,5959.7041
8872,0.52,-2.3909,-0.0669,-6.3679,3.9770,0.6917,-158.0859,5027.5425,5027.5425
8873,0.54,-2.4640,+0.0345,-6.3798,3.9158,0.7880,-173.6853,6089.3091,6089.3091
8874,0.57,-1.9769,-0.0071,-6.3778,4.4009,19.6612,-155.2079,4859.0723,4859.0723
8875,0.54,-2.5714,+0.0231,-6.3631,3.7917,1.0411,-166.0670,5548.7153,5548.7153
8876,0.53,-2.2533,-0.0341,-6.3508,4.0975,1.5534,-176.6930,6332.1650,6332.1650
8877,0.53,-2.2625,+0.0287,-6.3445,4.0820,2.7413,-160.2917,5170.2046,5170.2046
8878,0.55,-2.3447,+0.1027,-6.3564,4.0117,8.6848,-172.0867,6001.0713,6001.0713
8879,0.51,-2.5659,-0.0723,-6.3624,3.7965,0.9688,-164.9591,5472.2129,5472.2129
8880,0.54,-2.4116,-0.0445,-6.3753,3.9637,1.5709,-162.8296,5390.5469,5390.5469
8881,0.55,-2.5953,+0.0113,-6.3635,3.7682,0.6225,-170.6866,5898.5137,5898.5137
8882,0.53,-2.3714,-0.0632,-6.3643,3.9929,0.7617,-158.3903,5039.2700,5039.2700
8883,0.53,-2.3773,+0.1132,-6.3573,3.9801,5.6495,-174.6310,6147.2246,6147.2246
8884,0.55,-2.5173,-0.3951,-6.3806,3.8633,6.1430,-166.5132,5565.0254,5565.0254
8885,0.54,-2.4151,+0.1454,-6.3924,3.9774,0.6216,-168.9428,5761.3613,5761.3613
8886,0.54,-2.4167,+0.0561,-6.3634,3.9467,0.9889,-162.3389,5382.6611,5382.6611
8887,0.55,-2.4784,-0.0425,-6.3512,3.8727,1.3997,-172.1042,6006.1904,6006.1904
8888,0.53,-2.3128,+0.0218,-6.3617,4.0489,0.9257,-157.1355,5041.4946,5041.4946
8889,0.54,-2.4606,-0.1000,-6.3583,3.8976,1.1604,-176.0567,6336.0986,6336.0986
8890,0.54,-2.4215,+0.0207,-6.3573,3.9358,0.6918,-159.9390,5193.5918,5193.5918
8891,0.52,-2.5326,+0.0091,-6.3647,3.8320,1.6376,-169.9165,5931.5586,5931.5586
8892,0.53,-2.5023,-0.0591,-6.3900,3.8877,0.7454,-162.6566,5369.3506,5369.3506
8893,0.55,-2.4940,+0.1019,-6.3825,3.8885,0.6073,-168.8312,5846.4385,5846.4385
8894,0.54,-2.5056,-0.0585,-6.3723,3.8666,0.7879,-163.2351,5379.6484,5379.6484
8895,0.53,-2.4480,-0.0435,-6.3490,3.9010,1.1273,-175.1127,6252.1279,6252.1279
8896,0.55,-2.5918,-0.0504,-6.3812,3.7895,1.3464,-163.3468,5444.8105,5444.8105
8897,0.53,-2.4902,-0.1645,-6.3834,3.8932,0.8104,-170.5569,5859.1758,5859.1758
8898,0.54,-2.6831,+0.0817,-6.3578,3.6747,2.1384,-164.3267,5452.7646,5452.7646
8899,0.53,-2.6441,+0.0101,-6.3904,3.7463,1.1245,-170.1174,5840.4839,5840.4839
8900,0.55,-2.3120,-0.0208,-6.3901,4.0780,0.8088,-156.5389,4981.3345,4981.3345
8901,0.54,-2.5145,-0.0900,-6.3847,3.8702,0.8536,-171.7684,5950.6338,5950.6338
8902,0.55,-2.4110,+0.0077,-6.3583,3.9473,0.7957,-159.0591,5160.7798,5160.7798
8903,0.55,-2.4062,+0.0840,-6.3900,3.9838,1.3959,-172.0651,5970.9487,5970.9487
8904,0.54,-2.4217,-0.0582,-6.3886,3.9669,1.1165,-160.0563,5207.0557,5207.0557
8905,0.55,-2.5378,+0.0056,-6.4018,3.8640,0.6579,-173.5931,6121.3359,6121.3359
8906,0.56,-2.5355,+0.0562,-6.3963,3.8608,3.1793,-156.2935,4955.9229,4955.9229
8907,0.54,-2.6858,-0.0752,-6.4055,3.7197,1.7055,-169.8835,5819.2983,5819.2983
8908,0.55,-2.4111,-0.0500,-6.3861,3.9750,0.6151,-155.9296,4911.2046,4911.2046
8909,0.54,-2.5046,-0.3889,-6.4048,3.9003,9.9044,-172.2791,5995.0962,5995.0962
8910,0.55,-2.7141,-0.0034,-6.3952,3.6811,0.5620,-163.2944,5399.9189,5399.9189
8911,0.56,-2.2482,+0.0637,-6.3695,4.1213,3.6469,-155.7636,4932.5723,4932.5723
8912,0.53,-2.6870,-0.1147,-6.3960,3.7090,0.7744,-165.1788,5497.8975,5497.8975
8913,0.52,-2.4473,+0.1408,-6.3821,3.9347,0.8331,-158.0729,5055.2402,5055.2402
8914,0.54,-2.5081,-0.1642,-6.3963,3.8882,0.7765,-170.2711,5869.7900,5869.7900
8915,0.54,-2.5132,+0.0440,-6.3957,3.8825,0.4255,-157.5099,4993.2031,4993.2031
8916,0.53,-2.5547,-0.0514,-6.3832,3.8285,0.7267,-172.7610,6098.3330,6098.3330
8917,0.54,-2.4781,-0.0254,-6.3771,3.8989,0.7330,-156.7001,4977.3560,4977.3560
8918,0.56,-2.5126,-0.0033,-6.3751,3.8625,1.0943,-171.1711,5913.3286,5913.3286
8919,0.53,-2.4423,+0.0255,-6.3769,3.9346,0.8419,-155.6507,4875.6104,4875.6104
8920,0.54,-2.6510,-0.0063,-6.3845,3.7335,1.3417,-170.5774,5882.1396,5882.1396
8921,0.54,-2.5098,-0.0083,-6.3795,3.8696,0.4967,-156.9458,4974.6797,4974.6797
8922,0.57,-2.5035,-0.0511,-6.4132,3.9097,0.8815,-171.5474,5971.7559,5971.7559
8923,0.54,-2.3796,-0.2411,-6.3857,4.0060,9.4267,-160.9196,5242.3076,5242.3076
8924,0.54,-2.5968,-0.0761,-6.3800,3.7832,0.7754,-160.6222,5213.2402,5213.2402
8925,0.53,-2.6888,+0.0447,-6.3814,3.6927,0.9226,-167.7138,5657.4766,5657.4766
8926,0.56,-2.5140,+0.0270,-6.3967,3.8827,0.7203,-157.1553,5004.0938,5004.0938
8927,0.54,-2.5373,-0.0597,-6.4192,3.8819,0.6889,-171.2395,5902.7070,5902.7070
8928,0.55,-2.4659,+0.0028,-6.4406,3.9747,1.0947,-154.6727,4833.6230,4833.6230
8929,0.54,-2.4976,+0.1210,-6.3870,3.8894,2.1893,-170.7312,5847.5308,5847.5308
8930,0.54,-2.6311,+0.0064,-6.4249,3.7938,0.5649,-157.3245,4955.9775,4955.9775
8931,0.55,-2.4939,+0.0654,-6.4069,3.9130,1.4070,-172.8580,6037.3374,6037.3374
8932,0.55,-2.5416,-0.0454,-6.3734,3.8319,0.6158,-161.0934,5270.2549,5270.2549
8933,0.55,-2.6360,+0.1386,-6.3845,3.7485,0.6268,-166.9859,5615.6553,5615.6553
8934,0.54,-2.4772,-0.1304,-6.3688,3.8916,0.5726,-157.5651,5045.7236,5045.7236
8935,0.53,-2.7426,+0.0863,-6.3927,3.6501,0.4090,-171.1924,5926.4912,5926.4912
8936,0.53,-2.6098,-0.0280,-6.3972,3.7874,1.5217,-155.6073,4866.6558,4866.6558
8937,0.56,-2.7642,-0.0673,-6.4015,3.6373,0.7428,-165.6863,5567.4277,5567.4277
8938,0.56,-2.7424,+0.1115,-6.3998,3.6575,0.9140,-165.9265,5555.5083,5555.5083
8939,0.55,-2.4673,+0.0939,-6.4129,3.9455,0.5815,-155.1332,4865.0820,4865.0820
8940,0.55,-2.5592,-0.0177,-6.3819,3.8227,0.6474,-172.5183,6001.2900,6001.2900
8941,0.54,-2.4384,-0.0171,-6.3765,3.9381,0.7118,-156.3153,4943.3477,4943.3477
8942,0.56,-2.5712,-0.1627,-6.3715,3.8003,0.9831,-171.6524,5973.7100,5973.7100
8943,0.54,-2.7396,+0.0564,-6.3611,3.6215,0.6203,-160.5755,5207.3301,5207.3301
8944,0.55,-2.5401,-0.1504,-6.3806,3.8404,0.6965,-161.1509,5282.4180,5282.4180
8945,0.56,-2.3552,+0.1077,-6.3932,4.0379,14.9632,-163.3468,5438.5674,5438.5674
8946,0.52,-2.6271,+0.0917,-6.3621,3.7350,4.4834,-165.7238,5564.2285,5564.2285
8947,0.54,-2.8250,+0.0056,-6.3775,3.5525,2.0093,-165.6135,5628.7026,5628.7026
8948,0.55,-2.4823,+0.0365,-6.3904,3.9081,0.7394,-159.9396,5195.4600,5195.4600
8949,0.52,-2.5001,-0.0683,-6.3882,3.8881,0.6527,-170.7570,5933.4316,5933.4316
8950,0.53,-2.5475,+0.0685,-6.3666,3.8191,1.8123,-157.2641,5015.4482,5015.4482
8951,0.54,-2.6317,+0.0274,-6.3927,3.7610,0.4671,-169.4109,5853.5977,5853.5977
8952,0.55,-2.3421,-0.0361,-6.3890,4.0469,2.6676,-153.4707,4780.2109,4780.2109
8953,0.54,-2.6435,-0.1089,-6.3785,3.7350,8.9386,-167.2336,5643.0303,5643.0303
8954,0.53,-2.5966,-0.1131,-6.3631,3.7664,0.9125,-163.6835,5384.7041,5384.7041
8955,0.54,-2.6513,+0.0425,-6.3710,3.7197,1.0719,-162.3748,5304.8335,5304.8335
8956,0.54,-2.7504,+0.0471,-6.3891,3.6386,1.7264,-167.8017,5726.9683,5726.9683
8957,0.54,-2.7138,-0.0078,-6.3743,3.6606,0.3706,-161.8261,5289.6309,5289.6309
8958,0.54,-2.7090,-0.0014,-6.3752,3.6662,0.6553,-170.1895,5877.6201,5877.6201
8959,0.56,-2.3737,-0.1182,-6.3581,3.9844,2.0780,-156.0264,4909.2803,4909.2803
8960,0.56,-2.6687,+0.0347,-6.3326,3.6640,0.9316,-166.9022,5605.0830,5605.0830
8961,0.55,-2.4275,+0.0960,-6.3844,3.9569,2.3879,-158.6781,5113.9404,5113.9404
8962,0.55,-2.6214,+0.0807,-6.3597,3.7383,0.5114,-167.6342,5689.3413,5689.3413
8963,0.54,-2.3285,+0.0168,-6.3589,4.0304,0.5932,-155.5701,4870.5283,4870.5283
8964,0.55,-2.7642,+0.0801,-6.3669,3.6027,1.9121,-171.4820,5896.7188,5896.7188
8965,0.55,-2.1733,+0.3787,-6.3618,4.1885,22.6956,-156.2537,4947.0508,4947.0508
8966,0.54,-2.7121,+0.0795,-6.3906,3.6786,0.6898,-164.1150,5467.7207,5467.7207
8967,0.55,-2.7007,+0.1323,-6.4114,3.7107,1.1641,-162.8177,5450.8140,5450.8140
8968,0.54,-2.4340,+0.1180,-6.4070,3.9730,18.1454,-169.1763,5869.7793,5869.7793
8969,0.54,-2.7856,-0.0270,-6.3804,3.5948,1.4579,-164.7443,5537.9033,5537.9033
8970,0.54,-2.5567,+0.0081,-6.3852,3.8285,2.1665,-171.0049,5992.1699,5992.1699
8971,0.54,-2.5221,-0.0161,-6.3818,3.8597,0.7072,-158.9088,5116.6372,5116.6372
8972,0.56,-2.5924,+0.0981,-6.3725,3.7801,0.8399,-172.0878,5979.4585,5979.4585
8973,0.53,-2.5819,+0.0153,-6.3617,3.7798,0.6084,-156.6870,4980.0869,4980.0869
8974,0.55,-2.5181,+0.0617,-6.3705,3.8524,1.2825,-171.6349,5992.8613,5992.8613
8975,0.55,-2.6026,-0.0501,-6.4127,3.8101,0.4318,-157.8843,5049.6680,5049.6680
8976,0.53,-2.5449,+0.1420,-6.4176,3.8727,1.0597,-171.4174,5968.6436,5968.6436
8977,0.55,-2.5774,-0.1035,-6.3876,3.8102,0.9117,-158.1086,5077.5518,5077.5518
8978,0.53,-2.5678,+0.0866,-6.3947,3.8270,0.5796,-173.2868,6059.6982,6059.6982
8979,0.55,-2.6100,-0.0468,-6.3988,3.7888,0.6583,-160.0718,5161.0024,5161.0024
8980,0.56,-2.6144,-0.2264,-6.4071,3.7927,1.4550,-165.2762,5548.8330,5548.8330
8981,0.57,-2.4725,-0.0016,-6.4199,3.9474,0.8376,-158.5290,5050.9883,5050.9883
8982,0.55,-2.4180,-0.0403,-6.3993,3.9812,6.8013,-167.7794,5734.9580,5734.9580
8983,0.55,-2.7438,-0.0678,-6.3952,3.6514,0.8376,-166.2400,5574.8018,5574.8018
8984,0.56,-2.6590,+0.0728,-6.4022,3.7432,0.7088,-159.0888,5107.5947,5107.5947
8985,0.54,-2.6217,+0.0159,-6.4268,3.8051,0.5091,-165.3284,5586.9248,5586.9248
8986,0.55,-2.3093,-0.0304,-6.4214,4.1121,0.4864,-151.7277,4651.2222,4651.2222
8987,0.54,-2.6573,-0.0330,-6.3967,3.7394,0.4076,-167.9676,5676.4375,5676.4375
8988,0.56,-2.4319,+0.0028,-6.4220,3.9901,0.4212,-154.8210,4883.5679,4883.5679
8989,0.57,-2.7209,+0.0240,-6.4404,3.7195,0.4955,-165.3255,5489.5234,5489.5234
8990,0.54,-2.4692,+0.0390,-6.4299,3.9607,0.4662,-154.4868,4861.7441,4861.7441
8991,0.55,-2.7806,+0.0167,-6.4438,3.6631,0.3396,-165.3237,5504.2827,5504.2827
8992,0.56,-2.2502,+0.0039,-6.4734,4.2232,5.7040,-150.1808,4535.4434,4535.4434
8993,0.54,-2.8072,+0.0424,-6.4496,3.6424,0.6682,-160.6227,5226.2842,5226.2842
8994,0.54,-2.7183,-0.0556,-6.4457,3.7273,0.3880,-160.6849,5227.9141,5227.9141
8995,0.55,-2.3361,+0.1524,-6.4413,4.1051,0.9997,-151.5570,4692.6602,4692.6602
8996,0.52,-2.5519,+0.0027,-6.4479,3.8960,4.2746,-163.8824,5440.8301,5440.8301
8997,0.54,-2.4097,+0.1073,-6.4596,4.0500,10.9944,-155.1653,4892.7090,4892.7090
8998,0.53,-2.4047,+0.0286,-6.4671,4.0624,18.4320,-157.5327,5069.0063,5069.0063
8999,0.54,-2.2642,-0.0600,-6.4544,4.1902,37.5726,-158.2596,5127.1367,5127.1367
9000,0.53,-2.5617,+0.1154,-6.4637,3.9019,2.0922,-157.9574,5095.5889,5095.5889
9001,0.54,-2.5913,+0.1465,-6.4630,3.8717,0.5789,-164.8194,5492.0420,5492.0420
9002,0.53,-2.7267,-0.0453,-6.4856,3.7589,0.6804,-160.2657,5171.8740,5171.8740
9003,0.53,-2.5834,+0.0110,-6.4507,3.8673,0.7167,-157.0670,5076.0840,5076.0840
9004,0.56,-2.6555,+0.0382,-6.4447,3.7891,0.7174,-164.4015,5476.8359,5476.8359
9005,0.57,-2.4227,-0.0355,-6.4524,4.0297,0.6878,-152.9563,4797.1270,4797.1270
9006,0.53,-2.6355,-0.1268,-6.4607,3.8252,0.7893,-167.6130,5719.7568,5719.7568
9007,0.55,-2.4895,-0.3481,-6.4305,3.9411,4.0497,-153.3030,4821.7583,4821.7583
9008,0.54,-2.6080,-0.0684,-6.4511,3.8431,0.7323,-159.0800,5151.1636,5151.1636
9009,0.54,-2.2953,-0.1232,-6.4406,4.1453,12.3330,-164.2644,5461.2290,5461.2290
9010,0.53,-2.7383,-0.0609,-6.4526,3.7143,0.6429,-162.2502,5355.7358,5355.7358
9011,0.54,-2.5706,-0.0266,-6.4473,3.8767,0.4186,-154.0135,4873.9248,4873.9248
9012,0.53,-2.4667,-0.0606,-6.4691,4.0024,0.6363,-167.9554,5733.7998,5733.7998
9013,0.54,-2.4136,+0.1785,-6.4489,4.0354,3.7242,-154.4484,4859.9062,4859.9062
9014,0.53,-2.6189,+0.0600,-6.4556,3.8367,0.6468,-160.8586,5255.0234,5255.0234
9015,0.55,-2.4192,+0.0808,-6.4546,4.0354,0.7226,-154.4443,4859.1260,4859.1260
9016,0.54,-2.4768,+0.0903,-6.4517,3.9749,0.7152,-166.5392,5661.9302,5661.9302
9017,0.53,-2.3700,-0.1260,-6.4443,4.0743,0.5208,-151.1888,4674.3604,4674.3604
9018,0.53,-2.4914,+0.0788,-6.4794,3.9879,2.9471,-166.1648,5627.3232,5627.3232
9019,0.55,-2.6713,-0.1795,-6.4789,3.8077,0.4517,-154.8929,4931.6313,4931.6313
9020,0.53,-2.6118,+0.1020,-6.4697,3.8579,1.4008,-168.4585,5815.3008,5815.3008
9021,0.55,-2.5807,-0.1606,-6.4468,3.8660,0.4539,-154.5791,4885.2534,4885.2534
9022,0.55,-2.5536,-0.1635,-6.4571,3.9035,0.9569,-169.3634,5808.0049,5808.0049
9023,0.56,-2.5464,-0.0483,-6.4532,3.9068,0.6382,-154.0407,4835.2715,4835.2715
9024,0.53,-2.7089,-0.0113,-6.4233,3.7144,1.0007,-165.5928,5553.8105,5553.8105
9025,0.56,-2.4415,+0.1143,-6.4262,3.9847,0.5587,-152.0650,4698.4019,4698.4019
9026,0.54,-2.5927,+0.0100,-6.4438,3.8511,0.4837,-167.9309,5745.0859,5745.0859
9027,0.55,-2.5886,+0.0762,-6.4208,3.8322,0.9820,-154.6198,4848.6191,4848.6191
9028,0.55,-2.7404,-0.0862,-6.4172,3.6768,0.6037,-169.8495,5835.9629,5835.9629
9029,0.55,-2.5121,+0.0290,-6.4350,3.9229,0.5398,-153.6078,4787.9453,4787.9453
9030,0.55,-2.6615,-0.1197,-6.4287,3.7673,0.6373,-166.5083,5607.4077,5607.4077
9031,0.56,-2.4693,-0.0678,-6.4444,3.9751,1.0344,-152.7609,4716.0781,4716.0781
9032,0.55,-2.5786,+0.0506,-6.4319,3.8533,0.6008,-166.1004,5568.7646,5568.7646
9033,0.56,-2.5287,-0.0589,-6.4469,3.9182,0.4791,-152.6270,4706.6553,4706.6553
9034,0.55,-2.6202,-0.0821,-6.4517,3.8315,0.5026,-165.6217,5547.3467,5547.3467
9035,0.54,-2.5904,-0.0013,-6.4401,3.8496,0.7684,-153.7410,4836.7861,4836.7861
9036,0.54,-2.5348,-0.0067,-6.4640,3.9293,0.8741,-168.8281,5798.8120,5798.8120
9037,0.55,-2.3069,-0.0461,-6.4332,4.1263,8.2098,-153.4616,4766.4985,4766.4985
9038,0.55,-2.7579,+0.0363,-6.4596,3.7016,0.8577,-157.2857,5016.7119,5016.7119
9039,0.53,-2.6672,+0.0349,-6.4525,3.7854,0.8551,-164.4175,5493.5693,5493.5693
9040,0.56,-2.5699,+0.0523,-6.4274,3.8575,0.5213,-154.9925,4856.1831,4856.1831
9041,0.55,-2.2113,+0.0177,-6.4349,4.2236,18.2201,-165.8658,5547.5488,5547.5488
9042,0.55,-2.3423,-0.0454,-6.4631,4.1208,7.4404,-161.5389,5267.3037,5267.3037
9043,0.53,-2.7203,+0.0918,-6.4902,3.7699,0.3573,-156.0360,4919.4365,4919.4365
9044,0.56,-2.6677,-0.0812,-6.4865,3.8188,0.5917,-157.3109,5026.2578,5026.2578
9045,0.56,-2.1680,+0.0267,-6.4587,4.2907,39.1802,-153.5486,4770.7461,4770.7461
9046,0.55,-2.7489,+0.0664,-6.4791,3.7302,1.3504,-155.4367,4899.0850,4899.0850
9047,0.55,-2.6375,+0.0448,-6.4649,3.8275,1.2019,-158.2024,5032.7227,5032.7227
9048,0.55,-2.5555,-0.0137,-6.4500,3.8945,1.2205,-155.7672,4921.3838,4921.3838
9049,0.54,-2.6278,-0.1537,-6.4465,3.8187,1.5830,-164.7201,5508.8506,5508.8506
9050,0.53,-2.6019,+0.0513,-6.4508,3.8489,2.3719,-164.2866,5467.0776,5467.0776
9051,0.55,-2.5152,-0.0472,-6.4734,3.9582,2.4673,-151.5073,4666.8379,4666.8379
9052,0.54,-2.5808,+0.0162,-6.4755,3.8948,4.8368,-159.4713,5132.6987,5132.6987
9053,0.54,-2.4006,-0.0018,-6.4668,4.0662,0.9514,-152.4771,4686.9756,4686.9756
9054,0.54,-2.1675,+0.5718,-6.4622,4.2947,43.1836,-162.7748,5351.3691,5351.3691
9055,0.52,-2.6103,-0.2488,-6.4389,3.8286,2.4534,-163.4966,5389.1299,5389.1299
9056,0.52,-2.5889,-0.0541,-6.4381,3.8492,0.7152,-155.3268,4847.5391,4847.5391
9057,0.54,-2.4717,-0.0744,-6.4478,3.9762,1.5078,-170.3379,5869.3232,5869.3232
9058,0.53,-2.5912,-0.0147,-6.4276,3.8364,0.6868,-155.6469,4873.5200,4873.5200
9059,0.54,-2.4818,-0.1897,-6.4688,3.9870,2.3762,-165.5387,5535.1650,5535.1650
9060,0.54,-2.6003,+0.0471,-6.4671,3.8668,0.5472,-156.0818,4870.3389,4870.3389
9061,0.53,-2.6685,+0.0474,-6.4612,3.7926,0.8042,-161.6502,5245.4487,5245.4487
9062,0.54,-2.8735,+0.0177,-6.4393,3.5659,27.8777,-154.5159,4764.2183,4764.2183
9063,0.54,-2.6534,+0.0549,-6.4288,3.7754,0.7669,-156.1246,4893.7256,4893.7256
9064,0.56,-2.4866,+0.0141,-6.4430,3.9564,18.6523,-165.0227,5471.1958,5471.1958
9065,0.55,-2.6462,+0.1173,-6.4669,3.8207,1.4212,-156.3302,4912.9043,4912.9043
9066,0.54,-2.6387,-0.0291,-6.4805,3.8418,0.6805,-161.1597,5176.3770,5176.3770
9067,0.56,-2.4936,+0.1508,-6.5007,4.0071,5.2388,-151.0522,4630.4224,4630.4224
9068,0.53,-2.5249,-0.0028,-6.4884,3.9635,6.9524,-163.1940,5379.3984,5379.3984
9069,0.55,-2.6666,+0.0367,-6.4871,3.8205,1.1545,-161.1726,5263.0557,5263.0557
9070,0.55,-2.5105,+0.3044,-6.4883,3.9778,3.1129,-156.6703,4923.2949,4923.2949
9071,0.55,-2.7020,+0.0528,-6.4769,3.7749,1.5778,-158.2759,5103.0635,5103.0635
9072,0.58,-2.7040,+0.0696,-6.4686,3.7646,1.0264,-157.4140,5036.8364,5036.8364
9073,0.56,-2.1906,+0.0301,-6.4787,4.2881,14.8672,-154.9682,4924.8525,4924.8525
9074,0.56,-2.5660,-0.0478,-6.4620,3.8960,1.0236,-160.3961,5287.1465,5287.1465
9075,0.56,-2.5300,-0.0298,-6.4466,3.9166,0.4605,-153.7158,4770.8105,4770.8105
9076,0.55,-2.6047,+0.0152,-6.4508,3.8461,0.4461,-164.8997,5550.9980,5550.9980
9077,0.54,-2.3932,+0.0123,-6.4285,4.0354,2.0682,-153.2699,4780.6636,4780.6636
9078,0.53,-2.7775,-0.0215,-6.4211,3.6436,0.8762,-162.8737,5386.7383,5386.7383
9079,0.56,-2.4844,-0.0135,-6.4438,3.9594,4.6204,-155.8426,4937.7588,4937.7588
9080,0.52,-2.5156,+0.1598,-6.4665,3.9509,8.3024,-160.3627,5210.7573,5210.7573
9081,0.55,-2.6946,+0.1098,-6.4473,3.7527,0.6453,-158.1104,5071.6094,5071.6094
9082,0.55,-2.5155,+0.0404,-6.4497,3.9342,0.9705,-164.4832,5488.9307,5488.9307
9083,0.55,-2.5736,+0.0418,-6.4530,3.8794,1.2858,-155.1626,4893.3750,4893.3750
9084,0.55,-2.6684,+0.0785,-6.4453,3.7769,0.6850,-165.0840,5543.3774,5543.3774
9085,0.56,-2.3388,+0.0196,-6.4513,4.1125,1.0323,-151.3216,4646.1743,4646.1743
9086,0.53,-2.6958,+0.0603,-6.4611,3.7653,0.6515,-164.3979,5538.9507,5538.9507
9087,0.55,-2.3364,+0.0912,-6.4571,4.1207,1.0776,-151.2044,4629.9438,4629.9438
9088,0.54,-2.6404,-0.0823,-6.4542,3.8138,0.5271,-164.4312,5515.7485,5515.7485
9089,0.55,-2.3015,+0.0715,-6.4348,4.1333,0.6166,-151.4919,4674.3965,4674.3965
9090,0.54,-2.7136,-0.0643,-6.4704,3.7568,0.5505,-165.5695,5579.0215,5579.0215
9091,0.57,-2.3820,-0.0393,-6.4433,4.0613,0.6293,-151.4240,4693.6846,4693.6846
9092,0.55,-2.7127,-0.0816,-6.4478,3.7351,0.7635,-166.2885,5623.7847,5623.7847
9093,0.55,-2.5495,+0.0383,-6.4573,3.9078,0.7215,-153.4318,4828.8057,4828.8057
9094,0.55,-2.5072,-0.0105,-6.4747,3.9675,1.0959,-168.4477,5828.8457,5828.8457
9095,0.55,-2.6667,-0.0961,-6.4580,3.7912,0.5316,-154.1616,4845.2026,4845.2026
9096,0.54,-2.5605,+0.0408,-6.4514,3.8909,0.8790,-169.8291,5834.2056,5834.2056
9097,0.53,-2.5690,+0.0678,-6.4427,3.8737,0.8456,-154.6501,4840.8848,4840.8848
9098,0.54,-2.1905,-0.2529,-6.4385,4.2481,9.9881,-169.7661,5865.0889,5865.0889
9099,0.53,-2.5553,+0.0814,-6.4259,3.8706,1.4283,-163.3151,5467.5078,5467.5078
9100,0.53,-2.2705,-0.0083,-6.4460,4.1754,8.2047,-154.0717,4845.2373,4845.2373
9101,0.54,-2.6569,-0.1538,-6.4360,3.7791,9.0618,-161.7731,5334.1924,5334.1924
9102,0.53,-2.7665,-0.0303,-6.4312,3.6647,0.9330,-163.5026,5419.1777,5419.1777
9103,0.55,-2.5972,+0.0018,-6.4401,3.8428,1.0995,-155.0853,4875.9570,4875.9570
9104,0.54,-2.6574,+0.0424,-6.4715,3.8141,1.5120,-161.0324,5238.0156,5238.0156
9105,0.55,-2.4977,+0.0688,-6.4702,3.9724,2.9034,-152.0208,4718.0498,4718.0498
9106,0.55,-2.6185,+0.1031,-6.4694,3.8509,1.5479,-159.6444,5206.1685,5206.1685
9107,0.54,-2.6546,-0.0566,-6.4515,3.7969,1.1550,-163.4406,5451.5181,5451.5181
9108,0.54,-2.3212,-0.0237,-6.4764,4.1552,0.4942,-149.3993,4586.3662,4586.3662
9109,0.52,-2.6742,-0.0284,-6.4921,3.8179,0.7357,-164.2577,5543.8984,5543.8984
9110,0.54,-2.3986,+0.0310,-6.4771,4.0785,0.5077,-149.8171,4579.9058,4579.9058
9111,0.54,-2.6367,-0.0036,-6.4795,3.8427,0.7723,-164.6101,5502.0840,5502.0840
9112,0.55,-2.5255,-0.0421,-6.4822,3.9567,0.3832,-150.9212,4654.4888,4654.4888
9113,0.56,-2.6782,+0.2162,-6.4790,3.8008,3.2438,-165.8206,5556.6191,5556.6191
9114,0.54,-2.6430,+0.0173,-6.4435,3.8005,0.9516,-154.7120,4853.0410,4853.0410
9115,0.52,-2.8008,+0.1053,-6.4579,3.6571,3.8229,-163.6247,5370.6455,5370.6455
9116,0.54,-2.5671,-0.0823,-6.4681,3.9011,1.1194,-153.1248,4757.2998,4757.2998
9117,0.53,-2.7010,-0.0983,-6.4563,3.7553,0.9655,-166.4505,5564.5322,5564.5322
9118,0.55,-2.4888,-0.3848,-6.4569,3.9681,1.0052,-151.2959,4616.4932,4616.4932
9119,0.54,-2.2944,+0.2166,-6.4785,4.1841,4.0300,-149.2769,4557.5132,4557.5132
9120,0.56,-2.6934,-0.0471,-6.4547,3.7614,0.8624,-161.9642,5373.8140,5373.8140
9121,0.54,-2.5869,+0.0146,-6.4721,3.8852,0.6898,-152.4860,4698.5947,4698.5947
9122,0.53,-2.3654,+0.0762,-6.4624,4.0970,15.5650,-166.7802,5697.7588,5697.7588
9123,0.53,-2.7715,+0.0155,-6.4779,3.7064,0.5327,-157.5875,5034.3931,5034.3931
9124,0.56,-2.3493,+0.0396,-6.4800,4.1307,20.0860,-163.2208,5423.6104,5423.6104
9125,0.55,-2.3687,-0.4352,-6.4731,4.1043,44.6295,-160.4231,5222.4561,5222.4561
9126,0.55,-2.6919,+0.0688,-6.4739,3.7820,2.2443,-155.0470,4910.5337,4910.5337
9127,0.53,-2.6463,+0.0746,-6.4889,3.8426,0.5841,-159.1878,5154.1802,5154.1802
9128,0.54,-2.3554,-0.0183,-6.5018,4.1464,0.9420,-149.0387,4566.0864,4566.0864
9129,0.53,-2.6838,+0.0444,-6.5108,3.8270,0.4975,-160.5770,5230.1221,5230.1221
9130,0.52,-2.4317,-0.0667,-6.4966,4.0649,0.7103,-148.4903,4504.8887,4504.8887
9131,0.54,-2.7110,+0.0066,-6.5121,3.8012,0.7375,-158.3405,5085.9912,5085.9912
9132,0.54,-2.5819,-0.1064,-6.5327,3.9507,0.8428,-153.7590,4788.7739,4788.7739
9133,0.56,-2.6359,-0.0177,-6.5072,3.8713,0.6820,-156.5898,4935.8052,4935.8052
9134,0.54,-2.6620,-0.0154,-6.4961,3.8341,0.9765,-162.1007,5381.2954,5381.2954
9135,0.54,-2.3412,+0.0323,-6.4642,4.1229,0.5355,-149.6742,4537.1177,4537.1177
9136,0.54,-2.7620,-0.0222,-6.4709,3.7089,0.3941,-164.3844,5501.5718,5501.5718
9137,0.56,-2.2177,+0.3656,-6.4635,4.2458,7.3961,-149.9437,4590.3647,4590.3647
9138,0.54,-2.6674,-0.1032,-6.4617,3.7943,0.4270,-155.0458,4845.8027,4845.8027
9139,0.54,-2.7714,+0.0159,-6.4696,3.6983,0.3535,-160.3932,5157.2100,5157.2100
9140,0.54,-2.3488,-0.0058,-6.4851,4.1364,0.6577,-148.6606,4473.4126,4473.4126
9141,0.54,-2.7259,+0.0007,-6.4947,3.7688,0.8994,-160.7348,5219.2446,5219.2446
9142,0.55,-2.4267,-0.1148,-6.4814,4.0546,0.4803,-150.6438,4569.3794,4569.3794
9143,0.55,-2.7271,-0.0228,-6.5217,3.7946,0.5199,-158.7256,5025.2319,5025.2319
9144,0.55,-2.5154,-0.0326,-6.5266,4.0112,0.3701,-149.5560,4531.2666,4531.2666
9145,0.54,-2.7625,-0.0731,-6.5240,3.7615,0.4441,-155.9696,4846.6465,4846.6465
9146,0.56,-2.4241,+0.0013,-6.5019,4.0779,0.6942,-151.7254,4647.0117,4647.0117
9147,0.55,-2.7027,+0.0077,-6.5135,3.8107,2.0616,-161.3143,5212.2124,5212.2124
9148,0.53,-2.4241,+0.0628,-6.4920,4.0680,0.8738,-150.0076,4535.4238,4535.4238
9149,0.55,-2.5540,-0.1146,-6.5112,3.9572,1.4248,-163.2616,5439.7549,5439.7549
9150,0.54,-2.6840,-0.0545,-6.5058,3.8217,0.4916,-153.7133,4837.3291,4837.3291
9151,0.55,-2.5439,-0.0518,-6.5044,3.9605,0.6296,-153.9513,4779.1641,4779.1641
9152,0.54,-2.4310,+0.1332,-6.4927,4.0617,3.7802,-152.0530,4693.0342,4693.0342
9153,0.53,-2.6070,-0.2126,-6.4995,3.8925,3.1529,-161.7175,5270.6924,5270.6924
9154,0.52,-2.9135,+0.7939,-6.5075,3.5941,27.8729,-157.0949,4926.0259,4926.0259
9155,0.56,-2.5177,-1.4103,-6.5125,3.9948,5.3510,-157.2107,4960.9795,4960.9795
9156,0.53,-2.7529,-0.3698,-6.4955,3.7425,4.9533,-157.5487,5025.5107,5025.5107
9157,0.53,-2.4548,-0.0380,-6.4726,4.0178,1.7395,-157.0873,4977.3975,4977.3975
9158,0.53,-2.5403,+0.0661,-6.4816,3.9414,1.1085,-161.9178,5286.3008,5286.3008
9159,0.53,-2.5547,+0.0567,-6.4603,3.9057,0.8210,-153.6214,4763.7241,4763.7241
9160,0.54,-2.7009,-0.0045,-6.4585,3.7576,2.5143,-165.3112,5445.4873,5445.4873
9161,0.54,-2.4810,-0.0573,-6.4716,3.9906,0.6244,-152.6858,4677.3311,4677.3311
9162,0.52,-2.7390,-0.0245,-6.4657,3.7267,1.3358,-162.0628,5273.9395,5273.9395
9163,0.54,-2.4478,+0.0981,-6.5073,4.0595,1.6721,-149.1420,4485.1553,4485.1553
9164,0.54,-2.7265,+0.0044,-6.4910,3.7645,0.4130,-160.0642,5155.7930,5155.7930
9165,0.55,-2.2944,+0.1791,-6.5032,4.2088,5.1779,-148.1829,4419.7656,4419.7656
9166,0.54,-2.8126,+0.1474,-6.4865,3.6740,1.3433,-161.2053,5220.0200,5220.0200
9167,0.55,-2.5038,-0.0154,-6.4742,3.9703,2.1678,-154.3384,4794.0957,4794.0957
9168,0.53,-2.4518,+0.1802,-6.4779,4.0261,7.5583,-163.8732,5413.5674,5413.5674
9169,0.54,-2.7665,-0.0046,-6.4757,3.7092,0.7585,-158.2504,4977.4570,4977.4570
9170,0.53,-2.4117,+0.2225,-6.4799,4.0682,12.1400,-153.3955,4715.3027,4715.3027
9171,0.53,-2.6250,+0.0432,-6.4900,3.8649,0.4694,-156.5376,4940.1504,4940.1504
9172,0.54,-2.4593,+0.3184,-6.4971,4.0378,3.6789,-153.5630,4771.7241,4771.7241
9173,0.53,-2.4388,-0.0045,-6.4921,4.0532,1.1472,-155.6649,4963.9365,4963.9365
9174,0.53,-2.7401,-0.0614,-6.4834,3.7433,0.8381,-156.3353,4925.9648,4925.9648
9175,0.54,-2.6068,-0.1748,-6.4927,3.8859,0.7456,-161.2027,5290.9385,5290.9385
9176,0.54,-1.9916,-0.5096,-6.4704,4.4788,128.2914,-154.8996,4883.9492,4883.9492
9177,0.54,-2.6525,+0.0224,-6.4843,3.8318,0.4632,-156.4575,4959.2510,4959.2510
9178,0.55,-2.4869,-0.0793,-6.4714,3.9845,0.9287,-152.9639,4805.8506,4805.8506
9179,0.54,-2.6985,-0.0003,-6.4514,3.7529,1.6343,-159.0528,5092.3066,5092.3066
9180,0.54,-2.5879,+0.0096,-6.4388,3.8509,0.7297,-154.7446,4882.7490,4882.7490
9181,0.54,-2.5739,-0.0207,-6.4397,3.8658,0.7995,-165.0543,5503.7607,5503.7607
9182,0.53,-2.4391,+0.0399,-6.4519,4.0128,0.5570,-152.2751,4735.8813,4735.8813
9183,0.54,-2.6375,+0.0610,-6.4733,3.8358,0.5132,-165.3438,5575.4238,5575.4238
9184,0.55,-2.3273,-0.0352,-6.4335,4.1062,0.5612,-150.4440,4599.7100,4599.7100
9185,0.53,-2.5592,-0.0636,-6.4917,3.9324,1.0622,-163.4117,5440.2686,5440.2686
9186,0.54,-2.6678,+0.0941,-6.4950,3.8272,0.4163,-152.1741,4677.6768,4677.6768
9187,0.53,-2.3806,-0.0771,-6.4997,4.1191,5.7394,-165.8171,5589.5425,5589.5425
9188,0.54,-2.7683,-0.0045,-6.4700,3.7017,0.5563,-155.2436,4863.0005,4863.0005
9189,0.54,-2.5188,-0.0171,-6.4825,3.9637,0.7776,-162.5165,5386.8545,5386.8545
9190,0.53,-2.6249,-0.0089,-6.4980,3.8731,0.4317,-150.4760,4611.1279,4611.1279
9191,0.53,-2.6800,+0.0673,-6.4808,3.8007,0.7796,-164.3986,5486.2900,5486.2900
9192,0.55,-2.5888,+0.0858,-6.4939,3.9051,0.5455,-153.8083,4764.8945,4764.8945
9193,0.56,-2.5058,-0.0251,-6.4820,3.9761,1.0054,-162.6113,5414.1279,5414.1279
9194,0.55,-2.6893,-0.0061,-6.4884,3.7991,0.3818,-154.0134,4767.5869,4767.5869
9195,0.55,-2.5751,+0.0212,-6.4781,3.9030,2.2627,-167.0021,5657.8062,5657.8062
9196,0.55,-2.5606,-0.0343,-6.4606,3.9000,0.3798,-153.6430,4774.2959,4774.2959
9197,0.56,-2.6356,-0.0057,-6.4283,3.7927,0.4469,-168.7311,5750.0996,5750.0996
9198,0.55,-2.5867,+0.0190,-6.4295,3.8428,4.1197,-152.9307,4712.4058,4712.4058
9199,0.55,-2.6415,+0.0318,-6.4309,3.7894,4.2560,-161.7930,5265.0352,5265.0352
9200,0.53,-2.5243,+0.0197,-6.4424,3.9181,2.2851,-164.5321,5444.0811,5444.0811
9201,0.54,-2.3594,-0.1386,-6.4330,4.0737,5.4186,-152.6536,4713.2695,4713.2695
9202,0.55,-2.7595,+0.0541,-6.4449,3.6854,1.4646,-159.2128,5124.2231,5124.2231
9203,0.55,-2.4548,+0.0517,-6.4716,4.0168,0.8669,-150.8102,4614.5449,4614.5449
9204,0.54,-2.7340,+0.0196,-6.4878,3.7538,0.7556,-159.1724,5185.0039,5185.0039
9205,0.55,-2.5562,-0.0158,-6.5094,3.9532,0.7420,-150.8773,4647.4536,4647.4536
9206,0.53,-2.7818,+0.0162,-6.4895,3.7077,0.6337,-163.6565,5426.9648,5426.9648
9207,0.54,-2.4547,+0.0598,-6.4805,4.0258,0.6289,-149.3039,4574.6040,4574.6040
9208,0.54,-2.6234,+0.0093,-6.4847,3.8613,0.6158,-162.2589,5392.0996,5392.0996
9209,0.55,-2.5435,-0.1633,-6.5101,3.9667,0.4918,-148.6266,4469.2168,4469.2168
9210,0.54,-2.6296,-0.0352,-6.5135,3.8839,0.6131,-163.5742,5443.6533,5443.6533
9211,0.56,-2.5528,+0.0204,-6.4850,3.9322,0.5097,-150.0017,4558.7871,4558.7871
9212,0.56,-2.5793,-0.0117,-6.4790,3.8997,0.9786,-165.1049,5529.8037,5529.8037
9213,0.54,-2.7243,-0.0489,-6.4833,3.7590,0.8794,-151.2225,4634.1582,4634.1582
9214,0.56,-2.6925,-0.0699,-6.4979,3.8055,2.5573,-162.4302,5308.1719,5308.1719
9215,0.56,-2.6287,-0.0025,-6.4816,3.8529,0.4833,-152.6367,4667.9980,4667.9980
9216,0.55,-2.6629,-0.0255,-6.5055,3.8425,0.5317,-163.3477,5399.5547,5399.5547
9217,0.56,-2.5040,+0.0191,-6.5194,4.0154,1.7494,-147.8358,4411.7070,4411.7070
9218,0.54,-2.8166,+0.1216,-6.5155,3.6989,3.7045,-153.5202,4751.6489,4751.6489
9219,0.55,-2.7000,+0.0568,-6.5012,3.8011,0.7396,-153.4855,4714.9062,4714.9062
9220,0.55,-2.6477,+0.0875,-6.4886,3.8408,0.6994,-150.3356,4472.3145,4472.3145
9221,0.54,-2.6135,-0.0879,-6.5142,3.9007,0.6603,-152.1858,4664.7256,4664.7256
9222,0.55,-2.4417,-0.2970,-6.5034,4.0617,11.0617,-160.3841,5090.8003,5090.8003
9223,0.55,-2.4332,-0.0832,-6.5025,4.0692,9.1717,-154.6281,4776.0332,4776.0332
9224,0.54,-2.7959,+0.0430,-6.4840,3.6880,0.9720,-158.5172,4988.3877,4988.3877
9225,0.54,-2.5452,-0.0337,-6.4930,3.9478,1.2435,-151.9997,4669.1162,4669.1162
9226,0.53,-2.5531,-0.0326,-6.4682,3.9151,8.0730,-158.5409,5057.8413,5057.8413
9227,0.53,-2.7949,+0.0702,-6.4900,3.6951,1.5061,-155.7580,4877.3101,4877.3101
9228,0.54,-2.5992,+0.0767,-6.4930,3.8938,0.9042,-152.3857,4694.1890,4694.1890
9229,0.55,-2.5963,+0.0806,-6.4767,3.8804,9.3441,-156.2682,4931.9814,4931.9814
9230,0.54,-2.6228,-0.1440,-6.4585,3.8356,0.8396,-153.3258,4728.8057,4728.8057
9231,0.54,-2.6248,-0.0979,-6.4588,3.8340,2.1496,-160.7392,5168.6211,5168.6211
9232,0.54,-2.6809,-0.0585,-6.4857,3.8048,1.2138,-154.1890,4803.2383,4803.2383
9233,0.54,-2.7047,-0.1185,-6.4890,3.7843,0.7057,-164.6870,5456.6738,5456.6738
9234,0.54,-2.4832,+0.0263,-6.5003,4.0172,0.4113,-149.4767,4486.7974,4486.7974
9235,0.53,-2.5757,-0.0438,-6.5050,3.9293,1.8054,-163.6164,5392.9053,5392.9053
9236,0.54,-2.6015,+0.0494,-6.4684,3.8669,0.4709,-152.4143,4713.8809,4713.8809
9237,0.54,-2.1415,-0.2527,-6.5017,4.3603,56.2070,-163.4562,5407.5693,5407.5693
9238,0.53,-2.7333,+0.1890,-6.4894,3.7562,0.5296,-155.7479,4925.2095,4925.2095
9239,0.54,-2.5317,-0.0464,-6.4891,3.9574,0.7111,-161.0202,5248.4707,5248.4707
9240,0.54,-2.5329,-0.1259,-6.5036,3.9707,2.1187,-149.5680,4578.1836,4578.1836
9241,0.53,-2.4408,+0.0192,-6.4847,4.0439,6.4654,-156.1055,4988.5869,4988.5869
9242,0.54,-2.8053,+0.0885,-6.5005,3.6953,1.6481,-159.6200,5156.7222,5156.7222
9243,0.53,-2.6163,+0.0935,-6.4729,3.8566,0.6840,-155.2525,4905.8467,4905.8467
9244,0.54,-2.6965,+0.0934,-6.4452,3.7486,0.7839,-162.7677,5379.2441,5379.2441
9245,0.55,-2.1513,-0.1801,-6.4599,4.3086,8.6049,-149.0474,4489.3896,4489.3896
9246,0.55,-2.7838,+0.0307,-6.4635,3.6798,1.4519,-161.0222,5262.7158,5262.7158
9247,0.52,-2.4967,+0.0180,-6.4665,3.9697,1.9146,-153.6713,4769.3135,4769.3135
9248,0.53,-2.7095,-0.1205,-6.4844,3.7749,0.5657,-158.6791,5140.3105,5140.3105
9249,0.53,-2.5379,-0.1537,-6.4867,3.9487,0.8341,-150.1020,4574.2480,4574.2480
9250,0.52,-2.8128,-0.3039,-6.4792,3.6665,1.5757,-164.2094,5451.8403,5451.8403
9251,0.52,-2.5259,-0.2547,-6.4735,3.9476,6.1991,-157.7436,5036.4312,5036.4312
9252,0.55,-2.6451,-0.0015,-6.4805,3.8354,1.2798,-158.6237,5071.6543,5071.6543
9253,0.54,-2.7471,-0.1150,-6.4935,3.7465,1.3827,-159.9377,5207.5498,5207.5498
9254,0.54,-2.5388,-0.0864,-6.4823,3.9436,3.6830,-153.7156,4808.9487,4808.9487
9255,0.54,-2.7718,-0.0291,-6.4526,3.6808,0.9180,-158.0670,5040.6802,5040.6802
9256,0.56,-2.7828,-0.0973,-6.4815,3.6987,0.5904,-159.3417,5136.0947,5136.0947
9257,0.55,-2.6686,-0.0210,-6.4693,3.8008,0.7924,-159.2067,5131.9932,5131.9932
9258,0.53,-2.7005,-0.0624,-6.4676,3.7672,0.7787,-156.7527,4918.5703,4918.5703
9259,0.53,-2.5986,-0.0271,-6.5219,3.9233,0.4803,-154.3433,4892.8398,4892.8398
9260,0.53,-2.6918,-0.0544,-6.5265,3.8347,0.5024,-158.5834,5082.7202,5082.7202
9261,0.54,-2.5361,-0.0895,-6.5206,3.9845,4.6825,-149.5891,4539.4766,4539.4766
9262,0.54,-2.7119,+0.1490,-6.5303,3.8184,6.0647,-155.8501,4952.5850,4952.5850
9263,0.55,-2.7117,+0.0871,-6.4962,3.7845,3.7474,-155.3060,4875.3154,4875.3154
9264,0.53,-2.5538,+0.1432,-6.4744,3.9207,1.2836,-152.7365,4716.9639,4716.9639
9265,0.54,-2.7409,+0.0105,-6.4657,3.7248,0.9181,-162.3672,5338.8008,5338.8008
9266,0.55,-2.5998,+0.0206,-6.4949,3.8951,0.7756,-150.9028,4652.1255,4652.1255
9267,0.54,-2.6741,+0.0187,-6.5076,3.8335,0.7008,-154.7184,4835.7339,4835.7339
9268,0.54,-2.6632,+0.0236,-6.4970,3.8338,0.5284,-150.1195,4601.7222,4601.7222
9269,0.54,-2.7218,-0.0687,-6.4955,3.7737,0.6236,-164.0366,5507.3291,5507.3291
9270,0.55,-2.5067,+0.0028,-6.4991,3.9924,0.9096,-148.8112,4502.9658,4502.9658
9271,0.54,-2.7192,+0.1046,-6.4775,3.7582,1.4623,-163.7368,5428.5444,5428.5444
9272,0.54,-2.6226,+0.0500,-6.4656,3.8430,0.6865,-153.8305,4761.4023,4761.4023
9273,0.55,-2.6014,-0.0155,-6.4918,3.8905,1.6007,-163.9459,5431.7144,5431.7144
9274,0.55,-2.5511,+0.0595,-6.4782,3.9271,1.7443,-152.1926,4684.9434,4684.9434
9275,0.54,-2.7207,+0.0966,-6.4748,3.7540,0.8867,-164.1409,5457.2021,5457.2021
9276,0.55,-2.5087,+0.0175,-6.4775,3.9688,0.9271,-150.2586,4547.1094,4547.1094
9277,0.55,-2.5498,-0.0178,-6.4792,3.9294,10.1248,-162.1804,5277.2300,5277.2300
9278,0.53,-2.7425,-0.0382,-6.4788,3.7363,2.2079,-160.5213,5205.1104,5205.1104
9279,0.53,-2.5205,+0.0791,-6.4818,3.9614,6.7152,-156.5525,4988.0596,4988.0596
9280,0.53,-2.6954,-0.1493,-6.4716,3.7762,0.7767,-156.6443,4976.7412,4976.7412
9281,0.52,-2.7766,+0.0135,-6.4626,3.6860,2.5205,-160.8313,5245.4307,5245.4307
9282,0.56,-2.4670,-0.0942,-6.4495,3.9825,1.2463,-152.1938,4657.9473,4657.9473
9283,0.55,-2.7411,-0.1092,-6.4686,3.7275,0.6491,-166.5013,5600.1523,5600.1523
9284,0.55,-2.5661,-0.0307,-6.4742,3.9081,0.9067,-150.7666,4597.7310,4597.7310
9285,0.54,-2.6653,+0.1353,-6.5027,3.8374,4.2983,-162.2146,5286.8770,5286.8770
9286,0.54,-2.6520,+0.0695,-6.5061,3.8541,1.0755,-153.2979,4759.5464,4759.5464
9287,0.55,-2.5314,-0.2454,-6.5170,3.9856,2.3184,-160.9667,5225.3643,5225.3643
9288,0.53,-2.5899,+0.0455,-6.5120,3.9220,1.0030,-152.4597,4644.4502,4644.4502
9289,0.54,-2.7269,-0.1803,-6.5048,3.7780,1.9261,-158.4622,5075.6436,5075.6436
9290,0.55,-2.2982,-0.2896,-6.4878,4.1896,3.9402,-151.1077,4599.7524,4599.7524
9291,0.54,-2.6712,-0.0015,-6.4884,3.8172,0.8009,-159.1563,5098.6982,5098.6982
9292,0.54,-2.3478,-0.1056,-6.4626,4.1148,0.6641,-149.1664,4469.7910,4469.7910
9293,0.54,-2.5954,-0.0769,-6.4698,3.8744,1.3456,-160.1731,5187.0137,5187.0137
9294,0.54,-2.1132,+0.0883,-6.5005,4.3872,5.7371,-148.7984,4460.8687,4460.8687
9295,0.52,-2.6948,-0.1327,-6.4848,3.7899,0.5841,-160.7718,5198.1543,5198.1543
9296,0.55,-2.5035,+0.0603,-6.4735,3.9700,1.0955,-152.0277,4648.6514,4648.6514
9297,0.55,-2.6502,-0.0184,-6.4912,3.8410,0.5870,-164.1871,5443.3750,5443.3750
9298,0.54,-2.4335,+0.7190,-6.4847,4.0512,1.1738,-151.6287,4619.3540,4619.3540
9299,0.52,-2.3395,+0.0317,-6.4824,4.1429,0.5254,-154.2389,4726.0000,4726.0000
9300,0.55,-2.7047,+0.0524,-6.4750,3.7704,0.6713,-157.4943,4995.8223,4995.8223
9301,0.54,-2.3750,+0.1936,-6.4835,4.1085,12.5389,-160.0721,5187.4292,5187.4292
9302,0.56,-2.2520,+0.0426,-6.4887,4.2367,36.8215,-163.4695,5434.5771,5434.5771
9303,0.52,-2.5953,-0.0842,-6.4780,3.8827,1.0742,-159.1897,5140.8184,5140.8184
9304,0.53,-2.6444,+0.0096,-6.4761,3.8317,0.5681,-156.4999,4928.1084,4928.1084
9305,0.55,-2.6235,+0.0275,-6.4785,3.8549,0.5338,-159.1096,5144.3652,5144.3652
9306,0.52,-2.5944,-0.0534,-6.4686,3.8741,1.0019,-156.1581,4925.3330,4925.3330
9307,0.55,-2.5167,+0.1242,-6.4746,3.9579,0.5246,-153.6361,4810.9395,4810.9395
9308,0.53,-2.5459,+0.1548,-6.4654,3.9195,4.4596,-164.8946,5476.5928,5476.5928
9309,0.53,-2.4857,+0.0747,-6.4728,3.9871,0.9229,-152.4211,4726.3242,4726.3242
9310,0.55,-2.6081,+0.0722,-6.4717,3.8636,0.4304,-164.9559,5543.6665,5543.6665
9311,0.54,-2.3933,-0.0291,-6.4442,4.0510,0.3834,-151.2350,4646.7671,4646.7671
9312,0.53,-2.7606,+0.0194,-6.4736,3.7129,0.4629,-165.1096,5522.4814,5522.4814
9313,0.54,-2.3005,+0.0576,-6.4515,4.1511,2.1723,-149.0507,4511.6460,4511.6460
9314,0.55,-2.6838,+0.0321,-6.4631,3.7793,0.5958,-161.3330,5298.0142,5298.0142
9315,0.55,-2.3540,-0.1017,-6.4422,4.0882,0.5058,-149.8437,4560.8721,4560.8721
9316,0.54,-2.7290,+0.0892,-6.4560,3.7270,0.7154,-164.8663,5515.0332,5515.0332
9317,0.54,-2.5724,-0.0338,-6.4791,3.9067,0.4235,-154.3307,4836.9380,4836.9380
9318,0.54,-2.5977,+0.0731,-6.4772,3.8794,0.6591,-164.2635,5445.2510,5445.2510
9319,0.53,-2.4444,-0.0106,-6.4827,4.0382,1.0906,-148.8349,4475.8521,4475.8521
9320,0.54,-2.6924,+0.0647,-6.4644,3.7720,0.6819,-154.5587,4828.3975,4828.3975
9321,0.54,-2.5780,+0.0504,-6.4307,3.8527,0.7392,-153.7618,4774.4014,4774.4014
9322,0.53,-2.6825,-0.0611,-6.4538,3.7713,0.6255,-161.7925,5346.7402,5346.7402
9323,0.54,-2.5770,+0.0289,-6.4505,3.8735,0.4726,-151.7619,4665.3481,4665.3481
9324,0.56,-2.7053,+0.0756,-6.4770,3.7718,0.6282,-164.1508,5498.6963,5498.6963
9325,0.53,-2.4743,+0.0608,-6.4849,4.0106,0.4130,-147.9759,4468.4072,4468.4072
9326,0.56,-2.5961,+0.0321,-6.4943,3.8982,0.3080,-161.5280,5330.3467,5330.3467
9327,0.55,-2.3980,-0.1072,-6.4652,4.0672,0.8151,-148.2536,4490.2471,4490.2471
9328,0.54,-2.7961,-0.1124,-6.4736,3.6776,0.8585,-161.2895,5271.5635,5271.5635
9329,0.54,-2.6345,-0.0423,-6.4924,3.8579,0.4201,-149.9167,4539.8203,4539.8203
9330,0.55,-2.6263,-0.0247,-6.4971,3.8709,0.9494,-154.2236,4850.3594,4850.3594
9331,0.55,-2.6699,-0.1736,-6.4973,3.8274,4.3916,-158.5724,5124.1641,5124.1641
9332,0.54,-2.7796,+0.1855,-6.4736,3.6940,4.1244,-156.9980,4996.0332,4996.0332
9333,0.56,-2.8289,-0.0177,-6.4726,3.6438,1.7667,-159.9604,5161.4668,5161.4668
9334,0.56,-2.6963,+0.1463,-6.4738,3.7775,0.5061,-152.7864,4746.2490,4746.2490
9335,0.54,-2.6021,+0.1226,-6.4660,3.8639,1.1082,-163.2406,5380.0889,5380.0889
9336,0.54,-2.7517,+0.0169,-6.4819,3.7301,3.0652,-152.0501,4682.8877,4682.8877
9337,0.55,-2.7739,-0.1186,-6.4664,3.6926,2.9339,-159.2020,5151.7349,5151.7349
9338,0.55,-2.7349,-0.0764,-6.4931,3.7582,1.4730,-149.4735,4562.7856,4562.7856
9339,0.53,-2.8013,-0.0689,-6.4981,3.6969,1.3882,-153.8902,4827.4814,4827.4814
9340,0.52,-2.7721,+0.1551,-6.5090,3.7368,1.2085,-156.6976,4999.8354,4999.8354
9341,0.53,-2.7914,-0.0785,-6.4856,3.6942,0.3629,-158.1285,5092.2295,5092.2295
9342,0.54,-2.4041,-0.0289,-6.4872,4.0831,0.8294,-146.5342,4385.7769,4385.7769
9343,0.55,-2.7563,+0.1748,-6.4740,3.7177,1.2082,-162.4091,5394.4492,5394.4492
9344,0.56,-2.8164,+0.0547,-6.4932,3.6767,1.8001,-156.1920,5016.7930,5016.7930
9345,0.55,-2.3877,+0.0846,-6.4998,4.1120,1.9441,-148.0517,4444.0879,4444.0879
9346,0.54,-2.6830,+0.0399,-6.4860,3.8030,0.8854,-160.7593,5272.9580,5272.9580
9347,0.54,-2.6568,+0.0732,-6.5123,3.8555,0.7284,-149.9874,4568.8994,4568.8994
9348,0.55,-2.7162,-0.0071,-6.4626,3.7464,0.6817,-164.4250,5493.3242,5493.3242
9349,0.54,-2.5383,-0.0346,-6.4543,3.9159,0.5782,-151.7404,4684.3428,4684.3428
9350,0.56,-2.6267,-0.0224,-6.4625,3.8358,1.6344,-166.0031,5598.1421,5598.1421
9351,0.56,-2.6829,+0.0024,-6.4629,3.7800,0.7681,-151.7849,4673.1616,4673.1616
9352,0.56,-2.7287,-0.0379,-6.4940,3.7653,0.6324,-161.7583,5311.7842,5311.7842
9353,0.56,-2.5039,+0.0991,-6.4681,3.9641,1.5310,-149.0802,4522.6294,4522.6294
9354,0.54,-2.8262,+0.0656,-6.4837,3.6574,0.4933,-161.6074,5332.6387,5332.6387
9355,0.54,-2.7011,+0.0138,-6.4807,3.7796,0.6921,-153.4474,4820.3311,4820.3311
9356,0.54,-2.6987,-0.0109,-6.4790,3.7804,0.9499,-156.3158,4982.6172,4982.6172
9357,0.53,-2.6602,-0.0186,-6.4899,3.8297,0.6467,-151.9244,4715.7207,4715.7207
9358,0.54,-2.6337,-0.1101,-6.5193,3.8856,1.0316,-161.0387,5316.2852,5316.2852
9359,0.54,-2.6655,+0.0363,-6.5591,3.8936,0.8029,-147.7509,4430.4316,4430.4316
9360,0.53,-2.7093,-0.0317,-6.5333,3.8240,0.5762,-159.9541,5210.6934,5210.6934
9361,0.55,-2.6547,-0.0931,-6.4952,3.8405,2.2557,-150.8798,4589.9355,4589.9355
9362,0.54,-2.6728,-0.1773,-6.4965,3.8237,2.7106,-158.4952,5100.1660,5100.1660
9363,0.54,-2.4754,-0.0906,-6.4638,3.9884,7.5055,-154.9011,4849.5244,4849.5244
9364,0.56,-2.7546,-0.1840,-6.4744,3.7198,0.9009,-157.9207,5048.3848,5048.3848
9365,0.54,-2.6117,-0.1272,-6.4928,3.8812,0.7655,-158.2843,5072.6279,5072.6279
9366,0.54,-2.4893,+0.0425,-6.4693,3.9800,1.0405,-150.5300,4608.9780,4608.9780
9367,0.54,-2.7492,+0.0588,-6.4722,3.7230,0.6436,-163.3045,5432.5630,5432.5630
9368,0.55,-2.6712,-0.0648,-6.4923,3.8211,0.3607,-152.6068,4736.1611,4736.1611
9369,0.56,-2.6455,+0.0646,-6.4648,3.8193,0.6132,-167.1195,5657.7871,5657.7871
9370,0.56,-2.6733,-0.0582,-6.4741,3.8008,0.9045,-154.2601,4830.6680,4830.6680
9371,0.54,-2.7391,-0.0104,-6.4758,3.7367,0.8417,-164.1851,5499.9268,5499.9268
9372,0.53,-2.4876,-0.0274,-6.4733,3.9858,0.6301,-150.0227,4588.7490,4588.7490
9373,0.54,-2.6553,+0.0740,-6.5046,3.8494,1.6045,-163.4230,5447.7280,5447.7280
9374,0.53,-2.6808,-0.0699,-6.4964,3.8156,1.0181,-150.0757,4574.4111,4574.4111
9375,0.53,-2.0684,-1.1017,-6.4829,4.4145,86.3971,-161.2213,5331.2295,5331.2295
9376,0.53,-2.5693,-0.1125,-6.4617,3.8925,1.7812,-162.7392,5424.9468,5424.9468
9377,0.53,-2.6247,+0.0156,-6.4762,3.8515,7.4609,-159.6048,5193.6963,5193.6963
9378,0.54,-2.7967,+0.0247,-6.4710,3.6743,0.7321,-155.7237,4934.6372,4934.6372
9379,0.54,-2.6238,+0.0322,-6.4445,3.8206,0.5060,-167.5936,5713.6084,5713.6084
9380,0.54,-2.6013,-0.0312,-6.4577,3.8564,0.4089,-152.6615,4740.5410,4740.5410
9381,0.53,-2.7779,-0.0228,-6.4709,3.6930,1.6728,-164.6617,5542.4492,5542.4492
9382,0.56,-2.5343,-0.0230,-6.4631,3.9288,0.6899,-150.8938,4645.6895,4645.6895
9383,0.55,-2.8528,+0.2797,-6.4550,3.6022,4.2559,-164.1880,5441.2139,5441.2139
9384,0.56,-2.6405,+0.0297,-6.4593,3.8188,0.7626,-157.3792,5075.1484,5075.1484
9385,0.53,-2.7989,-0.0872,-6.4969,3.6980,0.3774,-156.7317,4989.6611,4989.6611
9386,0.55,-1.9894,-0.5080,-6.4786,4.4892,55.4196,-150.5451,4634.9844,4634.9844
9387,0.56,-2.5809,+0.2635,-6.4627,3.8818,2.4558,-156.5081,4970.8604,4970.8604
9388,0.53,-2.5641,+0.0735,-6.4409,3.8768,1.4582,-163.5565,5426.2666,5426.2666
9389,0.53,-2.6797,+0.0323,-6.4634,3.7838,2.6990,-156.2663,4932.6230,4932.6230
9390,0.52,-2.7409,-0.0822,-6.4467,3.7057,0.5800,-160.2018,5186.7803,5186.7803
9391,0.55,-2.6698,-0.0597,-6.4604,3.7906,0.7415,-158.6903,5165.2422,5165.2422
9392,0.54,-2.5942,+0.0248,-6.4645,3.8702,0.4595,-161.0903,5239.2031,5239.2031
9393,0.53,-2.4979,+0.0788,-6.5164,4.0185,0.6503,-149.0088,4529.1948,4529.1948
9394,0.53,-2.4562,-0.0328,-6.4813,4.0251,31.7656,-163.8625,5426.7661,5426.7661
9395,0.54,-2.9118,+0.1210,-6.4802,3.5684,2.9979,-155.6295,4867.4639,4867.4639
9396,0.55,-2.6813,-0.0130,-6.4718,3.7905,1.5103,-158.7904,5084.3511,5084.3511
9397,0.54,-2.8715,-0.0238,-6.4592,3.5877,0.4238,-159.7273,5152.9492,5152.9492
9398,0.54,-2.6230,-0.0373,-6.4684,3.8454,0.6507,-152.1862,4724.9834,4724.9834
9399,0.52,-2.7596,+0.1271,-6.4739,3.7143,2.5598,-163.2083,5431.4521,5431.4521
9400,0.56,-2.7467,-0.0310,-6.4661,3.7193,0.2924,-156.2856,4954.7642,4954.7642
9401,0.54,-2.6257,-0.0250,-6.4685,3.8428,0.4703,-167.1227,5630.1436,5630.1436
9402,0.54,-2.5760,-0.0139,-6.4596,3.8836,2.1115,-151.8579,4658.1211,4658.1211
9403,0.54,-2.7074,-0.0213,-6.4534,3.7460,0.7570,-165.0430,5487.3193,5487.3193
9404,0.55,-2.5762,+0.0006,-6.4779,3.9017,0.9170,-151.1001,4624.1118,4624.1118
9405,0.54,-2.7348,-0.0753,-6.4963,3.7616,0.8981,-161.5768,5277.1240,5277.1240
9406,0.56,-2.5991,+0.0520,-6.4943,3.8953,0.6536,-150.1401,4583.0078,4583.0078
9407,0.54,-2.6768,+0.2279,-6.5024,3.8256,1.3537,-162.0320,5333.1021,5333.1021
9408,0.53,-2.7265,+0.1312,-6.4844,3.7578,0.9904,-156.9256,4954.7983,4954.7983
9409,0.55,-2.6833,+0.0439,-6.5001,3.8167,0.8533,-153.2091,4757.2563,4757.2563
9410,0.54,-2.6391,-0.0059,-6.4785,3.8395,0.9780,-158.7504,5108.1748,5108.1748
9411,0.54,-2.5281,-0.0887,-6.4787,3.9507,6.9854,-152.0224,4697.8667,4697.8667
9412,0.54,-2.7538,+0.0694,-6.4926,3.7387,0.9727,-158.6893,5114.6802,5114.6802
9413,0.55,-2.7286,-0.0463,-6.5288,3.8002,0.3249,-151.9691,4699.5615,4699.5615
9414,0.54,-2.7031,+0.0700,-6.4774,3.7743,0.7012,-160.8753,5231.0137,5231.0137
9415,0.54,-2.4757,-0.4824,-6.4651,3.9895,12.0052,-151.1568,4650.6416,4650.6416
9416,0.54,-2.7004,+0.0386,-6.4663,3.7659,0.4041,-156.2085,4937.3452,4937.3452
9417,0.55,-2.7544,+0.0878,-6.4773,3.7229,0.4727,-158.1560,5100.1909,5100.1909
9418,0.53,-2.6221,-0.0105,-6.5068,3.8847,0.5541,-151.0737,4658.7671,4658.7671
9419,0.54,-2.7675,+0.0283,-6.4944,3.7269,0.4524,-162.0889,5328.3618,5328.3618
9420,0.55,-2.5675,+0.0451,-6.4914,3.9239,1.8397,-149.7793,4571.2163,4571.2163
9421,0.53,-2.5229,-0.0904,-6.5144,3.9915,4.4793,-160.5832,5244.3047,5244.3047
9422,0.54,-2.3282,-0.3434,-6.5040,4.1758,9.1932,-153.1305,4775.7246,4775.7246
9423,0.55,-2.4913,-0.0694,-6.4880,3.9967,0.8440,-154.3062,4796.6846,4796.6846
9424,0.55,-2.3516,-0.0560,-6.4960,4.1444,0.8874,-148.5716,4447.0029,4447.0029
9425,0.56,-2.7141,-0.0440,-6.5067,3.7927,0.5547,-161.3433,5268.2202,5268.2202
9426,0.56,-2.4869,+0.1344,-6.4912,4.0043,1.0451,-150.4485,4611.0728,4611.0728
9427,0.55,-2.5565,+0.1857,-6.5076,3.9510,5.1232,-159.5223,5162.2891,5162.2891
9428,0.53,-2.6415,+0.0985,-6.4914,3.8500,1.0369,-159.4199,5159.2749,5159.2749
9429,0.53,-2.7149,-0.0785,-6.4854,3.7705,0.9030,-159.1229,5157.4717,5157.4717
9430,0.54,-2.7418,+0.0283,-6.4943,3.7525,0.3574,-154.5438,4846.7896,4846.7896
9431,0.54,-2.6041,+0.0537,-6.5056,3.9015,0.7984,-163.2420,5457.7256,5457.7256
9432,0.55,-2.6748,-0.0287,-6.5203,3.8455,0.5964,-148.6121,4519.8223,4519.8223
9433,0.54,-2.7569,+0.0172,-6.4830,3.7262,0.7941,-163.9883,5503.2803,5503.2803
9434,0.54,-2.5394,+0.0024,-6.4689,3.9295,0.8784,-152.6570,4742.5654,4742.5654
9435,0.53,-2.7782,-0.0063,-6.4981,3.7199,0.5384,-159.0203,5133.6128,5133.6128
9436,0.55,-2.4424,-0.0409,-6.5163,4.0739,0.6553,-146.3151,4324.4565,4324.4565
9437,0.52,-2.6570,-0.0844,-6.5101,3.8531,1.4633,-160.7630,5267.2158,5267.2158
9438,0.55,-2.6534,+0.0370,-6.5163,3.8629,0.6690,-149.4997,4546.4473,4546.4473
9439,0.55,-2.7502,+0.0426,-6.5017,3.7515,1.4988,-157.0935,5032.0840,5032.0840
9440,0.54,-2.2049,+0.1507,-6.5078,4.3029,46.3391,-150.2363,4575.0928,4575.0928
9441,0.55,-2.7311,-0.0639,-6.5046,3.7735,0.7662,-154.0598,4807.4062,4807.4062
9442,0.55,-2.7631,-0.0309,-6.5430,3.7799,0.3929,-159.6072,5178.0991,5178.0991
9443,0.57,-2.4767,+0.0031,-6.5299,4.0532,0.6657,-146.8630,4378.1816,4378.1816
9444,0.55,-2.7261,+0.0738,-6.5036,3.7775,0.3555,-162.4734,5319.4336,5319.4336
9445,0.54,-2.4819,-0.0072,-6.4873,4.0054,0.7317,-147.6402,4397.3916,4397.3916
9446,0.54,-2.6681,+0.0860,-6.4797,3.8116,3.8379,-162.1852,5308.0376,5308.0376
9447,0.54,-2.7867,-0.0745,-6.5079,3.7212,0.5404,-154.3961,4797.5215,4797.5215
9448,0.56,-2.8326,+0.0100,-6.5110,3.6783,0.8096,-157.0099,5021.7104,5021.7104
9449,0.57,-2.3810,+0.0304,-6.5250,4.1440,1.2754,-146.6569,4353.1060,4353.1060
9450,0.54,-2.6820,-0.1731,-6.5067,3.8247,2.6622,-159.0610,5113.1367,5113.1367
9451,0.53,-2.7172,-0.0997,-6.5005,3.7833,0.7771,-152.1623,4664.6934,4664.6934
9452,0.54,-2.7614,+0.0837,-6.4929,3.7315,0.5865,-160.9850,5242.9424,5242.9424
9453,0.55,-2.4555,-0.0180,-6.4745,4.0190,1.4681,-148.1183,4477.5684,4477.5684
9454,0.55,-2.5348,+0.0541,-6.4806,3.9458,18.9289,-157.3841,5067.5566,5067.5566
9455,0.54,-2.8276,-0.0677,-6.4725,3.6449,3.5871,-161.5275,5267.8486,5267.8486
9456,0.55,-2.6153,-0.1222,-6.4960,3.8806,0.8798,-150.8530,4581.1143,4581.1143
9457,0.53,-2.6676,+0.0195,-6.5100,3.8424,1.3987,-159.7506,5085.1577,5085.1577
9458,0.55,-2.6784,+0.1196,-6.5408,3.8625,0.7737,-152.9154,4678.4346,4678.4346
9459,0.55,-2.4988,-0.1544,-6.5309,4.0321,0.4195,-146.5299,4297.8062,4297.8062
9460,0.55,-2.7823,-0.0562,-6.5165,3.7343,0.6622,-158.5081,5029.2358,5029.2358
9461,0.56,-2.4977,+0.0065,-6.4828,3.9851,0.9420,-147.8521,4409.1562,4409.1562
9462,0.54,-2.7019,+0.0423,-6.4839,3.7820,0.9042,-162.3118,5319.2759,5319.2759
9463,0.54,-2.4797,-0.0091,-6.4916,4.0118,0.9968,-147.1981,4362.4346,4362.4346
9464,0.54,-2.6873,+0.0682,-6.4861,3.7988,0.5543,-161.6911,5266.7153,5266.7153
9465,0.55,-2.3206,-0.0871,-6.4936,4.1730,12.1222,-147.8403,4387.9761,4387.9761
9466,0.53,-2.6825,+0.0447,-6.4700,3.7874,1.8685,-154.3244,4794.0610,4794.0610
9467,0.56,-2.6583,-0.0780,-6.4745,3.8162,0.7860,-155.2376,4903.8130,4903.8130
9468,0.55,-2.7803,-0.0174,-6.4648,3.6846,0.4592,-158.6512,5093.8037,5093.8037
9469,0.54,-2.4157,-0.1155,-6.4806,4.0649,10.9873,-151.7785,4690.9707,4690.9707
9470,0.54,-2.8085,+0.0293,-6.4877,3.6792,1.7921,-155.7737,4918.5498,4918.5498
9471,0.55,-2.7607,-0.1102,-6.5040,3.7433,0.6413,-157.3422,5020.5366,5020.5366
9472,0.55,-2.5686,+0.0204,-6.5050,3.9364,0.6285,-147.3502,4389.1748,4389.1748
9473,0.56,-2.7313,-0.0269,-6.5015,3.7701,1.0317,-162.9689,5377.6899,5377.6899
9474,0.55,-2.4963,+0.0669,-6.4893,3.9930,0.8369,-150.8159,4669.5840,4669.5840
9475,0.54,-2.5050,-0.1266,-6.4941,3.9892,3.1345,-163.3346,5452.6826,5452.6826
9476,0.55,-2.6072,-0.0862,-6.4836,3.8764,0.4598,-151.2242,4671.8174,4671.8174
9477,0.54,-2.6284,-0.0219,-6.4862,3.8578,0.4212,-164.9335,5517.9424,5517.9424
9478,0.56,-2.6205,-0.0581,-6.4721,3.8516,4.1688,-149.9629,4547.1626,4547.1626
9479,0.54,-2.7432,+0.0948,-6.4651,3.7219,0.6490,-156.4693,4958.5347,4958.5347
9480,0.54,-2.4727,-0.0645,-6.4841,4.0114,19.8742,-160.7194,5251.5771,5251.5771
9481,0.53,-2.5729,-0.0431,-6.4806,3.9078,2.1435,-153.6948,4775.9517,4775.9517
9482,0.53,-2.6704,-0.1112,-6.4766,3.8063,0.5358,-154.9063,4885.7236,4885.7236
9483,0.55,-2.5616,+0.1722,-6.4525,3.8909,1.8063,-156.2942,4954.4053,4954.4053
9484,0.55,-2.7005,+0.2100,-6.4677,3.7673,1.6093,-156.0096,4976.6411,4976.6411
9485,0.56,-2.6515,+0.2783,-6.4787,3.8272,1.7507,-158.4152,5111.4927,5111.4927
9486,0.56,-2.6672,+0.0116,-6.4941,3.8270,0.5579,-158.3874,5111.5488,5111.5488
9487,0.53,-2.6934,+0.0364,-6.4888,3.7954,0.3949,-151.0415,4561.5000,4561.5000
9488,0.55,-2.5481,-0.0876,-6.4945,3.9464,9.2351,-158.0426,5088.5171,5088.5171
9489,0.54,-2.7744,-0.0965,-6.4855,3.7111,0.7686,-154.4449,4808.1499,4808.1499
9490,0.55,-2.5562,+0.0538,-6.5032,3.9470,0.9454,-149.8203,4534.4990,4534.4990
9491,0.54,-2.6443,-0.0742,-6.4981,3.8538,0.8723,-155.0037,4814.0088,4814.0088
9492,0.54,-2.5593,+0.0236,-6.4712,3.9119,8.2715,-155.8530,4882.4766,4882.4766
9493,0.54,-2.4793,-0.0961,-6.4649,3.9856,4.4494,-149.6932,4518.3726,4518.3726
9494,0.54,-2.7659,-0.0683,-6.4943,3.7284,0.7095,-158.5222,5065.9795,5065.9795
9495,0.55,-2.6479,+0.0341,-6.4942,3.8463,0.7153,-151.1643,4591.4727,4591.4727
9496,0.55,-2.6937,+0.0372,-6.4878,3.7941,1.5514,-162.2770,5355.5684,5355.5684
9497,0.54,-2.4824,-0.1476,-6.4610,3.9787,6.0382,-152.1160,4713.8809,4713.8809
9498,0.55,-2.9180,-0.0793,-6.4552,3.5373,1.6898,-158.7974,5145.0664,5145.0664
9499,0.57,-2.6105,+0.0493,-6.4835,3.8730,1.6012,-151.5976,4644.8115,4644.8115
9500,0.55,-2.7454,-0.0076,-6.4702,3.7248,0.7624,-157.8759,5092.7046,5092.7046
9501,0.54,-2.5920,-0.0542,-6.4590,3.8671,0.5516,-151.6966,4676.4395,4676.4395
9502,0.55,-2.6501,+0.0144,-6.4593,3.8092,0.7278,-164.1237,5467.5176,5467.5176
9503,0.56,-2.4898,+0.0365,-6.4556,3.9658,0.8825,-149.5004,4550.4824,4550.4824
9504,0.56,-2.7366,-0.0569,-6.4740,3.7374,0.7029,-156.1641,4997.4756,4997.4756
9505,0.53,-2.6767,+0.0879,-6.4792,3.8025,0.8970,-154.4521,4853.2559,4853.2559
9506,0.54,-2.8076,-0.0652,-6.4790,3.6715,1.0176,-162.3810,5346.2158,5346.2158
9507,0.54,-2.5398,-0.1129,-6.4867,3.9469,0.7324,-149.1243,4547.5771,4547.5771
9508,0.55,-2.7175,+0.0150,-6.4806,3.7631,0.6256,-163.4077,5432.3848,5432.3848
9509,0.57,-2.6013,-0.0401,-6.4582,3.8569,0.2421,-151.6316,4680.6787,4680.6787
9510,0.54,-2.6155,-0.0749,-6.4659,3.8504,0.6865,-165.1982,5555.7349,5555.7349
9511,0.54,-2.6061,+0.0505,-6.4626,3.8565,0.3137,-150.4085,4598.6460,4598.6460
9512,0.55,-2.7270,-0.0184,-6.4735,3.7465,0.7054,-163.4705,5468.7393,5468.7393
9513,0.57,-2.5341,-0.1901,-6.4912,3.9571,0.7165,-149.7545,4570.9355,4570.9355
9514,0.57,-2.9102,+0.0078,-6.4629,3.5528,1.3924,-160.5232,5241.4961,5241.4961
9515,0.54,-2.5990,+0.0628,-6.4848,3.8858,2.9519,-150.9569,4614.0430,4614.0430
9516,0.54,-2.2687,+0.3228,-6.4981,4.2294,27.8493,-161.0612,5240.9351,5240.9351
9517,0.53,-2.6652,+0.0193,-6.4828,3.8176,1.5022,-159.8087,5155.8560,5155.8560
9518,0.55,-2.7933,-0.0175,-6.4663,3.6730,1.8570,-153.1638,4748.8545,4748.8545
9519,0.54,-2.8356,+0.0297,-6.4964,3.6608,0.3882,-157.0114,5010.8525,5010.8525
9520,0.55,-2.4666,-0.0349,-6.4802,4.0136,3.5436,-153.0845,4780.0205,4780.0205
9521,0.55,-2.7158,-0.0811,-6.4819,3.7661,1.2290,-157.5125,5029.0669,5029.0669
9522,0.55,-2.5028,-0.0485,-6.4688,3.9660,12.2228,-156.5955,4994.1831,4994.1831
9523,0.52,-2.6110,+0.0026,-6.4754,3.8644,0.9152,-154.4681,4853.5996,4853.5996
9524,0.55,-2.6568,+0.0210,-6.4326,3.7758,3.4216,-162.9303,5388.2441,5388.2441
9525,0.56,-2.6595,+0.0423,-6.4619,3.8024,0.7372,-154.1144,4822.2852,4822.2852
9526,0.56,-2.4012,+0.0113,-6.4689,4.0677,24.1514,-157.0041,5017.4482,5017.4482
9527,0.54,-2.5096,-0.0072,-6.4625,3.9529,14.3394,-157.1136,4983.9663,4983.9663
9528,0.54,-2.4556,+0.0598,-6.4790,4.0235,10.3475,-156.1786,4960.8730,4960.8730
9529,0.52,-2.5397,+0.1067,-6.4709,3.9312,1.7877,-157.8525,5037.7324,5037.7324
9530,0.53,-2.6884,+0.0100,-6.4893,3.8009,1.0431,-157.5450,5043.9038,5043.9038
9531,0.54,-2.2332,+0.3272,-6.4976,4.2644,20.2310,-152.1143,4708.7485,4708.7485
9532,0.53,-2.6874,-0.0175,-6.4895,3.8021,0.6255,-155.4341,4918.5083,4918.5083
9533,0.54,-2.3093,-0.0450,-6.4910,4.1817,54.1993,-155.2817,4879.6978,4879.6978
9534,0.54,-2.7280,-0.0312,-6.4900,3.7620,1.4259,-154.2395,4830.9736,4830.9736
9535,0.54,-2.6672,-0.0970,-6.4803,3.8131,4.3305,-155.0373,4885.0698,4885.0698
9536,0.55,-2.6006,-0.1262,-6.4912,3.8907,4.5255,-154.1201,4844.9961,4844.9961
9537,0.54,-2.6088,+0.1417,-6.4745,3.8657,0.6147,-153.8570,4811.9951,4811.9951
9538,0.55,-2.5655,+0.0588,-6.4835,3.9180,0.7455,-159.5684,5183.2451,5183.2451
9539,0.55,-2.2621,-0.0234,-6.4713,4.2092,0.9071,-147.8365,4458.8213,4458.8213
9540,0.53,-2.6539,-0.0022,-6.4593,3.8054,0.6166,-163.3860,5411.2188,5411.2188
9541,0.57,-2.4064,+0.0131,-6.4600,4.0536,4.2725,-149.6187,4561.8569,4561.8569
9542,0.54,-2.8511,-0.0626,-6.4653,3.6142,1.0396,-157.6929,5048.5312,5048.5312
9543,0.55,-2.7690,+0.1568,-6.4743,3.7053,0.6421,-155.8469,4969.8369,4969.8369
9544,0.53,-2.3114,-0.2020,-6.5008,4.1894,21.2853,-149.6889,4582.6099,4582.6099
9545,0.55,-2.4760,+0.1362,-6.4890,4.0129,1.4829,-152.3781,4744.7280,4744.7280
9546,0.53,-2.5876,-0.0026,-6.4828,3.8952,2.4516,-155.7145,4966.0811,4966.0811
9547,0.53,-2.4821,-0.0584,-6.4778,3.9956,2.2566,-154.8965,4913.9648,4913.9648
9548,0.54,-2.8402,+0.0353,-6.5012,3.6610,2.1225,-157.4200,5038.9360,5038.9360
9549,0.53,-2.6083,-0.0653,-6.4967,3.8884,1.4792,-153.7265,4841.3896,4841.3896
9550,0.55,-2.6951,+0.0339,-6.4879,3.7928,0.5773,-158.9663,5162.1304,5162.1304
9551,0.56,-2.6155,+0.0144,-6.4923,3.8769,0.7064,-149.7567,4606.8989,4606.8989
9552,0.56,-2.7955,+0.0459,-6.4743,3.6788,0.3674,-162.5650,5417.0054,5417.0054
9553,0.54,-2.5444,-0.1612,-6.4488,3.9044,1.4719,-152.0932,4713.1045,4713.1045
9554,0.56,-2.7564,+0.0520,-6.4237,3.6673,0.8839,-161.8850,5309.1758,5309.1758
9555,0.53,-2.3765,-0.1423,-6.4370,4.0605,1.2526,-148.8766,4482.0811,4482.0811
9556,0.54,-2.8033,+0.0090,-6.4615,3.6581,0.4670,-161.3311,5246.7510,5246.7510
9557,0.55,-2.3900,+0.0446,-6.4359,4.0459,0.7564,-149.5241,4523.5088,4523.5088
9558,0.56,-2.8715,+0.1006,-6.4657,3.5942,0.3999,-160.1608,5187.1094,5187.1094
9559,0.53,-2.5874,+0.0543,-6.4691,3.8817,0.5917,-152.7711,4765.3037,4765.3037
9560,0.54,-2.7344,+0.0051,-6.5158,3.7815,0.4943,-161.8707,5314.6465,5314.6465
9561,0.55,-2.5930,-0.0000,-6.4790,3.8860,0.6155,-149.5432,4551.7021,4551.7021
9562,0.54,-2.0377,+1.1274,-6.4748,4.4371,107.2843,-160.0850,5182.4897,5182.4897
9563,0.56,-2.5678,-0.0577,-6.4776,3.9098,1.7972,-160.3589,5224.7246,5224.7246
9564,0.55,-2.4492,+0.0438,-6.4913,4.0421,6.4559,-151.2001,4614.7061,4614.7061
9565,0.55,-2.8229,-0.0472,-6.5179,3.6950,0.8265,-158.3360,5063.8276,5063.8276
9566,0.53,-2.7287,+0.0203,-6.4994,3.7706,1.0791,-157.0683,4978.9502,4978.9502
9567,0.53,-2.5521,+0.1377,-6.4947,3.9426,2.6933,-151.0637,4600.9072,4600.9072
9568,0.53,-2.7078,+0.0964,-6.5190,3.8112,1.1336,-160.3324,5183.5830,5183.5830
9569,0.52,-2.7686,-0.0787,-6.4845,3.7159,1.5875,-155.1451,4857.8467,4857.8467
9570,0.56,-2.3467,-0.2893,-6.4891,4.1424,17.9079,-149.4300,4502.0371,4502.0371
9571,0.52,-2.7563,-0.0091,-6.4858,3.7294,0.6530,-155.3131,4835.4746,4835.4746
9572,0.56,-2.6864,+0.0468,-6.4767,3.7904,0.6040,-157.1558,4940.3135,4940.3135
9573,0.53,-2.5065,-0.0296,-6.4926,3.9861,2.4358,-151.3746,4553.7539,4553.7539
9574,0.52,-2.6582,+0.1203,-6.5044,3.8462,0.7117,-160.9105,5160.7490,5160.7490
9575,0.53,-2.4906,-0.0440,-6.4976,4.0070,0.6060,-149.2065,4459.0791,4459.0791
9576,0.54,-2.6658,+0.0708,-6.4781,3.8123,0.6543,-162.6898,5328.3926,5328.3926
9577,0.56,-2.5760,+0.0554,-6.4897,3.9138,0.5424,-149.6544,4479.3301,4479.3301
9578,0.55,-2.6021,+0.0358,-6.5101,3.9080,1.7557,-160.7269,5197.1758,5197.1758
9579,0.53,-2.5539,+0.1002,-6.5101,3.9562,0.5889,-150.6026,4584.4551,4584.4551
9580,0.52,-2.6163,+0.0388,-6.4707,3.8545,1.2675,-163.2809,5404.8457,5404.8457
9581,0.55,-2.4252,+0.1324,-6.4618,4.0366,4.7341,-152.6226,4741.4414,4741.4414
9582,0.55,-2.7739,+0.0126,-6.4463,3.6724,0.6985,-162.2795,5330.6436,5330.6436
9583,0.54,-2.5083,+0.1066,-6.4535,3.9452,0.6148,-150.9137,4585.5474,4585.5474
9584,0.54,-2.6794,+0.0150,-6.4714,3.7921,0.5616,-163.2977,5384.1934,5384.1934
9585,0.54,-2.4875,+0.1098,-6.4616,3.9741,0.4272,-151.1901,4590.7437,4590.7437
9586,0.57,-2.6583,+0.0441,-6.4522,3.7939,0.4934,-166.2394,5549.1084,5549.1084
9587,0.54,-2.5586,-0.0933,-6.4414,3.8828,0.7374,-152.2966,4675.9150,4675.9150
9588,0.54,-2.7427,+0.0140,-6.4264,3.6838,0.7690,-164.7361,5447.7783,5447.7783
9589,0.56,-2.4219,-0.0547,-6.4464,4.0245,0.9215,-151.6063,4652.9268,4652.9268
9590,0.55,-2.6654,-0.0855,-6.4461,3.7807,0.9426,-164.3116,5432.4072,5432.4072
9591,0.54,-2.5976,-0.1152,-6.4730,3.8755,2.4324,-155.6626,4897.4795,4897.4795
9592,0.54,-2.5396,-0.0502,-6.4596,3.9200,0.7398,-150.9805,4597.7563,4597.7563
9593,0.54,-2.5831,-0.0086,-6.4621,3.8790,3.1207,-161.0504,5260.7002,5260.7002
9594,0.52,-2.6664,-0.0074,-6.4409,3.7745,0.5131,-154.1438,4817.0698,4817.0698
9595,0.55,-2.7237,+0.0581,-6.4434,3.7197,0.5336,-162.3094,5291.1748,5291.1748
9596,0.55,-2.6854,+0.1005,-6.4681,3.7828,0.4815,-154.9680,4842.8818,4842.8818
9597,0.53,-2.6396,+0.0250,-6.4730,3.8335,0.3768,-159.9337,5108.9302,5108.9302
9598,0.53,-2.3153,-0.2110,-6.4445,4.1292,5.8599,-151.2223,4651.7427,4651.7427
9599,0.53,-2.5699,+0.0906,-6.4689,3.8990,0.7382,-159.7364,5178.1396,5178.1396
9600,0.55,-2.6091,-0.1735,-6.4693,3.8603,4.7142,-153.7917,4762.3057,4762.3057
9601,0.54,-2.7110,+0.0026,-6.4845,3.7735,1.3606,-151.3275,4611.0210,4611.0210
9602,0.55,-2.6947,-0.0090,-6.4955,3.8008,0.6603,-157.2761,4979.0088,4979.0088
9603,0.54,-2.4938,-0.1395,-6.4925,3.9987,1.2815,-150.0697,4538.0625,4538.0625
9604,0.54,-2.6528,+0.0335,-6.4838,3.8310,1.1607,-162.0952,5309.9150,5309.9150
9605,0.55,-2.5454,-0.0008,-6.5109,3.9655,0.7596,-149.5933,4488.2549,4488.2549
9606,0.56,-2.6199,+0.1124,-6.5157,3.8958,3.9010,-158.2984,5025.5000,5025.5000
9607,0.54,-2.7391,-0.0332,-6.5122,3.7732,0.4716,-155.4558,4909.6543,4909.6543
9608,0.55,-2.3116,-0.4474,-6.5134,4.2019,19.4608,-149.3878,4538.2085,4538.2085
9609,0.53,-2.5698,-0.0377,-6.5068,3.9370,0.5487,-150.2969,4558.4639,4558.4639
9610,0.54,-2.6426,+0.0063,-6.5123,3.8696,0.8212,-157.7841,5012.7832,5012.7832
9611,0.53,-2.5900,+0.2112,-6.5029,3.9129,2.4949,-147.9409,4400.7354,4400.7354
9612,0.55,-2.6822,+0.0597,-6.5064,3.8242,0.4765,-155.4409,4825.9297,4825.9297
9613,0.53,-2.4858,-0.1737,-6.5305,4.0447,2.1198,-148.1818,4443.0371,4443.0371
9614,0.54,-2.6483,-0.0119,-6.5299,3.8816,0.4552,-153.5549,4787.3584,4787.3584
9615,0.55,-2.7058,-0.0438,-6.5146,3.8089,0.4512,-151.3295,4555.7383,4555.7383
9616,0.55,-2.6337,+0.0264,-6.5305,3.8968,0.5582,-160.3871,5167.9707,5167.9707
9617,0.53,-2.5076,+0.0166,-6.5469,4.0393,0.5045,-146.6435,4304.7788,4304.7788
9618,0.53,-2.6488,+0.0163,-6.5420,3.8932,0.6299,-161.3899,5253.8149,5253.8149
9619,0.54,-2.6352,+0.0574,-6.5224,3.8871,2.0789,-149.1763,4462.9316,4462.9316
9620,0.54,-2.8799,-0.0055,-6.5319,3.6519,2.3550,-154.2151,4778.2529,4778.2529
9621,0.55,-2.7173,+0.1303,-6.5051,3.7878,0.7259,-153.4410,4770.8877,4770.8877
9622,0.52,-2.6128,+0.1802,-6.5013,3.8885,0.6175,-163.2936,5405.6670,5405.6670
9623,0.55,-2.5475,+0.0577,-6.5158,3.9683,0.4318,-148.7823,4473.5474,4473.5474
9624,0.54,-2.6900,+0.1355,-6.5058,3.8158,0.5886,-160.7303,5261.6021,5261.6021
9625,0.55,-2.1685,+0.0556,-6.5085,4.3400,5.9866,-147.0802,4377.8447,4377.8447
9626,0.52,-2.6234,+0.0419,-6.4882,3.8648,1.3107,-158.5280,5058.1699,5058.1699
9627,0.55,-2.3957,+0.2643,-6.4907,4.0950,3.5242,-147.6300,4387.4639,4387.4639
9628,0.52,-2.7353,+0.0839,-6.4829,3.7475,0.4193,-159.3260,5070.3672,5070.3672
9629,0.54,-2.4819,+0.0228,-6.4978,4.0159,0.5168,-148.4639,4430.3320,4430.3320
9630,0.55,-2.5860,+0.1589,-6.5002,3.9142,0.4457,-160.6024,5191.3535,5191.3535
9631,0.54,-2.5208,+0.0328,-6.5027,3.9818,0.4075,-148.7221,4446.9062,4446.9062
9632,0.52,-2.6208,-0.0609,-6.4928,3.8721,0.4673,-163.9109,5440.1807,5440.1807
9633,0.56,-2.5587,+0.0672,-6.5012,3.9425,0.5025,-149.3881,4533.3203,4533.3203
9634,0.53,-2.6179,+0.0739,-6.4957,3.8779,0.6497,-164.2139,5500.9849,5500.9849
9635,0.56,-2.2648,-0.0245,-6.4774,4.2126,12.7680,-149.6091,4539.7710,4539.7710
9636,0.53,-2.6540,+0.0989,-6.4755,3.8215,0.5868,-155.6091,4929.0889,4929.0889
9637,0.54,-2.5386,-0.2288,-6.4822,3.9436,4.8022,-159.3455,5154.5547,5154.5547
9638,0.54,-2.5141,-0.2234,-6.4777,3.9637,6.3098,-160.0762,5175.6411,5175.6411
9639,0.53,-2.6298,+0.0655,-6.4850,3.8552,0.4982,-163.0876,5429.0000,5429.0000
9640,0.54,-2.4493,-0.0072,-6.4998,4.0505,0.4806,-149.1573,4503.7915,4503.7915
9641,0.54,-2.6079,-0.1042,-6.5205,3.9126,0.6244,-163.5353,5416.9673,5416.9673
9642,0.53,-2.5437,-0.1265,-6.5100,3.9664,0.5041,-149.8962,4528.7500,4528.7500
9643,0.53,-2.6211,-0.0599,-6.5113,3.8902,2.2139,-160.7946,5244.4663,5244.4663
9644,0.53,-2.7113,+0.1732,-6.5010,3.7897,0.5153,-154.3314,4826.6924,4826.6924
9645,0.56,-2.6110,-0.0305,-6.4926,3.8816,0.7313,-160.8541,5245.0762,5245.0762
9646,0.54,-2.3813,+0.0905,-6.5092,4.1279,18.0913,-153.9512,4805.5430,4805.5430
9647,0.52,-2.5791,-0.0272,-6.4835,3.9044,3.7763,-160.0228,5195.3892,5195.3892
9648,0.52,-2.5598,+0.0637,-6.4912,3.9315,0.7009,-161.3538,5252.7803,5252.7803
9649,0.54,-2.4007,-0.0652,-6.4783,4.0777,0.3012,-150.7294,4597.1191,4597.1191
9650,0.53,-2.7026,+0.0270,-6.4638,3.7613,4.3219,-165.5954,5489.4907,5489.4907
9651,0.57,-2.5227,-0.0906,-6.4381,3.9154,1.7052,-156.0571,4869.2808,4869.2808
9652,0.53,-2.7126,-0.1068,-6.4431,3.7305,6.2948,-159.3261,5050.6328,5050.6328
9653,0.54,-2.6753,+0.9098,-6.4471,3.7718,34.7890,-158.8201,5039.6445,5039.6445
9654,0.55,-2.7620,-0.0398,-6.4496,3.6875,1.1651,-161.0967,5209.4478,5209.4478
9655,0.59,-2.5572,-0.0050,-6.4613,3.9041,2.6510,-155.9711,4923.8892,4923.8892
9656,0.55,-2.5669,+0.0088,-6.4622,3.8953,0.6696,-165.6761,5497.6509,5497.6509
9657,0.55,-2.1941,-0.0337,-6.4720,4.2778,10.6306,-150.9230,4565.9346,4565.9346
9658,0.54,-2.6050,+0.0281,-6.4619,3.8570,5.4745,-158.1317,5006.7588,5006.7588
9659,0.55,-2.7437,+0.0304,-6.4678,3.7241,1.0468,-157.0066,4939.3101,4939.3101
9660,0.54,-2.3933,-0.1399,-6.4792,4.0859,7.2775,-162.4438,5345.8296,5345.8296
9661,0.54,-2.6477,-0.0126,-6.4984,3.8507,0.4525,-154.1733,4794.5332,4794.5332
9662,0.52,-2.5881,+0.0897,-6.4920,3.9039,1.3739,-165.6540,5496.3530,5496.3530
9663,0.54,-2.5934,+0.0396,-6.4910,3.8975,0.4373,-152.0913,4658.8838,4658.8838
9664,0.54,-2.6554,-0.0691,-6.4974,3.8421,0.4862,-164.4061,5439.8120,5439.8120
9665,0.54,-2.5482,+0.0031,-6.4908,3.9426,0.3480,-151.0527,4605.0679,4605.0679
9666,0.54,-2.6577,-0.0452,-6.5055,3.8478,0.4681,-164.6316,5496.4375,5496.4375
9667,0.55,-2.6904,+0.1575,-6.4936,3.8031,2.0752,-151.6346,4647.1211,4647.1211
9668,0.55,-2.7750,+0.0571,-6.4990,3.7240,0.7422,-158.8592,5112.7217,5112.7217
9669,0.54,-2.7595,-0.0037,-6.4742,3.7147,0.7957,-154.6968,4872.6118,4872.6118
9670,0.56,-2.7438,-0.0049,-6.4649,3.7212,0.4929,-161.3625,5243.2949,5243.2949
9671,0.54,-2.3046,-0.0001,-6.4778,4.1733,9.7451,-149.8329,4560.4121,4560.4121
9672,0.55,-2.5864,+0.1686,-6.4930,3.9065,0.8637,-153.8474,4786.8843,4786.8843
9673,0.56,-2.6050,-0.0470,-6.4910,3.8860,4.5728,-157.9518,5062.0439,5062.0439
9674,0.54,-3.0238,+0.0216,-6.5103,3.4864,3.2524,-159.6851,5139.4648,5139.4648
9675,0.56,-2.5428,-0.0110,-6.5047,3.9619,0.6206,-151.2323,4596.2222,4596.2222
9676,0.54,-2.6687,-0.0364,-6.4898,3.8211,0.6401,-161.1075,5207.9473,5207.9473
9677,0.54,-2.6163,-0.0109,-6.4766,3.8603,0.6640,-152.7176,4734.9570,4734.9570
9678,0.54,-2.8094,-0.0156,-6.4815,3.6722,0.8230,-164.5229,5449.8003,5449.8003
9679,0.53,-2.5167,+0.0660,-6.4647,3.9480,1.7939,-152.7938,4677.2837,4677.2837
9680,0.54,-2.7897,+0.0022,-6.4496,3.6599,0.4977,-163.2968,5385.1064,5385.1064
9681,0.53,-2.4511,-0.0769,-6.4919,4.0408,0.3216,-148.3842,4433.0283,4433.0283
9682,0.52,-2.7272,+0.1057,-6.4841,3.7569,0.4108,-163.8927,5384.8711,5384.8711
9683,0.55,-2.5389,+0.0101,-6.4630,3.9240,0.5925,-150.1154,4520.8037,4520.8037
9684,0.54,-2.7738,+0.0828,-6.4545,3.6807,0.4786,-162.4350,5285.8555,5285.8555
9685,0.55,-2.7813,+0.1379,-6.4785,3.6972,2.3254,-153.2985,4681.5273,4681.5273
9686,0.55,-2.5418,+0.0227,-6.5090,3.9672,0.6999,-149.8664,4510.9844,4510.9844
9687,0.54,-2.7776,+0.0303,-6.5225,3.7449,0.5675,-159.9867,5176.8843,5176.8843
9688,0.55,-2.4702,-0.1959,-6.5221,4.0518,1.1962,-147.3139,4361.3887,4361.3887
9689,0.54,-2.7246,+0.0120,-6.4958,3.7713,3.6008,-159.6509,5131.6396,5131.6396
9690,0.55,-2.7388,-0.1776,-6.5098,3.7710,0.5811,-152.1715,4628.0518,4628.0518
9691,0.55,-2.7789,-0.0087,-6.5254,3.7465,0.4730,-159.1181,5067.5215,5067.5215
9692,0.54,-2.5165,-0.0603,-6.5277,4.0111,1.5274,-146.1866,4310.7495,4310.7495
9693,0.54,-2.7931,+0.0790,-6.5342,3.7411,1.6436,-154.6667,4776.3721,4776.3721
9694,0.55,-2.7706,+0.0435,-6.5143,3.7437,1.1364,-157.4137,4971.4116,4971.4116
9695,0.56,-3.1503,-0.2492,-6.5059,3.3556,57.3832,-153.4007,4715.7451,4715.7451
9696,0.55,-2.7640,-0.0212,-6.5145,3.7505,0.6248,-154.6131,4788.4482,4788.4482
9697,0.54,-2.5557,-0.0609,-6.4991,3.9434,0.9415,-150.7858,4575.5894,4575.5894
9698,0.56,-2.8801,+0.0225,-6.5250,3.6449,0.8490,-155.3170,4802.2285,4802.2285
9699,0.55,-2.7126,+0.0204,-6.5394,3.8268,7.2546,-153.1510,4714.5327,4714.5327
9700,0.53,-2.7747,-0.0942,-6.5258,3.7510,0.5238,-149.8125,4474.7725,4474.7725
9701,0.53,-2.8233,+0.0747,-6.5354,3.7121,2.6858,-160.1080,5149.6416,5149.6416
9702,0.56,-2.5971,+0.1580,-6.5460,3.9489,1.7998,-148.6861,4471.9297,4471.9297
9703,0.54,-2.7353,+0.0573,-6.5607,3.8254,1.1125,-149.7670,4494.7427,4494.7427
9704,0.56,-2.6805,+0.1237,-6.5735,3.8930,2.8438,-156.9056,4901.2529,4901.2529
9705,0.56,-2.6100,-0.0647,-6.5607,3.9507,0.7284,-147.8242,4404.1270,4404.1270
9706,0.54,-2.7884,+0.1369,-6.5586,3.7702,0.6586,-158.2790,5002.5562,5002.5562
9707,0.54,-2.6011,-0.0805,-6.5454,3.9443,1.3684,-149.9141,4554.6665,4554.6665
9708,0.54,-2.7594,+0.0536,-6.5490,3.7897,0.4928,-152.9853,4740.1387,4740.1387
9709,0.54,-2.6253,+0.1154,-6.5588,3.9334,1.0919,-150.2423,4600.6387,4600.6387
9710,0.55,-2.6981,-0.0089,-6.5363,3.8382,1.1194,-157.1090,4998.8223,4998.8223
9711,0.55,-2.5704,+0.0101,-6.5367,3.9663,0.3935,-147.1726,4353.6104,4353.6104
9712,0.53,-2.7315,+0.0455,-6.5540,3.8226,1.8875,-160.2326,5183.0688,5183.0688
9713,0.53,-2.6904,-0.0647,-6.5460,3.8555,5.3983,-147.6095,4395.0303,4395.0303
9714,0.56,-2.8538,-0.0061,-6.5322,3.6784,1.6106,-152.2662,4694.1729,4694.1729
9715,0.55,-2.6649,-0.1293,-6.5113,3.8464,4.9962,-154.4830,4842.6050,4842.6050
9716,0.54,-2.6097,+0.0594,-6.5152,3.9055,2.1286,-151.3077,4666.5938,4666.5938
9717,0.55,-2.6889,-0.0555,-6.5016,3.8128,7.0905,-158.2823,5028.1572,5028.1572
9718,0.55,-2.7050,+0.0563,-6.4904,3.7854,0.5165,-153.5018,4771.5322,4771.5322
9719,0.55,-2.7769,+0.0352,-6.5056,3.7286,0.3626,-157.3635,4981.3975,4981.3975
9720,0.55,-2.7515,-0.0685,-6.5141,3.7626,0.5556,-152.3978,4756.7197,4756.7197
9721,0.54,-2.7165,-0.1571,-6.5121,3.7956,1.5872,-161.6286,5332.4077,5332.4077
9722,0.55,-2.6371,+0.0575,-6.5301,3.8931,2.0382,-158.9016,5194.2656,5194.2656
9723,0.57,-2.8398,+0.0616,-6.5436,3.7039,1.0190,-150.4390,4630.7783,4630.7783
9724,0.56,-2.6287,+0.0267,-6.5388,3.9102,3.3284,-158.9608,5146.9365,5146.9365
9725,0.55,-2.8010,+0.0837,-6.5238,3.7228,0.7240,-155.3554,4867.4688,4867.4688
9726,0.54,-2.6582,-0.0103,-6.5394,3.8812,0.6979,-154.0350,4895.0747,4895.0747
9727,0.55,-2.7210,+0.0047,-6.5166,3.7956,1.6516,-156.5362,4978.9746,4978.9746
9728,0.54,-2.5715,+1.9553,-6.5200,3.9485,7.0966,-150.1116,4542.8867,4542.8867
9729,0.54,-2.7452,-0.0376,-6.5067,3.7615,1.6284,-154.0470,4756.1592,4756.1592
9730,0.53,-2.8244,+0.1195,-6.5085,3.6842,0.6966,-157.3744,4992.6582,4992.6582
9731,0.53,-2.7414,-0.0159,-6.4989,3.7576,0.6702,-154.2238,4822.0811,4822.0811
9732,0.55,-2.3970,-0.8887,-6.4821,4.0851,65.1782,-158.1208,5049.1162,5049.1162
9733,0.54,-2.8355,+0.0804,-6.4873,3.6519,2.3738,-156.6370,4976.1792,4976.1792
9734,0.54,-2.7779,+0.0518,-6.4819,3.7040,0.7388,-159.9666,5203.6611,5203.6611
9735,0.56,-2.6805,-0.0512,-6.5023,3.8218,0.7717,-153.7428,4813.4082,4813.4082
9736,0.53,-2.7212,+0.0545,-6.5078,3.7867,0.8314,-161.0954,5245.3359,5245.3359
9737,0.55,-2.4823,+0.0864,-6.4978,4.0155,0.4786,-148.9787,4511.8379,4511.8379
9738,0.53,-2.7976,-0.0590,-6.4782,3.6805,0.5518,-161.3702,5293.8779,5293.8779
9739,0.54,-2.7359,+0.0456,-6.4844,3.7485,0.4999,-154.6481,4836.4199,4836.4199
9740,0.56,-2.7223,-0.0424,-6.5005,3.7782,0.4569,-159.7233,5203.0732,5203.0732
9741,0.54,-2.6947,+0.5426,-6.4995,3.8048,2.9651,-151.1673,4610.1748,4610.1748
9742,0.53,-2.8304,-0.0981,-6.4907,3.6602,0.4497,-157.6443,5039.9741,5039.9741
9743,0.54,-2.6996,+0.0143,-6.4827,3.7831,0.4138,-153.8007,4749.8643,4749.8643
9744,0.55,-2.7256,-0.0148,-6.5129,3.7872,0.9143,-163.8886,5400.0947,5400.0947
9745,0.56,-2.6503,+0.0598,-6.5060,3.8557,0.4661,-150.7124,4604.7822,4604.7822
9746,0.54,-2.7489,-0.1533,-6.5090,3.7601,1.3801,-160.6537,5200.1108,5200.1108
9747,0.55,-2.5020,-0.2645,-6.5074,4.0054,3.1333,-148.9622,4505.5215,4505.5215
9748,0.56,-3.0047,+0.0179,-6.5095,3.5048,9.2938,-156.4641,4914.1738,4914.1738
9749,0.56,-2.7518,+0.0972,-6.5245,3.7727,0.6355,-151.6534,4638.3184,4638.3184
9750,0.55,-2.7782,+0.0692,-6.5204,3.7422,0.4297,-159.5576,5174.0024,5174.0024
9751,0.54,-2.5722,+0.1569,-6.5247,3.9525,0.9166,-148.8882,4507.3057,4507.3057
9752,0.53,-2.7373,+0.1756,-6.5284,3.7911,1.0720,-159.2221,5135.9653,5135.9653
9753,0.53,-2.8851,-0.0205,-6.5154,3.6303,2.3229,-154.4669,4808.3169,4808.3169
9754,0.54,-2.7380,+0.0033,-6.5016,3.7636,0.7418,-153.9608,4765.6050,4765.6050
9755,0.54,-2.2589,-0.2665,-6.4775,4.2186,64.3725,-162.7425,5352.5537,5352.5537
9756,0.52,-2.7539,-0.0487,-6.4686,3.7147,0.4408,-164.2424,5445.5254,5445.5254
9757,0.55,-2.6796,-0.0279,-6.4982,3.8186,0.9271,-150.1385,4594.8096,4594.8096
9758,0.53,-2.7410,+0.1102,-6.5040,3.7630,8.1544,-161.3054,5278.0938,5278.0938
9759,0.55,-2.6120,+0.0281,-6.4925,3.8805,20.2897,-156.2474,4947.9238,4947.9238
9760,0.54,-2.8149,-0.0192,-6.4924,3.6775,6.0165,-157.5432,5011.2495,5011.2495
9761,0.55,-2.6090,+0.0846,-6.5019,3.8929,1.1033,-153.2411,4724.3687,4724.3687
9762,0.55,-2.8527,+0.1312,-6.5100,3.6573,0.4904,-155.6436,4864.9375,4864.9375
9763,0.55,-2.7690,+0.0961,-6.5287,3.7597,2.6896,-155.6990,4853.8574,4853.8574
9764,0.54,-2.7574,-0.0583,-6.5191,3.7617,0.3557,-156.9231,4973.1909,4973.1909
9765,0.55,-2.6551,+0.0440,-6.5359,3.8808,0.5721,-149.5661,4501.7168,4501.7168
9766,0.56,-2.7859,+0.1116,-6.5287,3.7428,0.9925,-156.6089,4905.8896,4905.8896
9767,0.54,-2.8072,+0.0864,-6.5463,3.7391,0.5512,-151.1231,4566.2109,4566.2109
9768,0.54,-2.7380,-0.0659,-6.5292,3.7911,1.6240,-155.7968,4871.3701,4871.3701
9769,0.53,-2.7924,+0.0900,-6.5522,3.7598,0.4628,-152.1373,4613.6641,4613.6641
9770,0.54,-2.7687,+0.0715,-6.5335,3.7647,0.3852,-156.5229,4963.6582,4963.6582
9771,0.56,-3.2633,+0.4077,-6.5372,3.2739,61.4009,-150.3256,4509.9385,4509.9385
9772,0.54,-2.2268,+0.0388,-6.5334,4.3066,28.2631,-147.2354,4384.2256,4384.2256
9773,0.54,-2.8031,+0.0334,-6.5338,3.7307,1.9023,-151.4418,4642.5732,4642.5732
9774,0.54,-2.8696,-0.0046,-6.5364,3.6667,0.6665,-153.6190,4800.3853,4800.3853
9775,0.54,-2.2982,-0.6945,-6.5134,4.2152,40.6445,-160.8065,5221.1445,5221.1445
9776,0.56,-2.6915,-0.1221,-6.4755,3.7840,0.9051,-161.8639,5314.4512,5314.4512
9777,0.56,-2.8112,-0.0216,-6.4582,3.6470,1.4429,-157.8020,5046.3037,5046.3037
9778,0.55,-2.6801,+0.1493,-6.4872,3.8070,0.9792,-152.9457,4792.8057,4792.8057
9779,0.56,-2.6818,-0.0192,-6.4920,3.8102,0.4487,-155.9490,4948.0342,4948.0342
9780,0.53,-2.7458,-0.0140,-6.5044,3.7586,0.7445,-153.7272,4788.9878,4788.9878
9781,0.55,-2.8501,+0.0610,-6.4899,3.6398,0.6528,-157.4534,5062.8486,5062.8486
9782,0.56,-2.5036,-0.0353,-6.4802,3.9766,0.6912,-147.7098,4446.6245,4446.6245
9783,0.56,-2.8863,+0.1459,-6.5111,3.6247,1.0324,-159.7958,5220.6885,5220.6885
9784,0.54,-2.6436,-0.0438,-6.5358,3.8922,0.3844,-148.4204,4480.7412,4480.7412
9785,0.56,-2.7561,+0.1781,-6.5049,3.7488,0.3855,-164.4349,5457.0264,5457.0264
9786,0.56,-2.6333,-0.0359,-6.4987,3.8653,0.4206,-149.7865,4508.1567,4508.1567
9787,0.55,-2.7106,+0.0100,-6.5001,3.7896,0.3785,-163.9482,5397.6436,5397.6436
9788,0.55,-2.5066,-0.0759,-6.5090,4.0024,8.0975,-150.5045,4514.7852,4514.7852
9789,0.54,-2.7440,+0.0747,-6.5232,3.7792,0.3150,-157.7515,4956.4873,4956.4873
9790,0.54,-2.6478,-0.0504,-6.5419,3.8941,0.6669,-146.3643,4293.9702,4293.9702
9791,0.55,-2.9281,+0.0499,-6.5300,3.6019,0.4748,-158.3179,5005.7651,5005.7651
9792,0.54,-2.6153,+0.0267,-6.5363,3.9209,1.1747,-145.3854,4241.9478,4241.9478
9793,0.55,-2.7920,-0.0323,-6.5252,3.7333,0.7510,-157.3572,5035.1973,5035.1973
9794,0.55,-2.5631,+0.0422,-6.5398,3.9767,0.8011,-146.6350,4340.3711,4340.3711
9795,0.55,-2.7379,+0.0483,-6.5617,3.8238,0.3978,-157.7387,5063.5371,5063.5371
9796,0.55,-2.6689,+0.0143,-6.5292,3.8603,0.5734,-147.4379,4390.4077,4390.4077
9797,0.55,-2.8727,+0.0840,-6.5367,3.6640,0.2749,-156.9457,4984.0298,4984.0298
9798,0.56,-2.5925,+0.0770,-6.5444,3.9520,0.4677,-147.6305,4424.2607,4424.2607
9799,0.54,-2.8564,+0.0820,-6.5549,3.6985,0.9128,-157.7052,5025.3164,5025.3164
9800,0.55,-2.4356,-0.0822,-6.5600,4.1244,9.4688,-145.4579,4294.6230,4294.6230
9801,0.54,-2.7777,+0.0995,-6.5881,3.8103,1.3259,-150.8441,4577.0605,4577.0605
9802,0.54,-2.6910,-0.0106,-6.5691,3.8780,1.4365,-147.8796,4423.3823,4423.3823
9803,0.54,-3.1209,-0.0416,-6.5533,3.4325,7.4469,-155.8143,4885.7559,4885.7559
9804,0.55,-2.8252,+0.1818,-6.5516,3.7265,0.5351,-153.1994,4752.8311,4752.8311
9805,0.54,-2.6673,+0.1126,-6.5687,3.9014,0.7495,-149.9932,4563.4385,4563.4385
9806,0.55,-2.4201,-0.0566,-6.5743,4.1542,18.8041,-159.3230,5159.0303,5159.0303
9807,0.52,-2.7977,+0.0584,-6.5730,3.7752,0.5987,-152.7406,4736.5615,4736.5615
9808,0.54,-2.6850,-0.1191,-6.5938,3.9088,0.5107,-146.5917,4346.2676,4346.2676
9809,0.54,-2.7621,+0.1158,-6.5678,3.8057,0.5345,-158.4278,5036.1201,5036.1201
9810,0.52,-2.6339,-0.0823,-6.5937,3.9598,0.4608,-144.2710,4222.6191,4222.6191
9811,0.55,-2.7749,-0.0375,-6.5869,3.8120,1.2167,-159.1754,5122.8652,5122.8652
9812,0.55,-2.7448,+0.1025,-6.5889,3.8441,1.1502,-143.8993,4212.8369,4212.8369
9813,0.55,-2.6571,-0.0174,-6.5895,3.9324,13.9184,-154.8044,4851.3662,4851.3662
9814,0.53,-2.8635,-0.0486,-6.6148,3.7513,0.4646,-148.4631,4463.0469,4463.0469
9815,0.54,-2.6974,+0.0236,-6.5967,3.8993,1.3274,-147.0139,4382.8418,4382.8418
9816,0.54,-2.8521,+0.1255,-6.5881,3.7360,0.5280,-152.6046,4721.5132,4721.5132
9817,0.54,-2.7357,+0.0639,-6.5908,3.8551,0.3662,-147.5443,4407.6445,4407.6445
9818,0.56,-2.7156,+0.0713,-6.6067,3.8911,0.5221,-154.8197,4901.4678,4901.4678
9819,0.55,-2.5172,+0.0163,-6.5924,4.0752,0.6422,-143.7882,4223.4800,4223.4800
9820,0.56,-2.8087,+0.0565,-6.5851,3.7765,0.5222,-157.9867,5061.0146,5061.0146
9821,0.53,-2.6722,+0.0398,-6.5960,3.9238,0.4355,-147.2694,4446.3213,4446.3213
9822,0.54,-2.6142,+0.0481,-6.5780,3.9638,1.7110,-160.1734,5248.2778,5248.2778
9823,0.55,-2.7518,+0.0267,-6.5921,3.8403,0.4310,-147.7840,4476.1318,4476.1318
9824,0.53,-2.5195,-0.0428,-6.5796,4.0601,0.4455,-160.8660,5284.8164,5284.8164
9825,0.55,-2.8635,+0.0576,-6.5529,3.6894,0.5506,-148.6735,4517.1240,4517.1240
9826,0.53,-2.8382,+0.0325,-6.5366,3.6985,0.6053,-152.3744,4710.3979,4710.3979
9827,0.55,-2.6549,+0.1490,-6.5319,3.8770,0.4471,-149.0408,4528.0938,4528.0938
9828,0.53,-2.8698,-0.0316,-6.5375,3.6677,0.6396,-160.7694,5203.5400,5203.5400
9829,0.54,-2.7100,-0.0419,-6.5248,3.8148,0.6716,-147.9274,4425.3442,4425.3442
9830,0.54,-2.8871,-0.0061,-6.5243,3.6372,0.2986,-160.1930,5181.6050,5181.6050
9831,0.56,-2.6625,+0.0213,-6.5467,3.8842,0.4217,-146.2518,4334.1631,4334.1631
9832,0.55,-2.7493,-0.0114,-6.5511,3.8018,4.9034,-158.0201,5044.3330,5044.3330
9833,0.56,-2.7162,+0.0132,-6.5525,3.8363,0.9645,-148.1027,4401.9873,4401.9873
9834,0.55,-2.8309,+0.0301,-6.5450,3.7141,1.8596,-158.1510,5046.1592,5046.1592
9835,0.56,-2.6928,+0.0438,-6.5620,3.8693,0.3272,-147.7031,4406.4136,4406.4136
9836,0.56,-2.7625,+0.1698,-6.5478,3.7852,1.6948,-158.3375,5080.1855,5080.1855
9837,0.54,-2.7651,-0.0523,-6.5435,3.7784,1.7223,-153.0174,4724.8350,4724.8350
9838,0.55,-2.7559,-0.0480,-6.5355,3.7796,0.5083,-150.1936,4546.3354,4546.3354
9839,0.55,-2.8831,+0.2451,-6.5109,3.6278,0.9419,-157.5653,4991.1738,4991.1738
9840,0.55,-2.7803,+0.0545,-6.5294,3.7491,0.4800,-152.5341,4704.4897,4704.4897
9841,0.56,-2.8151,-0.1326,-6.5535,3.7384,2.3091,-154.3636,4765.3008,4765.3008
9842,0.54,-2.7463,+0.0610,-6.5548,3.8085,0.7576,-150.4379,4499.0547,4499.0547
9843,0.55,-2.7466,-0.0116,-6.5535,3.8069,0.7085,-160.5179,5200.0649,5200.0649
9844,0.57,-2.7142,+0.0209,-6.5465,3.8323,0.6019,-147.8240,4424.5273,4424.5273
9845,0.54,-2.5602,-0.2001,-6.5400,3.9798,16.7226,-155.5028,4870.3652,4870.3652
9846,0.55,-2.5302,-0.0552,-6.5383,4.0081,6.3939,-154.2786,4784.4077,4784.4077
9847,0.55,-2.7195,+0.0798,-6.5232,3.8037,2.5612,-155.6488,4907.2441,4907.2441
9848,0.54,-2.7677,+0.0115,-6.4978,3.7301,0.5904,-152.2895,4678.7710,4678.7710
9849,0.53,-2.7276,+0.0080,-6.5104,3.7827,1.5080,-156.2369,4956.9697,4956.9697
9850,0.57,-2.8671,+0.0225,-6.5388,3.6718,0.7105,-152.7918,4696.3013,4696.3013
9851,0.55,-2.7894,+0.0443,-6.5148,3.7254,2.8896,-154.0893,4789.1948,4789.1948
9852,0.55,-2.5320,-0.1151,-6.5052,3.9732,4.3178,-148.3681,4418.5156,4418.5156
9853,0.54,-2.8810,+0.0673,-6.5091,3.6280,1.1166,-155.6604,4880.3560,4880.3560
9854,0.54,-2.8638,-0.0415,-6.5288,3.6650,0.8489,-153.1661,4721.7173,4721.7173
9855,0.55,-3.0328,+0.2023,-6.5672,3.5344,8.2010,-148.8402,4442.0312,4442.0312
9856,0.57,-2.8518,+0.0981,-6.5876,3.7358,13.8499,-149.9391,4565.8955,4565.8955
9857,0.54,-2.6071,+0.0483,-6.5677,3.9606,1.5342,-147.9359,4447.7085,4447.7085
9858,0.55,-2.8206,+0.1071,-6.5202,3.6996,1.1437,-157.6776,4993.6616,4993.6616
9859,0.55,-2.5254,+0.1783,-6.5418,4.0164,2.4360,-148.5402,4483.5430,4483.5430
9860,0.54,-2.2062,-0.2807,-6.5376,4.3314,90.4100,-157.3877,5021.4263,5021.4263
9861,0.54,-2.8532,+0.1399,-6.5300,3.6769,1.4806,-152.8394,4733.2754,4733.2754
9862,0.53,-2.8216,+0.0632,-6.5386,3.7170,0.3835,-158.0734,5024.3218,5024.3218
9863,0.53,-2.4783,-0.0496,-6.5330,4.0547,0.7884,-146.1614,4356.4839,4356.4839
9864,0.54,-2.8439,+0.1236,-6.5450,3.7011,0.2938,-159.1225,5128.3223,5128.3223
9865,0.53,-2.7851,-0.0948,-6.5513,3.7662,1.8437,-145.5241,4315.3936,4315.3936
9866,0.57,-2.8948,-0.0090,-6.5398,3.6450,0.5136,-151.4707,4610.1943,4610.1943
9867,0.57,-2.9059,-0.1038,-6.5447,3.6388,0.9520,-154.2497,4835.5625,4835.5625
9868,0.55,-2.6649,+0.0347,-6.5497,3.8848,0.4457,-146.9544,4356.8701,4356.8701
9869,0.55,-2.8013,-0.1135,-6.5392,3.7379,2.6919,-157.8294,5051.7373,5051.7373
9870,0.56,-2.8121,-0.0099,-6.5329,3.7208,0.3992,-149.9798,4540.0898,4540.0898
9871,0.55,-3.0013,+0.1415,-6.5082,3.5070,2.7835,-159.6705,5138.7261,5138.7261
9872,0.55,-2.6605,+0.0190,-6.5315,3.8710,3.3490,-150.5574,4598.6768,4598.6768
9873,0.55,-2.8997,+0.0736,-6.5576,3.6578,0.8196,-151.9600,4665.3818,4665.3818
9874,0.54,-2.6794,+0.3612,-6.5589,3.8795,9.3795,-151.1169,4607.1904,4607.1904
9875,0.56,-2.6072,+0.1657,-6.5596,3.9524,10.8201,-155.7853,4876.0073,4876.0073
9876,0.56,-2.6665,+0.0056,-6.5553,3.8889,3.0864,-150.0790,4511.4404,4511.4404
9877,0.56,-2.7506,+0.1112,-6.5498,3.7992,1.4080,-157.5208,5050.9082,5050.9082
9878,0.55,-2.7204,+0.0065,-6.5498,3.8294,0.9330,-148.7728,4487.6309,4487.6309
9879,0.54,-2.7911,-0.0142,-6.5803,3.7891,0.7533,-157.5374,5019.2295,5019.2295
9880,0.55,-2.5877,+0.0216,-6.5688,3.9812,0.4002,-144.8629,4265.8472,4265.8472
9881,0.54,-2.7088,+0.0698,-6.5327,3.8239,1.2897,-160.2673,5191.9258,5191.9258
9882,0.53,-2.7647,+0.0346,-6.5522,3.7875,0.6091,-149.0778,4487.3076,4487.3076
9883,0.54,-2.7155,-0.0699,-6.5411,3.8256,0.6739,-161.3872,5264.2607,5264.2607
9884,0.56,-2.7568,+0.0404,-6.5317,3.7749,0.8802,-149.8629,4516.1069,4516.1069
9885,0.54,-2.7783,+0.1167,-6.5468,3.7685,1.3227,-162.0401,5302.7783,5302.7783
9886,0.55,-2.6403,-0.0500,-6.5236,3.8833,3.0790,-149.5831,4527.2881,4527.2881
9887,0.55,-2.8224,-0.0701,-6.5468,3.7244,0.5260,-157.4161,5058.4346,5058.4346
9888,0.55,-2.7180,+0.0064,-6.5591,3.8411,0.4170,-151.2325,4620.3594,4620.3594
9889,0.54,-2.7985,+0.0908,-6.5388,3.7403,0.3815,-160.3391,5233.5840,5233.5840
9890,0.54,-2.6785,+0.0667,-6.5510,3.8724,1.0915,-148.2241,4463.0791,4463.0791
9891,0.56,-2.8346,+0.0017,-6.5673,3.7327,0.5142,-156.9885,5020.5400,5020.5400
9892,0.54,-2.5352,+0.1573,-6.5551,4.0200,0.8606,-146.1745,4329.7383,4329.7383
9893,0.55,-2.8084,+0.0826,-6.5301,3.7217,0.3200,-154.8786,4865.8789,4865.8789
9894,0.55,-2.8227,-0.0244,-6.5030,3.6804,0.5604,-152.2636,4662.3896,4662.3896
9895,0.55,-2.7946,+0.1128,-6.5365,3.7419,0.7267,-157.0457,4964.2319,4964.2319
9896,0.54,-2.7258,-0.0572,-6.5621,3.8363,0.7824,-146.0239,4314.8916,4314.8916
9897,0.54,-2.7483,-0.2041,-6.5533,3.8049,3.9132,-155.9963,4913.4717,4913.4717
9898,0.55,-2.6732,+0.0473,-6.5541,3.8809,0.8683,-157.2863,4965.9404,4965.9404
9899,0.54,-2.6616,+0.0557,-6.5368,3.8752,1.4173,-148.2437,4477.5947,4477.5947
9900,0.55,-2.8352,+0.1453,-6.5350,3.6998,1.8125,-156.4417,4954.7734,4954.7734
9901,0.55,-2.6762,+0.1084,-6.5305,3.8543,4.6102,-151.3770,4623.0479,4623.0479
9902,0.54,-2.8724,+0.0001,-6.5307,3.6583,1.3307,-154.5083,4832.5586,4832.5586
9903,0.56,-2.7705,+0.1054,-6.5212,3.7508,0.5080,-152.6059,4706.1133,4706.1133
9904,0.56,-2.6634,+0.1504,-6.5420,3.8785,0.6234,-152.8668,4778.0762,4778.0762
9905,0.53,-2.5799,-0.1971,-6.5475,3.9676,5.0491,-149.6089,4533.2979,4533.2979
9906,0.55,-2.7512,+0.1252,-6.5736,3.8224,0.4702,-154.8195,4833.9604,4833.9604
9907,0.55,-2.5427,+0.0052,-6.5774,4.0347,1.4556,-145.7880,4369.3188,4369.3188
9908,0.53,-2.7966,+0.1505,-6.5615,3.7649,0.8944,-157.7610,5046.6699,5046.6699
9909,0.55,-2.6542,+0.0414,-6.5670,3.9128,0.5395,-159.4677,5142.9878,5142.9878
9910,0.55,-2.6158,+0.2213,-6.5719,3.9562,0.7822,-146.9150,4355.0928,4355.0928
9911,0.54,-2.7706,+0.0702,-6.5570,3.7863,0.4856,-158.9069,5128.4482,5128.4482
9912,0.55,-2.5575,+0.0224,-6.5554,3.9979,0.5708,-145.8231,4294.8467,4294.8467
9913,0.54,-2.7322,+0.0486,-6.5434,3.8112,1.7522,-158.3614,5084.9570,5084.9570
9914,0.54,-2.5136,-0.0443,-6.5402,4.0266,2.8317,-147.6826,4459.0698,4459.0698
9915,0.55,-2.9290,+0.1859,-6.5457,3.6168,0.3635,-157.0664,4995.0312,4995.0312
9916,0.55,-2.3712,-0.0355,-6.5514,4.1802,0.6790,-144.1774,4199.2793,4199.2793
9917,0.54,-2.8330,+0.1589,-6.5870,3.7540,0.5936,-153.6490,4708.6514,4708.6514
9918,0.54,-2.4845,+0.0490,-6.5332,4.0486,0.5729,-146.7633,4345.2422,4345.2422
9919,0.55,-2.7605,-0.0869,-6.5592,3.7987,0.7606,-157.6492,5008.4980,5008.4980
9920,0.53,-2.5584,+0.0569,-6.5793,4.0209,0.9476,-145.0333,4249.3223,4249.3223
9921,0.54,-2.8021,-0.0388,-6.6145,3.8124,0.3700,-156.3464,4925.9136,4925.9136
9922,0.54,-2.5740,+0.0679,-6.5879,4.0139,0.8277,-142.9373,4143.9541,4143.9541
9923,0.53,-2.6340,-0.0181,-6.5821,3.9481,3.9579,-151.7378,4661.2666,4661.2666
9924,0.54,-2.6586,+0.5273,-6.5891,3.9305,0.8979,-149.8981,4566.3154,4566.3154
9925,0.52,-1.9694,-0.5113,-6.6065,4.6371,50.2630,-150.4667,4585.2012,4585.2012
9926,0.55,-2.7000,-0.0063,-6.5619,3.8619,0.6450,-153.0635,4697.2212,4697.2212
9927,0.55,-2.7648,+0.1135,-6.5607,3.7959,0.3885,-151.5632,4648.5039,4648.5039
9928,0.55,-2.6999,-0.1178,-6.5702,3.8703,0.6557,-158.2130,5001.7031,5001.7031
9929,0.55,-2.4768,+0.0661,-6.5648,4.0880,1.1100,-145.0121,4252.5249,4252.5249
9930,0.52,-2.7840,-0.0640,-6.5762,3.7922,0.5041,-157.6034,4994.4165,4994.4165
9931,0.54,-2.4166,-0.2166,-6.5514,4.1348,4.5502,-144.8329,4243.6328,4243.6328
9932,0.56,-2.6367,+0.0524,-6.5376,3.9009,0.9096,-153.6071,4795.9487,4795.9487
9933,0.55,-2.5370,+0.4849,-6.5562,4.0192,27.0330,-151.3972,4607.7109,4607.7109
9934,0.54,-2.8432,+0.1071,-6.5710,3.7278,1.6220,-150.8542,4576.9248,4576.9248
9935,0.53,-2.7669,+0.1390,-6.5771,3.8102,0.6564,-155.5511,4862.7871,4862.7871
9936,0.55,-2.6155,-0.0214,-6.5744,3.9590,0.5242,-145.7182,4296.3613,4296.3613
9937,0.53,-2.7979,+0.0145,-6.6021,3.8042,0.5711,-154.4011,4839.7544,4839.7544
9938,0.53,-2.6865,+0.0331,-6.5854,3.8989,4.7008,-146.3825,4329.6118,4329.6118
9939,0.54,-2.8742,+0.1294,-6.5754,3.7012,1.2318,-149.8072,4580.7476,4580.7476
9940,0.55,-2.9003,-0.0525,-6.5535,3.6532,0.5884,-153.4193,4751.4849,4751.4849
9941,0.55,-2.6399,-0.0707,-6.5645,3.9246,2.5926,-155.4056,4897.9658,4897.9658
9942,0.56,-2.6727,+0.0482,-6.5505,3.8777,4.5158,-152.5942,4715.1133,4715.1133
9943,0.54,-2.7968,-0.0762,-6.5662,3.7694,2.9713,-153.6543,4755.0864,4755.0864
9944,0.52,-2.8206,+0.0432,-6.5700,3.7494,0.7649,-152.6061,4742.2041,4742.2041
9945,0.53,-2.6556,+0.0089,-6.5668,3.9111,2.8393,-150.0491,4553.8931,4553.8931
9946,0.53,-2.8634,+0.0204,-6.5627,3.6993,1.3527,-152.2300,4701.3887,4701.3887
9947,0.55,-2.9044,+0.0206,-6.5656,3.6613,0.5299,-152.5853,4738.6929,4738.6929
9948,0.55,-2.6545,+0.0602,-6.5594,3.9049,0.7944,-149.4551,4531.7739,4531.7739
9949,0.53,-2.7644,+0.0331,-6.5475,3.7831,0.8085,-157.3645,5056.3945,5056.3945
9950,0.53,-2.7325,-0.0269,-6.5207,3.7882,1.1638,-152.0445,4663.8428,4663.8428
9951,0.54,-2.7022,+0.0275,-6.5480,3.8459,0.8098,-150.7197,4584.6807,4584.6807
9952,0.53,-2.9314,-0.0379,-6.5646,3.6332,0.6004,-156.5593,5021.7021,5021.7021
9953,0.54,-2.6522,-0.0055,-6.5540,3.9018,0.9656,-146.7300,4377.2773,4377.2773
9954,0.55,-2.8527,+0.0319,-6.5402,3.6875,0.3854,-159.2070,5135.8516,5135.8516
9955,0.56,-2.4883,+0.0630,-6.5547,4.0664,0.8041,-145.2901,4285.8955,4285.8955
9956,0.55,-2.9898,+0.0038,-6.5308,3.5410,3.5891,-159.2094,5125.5713,5125.5713
9957,0.53,-2.6258,-0.3384,-6.5584,3.9326,3.5795,-150.0234,4570.2129,4570.2129
9958,0.54,-2.8771,-0.0653,-6.5592,3.6821,1.1722,-151.4184,4646.4766,4646.4766
9959,0.53,-2.7870,+0.0600,-6.5675,3.7806,0.5841,-156.0662,4941.3652,4941.3652
9960,0.55,-2.5589,+0.0879,-6.5551,3.9962,1.5692,-145.1889,4239.7607,4239.7607
9961,0.54,-2.8796,-0.0261,-6.5410,3.6614,0.3842,-154.9689,4841.3350,4841.3350
9962,0.53,-2.8211,-0.0326,-6.5575,3.7364,0.7485,-152.7679,4667.9795,4667.9795
9963,0.54,-2.9786,+0.2818,-6.5638,3.5852,3.4089,-150.9275,4659.8916,4659.8916
9964,0.55,-2.8722,+0.0845,-6.5387,3.6665,1.3049,-152.5833,4726.3535,4726.3535
9965,0.54,-2.7936,-0.0158,-6.5584,3.7648,1.0236,-156.1546,4939.0928,4939.0928
9966,0.55,-2.7324,+0.0312,-6.5490,3.8166,0.7222,-147.8306,4403.1709,4403.1709
9967,0.55,-2.8664,-0.0314,-6.5261,3.6597,0.4224,-161.3046,5248.7983,5248.7983
9968,0.55,-2.4225,-0.1547,-6.5378,4.1153,9.3938,-146.6215,4346.1440,4346.1440
9969,0.55,-2.5188,-0.0059,-6.5705,4.0517,2.7966,-149.6226,4551.0215,4551.0215
9970,0.55,-2.7014,-0.0145,-6.5634,3.8619,1.1724,-156.4991,4965.8965,4965.8965
9971,0.53,-2.6712,-0.1668,-6.5613,3.8901,3.4297,-151.9036,4708.4946,4708.4946
9972,0.55,-2.8777,+0.0114,-6.5572,3.6795,0.6731,-157.2687,5030.1797,5030.1797
9973,0.56,-2.4258,-0.0176,-6.5608,4.1350,1.1855,-145.1979,4304.2168,4304.2168
9974,0.55,-2.9250,-0.0049,-6.5518,3.6268,4.9442,-159.5266,5187.3887,5187.3887
9975,0.56,-2.8196,-0.0581,-6.5200,3.7005,0.5908,-152.1205,4721.4570,4721.4570
9976,0.54,-2.6778,-0.0238,-6.5313,3.8535,2.4859,-158.7725,5121.6211,5121.6211
9977,0.53,-2.6393,+0.0616,-6.5377,3.8984,0.6012,-148.5671,4487.0205,4487.0205
9978,0.53,-2.7468,-0.0841,-6.5412,3.7944,0.9566,-162.1791,5279.7676,5279.7676
9979,0.54,-2.7115,+0.0589,-6.5380,3.8265,0.7474,-147.8610,4422.1172,4422.1172
9980,0.54,-2.7217,-0.0136,-6.5289,3.8072,0.9660,-160.9673,5260.4844,5260.4844
9981,0.54,-2.6033,+0.0606,-6.5065,3.9033,1.6222,-152.7508,4713.4141,4713.4141
9982,0.54,-2.8155,-0.0070,-6.5174,3.7019,1.3245,-161.8411,5308.6030,5308.6030
9983,0.55,-2.5863,-0.1426,-6.5110,3.9247,0.7459,-148.1628,4452.6719,4452.6719
9984,0.53,-2.7947,-0.0268,-6.5274,3.7328,1.2338,-160.8254,5254.6514,5254.6514
9985,0.53,-2.5869,-0.1621,-6.5368,3.9499,0.6798,-149.2512,4514.4277,4514.4277
9986,0.54,-2.1028,-0.3627,-6.5360,4.4331,22.7258,-147.8342,4416.2168,4416.2168
9987,0.55,-2.4435,-0.1347,-6.5364,4.0928,1.1569,-146.6455,4401.1626,4401.1626
9988,0.52,-2.6426,+0.0417,-6.5255,3.8829,2.4342,-153.8588,4819.8467,4819.8467
9989,0.53,-2.8251,+0.1976,-6.5090,3.6839,1.3845,-161.2677,5296.2217,5296.2217
9990,0.54,-2.3673,+0.0203,-6.4925,4.1252,1.8266,-148.0101,4440.6367,4440.6367
9991,0.53,-2.7700,-0.0923,-6.5021,3.7322,2.0092,-153.8338,4772.8623,4772.8623
9992,0.56,-2.5814,-0.0297,-6.5125,3.9312,2.7745,-155.4213,4924.5010,4924.5010
9993,0.53,-2.7452,-0.1881,-6.5127,3.7675,1.4352,-153.4831,4820.8086,4820.8086
9994,0.55,-2.6999,+0.1499,-6.5049,3.8050,1.8585,-160.8252,5290.7285,5290.7285
9995,0.56,-2.5595,-0.1061,-6.4946,3.9351,1.9242,-152.1723,4741.1987,4741.1987
9996,0.53,-2.6387,-0.0703,-6.4618,3.8231,1.5436,-161.0687,5253.9048,5253.9048
9997,0.54,-2.6295,-0.0529,-6.4887,3.8593,1.0920,-150.9092,4619.9697,4619.9697
9998,0.53,-2.6241,-0.1184,-6.5311,3.9070,2.2672,-158.5726,5095.2480,5095.2480
9999,0.54,-2.5413,+0.1292,-6.5283,3.9870,1.9815,-148.6080,4467.0459,4467.0459
