step,pmove,energy,energy_imag,potential,kinetic,variance,Lz,Lz_square,L_square
0,0.83,97.1834,-0.8869,-5.3523,102.5356,57.8633,-6.0202,193.6051,193.6051
1,0.84,96.7350,-0.2940,-5.3547,102.0897,61.4688,-6.6546,190.0920,190.0920
2,0.84,95.4475,-0.2944,-5.3519,100.7993,49.5068,-7.4671,173.2122,173.2122
3,0.85,95.2961,-0.0160,-5.3606,100.6567,62.8896,-7.5326,175.4982,175.4982
4,0.83,94.4748,-0.0117,-5.3327,99.8075,54.0312,-8.6022,171.4478,171.4478
5,0.84,94.2210,+0.1092,-5.3606,99.5816,50.8193,-8.7777,175.2969,175.2969
6,0.84,93.3058,-0.0260,-5.3711,98.6769,47.6455,-9.9488,182.1636,182.1636
7,0.83,93.1853,+0.0254,-5.3933,98.5786,34.0596,-9.6116,172.4843,172.4843
8,0.83,92.8735,-0.3451,-5.4023,98.2758,51.9648,-10.1882,200.0620,200.0620
9,0.84,91.8053,+0.0536,-5.4161,97.2214,56.7930,-10.8571,187.9118,187.9118
10,0.84,92.1927,+0.1533,-5.4173,97.6100,51.8428,-10.3411,190.5252,190.5252
11,0.84,91.7979,-0.5140,-5.4227,97.2206,33.0898,-10.8059,195.6378,195.6378
12,0.84,91.1021,-0.6342,-5.4252,96.5273,43.8350,-11.3571,198.2445,198.2445
13,0.84,91.1484,+0.3616,-5.4551,96.6034,32.2637,-10.7350,187.7069,187.7069
14,0.84,90.7896,+0.4776,-5.4619,96.2515,43.1807,-10.5723,175.5840,175.5840
15,0.84,90.5523,-0.2213,-5.4689,96.0212,36.6006,-11.1470,187.2095,187.2095
16,0.84,90.0823,+0.2350,-5.4733,95.5557,43.3979,-11.6048,192.7976,192.7976
17,0.84,89.3537,-0.0938,-5.4563,94.8099,33.7583,-12.5338,201.3756,201.3756
18,0.85,88.6557,+0.0480,-5.4723,94.1280,34.4390,-13.1028,203.0615,203.0615
19,0.85,88.2173,+0.4258,-5.4864,93.7037,34.5864,-12.7692,195.6681,195.6681
20,0.85,87.8657,-0.2226,-5.5032,93.3689,31.5532,-12.7227,197.6624,197.6624
21,0.85,87.5523,+0.0095,-5.4978,93.0501,37.8423,-12.6815,191.7036,191.7036
22,0.84,86.9115,+0.1581,-5.5102,92.4217,27.6357,-13.2374,191.4933,191.4933
23,0.86,86.3264,+0.4739,-5.5101,91.8365,29.3594,-13.2296,177.6186,177.6186
24,0.85,86.2237,+0.5007,-5.5166,91.7402,27.5591,-13.1132,180.1398,180.1398
25,0.83,85.9801,+0.4323,-5.5207,91.5008,26.8164,-13.7621,183.4684,183.4684
26,0.85,85.0960,-0.1300,-5.5171,90.6131,37.1567,-14.5736,178.0306,178.0306
27,0.84,85.4376,-0.1919,-5.5370,90.9746,35.3013,-13.9600,183.1586,183.1586
28,0.84,84.8636,-0.1508,-5.5443,90.4079,33.6997,-14.1525,177.5329,177.5329
29,0.85,84.6764,-0.2675,-5.5406,90.2170,27.5347,-14.2598,181.7291,181.7291
30,0.87,84.7515,-0.3874,-5.5617,90.3132,26.7251,-13.4521,171.1921,171.1921
31,0.86,84.0973,-0.3647,-5.5928,89.6901,25.2964,-13.6889,169.6618,169.6618
32,0.84,83.6199,-0.2822,-5.6300,89.2499,23.0918,-13.8994,173.1935,173.1935
33,0.84,83.5168,-0.3094,-5.6319,89.1487,37.6245,-13.5160,168.2325,168.2325
34,0.85,82.7534,-0.3409,-5.6473,88.4006,23.8940,-14.1157,170.1394,170.1394
35,0.84,83.3968,-0.5643,-5.6565,89.0533,26.3423,-13.3803,178.1487,178.1487
36,0.84,82.3028,-0.3415,-5.6442,87.9470,27.5371,-14.5291,177.3743,177.3743
37,0.84,81.8030,-0.2571,-5.6404,87.4434,34.4028,-14.9676,168.4868,168.4868
38,0.84,81.6177,-0.1282,-5.6602,87.2778,35.2783,-14.8745,169.0469,169.0469
39,0.84,81.3391,-0.6638,-5.6804,87.0195,25.4785,-14.5283,167.6139,167.6139
40,0.84,81.1763,-0.4749,-5.6877,86.8639,24.8042,-14.4247,175.5445,175.5445
41,0.85,81.1165,-0.4010,-5.7025,86.8190,29.2773,-14.3677,190.2874,190.2874
42,0.85,80.3107,-0.2841,-5.6999,86.0107,33.6909,-15.1464,188.0254,188.0254
43,0.84,80.3212,-0.0437,-5.7181,86.0393,33.7676,-15.0365,195.8914,195.8914
44,0.84,79.9791,+0.3562,-5.7426,85.7217,31.9233,-14.9712,180.9105,180.9105
45,0.84,79.1386,+0.3186,-5.7793,84.9180,35.7598,-14.9924,173.3724,173.3724
46,0.84,79.2516,-0.0501,-5.7580,85.0096,30.0054,-15.0336,172.4879,172.4879
47,0.84,78.9319,-0.5374,-5.7717,84.7036,35.2412,-15.5445,192.4109,192.4109
48,0.84,78.5426,-0.4841,-5.7679,84.3105,25.4995,-15.6312,179.0652,179.0652
49,0.84,78.4501,-0.4224,-5.7581,84.2083,27.7725,-16.0276,196.0577,196.0577
50,0.86,78.0579,-0.4050,-5.7522,83.8101,42.2158,-16.6479,203.8288,203.8288
51,0.85,78.2410,-0.1265,-5.7509,83.9919,34.9546,-16.4158,197.6674,197.6674
52,0.84,78.0284,-0.2706,-5.7908,83.8192,25.1572,-15.7241,187.5596,187.5596
53,0.85,77.7375,-0.5656,-5.7836,83.5211,32.9639,-15.7131,187.2406,187.2406
54,0.84,76.7597,-0.7314,-5.8132,82.5729,29.1104,-16.3113,212.8669,212.8669
55,0.85,76.9863,-0.6761,-5.8230,82.8092,21.9155,-15.8526,213.3510,213.3510
56,0.84,76.7425,-1.1152,-5.8152,82.5577,26.8486,-16.0725,205.7976,205.7976
57,0.83,76.7710,-0.9536,-5.8011,82.5722,32.4209,-16.2430,212.4726,212.4726
58,0.84,76.5744,-0.8743,-5.7996,82.3740,25.9751,-16.3699,205.3769,205.3769
59,0.85,75.9459,-0.4785,-5.8007,81.7466,31.4653,-16.8300,198.2941,198.2941
60,0.84,75.8377,-0.7671,-5.8147,81.6524,38.5210,-17.4742,221.9408,221.9408
61,0.85,75.4062,-0.8318,-5.8338,81.2400,27.2759,-17.6974,218.9895,218.9895
62,0.84,75.6410,-0.6666,-5.8194,81.4604,35.0459,-18.0418,236.9209,236.9209
63,0.86,74.8639,-0.6843,-5.8289,80.6928,34.6543,-18.4249,230.7321,230.7321
64,0.85,74.4179,-0.9113,-5.8158,80.2337,34.0791,-18.9641,234.6537,234.6537
65,0.84,74.3686,-0.6148,-5.8150,80.1837,42.1777,-19.1859,246.0723,246.0723
66,0.85,74.4723,-0.2134,-5.8043,80.2766,35.8994,-19.2177,241.2256,241.2256
67,0.84,74.0999,-0.3037,-5.8084,79.9083,33.7646,-19.8103,242.2815,242.2815
68,0.85,73.7984,-0.1470,-5.8101,79.6086,37.5679,-19.9834,243.4380,243.4380
69,0.84,74.4657,-0.6395,-5.8045,80.2702,34.5381,-19.2838,254.3756,254.3756
70,0.84,73.8075,-0.6687,-5.7819,79.5894,37.9458,-19.6899,247.6513,247.6513
71,0.84,73.4464,-0.3171,-5.8243,79.2708,39.5518,-19.4484,233.7458,233.7458
72,0.84,73.3316,+0.1646,-5.8573,79.1889,39.1553,-19.2854,243.2912,243.2912
73,0.85,73.4133,-0.3187,-5.8629,79.2762,37.9644,-19.2819,251.5468,251.5468
74,0.85,73.4398,+0.6858,-5.8763,79.3161,52.5610,-19.3247,270.1924,270.1924
75,0.84,73.7750,+0.6741,-5.8534,79.6284,61.1909,-18.8843,264.9816,264.9816
76,0.85,73.2816,+0.3808,-5.8789,79.1605,52.9028,-19.0844,260.6274,260.6274
77,0.83,73.0288,+0.4696,-5.8697,78.8984,47.5815,-19.9143,286.7131,286.7131
78,0.84,72.4961,+0.5358,-5.8828,78.3790,53.4429,-20.4229,290.1607,290.1607
79,0.82,72.3415,+0.6757,-5.8921,78.2336,61.0654,-20.3633,284.7654,284.7654
80,0.85,72.2759,-0.2180,-5.9034,78.1794,78.9248,-20.2552,287.0119,287.0119
81,0.83,71.4343,-0.0078,-5.9244,77.3587,53.7627,-20.7521,287.6849,287.6849
82,0.85,71.4454,+0.3761,-5.9396,77.3850,53.5166,-20.1628,277.8648,277.8648
83,0.84,71.1902,-0.0294,-5.9236,77.1138,57.3955,-20.4344,282.8971,282.8971
84,0.84,71.1146,-0.1331,-5.9274,77.0420,61.5649,-20.5622,283.9039,283.9039
85,0.83,70.3932,+0.1095,-5.9185,76.3117,44.6191,-21.5668,297.9235,297.9235
86,0.84,70.5405,+0.1887,-5.9006,76.4411,55.2476,-21.3561,292.5678,292.5678
87,0.83,70.1449,+0.0871,-5.9074,76.0523,55.3931,-22.4035,324.9457,324.9457
88,0.84,69.5816,-0.1853,-5.9316,75.5133,44.0112,-22.7928,326.4999,326.4999
89,0.83,68.9612,-0.3493,-5.9286,74.8898,51.9438,-23.7589,367.6668,367.6668
90,0.83,69.0337,-0.5412,-5.9384,74.9721,50.8525,-23.5690,365.9272,365.9272
91,0.82,69.0559,-0.3139,-5.9388,74.9947,65.1812,-24.3398,378.5443,378.5443
92,0.81,68.7364,-0.3598,-5.9186,74.6550,67.4004,-24.5708,376.2840,376.2840
93,0.83,68.0770,-0.0725,-5.9472,74.0242,67.1250,-24.4934,361.4007,361.4007
94,0.82,68.0402,+0.7570,-5.9050,73.9452,63.2656,-24.8062,367.1808,367.1808
95,0.85,67.8460,+0.0068,-5.9084,73.7544,49.9121,-25.3028,383.8820,383.8820
96,0.83,67.9897,+0.6545,-5.8994,73.8890,65.5166,-25.5543,420.6343,420.6343
97,0.83,67.6942,+0.4329,-5.9113,73.6056,70.1387,-26.1059,427.5700,427.5700
98,0.82,67.8305,+0.4840,-5.9015,73.7320,76.9746,-26.3177,440.0813,440.0813
99,0.81,67.7229,+0.2692,-5.8968,73.6198,101.3496,-26.3582,437.9543,437.9543
100,0.82,67.4389,+0.5313,-5.8916,73.3306,65.3867,-26.6299,428.8550,428.8550
101,0.80,67.3967,-0.0130,-5.8768,73.2735,69.6313,-27.0965,445.5576,445.5576
102,0.79,66.5167,+0.3289,-5.9048,72.4215,78.8779,-28.9953,480.9395,480.9395
103,0.79,66.1239,+0.0225,-5.8972,72.0211,72.7070,-28.7904,468.3947,468.3947
104,0.80,66.1438,+0.8725,-5.9048,72.0486,71.4214,-29.1486,499.3954,499.3954
105,0.80,66.6756,+0.2239,-5.8658,72.5413,89.0869,-29.0196,504.2686,504.2686
106,0.79,65.9637,+0.7409,-5.8642,71.8279,81.6914,-29.6691,501.3265,501.3265
107,0.80,65.5698,+0.3091,-5.8714,71.4411,88.4556,-29.9595,496.8948,496.8948
108,0.80,65.6881,+0.2298,-5.8653,71.5534,97.7520,-30.0351,507.1086,507.1086
109,0.81,65.6498,+0.5117,-5.8603,71.5101,89.2993,-30.7548,523.4762,523.4762
110,0.80,64.5316,+1.1360,-5.8821,70.4137,72.6675,-31.9720,543.2817,543.2817
111,0.80,64.2792,+1.0233,-5.8726,70.1517,75.7236,-33.1199,559.7581,559.7581
112,0.80,65.1821,+0.6211,-5.9170,71.0991,239.3652,-31.2356,524.2460,524.2460
113,0.79,64.3479,+1.4375,-5.8912,70.2391,72.5581,-32.9011,562.4597,562.4597
114,0.78,63.8626,+1.2819,-5.8720,69.7346,84.2532,-34.4026,629.3500,629.3500
115,0.81,63.6466,+0.1071,-5.8686,69.5152,69.2190,-33.9081,597.0409,597.0409
116,0.78,63.6787,+0.6977,-5.8863,69.5650,78.6423,-33.8332,617.0652,617.0652
117,0.79,63.1181,+0.6577,-5.8799,68.9980,76.6108,-34.6633,607.3733,607.3733
118,0.80,62.6731,+0.7194,-5.8926,68.5657,65.9148,-35.1454,614.1029,614.1029
119,0.80,62.1199,+0.5627,-5.8951,68.0150,67.5283,-35.8572,624.3544,624.3544
120,0.78,62.1964,-0.0360,-5.8818,68.0783,73.8506,-36.5352,650.6271,650.6271
121,0.79,61.7772,-0.0679,-5.8788,67.6560,87.2749,-38.0214,726.0918,726.0918
122,0.78,60.9518,+0.2078,-5.8708,66.8226,86.3333,-38.8493,735.9152,735.9152
123,0.80,61.4963,+0.5615,-5.8558,67.3521,72.3738,-37.8242,695.1045,695.1045
124,0.77,60.5576,+0.5702,-5.8584,66.4160,78.1133,-38.8166,705.5483,705.5483
125,0.79,60.4715,+0.5406,-5.8507,66.3222,68.9514,-40.0523,763.8398,763.8398
126,0.77,60.4802,-0.0522,-5.8907,66.3709,95.6868,-40.5834,806.9473,806.9473
127,0.78,60.7561,+0.1713,-5.8591,66.6152,83.7312,-39.6083,790.0554,790.0554
128,0.79,60.5975,+0.5697,-5.8881,66.4856,95.3098,-39.7986,781.9606,781.9606
129,0.77,60.3612,+1.4720,-5.8915,66.2528,71.9575,-39.6523,786.8221,786.8221
130,0.77,59.6751,+1.1910,-5.8896,65.5646,90.3254,-40.2512,782.5245,782.5245
131,0.78,59.2697,+1.1734,-5.8928,65.1625,88.8613,-41.9559,831.1626,831.1626
132,0.77,59.1978,+1.4027,-5.8875,65.0852,101.0913,-40.9745,783.1042,783.1042
133,0.78,58.7800,+1.2599,-5.8997,64.6797,91.8225,-42.4882,841.7167,841.7167
134,0.79,58.4682,+1.2915,-5.9131,64.3813,95.9507,-42.4525,861.6719,861.6719
135,0.78,58.9405,+1.1831,-5.9245,64.8650,94.0183,-42.5175,892.2645,892.2645
136,0.75,58.0585,+1.0280,-5.9020,63.9605,116.2593,-43.6334,898.0038,898.0038
137,0.77,57.8195,+0.6707,-5.8976,63.7170,98.2029,-44.0528,908.9268,908.9268
138,0.76,57.4735,+2.0597,-5.8843,63.3578,116.9895,-45.2094,934.0248,934.0248
139,0.77,58.6977,+1.6192,-5.8567,64.5543,117.4456,-44.2505,939.0225,939.0225
140,0.77,58.5495,+1.2511,-5.8726,64.4220,92.1145,-45.8424,1000.1093,1000.1093
141,0.77,57.6034,+0.7655,-5.8641,63.4675,88.5244,-45.9230,970.0645,970.0645
142,0.76,57.4423,+0.1503,-5.8719,63.3142,109.2766,-46.8926,993.1205,993.1205
143,0.76,57.7516,+1.4234,-5.8442,63.5958,99.8025,-46.2805,982.8996,982.8996
144,0.76,56.9070,+0.3448,-5.8570,62.7640,90.2896,-47.3235,1021.3243,1021.3243
145,0.77,57.2679,+0.3598,-5.8447,63.1126,111.3306,-47.0454,1027.7578,1027.7578
146,0.78,57.1736,+0.5714,-5.8691,63.0427,161.5742,-47.6963,1059.8713,1059.8713
147,0.77,56.6094,+1.1054,-5.8783,62.4877,132.1904,-48.3100,1070.2039,1070.2039
148,0.75,56.1591,-0.1418,-5.8883,62.0474,91.3286,-51.3308,1213.6329,1213.6329
149,0.74,56.0957,+0.7974,-5.8830,61.9787,126.0662,-51.1580,1199.5038,1199.5038
150,0.76,55.9811,+0.6293,-5.8877,61.8689,119.6519,-50.1798,1123.7617,1123.7617
151,0.76,54.9457,+1.1817,-5.9042,60.8499,112.4871,-51.9086,1188.6582,1188.6582
152,0.75,55.0578,+1.2221,-5.8984,60.9561,113.9976,-52.2250,1232.2247,1232.2247
153,0.77,55.2639,+1.0566,-5.8992,61.1631,105.3616,-51.0387,1121.5105,1121.5105
154,0.74,55.0329,+0.7711,-5.8736,60.9065,114.3711,-52.0644,1183.1812,1183.1812
155,0.77,54.4424,+0.7824,-5.8529,60.2954,139.9485,-54.5068,1267.8652,1267.8652
156,0.76,54.4141,+0.9987,-5.8366,60.2507,138.3997,-53.1518,1186.8531,1186.8531
157,0.75,53.1181,+0.5493,-5.8461,58.9642,153.4536,-53.8363,1165.8538,1165.8538
158,0.75,52.9064,+1.7325,-5.8657,58.7721,117.7881,-55.4699,1239.8645,1239.8645
159,0.75,52.9207,+1.9619,-5.8568,58.7775,105.6406,-53.9453,1153.6606,1153.6606
160,0.76,53.6629,+1.0545,-5.8522,59.5151,116.7844,-55.4786,1266.8838,1266.8838
161,0.74,53.4579,+1.4559,-5.8457,59.3036,112.7083,-55.5015,1256.3516,1256.3516
162,0.74,52.8870,+1.7069,-5.8479,58.7349,126.1372,-56.2700,1268.5901,1268.5901
163,0.76,52.8871,+1.7730,-5.8389,58.7259,108.5015,-55.5169,1258.8708,1258.8708
164,0.74,51.9879,+1.2779,-5.8720,57.8598,101.1033,-56.7753,1282.8665,1282.8665
165,0.76,51.8977,+1.2016,-5.8316,57.7293,117.8745,-57.1945,1273.2361,1273.2361
166,0.73,51.5156,+1.0095,-5.8480,57.3636,106.2434,-58.7585,1365.0552,1365.0552
167,0.74,51.4478,+0.8390,-5.8472,57.2950,125.5203,-57.7854,1300.6001,1300.6001
168,0.74,51.8987,+1.1081,-5.8454,57.7440,161.9514,-58.8955,1392.7385,1392.7385
169,0.72,51.6604,+0.8566,-5.8093,57.4697,108.6226,-59.5433,1406.1780,1406.1780
170,0.75,51.3553,+0.3550,-5.8077,57.1630,129.5662,-59.6788,1401.5865,1401.5865
171,0.74,50.6114,+0.5373,-5.8233,56.4347,123.7280,-62.0465,1502.1167,1502.1167
172,0.73,50.4817,+1.0209,-5.8195,56.3011,145.7122,-63.0583,1554.6055,1554.6055
173,0.73,50.2420,+1.5332,-5.7941,56.0361,144.4485,-61.9773,1470.7947,1470.7947
174,0.73,49.2709,+0.3097,-5.8236,55.0944,118.7058,-62.8902,1475.7192,1475.7192
175,0.72,48.8408,+0.6288,-5.8713,54.7121,131.6208,-63.4929,1530.3171,1530.3171
176,0.75,48.7591,+0.4549,-5.8817,54.6408,132.4758,-64.9452,1576.5157,1576.5157
177,0.75,49.2982,+0.0875,-5.8648,55.1630,170.3848,-66.4951,1684.5383,1684.5383
178,0.73,48.2872,+0.0554,-5.8437,54.1309,116.2893,-68.2862,1717.4778,1717.4778
179,0.73,47.9132,+0.4035,-5.8615,53.7746,104.7708,-67.1945,1647.6353,1647.6353
180,0.74,47.2737,+1.1176,-5.8718,53.1455,117.2085,-67.5316,1657.5083,1657.5083
181,0.72,47.3484,+0.2768,-5.8683,53.2167,110.8848,-68.9184,1726.1758,1726.1758
182,0.73,47.2505,+1.1941,-5.8720,53.1225,121.6299,-68.4317,1686.4521,1686.4521
183,0.74,45.8638,+1.1047,-5.8670,51.7308,139.7205,-70.6549,1757.2114,1757.2114
184,0.72,46.4623,+0.3241,-5.8429,52.3051,124.6465,-70.1128,1741.9753,1741.9753
185,0.72,46.5446,+0.2352,-5.8625,52.4071,141.5908,-69.8731,1717.3987,1717.3987
186,0.73,46.6170,-0.6301,-5.8671,52.4841,135.6594,-70.2829,1741.5880,1741.5880
187,0.73,45.6401,+0.6724,-5.8364,51.4764,114.3091,-72.2314,1806.7125,1806.7125
188,0.73,46.1837,+1.4895,-5.8378,52.0215,168.4788,-72.3436,1814.2605,1814.2605
189,0.73,45.6578,+0.4594,-5.8422,51.5000,154.5876,-73.4799,1904.0151,1904.0151
190,0.73,44.7116,+0.9872,-5.8281,50.5397,137.7672,-73.8023,1866.9015,1866.9015
191,0.72,44.8584,+0.9309,-5.8196,50.6780,146.2793,-73.3429,1801.9653,1801.9653
192,0.74,45.4949,+1.0531,-5.7929,51.2878,161.8843,-75.2464,1953.0052,1953.0052
193,0.72,45.4362,+1.8783,-5.7946,51.2308,192.9163,-75.7260,1969.3120,1969.3120
194,0.73,43.9554,+0.4990,-5.7977,49.7531,124.3557,-76.5431,1937.9248,1937.9248
195,0.71,44.4899,+0.4953,-5.7994,50.2893,159.3080,-76.9811,2034.3724,2034.3724
196,0.71,44.6943,+0.8340,-5.7808,50.4750,132.2714,-77.5356,2007.9832,2007.9832
197,0.73,44.8124,+0.5327,-5.7575,50.5699,140.3647,-77.4337,2030.0065,2030.0065
198,0.73,44.0309,+0.5952,-5.7338,49.7647,123.2001,-78.6674,2086.8818,2086.8818
199,0.72,43.6014,+0.6749,-5.7027,49.3041,145.1180,-78.8785,2058.7812,2058.7812
200,0.71,43.5629,+0.1784,-5.7176,49.2805,117.3539,-80.1398,2106.7285,2106.7285
201,0.69,43.1228,+0.9733,-5.7236,48.8464,111.4689,-79.2272,2009.0858,2009.0858
202,0.70,42.5473,+0.7231,-5.7247,48.2720,93.8783,-81.0851,2078.9976,2078.9976
203,0.69,42.7242,+0.6423,-5.6788,48.4030,117.4926,-82.0311,2139.5803,2139.5803
204,0.68,42.0167,+0.7443,-5.6949,47.7116,115.5757,-83.1467,2165.3113,2165.3113
205,0.69,42.7104,+0.7368,-5.6951,48.4055,137.7213,-84.5795,2249.4419,2249.4419
206,0.68,42.1830,+0.3736,-5.6809,47.8639,126.4843,-83.2042,2151.1021,2151.1021
207,0.70,41.3193,+0.2155,-5.6904,47.0097,152.3514,-86.8940,2314.1484,2314.1484
208,0.68,41.1652,+0.0769,-5.7070,46.8722,130.8060,-86.2420,2284.3625,2284.3625
209,0.68,40.5475,+0.7191,-5.7027,46.2501,127.2260,-84.7533,2179.3293,2179.3293
210,0.70,41.1482,-0.1908,-5.7401,46.8883,131.8307,-84.0763,2188.2603,2188.2603
211,0.68,40.5357,-0.2299,-5.7214,46.2571,142.2924,-86.6876,2286.8262,2286.8262
212,0.69,40.2728,+0.4652,-5.7152,45.9880,105.0568,-86.9527,2312.5105,2312.5105
213,0.69,39.8804,-0.2672,-5.7209,45.6013,114.7079,-85.7920,2232.5708,2232.5708
214,0.72,39.3566,+0.8523,-5.7340,45.0906,119.4343,-86.8351,2299.6953,2299.6953
215,0.68,39.9319,+0.4412,-5.7002,45.6321,152.6088,-87.6777,2367.0913,2367.0913
216,0.70,38.9583,+0.9265,-5.7131,44.6715,127.7357,-87.8973,2328.0491,2328.0491
217,0.69,39.2797,-0.2920,-5.7097,44.9894,126.1963,-89.2504,2388.9585,2388.9585
218,0.69,39.2851,+0.4515,-5.7062,44.9913,153.6565,-92.0081,2590.1235,2590.1235
219,0.68,38.6581,+0.5216,-5.7114,44.3695,123.8651,-90.4679,2462.9038,2462.9038
220,0.68,38.2842,-0.0608,-5.6890,43.9732,103.1447,-91.6194,2523.8870,2523.8870
221,0.68,37.6393,+0.7245,-5.6650,43.3042,84.9714,-92.1646,2504.1904,2504.1904
222,0.69,37.4715,+0.7618,-5.6773,43.1488,119.8542,-92.0041,2476.9673,2476.9673
223,0.68,37.0497,+0.7025,-5.6634,42.7130,115.3237,-93.0674,2514.1799,2514.1799
224,0.68,37.5498,+0.4711,-5.6499,43.1997,176.3419,-95.1299,2660.1064,2660.1064
225,0.68,37.7547,+0.1316,-5.6278,43.3825,117.1654,-96.6314,2748.2371,2748.2371
226,0.69,36.8344,+1.5112,-5.6098,42.4442,127.9548,-96.1930,2676.2959,2676.2959
227,0.68,37.9947,+0.8377,-5.6285,43.6232,221.6652,-92.9834,2546.4976,2546.4976
228,0.68,36.5452,+0.2357,-5.6417,42.1869,144.3960,-94.5513,2563.8281,2563.8281
229,0.69,36.0630,+0.2096,-5.6629,41.7259,128.4591,-95.2897,2595.7439,2595.7439
230,0.69,36.5863,+0.0138,-5.6901,42.2764,109.5393,-94.7467,2619.2754,2619.2754
231,0.69,36.6754,-0.1117,-5.6819,42.3574,120.9985,-95.3547,2633.8335,2633.8335
232,0.68,35.9321,-0.0415,-5.6766,41.6086,120.3660,-96.5551,2672.9253,2672.9253
233,0.69,35.2619,-0.1880,-5.6738,40.9357,115.6680,-97.8772,2724.0005,2724.0005
234,0.68,36.1633,-0.5038,-5.6332,41.7965,204.7766,-99.4181,2843.9302,2843.9302
235,0.68,36.1325,-0.4281,-5.6435,41.7760,115.4761,-99.6264,2870.8008,2870.8008
236,0.68,35.4220,-0.1668,-5.6354,41.0574,205.9344,-98.7980,2808.1426,2808.1426
237,0.68,34.4463,+0.5338,-5.6198,40.0661,123.7467,-97.7909,2707.1597,2707.1597
238,0.67,34.4226,-0.0397,-5.6226,40.0452,128.2939,-99.1906,2771.8545,2771.8545
239,0.68,34.3321,-0.0796,-5.6605,39.9926,152.7012,-100.5614,2871.9980,2871.9980
240,0.67,34.2733,+0.2855,-5.6747,39.9480,113.4193,-98.5573,2751.9812,2751.9812
241,0.67,34.2072,+0.5692,-5.6788,39.8861,126.0221,-99.3980,2791.6729,2791.6729
242,0.68,34.7481,+0.5111,-5.6733,40.4214,131.3163,-100.2510,2851.5405,2851.5405
243,0.69,34.4622,+0.1732,-5.6593,40.1215,125.7006,-100.9805,2889.5337,2889.5337
244,0.69,34.3623,-0.0080,-5.6316,39.9940,180.6147,-101.4713,2931.3613,2931.3613
245,0.67,34.0834,-0.2492,-5.6291,39.7125,141.2183,-101.3565,2914.2764,2914.2764
246,0.68,33.2786,-0.1913,-5.6372,38.9158,132.9708,-101.6762,2885.4392,2885.4392
247,0.68,32.7227,-0.3020,-5.6322,38.3550,133.2748,-103.0705,2957.3018,2957.3018
248,0.67,32.3843,+0.4284,-5.6011,37.9855,114.0740,-102.3946,2930.2207,2930.2207
249,0.69,33.3777,+1.0737,-5.6214,38.9991,153.4581,-102.9907,3005.8345,3005.8345
250,0.68,33.9680,+0.7808,-5.5682,39.5362,176.0996,-103.9305,3058.9016,3058.9016
251,0.68,34.4079,+0.2356,-5.5877,39.9956,230.8269,-102.7115,3050.5635,3050.5635
252,0.68,33.1443,+1.1122,-5.6089,38.7533,170.5319,-104.8789,3135.0950,3135.0950
253,0.67,32.1366,+0.9698,-5.6237,37.7603,152.6688,-103.9988,3011.8892,3011.8892
254,0.68,32.1152,-0.1807,-5.6143,37.7296,223.7501,-103.6055,2993.5737,2993.5737
255,0.69,31.2238,+0.1880,-5.6178,36.8416,137.5916,-105.1936,3037.8313,3037.8313
256,0.68,32.0878,-0.2501,-5.6184,37.7061,112.2303,-108.0215,3243.9177,3243.9177
257,0.69,32.4423,+0.3715,-5.6211,38.0634,144.0502,-106.0820,3167.8767,3167.8767
258,0.68,32.1734,+0.1978,-5.6136,37.7870,137.0420,-105.9436,3148.3289,3148.3289
259,0.67,32.9179,-0.0266,-5.6052,38.5231,171.6296,-105.3204,3142.9414,3142.9414
260,0.68,32.5645,+0.0921,-5.6271,38.1915,146.6650,-104.9158,3082.2822,3082.2822
261,0.69,32.0612,+0.2349,-5.6213,37.6825,154.0317,-107.1738,3210.3354,3210.3354
262,0.68,31.5265,+0.8362,-5.6002,37.1267,152.1042,-106.8478,3163.2549,3163.2549
263,0.67,31.1322,-0.7061,-5.5941,36.7263,131.9092,-107.2693,3189.8723,3189.8723
264,0.69,30.5915,-0.0347,-5.6119,36.2033,96.0731,-107.6313,3179.4902,3179.4902
265,0.69,30.5171,+1.1352,-5.6472,36.1643,130.5116,-107.7155,3151.5039,3151.5039
266,0.68,30.8969,+0.9176,-5.6213,36.5183,123.4468,-108.2382,3213.9314,3213.9314
267,0.69,31.0128,+0.9922,-5.6304,36.6432,115.5710,-109.2255,3268.4932,3268.4932
268,0.67,30.6646,+0.5613,-5.6339,36.2984,116.6205,-109.2130,3266.5498,3266.5498
269,0.67,30.6700,+0.2334,-5.6346,36.3046,132.4548,-109.2626,3259.8472,3259.8472
270,0.68,31.0486,+0.3810,-5.6459,36.6945,162.1118,-107.8164,3161.2969,3161.2969
271,0.67,30.1424,+0.7926,-5.6273,35.7697,112.9255,-109.2267,3179.8108,3179.8108
272,0.68,30.6569,+0.2428,-5.6128,36.2696,110.8499,-108.0893,3170.8557,3170.8557
273,0.68,29.4555,-0.2059,-5.6205,35.0760,105.8328,-110.1787,3267.2568,3267.2568
274,0.69,30.5607,+0.4386,-5.6139,36.1747,144.2792,-109.7119,3287.2014,3287.2014
275,0.66,30.0150,+0.4465,-5.6189,35.6339,132.4703,-109.7714,3300.1401,3300.1401
276,0.67,29.5871,+0.0413,-5.6297,35.2168,224.9792,-109.5798,3259.8987,3259.8987
277,0.68,29.0547,-0.4402,-5.6268,34.6816,174.9708,-110.8772,3339.1182,3339.1182
278,0.69,28.7757,+0.6230,-5.6065,34.3822,122.3626,-107.9940,3106.6470,3106.6470
279,0.68,29.0365,-0.0311,-5.6178,34.6543,86.1182,-108.9305,3213.1421,3213.1421
280,0.68,29.2195,+0.7223,-5.6132,34.8326,258.2084,-109.0221,3259.5850,3259.5850
281,0.68,29.2705,+0.4732,-5.5861,34.8566,137.1679,-110.7179,3317.7383,3317.7383
282,0.66,28.8702,+0.7194,-5.5733,34.4436,142.6685,-112.6872,3413.1189,3413.1189
283,0.70,28.9274,+1.3306,-5.5823,34.5098,189.5664,-110.9941,3333.5940,3333.5940
284,0.69,27.8482,+0.8486,-5.5816,33.4299,189.7098,-111.8956,3321.2808,3321.2808
285,0.68,28.1942,+0.5580,-5.5656,33.7599,110.4045,-112.4926,3374.4297,3374.4297
286,0.68,27.8482,+0.6940,-5.5783,33.4265,128.4769,-114.3987,3491.3755,3491.3755
287,0.68,27.3014,+1.1775,-5.6163,32.9177,115.0964,-114.2905,3493.0420,3493.0420
288,0.67,28.0400,+0.2686,-5.5900,33.6300,151.4224,-111.6749,3373.2437,3373.2437
289,0.68,28.4789,-0.3782,-5.5499,34.0287,123.7571,-112.1491,3372.2434,3372.2434
290,0.69,27.9194,-0.0241,-5.5351,33.4544,170.7083,-112.1225,3322.5874,3322.5874
291,0.67,27.8229,+0.4173,-5.5188,33.3417,140.5023,-112.8051,3358.3403,3358.3403
292,0.70,28.2472,-0.3254,-5.5273,33.7745,164.9597,-113.8207,3474.8335,3474.8335
293,0.68,28.5698,+0.4807,-5.5415,34.1113,129.2291,-112.7476,3395.3860,3395.3860
294,0.69,28.3257,+0.7031,-5.5663,33.8920,158.0938,-112.2231,3342.0122,3342.0122
295,0.69,28.1909,+0.3405,-5.5510,33.7419,125.4222,-114.1384,3447.9482,3447.9482
296,0.67,28.0017,+0.0903,-5.5531,33.5548,158.9468,-115.8208,3541.7515,3541.7515
297,0.69,27.4283,-0.2874,-5.5515,32.9798,150.3329,-114.3450,3404.2954,3404.2954
298,0.70,27.9538,-0.2662,-5.5587,33.5125,142.7581,-114.9437,3450.6628,3450.6628
299,0.69,27.7618,-0.9524,-5.5306,33.2924,146.9553,-114.9192,3425.4436,3425.4436
300,0.68,27.8530,-0.2955,-5.5609,33.4138,179.8578,-114.0105,3421.6733,3421.6733
301,0.64,27.6969,+0.3388,-5.5539,33.2508,155.0709,-115.1651,3492.1204,3492.1204
302,0.65,27.7199,+0.9209,-5.5448,33.2648,128.8560,-115.9565,3573.8340,3573.8340
303,0.63,27.0531,+0.5624,-5.5697,32.6228,135.0811,-115.2542,3483.6553,3483.6553
304,0.65,26.9942,+0.4120,-5.5593,32.5535,122.3504,-116.1856,3551.5459,3551.5459
305,0.66,27.3866,+0.6518,-5.5324,32.9189,176.3307,-118.3011,3704.0806,3704.0806
306,0.63,26.3659,+0.4596,-5.5635,31.9293,119.5652,-115.9383,3507.8599,3507.8599
307,0.68,26.5632,+0.6858,-5.5707,32.1339,127.6789,-116.4655,3512.3452,3512.3452
308,0.64,26.3306,+0.8036,-5.5725,31.9031,138.2971,-116.2125,3494.0627,3494.0627
309,0.66,27.3805,+0.8737,-5.5492,32.9297,151.3328,-116.7337,3580.4189,3580.4189
310,0.66,26.0460,+0.8526,-5.5872,31.6332,172.4102,-115.8348,3472.7798,3472.7798
311,0.66,26.1313,+0.4217,-5.5658,31.6971,117.4064,-115.8519,3462.9644,3462.9644
312,0.65,26.0326,+0.4929,-5.5487,31.5814,141.6977,-117.8217,3569.0234,3569.0234
313,0.64,25.6683,+0.3519,-5.5154,31.1836,151.6784,-118.4920,3597.4922,3597.4922
314,0.65,25.3340,+0.5297,-5.5414,30.8753,125.5676,-118.7463,3648.6641,3648.6641
315,0.64,25.5348,+0.8340,-5.5464,31.0812,124.9026,-120.8233,3785.5867,3785.5867
316,0.63,26.0212,+0.9482,-5.5151,31.5363,113.1407,-122.2448,3872.8801,3872.8801
317,0.64,25.2829,+0.5918,-5.5316,30.8145,109.0995,-122.1827,3865.9321,3865.9321
318,0.64,25.9214,-0.2045,-5.5029,31.4243,181.4023,-121.0694,3813.6313,3813.6313
319,0.64,26.4231,+0.4387,-5.5505,31.9735,130.8633,-118.8553,3682.7568,3682.7568
320,0.64,25.7498,+0.7316,-5.5464,31.2962,107.2779,-119.5523,3710.8333,3710.8333
321,0.64,25.5065,+0.6783,-5.5131,31.0196,129.3648,-118.8817,3657.1235,3657.1235
322,0.64,25.4908,+0.3261,-5.5390,31.0298,129.6774,-118.9061,3680.5342,3680.5342
323,0.63,24.6206,-0.1743,-5.5426,30.1632,145.1895,-119.4748,3645.3811,3645.3811
324,0.64,24.5151,+0.8818,-5.5261,30.0411,176.4589,-123.9143,3896.3750,3896.3750
325,0.63,23.9084,-0.5485,-5.5319,29.4403,143.3276,-123.9946,3885.2979,3885.2979
326,0.64,24.5650,-0.7267,-5.5569,30.1218,103.4988,-124.6312,4001.6816,4001.6816
327,0.64,24.2212,+0.8358,-5.5385,29.7598,111.3274,-125.3914,4034.6421,4034.6421
328,0.64,24.0854,-0.6813,-5.5329,29.6183,132.3230,-124.8319,3973.6050,3973.6050
329,0.64,22.5592,+1.4245,-5.5341,28.0934,90.0852,-126.3052,3966.4058,3966.4058
330,0.64,23.2614,+0.6642,-5.5432,28.8046,115.8087,-124.3097,3920.9214,3920.9214
331,0.63,22.7366,+0.5830,-5.5494,28.2860,113.0311,-124.2673,3897.5898,3897.5898
332,0.65,22.3909,-0.0514,-5.5836,27.9745,115.2513,-122.2690,3754.3711,3754.3711
333,0.64,22.7548,-0.2673,-5.5556,28.3104,65.6083,-124.1472,3874.0254,3874.0254
334,0.64,23.0849,+0.3089,-5.5503,28.6351,63.0538,-129.0718,4229.0479,4229.0479
335,0.63,23.7874,-0.0843,-5.5518,29.3392,107.9838,-127.2416,4136.7607,4136.7607
336,0.66,22.5016,+0.3614,-5.5668,28.0684,81.7737,-126.4204,4023.3813,4023.3813
337,0.67,22.6971,+0.0138,-5.5681,28.2653,91.2817,-127.5320,4106.3340,4106.3340
338,0.64,22.2492,+0.2044,-5.5570,27.8061,120.7099,-127.4799,4046.1814,4046.1814
339,0.64,22.3518,-0.2224,-5.5181,27.8699,132.3073,-128.0038,4080.9282,4080.9282
340,0.62,21.9631,-0.2326,-5.5646,27.5277,72.1590,-129.4647,4150.3862,4150.3862
341,0.63,20.9327,+0.1234,-5.5695,26.5021,122.6952,-128.2932,4043.6941,4043.6941
342,0.63,21.8464,+0.2807,-5.5542,27.4006,203.4607,-128.5768,4085.0879,4085.0879
343,0.65,22.4123,-0.3090,-5.5356,27.9479,100.4438,-129.3321,4135.6016,4135.6016
344,0.63,21.6185,-1.1576,-5.5471,27.1657,97.7533,-128.5625,4065.3660,4065.3660
345,0.64,21.9345,-0.7061,-5.5667,27.5012,108.3814,-129.0852,4106.2666,4106.2666
346,0.65,21.5923,-0.3136,-5.5518,27.1441,122.1410,-131.2648,4223.2646,4223.2646
347,0.66,21.4293,-0.2166,-5.5511,26.9804,116.1372,-132.2493,4296.3560,4296.3560
348,0.64,22.8070,-0.3289,-5.5463,28.3533,162.0268,-129.0872,4148.1826,4148.1826
349,0.64,22.2683,+0.0450,-5.5235,27.7918,91.5709,-132.5647,4368.6982,4368.6982
350,0.66,22.0546,-0.0536,-5.4747,27.5293,131.9144,-133.0233,4370.4058,4370.4058
351,0.65,21.1183,+0.0062,-5.5155,26.6337,82.3389,-133.6255,4368.8940,4368.8940
352,0.65,21.9046,+0.4607,-5.5332,27.4378,138.9059,-130.9870,4251.9639,4251.9639
353,0.63,21.8620,+0.6253,-5.5246,27.3866,92.9991,-130.5811,4206.3228,4206.3228
354,0.65,22.1679,-0.5797,-5.4987,27.6666,98.0450,-131.2894,4281.6235,4281.6235
355,0.65,21.1017,-0.6948,-5.5298,26.6314,79.3050,-130.2513,4165.0376,4165.0376
356,0.64,21.7109,+0.5167,-5.5645,27.2754,128.3156,-134.6045,4457.3486,4457.3486
357,0.66,20.3915,+0.3894,-5.5534,25.9449,103.0092,-135.5672,4493.7637,4493.7637
358,0.63,19.6053,-0.2539,-5.5495,25.1548,89.2301,-134.5439,4373.0771,4373.0771
359,0.65,20.2482,-0.2707,-5.5364,25.7847,76.6729,-131.3328,4203.0054,4203.0054
360,0.64,20.2541,-0.8472,-5.5397,25.7939,100.1339,-132.9478,4309.6943,4309.6943
361,0.67,20.9067,-0.4854,-5.5387,26.4453,135.6519,-130.8810,4215.7505,4215.7505
362,0.64,21.0145,-1.3142,-5.5372,26.5517,141.8739,-133.1141,4358.4722,4358.4722
363,0.64,21.1316,-0.4093,-5.5454,26.6770,188.0451,-133.6201,4393.5566,4393.5566
364,0.65,20.9369,-0.2425,-5.5453,26.4822,138.3014,-133.1255,4380.5000,4380.5000
365,0.65,20.3048,-0.5147,-5.5091,25.8140,160.9773,-131.5447,4250.1196,4250.1196
366,0.64,20.0690,+0.3129,-5.5342,25.6032,124.4851,-132.1145,4297.5439,4297.5439
367,0.63,20.7393,+0.3971,-5.5281,26.2674,189.1145,-135.3102,4511.8701,4511.8701
368,0.65,20.7515,+0.1107,-5.5134,26.2649,144.4263,-132.8514,4343.1182,4343.1182
369,0.65,20.3211,-0.0128,-5.5439,25.8650,212.0782,-134.9355,4470.2842,4470.2842
370,0.66,19.6241,-0.5768,-5.5418,25.1659,131.2379,-134.5542,4453.0942,4453.0942
371,0.64,19.5368,-0.4899,-5.5796,25.1164,106.7786,-137.1726,4633.9238,4633.9238
372,0.65,19.9806,-0.5831,-5.5646,25.5452,112.3129,-137.0159,4593.1411,4593.1411
373,0.66,19.8934,-0.0287,-5.5928,25.4861,122.9518,-134.8355,4473.7363,4473.7363
374,0.63,19.5955,-0.3282,-5.5681,25.1636,90.4085,-136.5105,4561.8813,4561.8813
375,0.65,19.4954,-0.1198,-5.5840,25.0794,96.7529,-133.9846,4427.7217,4427.7217
376,0.63,19.7992,+0.4219,-5.5823,25.3815,101.8088,-134.9555,4502.6943,4502.6943
377,0.65,19.2554,+0.3168,-5.5720,24.8274,82.5502,-138.0758,4663.2061,4663.2061
378,0.63,19.1337,+0.2325,-5.5778,24.7116,69.1348,-140.7292,4820.4023,4820.4023
379,0.64,18.9698,+0.4211,-5.6018,24.5716,101.2336,-138.1276,4645.5742,4645.5742
380,0.63,18.8611,+0.6388,-5.5759,24.4371,105.6814,-139.7108,4773.1382,4773.1382
381,0.63,18.1256,+0.4354,-5.5444,23.6699,117.2766,-140.9779,4804.8721,4804.8721
382,0.65,18.3062,+0.2230,-5.5853,23.8915,78.6111,-139.9259,4723.1997,4723.1997
383,0.62,18.0173,+0.3392,-5.5989,23.6162,140.1355,-137.1107,4501.5049,4501.5049
384,0.65,18.2804,+0.6608,-5.5760,23.8564,140.1529,-136.3647,4442.0000,4442.0000
385,0.63,18.4516,+0.6308,-5.5931,24.0447,109.7927,-138.3379,4598.0400,4598.0400
386,0.64,17.3924,-0.1097,-5.6014,22.9938,125.1248,-135.9506,4399.1401,4399.1401
387,0.64,17.5731,+0.2434,-5.5946,23.1677,81.6683,-135.7612,4394.4424,4394.4424
388,0.62,17.6693,+0.3842,-5.5959,23.2652,95.9892,-138.1349,4560.0786,4560.0786
389,0.64,17.7945,+0.1527,-5.5796,23.3741,101.9300,-139.0078,4640.0366,4640.0366
390,0.64,17.3796,+0.5154,-5.5459,22.9255,82.5673,-139.8816,4667.2964,4667.2964
391,0.62,17.5521,+1.0476,-5.5443,23.0963,133.8436,-138.7849,4573.6152,4573.6152
392,0.64,17.7560,+0.5107,-5.5556,23.3115,102.5430,-139.6364,4647.5718,4647.5718
393,0.65,17.2087,-0.1670,-5.5343,22.7430,84.5932,-138.7857,4561.5635,4561.5635
394,0.64,17.5711,-0.8531,-5.5284,23.0995,111.7494,-139.5289,4627.6733,4627.6733
395,0.64,17.8679,-0.0278,-5.5391,23.4070,81.0736,-140.6683,4723.9863,4723.9863
396,0.63,17.5537,+0.4184,-5.5470,23.1007,145.8033,-139.6307,4616.4146,4616.4146
397,0.64,18.2191,-0.0271,-5.5296,23.7487,95.2234,-140.4123,4694.8867,4694.8867
398,0.63,17.3022,+0.6571,-5.5426,22.8447,97.8249,-139.6865,4631.4854,4631.4854
399,0.64,17.4768,+0.1385,-5.5380,23.0147,127.4099,-138.6465,4560.4302,4560.4302
400,0.64,17.5311,+1.2775,-5.5754,23.1065,90.8009,-141.2762,4746.2539,4746.2539
401,0.61,17.4222,-0.5425,-5.5243,22.9465,189.0212,-143.0498,4822.0254,4822.0254
402,0.63,17.7477,+0.1106,-5.5201,23.2678,131.0103,-142.1077,4789.0947,4789.0947
403,0.60,17.6349,+0.4088,-5.5206,23.1556,112.3981,-142.9326,4840.3389,4840.3389
404,0.60,17.5196,+0.2240,-5.5209,23.0405,93.7472,-141.7161,4743.1348,4743.1348
405,0.60,17.3551,-0.2308,-5.5455,22.9006,99.4956,-141.8797,4753.7656,4753.7656
406,0.62,16.7222,+0.2213,-5.5230,22.2452,89.3136,-140.4639,4612.8496,4612.8496
407,0.61,16.8561,+0.6650,-5.5514,22.4076,113.1829,-139.1941,4546.0176,4546.0176
408,0.61,15.9615,-0.4083,-5.5526,21.5141,101.2777,-138.0890,4410.6831,4410.6831
409,0.62,16.6824,+0.0676,-5.5540,22.2365,113.1313,-141.0604,4650.8145,4650.8145
410,0.62,15.9907,+0.0863,-5.5816,21.5723,110.1812,-141.5208,4665.4150,4665.4150
411,0.62,16.1660,-0.4363,-5.6021,21.7681,95.2209,-143.0895,4798.7363,4798.7363
412,0.62,17.0686,-0.6224,-5.6017,22.6704,120.6745,-140.5040,4662.3711,4662.3711
413,0.60,16.0575,-0.3432,-5.6059,21.6635,83.9159,-141.2905,4646.4175,4646.4175
414,0.61,16.3758,-0.7424,-5.5989,21.9748,80.1287,-145.1568,4904.0107,4904.0107
415,0.61,16.4452,+0.7562,-5.5807,22.0259,66.2883,-143.4667,4801.9414,4801.9414
416,0.59,15.3223,+0.8197,-5.5754,20.8977,77.1057,-144.6556,4789.3291,4789.3291
417,0.59,15.7592,+0.6150,-5.5534,21.3126,92.3205,-142.5719,4737.9858,4737.9858
418,0.62,14.9027,-0.2216,-5.5392,20.4418,55.6861,-146.5742,4922.5317,4922.5317
419,0.61,15.1587,-0.5661,-5.5387,20.6974,73.4479,-146.2440,4943.3433,4943.3433
420,0.60,15.1767,-0.4502,-5.5331,20.7098,67.6645,-141.7260,4628.7793,4628.7793
421,0.62,14.8457,+0.5234,-5.5129,20.3586,66.8854,-143.9177,4794.2021,4794.2021
422,0.61,14.4095,+0.7289,-5.5428,19.9523,55.8593,-145.9490,4895.6904,4895.6904
423,0.60,14.9274,+0.9877,-5.5710,20.4984,60.9790,-141.1673,4602.4561,4602.4561
424,0.60,15.2127,+0.3633,-5.5759,20.7886,57.5623,-140.3109,4569.8086,4569.8086
425,0.61,14.1689,+0.3102,-5.5869,19.7558,66.7576,-148.5396,5060.5391,5060.5391
426,0.61,14.4190,+0.1275,-5.5948,20.0138,77.7522,-142.7503,4675.2964,4675.2964
427,0.62,14.3290,-0.5154,-5.5540,19.8830,64.6387,-148.3807,5038.0854,5038.0854
428,0.61,14.9944,-0.2346,-5.5782,20.5726,82.7708,-158.1931,5700.4321,5700.4321
429,0.58,14.1470,+0.5688,-5.5548,19.7018,71.5347,-145.8861,4849.3154,4849.3154
430,0.60,13.5037,+0.8976,-5.5855,19.0892,66.9645,-149.9152,5070.3418,5070.3418
431,0.61,13.1901,-0.4916,-5.5830,18.7731,58.7628,-148.5200,4930.8979,4930.8979
432,0.60,13.1841,+0.3733,-5.6086,18.7927,56.2380,-149.4225,5043.7500,5043.7500
433,0.59,12.9089,+0.5820,-5.5620,18.4708,70.1178,-149.0679,4991.3066,4991.3066
434,0.60,12.8489,+0.4996,-5.5771,18.4260,48.6666,-145.7633,4759.5034,4759.5034
435,0.59,12.3571,+0.6281,-5.5700,17.9271,51.0897,-158.2854,5601.5977,5601.5977
436,0.60,13.2914,+0.5210,-5.5479,18.8393,41.4840,-143.6100,4617.6372,4617.6372
437,0.60,11.9762,-0.6294,-5.5465,17.5227,55.8589,-157.1284,5445.0815,5445.0815
438,0.61,11.3440,+0.2926,-5.5323,16.8763,61.8033,-153.1342,5101.4336,5101.4336
439,0.59,12.4989,+0.3699,-5.5897,18.0886,70.9197,-149.6542,4941.5566,4941.5566
440,0.59,11.9325,+0.3174,-5.5740,17.5065,90.3970,-154.4578,5268.0752,5268.0752
441,0.62,12.0134,+1.0064,-5.5702,17.5836,123.5196,-157.1330,5488.9595,5488.9595
442,0.58,11.7481,+0.3245,-5.5785,17.3267,64.5295,-157.6201,5471.3252,5471.3252
443,0.61,11.9476,+0.7854,-5.5610,17.5087,76.5394,-151.5324,5061.7451,5061.7451
444,0.59,12.7090,+0.0596,-5.5477,18.2567,97.6835,-150.3843,5048.5244,5048.5244
445,0.60,12.4920,+0.2070,-5.5426,18.0346,74.7601,-153.2768,5226.7749,5226.7749
446,0.61,11.9538,-0.3996,-5.5145,17.4683,81.1693,-151.8939,5102.3325,5102.3325
447,0.60,11.8037,+0.1156,-5.5495,17.3532,83.6537,-155.9521,5384.0508,5384.0508
448,0.59,12.1628,-0.8570,-5.5525,17.7154,124.0925,-153.8412,5301.1558,5301.1558
449,0.58,12.6165,+0.1130,-5.5424,18.1589,108.1916,-152.7896,5206.7451,5206.7451
450,0.61,11.7276,+0.6012,-5.5476,17.2752,88.3867,-152.6535,5132.2949,5132.2949
451,0.58,12.0103,+0.3292,-5.5660,17.5763,65.2226,-157.1607,5494.9053,5494.9053
452,0.59,11.4795,-0.3282,-5.5429,17.0224,124.1296,-152.7438,5135.8877,5135.8877
453,0.57,11.6577,-0.2873,-5.5741,17.2317,83.7650,-154.4299,5279.6348,5279.6348
454,0.58,12.0692,+0.2202,-5.5514,17.6206,113.6155,-155.3079,5370.8350,5370.8350
455,0.57,12.1562,+0.2252,-5.5473,17.7036,94.7033,-154.6931,5323.2148,5323.2148
456,0.60,11.2187,+0.7660,-5.5571,16.7759,75.1554,-154.4933,5274.3457,5274.3457
457,0.59,11.1307,+0.1867,-5.5548,16.6855,90.0954,-155.9637,5363.3887,5363.3887
458,0.58,11.1031,+0.4222,-5.5281,16.6312,75.7745,-159.6106,5629.9570,5629.9570
459,0.59,10.8123,+0.2054,-5.5436,16.3560,83.1291,-156.8519,5406.4834,5406.4834
460,0.60,11.0155,+0.0937,-5.5610,16.5765,54.0079,-162.4845,5793.4111,5793.4111
461,0.60,11.1688,+0.3376,-5.5675,16.7363,43.4516,-155.2536,5301.5420,5301.5420
462,0.57,10.5901,+0.5712,-5.5848,16.1749,71.1858,-158.9545,5539.0371,5539.0371
463,0.59,10.1239,+0.2289,-5.5491,15.6730,76.2351,-152.9737,5111.6475,5111.6475
464,0.60,9.7016,+0.0919,-5.5963,15.2979,58.9178,-159.4097,5510.9370,5510.9370
465,0.60,10.9363,+0.4677,-5.5951,16.5314,61.3946,-151.2955,5028.9336,5028.9336
466,0.57,10.5696,-0.5719,-5.5967,16.1663,86.2936,-155.6923,5319.4053,5319.4053
467,0.58,10.2514,+0.2607,-5.5664,15.8178,64.3199,-157.7758,5463.9219,5463.9219
468,0.58,11.0422,+0.4623,-5.5742,16.6164,70.5164,-155.6125,5304.4360,5304.4360
469,0.59,10.5097,-0.4145,-5.6024,16.1121,63.9324,-157.9384,5463.8257,5463.8257
470,0.58,10.2712,-1.0618,-5.6088,15.8799,88.7660,-156.6804,5355.7549,5355.7549
471,0.60,11.4301,-1.2049,-5.6131,17.0432,89.9418,-157.5799,5477.8115,5477.8115
472,0.59,11.5197,-0.4823,-5.5899,17.1096,96.3562,-154.5422,5278.5684,5278.5684
473,0.59,10.1977,-0.5481,-5.5986,15.7963,100.9708,-155.0391,5266.3730,5266.3730
474,0.60,10.3290,-0.1482,-5.6011,15.9302,137.2155,-156.4039,5351.2285,5351.2285
475,0.59,10.1680,+0.6409,-5.6074,15.7754,122.4625,-159.9393,5627.9453,5627.9453
476,0.59,10.4631,-0.1597,-5.6022,16.0653,87.1391,-157.4330,5466.0879,5466.0879
477,0.60,10.8812,-0.0275,-5.5823,16.4635,112.0397,-157.2168,5474.7178,5474.7178
478,0.57,10.9520,+0.2281,-5.5724,16.5244,123.6346,-154.0065,5267.0610,5267.0610
479,0.59,10.2554,+0.0454,-5.6021,15.8575,126.7961,-155.1289,5287.5742,5287.5742
480,0.59,11.0620,+0.0504,-5.5639,16.6259,121.0027,-155.4135,5351.0718,5351.0718
481,0.59,11.4111,+0.3717,-5.5569,16.9680,93.5182,-154.3411,5276.1475,5276.1475
482,0.59,10.9083,+0.2250,-5.5970,16.5053,152.4620,-157.0745,5419.1074,5419.1074
483,0.58,10.7955,-0.6124,-5.5762,16.3717,109.6029,-158.8242,5512.6787,5512.6787
484,0.56,10.0910,+0.0767,-5.5751,15.6661,94.2498,-160.2616,5615.9150,5615.9150
485,0.57,10.0902,-0.5001,-5.5956,15.6857,82.7207,-158.5136,5520.7676,5520.7676
486,0.58,9.6111,+0.0010,-5.6095,15.2206,64.0293,-159.1721,5527.0156,5527.0156
487,0.58,9.9545,+0.3457,-5.6393,15.5938,77.7026,-159.6476,5584.6035,5584.6035
488,0.61,10.6573,+0.2617,-5.6072,16.2645,118.9594,-160.8603,5688.1650,5688.1650
489,0.58,10.1568,+0.1497,-5.6013,15.7581,111.6493,-158.9677,5504.9307,5504.9307
490,0.57,10.5108,+0.2118,-5.6021,16.1130,149.7678,-159.0339,5559.1826,5559.1826
491,0.58,9.8463,-0.2685,-5.5846,15.4309,142.9040,-160.5013,5612.7676,5612.7676
492,0.60,9.4381,+0.1499,-5.5747,15.0128,106.4110,-159.7515,5511.7676,5511.7676
493,0.60,9.1933,+0.2109,-5.5640,14.7572,107.0067,-160.7202,5595.4951,5595.4951
494,0.60,10.5076,+0.1688,-5.5249,16.0324,118.2945,-161.3267,5705.9678,5705.9678
495,0.60,9.8160,-0.3444,-5.5905,15.4065,107.7543,-158.4306,5477.6279,5477.6279
496,0.58,10.0202,-0.4910,-5.6006,15.6208,134.2646,-161.5649,5740.3306,5740.3306
497,0.62,9.9432,-0.3880,-5.5902,15.5334,84.9525,-160.9614,5666.2529,5666.2529
498,0.58,10.1333,-0.0527,-5.6103,15.7436,99.9111,-161.2059,5665.9648,5665.9648
499,0.59,10.2781,+0.0127,-5.6036,15.8817,111.6159,-161.8119,5717.4727,5717.4727
500,0.60,9.2194,-0.1911,-5.6063,14.8257,116.1169,-164.5639,5840.6367,5840.6367
501,0.52,9.4692,+0.5535,-5.5628,15.0320,89.4490,-162.9626,5738.1904,5738.1904
502,0.55,9.4783,-0.3408,-5.5592,15.0374,71.1208,-161.3374,5640.0703,5640.0703
503,0.56,9.8976,+0.2295,-5.6031,15.5007,65.2758,-161.9384,5705.4829,5705.4829
504,0.55,9.2627,+0.6891,-5.6002,14.8629,80.0704,-162.8318,5703.8003,5703.8003
505,0.57,8.9258,+0.4716,-5.5657,14.4915,84.9401,-161.7984,5603.8213,5603.8213
506,0.56,9.2145,+0.8503,-5.5822,14.7967,86.5034,-161.4635,5615.2559,5615.2559
507,0.57,8.8210,+0.3661,-5.6037,14.4247,61.3775,-164.2757,5781.1758,5781.1758
508,0.57,8.7722,+0.0082,-5.6245,14.3967,60.3299,-159.3767,5452.9668,5452.9668
509,0.55,8.3768,-0.0249,-5.6208,13.9976,62.2797,-160.6847,5502.4121,5502.4121
510,0.58,8.5750,+0.2902,-5.5843,14.1593,68.4881,-159.0496,5431.6064,5431.6064
511,0.58,8.6933,-0.1347,-5.5907,14.2840,79.5557,-160.1633,5501.9346,5501.9346
512,0.56,8.7354,+0.1980,-5.5941,14.3295,89.7257,-160.0197,5496.4995,5496.4995
513,0.56,9.1597,-0.0719,-5.6058,14.7655,65.7058,-163.2468,5752.1143,5752.1143
514,0.56,8.5053,+0.4269,-5.5935,14.0987,91.9672,-167.1415,5997.1050,5997.1050
515,0.56,8.3051,+0.3205,-5.5956,13.9007,60.0149,-168.9927,6111.4287,6111.4287
516,0.57,8.4704,+0.2042,-5.5985,14.0689,54.2736,-166.1814,5922.6675,5922.6675
517,0.56,8.5905,+0.1562,-5.5858,14.1763,67.6515,-161.3435,5589.6904,5589.6904
518,0.56,8.6375,-0.7357,-5.5806,14.2181,94.3318,-162.1440,5645.1045,5645.1045
519,0.56,7.8959,-0.1889,-5.6190,13.5148,88.2186,-161.3780,5571.9863,5571.9863
520,0.57,9.0696,-0.5883,-5.6186,14.6882,63.9241,-159.3690,5492.0723,5492.0723
521,0.58,8.6020,-0.2429,-5.6171,14.2191,67.7233,-161.6365,5613.2393,5613.2393
522,0.55,8.4112,+0.6006,-5.5975,14.0087,70.8330,-165.6236,5882.8789,5882.8789
523,0.54,8.4282,-0.1164,-5.5891,14.0173,58.3903,-166.5413,5934.0366,5934.0366
524,0.57,8.2059,+0.6899,-5.6193,13.8251,51.7198,-162.0972,5649.2603,5649.2603
525,0.57,8.2326,+0.3188,-5.6169,13.8495,67.4496,-164.0428,5812.1016,5812.1016
526,0.56,7.4382,-0.3370,-5.6079,13.0461,59.9746,-162.0553,5610.6450,5610.6450
527,0.57,7.3111,-0.4379,-5.6171,12.9283,62.4658,-163.9336,5760.6484,5760.6484
528,0.58,7.9680,+0.1147,-5.6334,13.6014,53.3469,-163.0639,5721.0557,5721.0557
529,0.57,8.3863,+0.2196,-5.6465,14.0328,61.3087,-162.8735,5704.5278,5704.5278
530,0.57,7.8303,+0.9432,-5.6479,13.4782,60.8551,-164.6059,5814.3677,5814.3677
531,0.55,7.0217,-0.0234,-5.6269,12.6486,50.1823,-166.1410,5870.0254,5870.0254
532,0.57,8.1230,+0.9189,-5.6285,13.7515,187.3084,-163.4499,5722.8804,5722.8804
533,0.58,7.6975,+0.1554,-5.6252,13.3227,76.6532,-164.1617,5730.6460,5730.6460
534,0.57,7.4657,+0.2457,-5.6416,13.1073,69.2628,-167.4864,5963.5137,5963.5137
535,0.57,7.9653,-0.2600,-5.6408,13.6062,86.5138,-163.2932,5690.1885,5690.1885
536,0.55,7.7218,+0.4435,-5.6318,13.3537,68.8773,-163.4746,5671.3667,5671.3667
537,0.56,6.9999,+0.6308,-5.6250,12.6249,55.6131,-165.9864,5812.1670,5812.1670
538,0.56,7.6692,+0.8846,-5.6304,13.2996,53.3206,-165.8129,5827.3486,5827.3486
539,0.58,7.8790,+0.1324,-5.6237,13.5027,122.8573,-165.4171,5809.5576,5809.5576
540,0.57,7.4241,+0.3666,-5.5841,13.0082,95.3549,-162.8388,5575.2183,5575.2183
541,0.56,7.5871,+0.6004,-5.5930,13.1801,76.3201,-164.4778,5712.8994,5712.8994
542,0.58,7.7921,+0.5059,-5.6057,13.3978,56.3322,-163.9846,5682.1235,5682.1235
543,0.60,8.2979,+0.0989,-5.5958,13.8937,206.1448,-165.8691,5876.5991,5876.5991
544,0.56,7.6767,+0.3243,-5.6106,13.2873,55.4721,-166.1504,5847.0923,5847.0923
545,0.57,7.8643,-0.2690,-5.5841,13.4484,56.5176,-164.8409,5753.6738,5753.6738
546,0.58,7.9546,+0.0721,-5.6057,13.5603,45.3299,-162.7390,5603.1074,5603.1074
547,0.57,7.5371,-0.1282,-5.5858,13.1229,67.7542,-169.1628,6039.4805,6039.4805
548,0.59,7.2674,-0.5819,-5.6186,12.8860,62.5249,-167.0912,5885.7334,5885.7334
549,0.59,7.3377,+0.1054,-5.6305,12.9683,53.7831,-167.6349,5922.6182,5922.6182
550,0.56,7.0548,+0.2348,-5.6429,12.6976,49.3442,-165.5480,5808.0957,5808.0957
551,0.58,6.7604,-0.0297,-5.6409,12.4013,56.5701,-166.5877,5869.2017,5869.2017
552,0.57,7.3295,-0.4010,-5.6522,12.9817,50.3684,-168.1205,6051.3867,6051.3867
553,0.58,7.3176,+0.3736,-5.6318,12.9494,49.4567,-164.8170,5782.7222,5782.7222
554,0.57,7.6112,+0.8274,-5.6335,13.2447,90.2583,-164.0822,5759.4209,5759.4209
555,0.54,7.0715,+0.0160,-5.6464,12.7179,64.1676,-166.0333,5856.5000,5856.5000
556,0.59,6.1479,-0.0192,-5.6200,11.7679,40.1731,-169.4024,6030.9399,6030.9399
557,0.58,7.5547,-0.0699,-5.6196,13.1743,37.0566,-162.6113,5616.6929,5616.6929
558,0.59,7.5736,+0.7212,-5.6501,13.2237,66.4396,-163.7222,5711.3848,5711.3848
559,0.57,6.9519,+0.0104,-5.6815,12.6334,86.1553,-164.0194,5715.2568,5715.2568
560,0.56,6.9386,+0.1732,-5.6812,12.6198,67.3552,-164.9429,5777.2188,5777.2188
561,0.55,6.8222,+0.4124,-5.6640,12.4862,51.3359,-165.4467,5802.4868,5802.4868
562,0.58,6.8229,-0.2908,-5.6728,12.4957,58.5582,-166.6617,5858.3711,5858.3711
563,0.57,6.9131,-0.4140,-5.6420,12.5551,71.2935,-163.6011,5629.2207,5629.2207
564,0.58,7.3380,+0.0523,-5.6397,12.9777,75.0530,-162.7325,5608.5557,5608.5557
565,0.59,7.0981,-0.1492,-5.6299,12.7281,62.4855,-164.6187,5736.8516,5736.8516
566,0.59,6.8152,-0.2032,-5.6488,12.4640,65.1665,-166.9821,5909.6899,5909.6899
567,0.58,6.7987,-0.2839,-5.6245,12.4232,26.3246,-164.5472,5710.6846,5710.6846
568,0.56,7.8668,-0.2878,-5.6292,13.4960,214.6774,-166.6627,5940.0244,5940.0244
569,0.56,6.7512,+0.8461,-5.6320,12.3832,98.2438,-165.5433,5798.2935,5798.2935
570,0.57,6.1542,-0.0253,-5.6092,11.7634,60.6826,-167.0321,5839.0947,5839.0947
571,0.57,6.1990,-0.5995,-5.6122,11.8111,42.0816,-168.5482,5960.9639,5960.9639
572,0.58,6.4911,-0.0974,-5.6344,12.1255,55.6313,-165.5858,5798.0986,5798.0986
573,0.58,7.2903,+0.3750,-5.6183,12.9086,683.8402,-166.8297,5968.1724,5968.1724
574,0.58,6.6003,-0.2600,-5.6371,12.2374,54.5131,-166.7362,5931.6172,5931.6172
575,0.58,6.0982,-0.3872,-5.6439,11.7421,46.1485,-165.1049,5751.3057,5751.3057
576,0.57,6.8709,-0.6179,-5.6398,12.5107,116.9173,-165.7095,5859.8652,5859.8652
577,0.58,6.5915,-0.3941,-5.6627,12.2542,139.9332,-164.7847,5759.6973,5759.6973
578,0.56,6.0231,-0.5377,-5.6599,11.6830,52.2464,-171.0276,6133.6963,6133.6963
579,0.57,6.2633,+0.4901,-5.5951,11.8584,53.0664,-167.4263,5873.8330,5873.8330
580,0.57,6.2906,+0.0669,-5.6200,11.9107,58.5498,-174.6764,6411.4473,6411.4473
581,0.57,6.4582,-0.0624,-5.6167,12.0749,44.7976,-169.5582,6020.5903,6020.5903
582,0.58,6.9397,+0.2149,-5.6151,12.5548,467.6747,-168.3919,5982.8721,5982.8721
583,0.59,5.7394,+0.2302,-5.6571,11.3964,44.9842,-167.2037,5866.8262,5866.8262
584,0.59,5.4476,+0.2534,-5.6567,11.1043,43.2053,-166.3776,5768.7412,5768.7412
585,0.58,6.9329,+2.1389,-5.6226,12.5555,399.5987,-167.3746,5957.8164,5957.8164
586,0.57,11.4118,-1.3529,-5.6556,17.0673,7259.1992,-167.0060,6107.7505,6107.7505
587,0.58,5.7105,+0.5477,-5.6685,11.3790,53.0521,-165.5604,5776.7432,5776.7432
588,0.57,6.1456,-0.0841,-5.6635,11.8091,55.9788,-164.0965,5685.3789,5685.3789
589,0.57,6.4106,-0.3940,-5.6450,12.0557,82.7846,-165.5897,5797.5981,5797.5981
590,0.57,6.5266,-0.1308,-5.6251,12.1517,148.8673,-168.2706,5986.6484,5986.6484
591,0.57,6.8596,-2.4589,-5.6124,12.4719,443.6052,-167.7155,5950.0605,5950.0605
592,0.59,6.0899,-0.4005,-5.6129,11.7028,47.4818,-167.4050,5881.3735,5881.3735
593,0.58,6.0976,+0.0637,-5.6314,11.7290,51.2195,-170.5968,6111.0381,6111.0381
594,0.56,5.4518,+0.1687,-5.6570,11.1087,61.2573,-166.3193,5802.1836,5802.1836
595,0.59,6.1776,-0.5549,-5.6656,11.8432,159.5486,-166.2386,5852.8779,5852.8779
596,0.58,5.5894,-0.2202,-5.6592,11.2487,51.4912,-168.8871,5989.3569,5989.3569
597,0.58,6.0431,+1.0735,-5.6583,11.7014,50.7615,-164.6224,5687.4526,5687.4526
598,0.57,5.2228,+0.2797,-5.6642,10.8870,41.3352,-169.1636,5974.6899,5974.6899
599,0.57,5.4346,-0.0234,-5.6497,11.0843,48.6416,-170.3460,6057.0254,6057.0254
600,0.58,6.2077,+0.0076,-5.6293,11.8370,140.3937,-166.4340,5823.4292,5823.4292
601,0.54,5.1888,+0.0130,-5.6648,10.8536,57.7314,-165.2307,5686.9385,5686.9385
602,0.56,5.3990,-0.1377,-5.6628,11.0618,79.5294,-166.3248,5804.6260,5804.6260
603,0.55,5.8591,+0.0365,-5.6769,11.5361,55.8969,-166.7349,5844.5664,5844.5664
604,0.54,5.6568,-0.0621,-5.6662,11.3229,54.8587,-164.1259,5633.3184,5633.3184
605,0.53,6.6305,+0.9660,-5.6714,12.3019,122.4224,-166.1086,5808.0127,5808.0127
606,0.55,5.7887,+0.0700,-5.6824,11.4710,61.6494,-166.5543,5810.2695,5810.2695
607,0.54,6.2934,-0.0361,-5.6758,11.9692,66.1790,-166.7018,5840.8887,5840.8887
608,0.56,6.4059,-0.4649,-5.6859,12.0919,57.4396,-162.6368,5584.5342,5584.5342
609,0.55,5.8602,-0.1837,-5.6402,11.5004,65.3418,-167.1152,5862.4736,5862.4736
610,0.55,5.4600,+0.0056,-5.6788,11.1388,62.9097,-164.3928,5682.2773,5682.2773
611,0.55,5.7413,-0.3499,-5.6831,11.4245,53.6450,-168.7649,6014.6929,6014.6929
612,0.53,5.9936,-0.0560,-5.6953,11.6889,73.3497,-166.2957,5795.3506,5795.3506
613,0.55,5.6469,-0.4511,-5.6701,11.3170,55.6649,-166.9700,5852.9316,5852.9316
614,0.55,5.4513,+0.0418,-5.6729,11.1242,56.6481,-166.6750,5796.2578,5796.2578
615,0.54,5.3720,+0.1726,-5.6675,11.0395,66.2073,-168.0965,5907.6104,5907.6104
616,0.56,5.6435,-0.0281,-5.6615,11.3050,57.8858,-171.6450,6127.1758,6127.1758
617,0.57,5.5984,+0.2511,-5.6763,11.2747,66.1586,-170.2230,6053.8291,6053.8291
618,0.55,5.7318,-0.4695,-5.6869,11.4188,55.6563,-167.8124,5933.2871,5933.2871
619,0.56,5.4169,-0.4695,-5.6707,11.0876,62.5548,-168.9456,5993.9258,5993.9258
620,0.57,5.2588,+0.4971,-5.6798,10.9387,56.0041,-167.3887,5870.2397,5870.2397
621,0.55,5.2136,-0.0356,-5.6622,10.8758,63.2512,-167.4982,5851.2861,5851.2861
622,0.54,5.2799,+0.4336,-5.6797,10.9595,57.9422,-165.9613,5751.6392,5751.6392
623,0.53,5.3651,+0.1772,-5.6822,11.0472,49.4919,-166.6673,5766.0176,5766.0176
624,0.55,4.8866,+0.2027,-5.6493,10.5359,59.3660,-167.4242,5785.9395,5785.9395
625,0.54,5.2998,+0.4902,-5.6779,10.9776,48.5674,-170.3186,6003.2881,6003.2881
626,0.56,5.2017,+0.3967,-5.6585,10.8601,64.9959,-173.3587,6204.4463,6204.4463
627,0.54,5.4430,-0.0746,-5.6631,11.1061,45.1053,-171.5524,6116.1172,6116.1172
628,0.54,5.2358,+0.2454,-5.6941,10.9299,48.3781,-169.1370,5923.9116,5923.9116
629,0.55,5.2340,+0.7873,-5.6887,10.9228,40.4836,-166.4276,5734.5986,5734.5986
630,0.56,5.8350,+0.1109,-5.6752,11.5102,58.7325,-173.3463,6276.5337,6276.5337
631,0.54,5.2377,+0.2215,-5.6921,10.9298,84.8390,-170.9964,6056.4556,6056.4556
632,0.56,5.3284,-0.4173,-5.6819,11.0103,78.7148,-167.6216,5845.7568,5845.7568
633,0.54,5.1222,+0.3784,-5.7160,10.8381,74.4606,-167.6593,5839.8076,5839.8076
634,0.55,5.4106,-0.0082,-5.7047,11.1152,61.1875,-165.2472,5671.1631,5671.1631
635,0.56,5.2457,-0.2470,-5.7140,10.9597,50.0273,-163.4353,5549.9824,5549.9824
636,0.55,5.4243,-0.2425,-5.7067,11.1311,48.0644,-167.5802,5854.7661,5854.7661
637,0.55,5.2764,-0.3231,-5.7059,10.9823,55.1276,-166.5671,5773.5229,5773.5229
638,0.56,5.3556,+0.2029,-5.7040,11.0597,61.2631,-168.5261,5908.4639,5908.4639
639,0.56,5.1306,-0.1001,-5.7068,10.8374,65.6873,-165.9529,5737.0298,5737.0298
640,0.55,4.9722,+0.0609,-5.7206,10.6927,63.3644,-165.0104,5681.1426,5681.1426
641,0.55,4.1679,-0.0258,-5.7253,9.8932,49.1583,-165.6156,5689.2534,5689.2534
642,0.55,4.6439,+0.0434,-5.7196,10.3635,43.4134,-170.3654,6051.5664,6051.5664
643,0.54,5.7216,-0.2093,-5.7422,11.4638,75.4787,-168.7151,5983.3525,5983.3525
644,0.54,4.8819,-0.5752,-5.7445,10.6264,37.0215,-167.1655,5855.5566,5855.5566
645,0.56,4.7054,-0.4420,-5.7237,10.4291,47.2486,-169.6097,6005.9033,6005.9033
646,0.55,4.6094,-0.3202,-5.6975,10.3069,33.4903,-166.1243,5727.6909,5727.6909
647,0.55,4.4178,-0.1983,-5.7114,10.1291,41.1307,-172.4086,6168.8247,6168.8247
648,0.54,4.8379,-0.0206,-5.7279,10.5657,23.2909,-167.9565,5928.5869,5928.5869
649,0.54,4.3451,+0.1085,-5.7372,10.0824,22.9468,-168.9190,5970.1016,5970.1016
650,0.57,4.8750,-0.3489,-5.7333,10.6083,33.2388,-163.2712,5566.7134,5566.7134
651,0.56,4.6109,+0.2125,-5.7256,10.3365,43.7973,-170.0462,5992.7246,5992.7246
652,0.54,4.6644,+0.5262,-5.7248,10.3892,50.7264,-166.9110,5763.1807,5763.1807
653,0.55,5.3347,+0.1484,-5.7323,11.0671,52.2161,-167.3828,5832.1357,5832.1357
654,0.54,4.7898,-0.0444,-5.6959,10.4857,55.2999,-170.4375,6068.5400,6068.5400
655,0.55,4.3850,+0.1906,-5.6976,10.0826,18.1667,-167.2331,5790.0049,5790.0049
656,0.54,4.7851,+0.2246,-5.7109,10.4960,23.8041,-172.7053,6207.7856,6207.7856
657,0.57,4.7433,+0.0164,-5.7340,10.4773,25.3125,-163.6657,5568.8076,5568.8076
658,0.56,4.3482,-0.0173,-5.7384,10.0866,27.6333,-177.2640,6460.0610,6460.0610
659,0.56,5.3251,+0.6438,-5.7523,11.0774,23.7876,-159.4793,5285.2881,5285.2881
660,0.55,5.0533,+0.1535,-5.7593,10.8126,66.6336,-173.1854,6240.9629,6240.9629
661,0.55,5.2411,-0.0255,-5.7247,10.9658,64.0743,-160.6093,5392.0435,5392.0435
662,0.54,4.5610,-0.1838,-5.7378,10.2988,64.2958,-167.8445,5853.9688,5853.9688
663,0.57,5.1922,-0.6252,-5.7468,10.9390,41.7695,-165.7315,5722.0117,5722.0117
664,0.55,4.8340,-0.3483,-5.7436,10.5776,34.3864,-169.0775,5998.2285,5998.2285
665,0.54,5.2999,-0.1761,-5.7404,11.0403,29.7958,-160.4961,5361.9302,5361.9302
666,0.53,5.1012,+0.2019,-5.7729,10.8742,29.6002,-176.4420,6474.1006,6474.1006
667,0.53,4.3237,-0.0114,-5.7603,10.0840,25.2066,-162.5020,5429.9414,5429.9414
668,0.52,4.4384,+0.1588,-5.7576,10.1960,28.0304,-174.8392,6299.9053,6299.9053
669,0.56,4.9189,+0.1880,-5.7486,10.6675,36.3134,-168.9094,5919.7354,5919.7354
670,0.54,4.2412,-0.1264,-5.7281,9.9693,38.1794,-168.0012,5820.8535,5820.8535
671,0.56,4.4799,-0.1406,-5.7165,10.1964,33.7571,-171.7308,6109.7695,6109.7695
672,0.54,4.3041,+0.2127,-5.7257,10.0299,43.4014,-166.0671,5689.4854,5689.4854
673,0.55,4.2975,+0.4846,-5.7036,10.0012,29.5117,-174.4427,6281.9756,6281.9756
674,0.55,4.5863,-0.2560,-5.6908,10.2771,51.2928,-168.2724,5869.5156,5869.5156
675,0.55,5.1160,+0.0644,-5.6755,10.7916,61.2125,-167.8517,5848.5332,5848.5332
676,0.56,5.0543,+0.0253,-5.6900,10.7444,48.5141,-169.0171,5946.6484,5946.6484
677,0.57,4.5764,+0.3755,-5.7118,10.2882,54.2490,-169.6041,5986.5273,5986.5273
678,0.53,4.6816,+0.3204,-5.7242,10.4058,52.1312,-169.8702,5978.6406,5978.6406
679,0.56,4.5343,+0.1838,-5.7071,10.2414,65.1671,-169.0795,5932.4180,5932.4180
680,0.54,4.8344,+0.1461,-5.6742,10.5087,80.9364,-166.7323,5768.3765,5768.3765
681,0.54,4.3836,+0.4327,-5.6909,10.0745,54.4483,-169.7013,5949.1357,5949.1357
682,0.55,4.8630,-0.2423,-5.6896,10.5526,88.7250,-171.7757,6142.9263,6142.9263
683,0.54,4.8395,-0.1148,-5.6968,10.5363,46.2344,-172.7243,6184.3535,6184.3535
684,0.56,4.8319,-0.2151,-5.6757,10.5076,45.0043,-170.8787,6046.3008,6046.3008
685,0.56,4.5893,-0.1702,-5.6747,10.2640,51.9092,-173.5028,6228.1270,6228.1270
686,0.55,4.7387,+0.0434,-5.6919,10.4306,57.1354,-170.6289,6046.3984,6046.3984
687,0.53,4.6077,-0.5168,-5.7042,10.3119,40.4745,-168.9544,5921.8574,5921.8574
688,0.55,4.4188,-0.1523,-5.7393,10.1581,45.0960,-165.6249,5690.6309,5690.6309
689,0.58,4.1713,-0.2845,-5.7295,9.9009,54.6646,-166.3551,5744.6191,5744.6191
690,0.56,4.5714,-0.2453,-5.7384,10.3098,47.6621,-164.1728,5572.5859,5572.5859
691,0.54,4.7099,-0.1754,-5.7498,10.4596,43.2388,-171.8972,6142.0410,6142.0410
692,0.56,3.9551,-0.0302,-5.7533,9.7084,51.9913,-167.4068,5795.6636,5795.6636
693,0.54,4.4749,-0.2603,-5.7394,10.2143,69.4342,-168.7719,5932.7383,5932.7383
694,0.55,4.3116,-0.3738,-5.7615,10.0732,49.7520,-169.1734,5964.2852,5964.2852
695,0.55,4.2365,+0.0388,-5.7598,9.9962,73.7235,-170.2718,6017.6084,6017.6084
696,0.54,4.4966,-0.5013,-5.7347,10.2313,61.3316,-170.7936,6058.7402,6058.7402
697,0.54,4.6101,-0.4258,-5.7219,10.3320,45.7461,-168.9262,5924.5703,5924.5703
698,0.56,4.2026,+0.0383,-5.7372,9.9398,43.2380,-169.2583,5942.0503,5942.0503
699,0.55,3.7882,-0.4458,-5.7469,9.5351,58.0939,-169.2778,5916.8408,5916.8408
700,0.54,4.3825,+1.0240,-5.7236,10.1060,51.8098,-170.5994,6063.3286,6063.3286
701,0.55,3.7389,-0.0078,-5.7306,9.4695,46.0764,-172.4005,6116.0493,6116.0493
702,0.57,3.9237,-0.1574,-5.7419,9.6656,36.5784,-171.3591,6069.6260,6069.6260
703,0.56,4.2185,-0.0052,-5.7589,9.9774,50.4265,-166.4295,5727.1445,5727.1445
704,0.56,3.8025,+0.1215,-5.7559,9.5584,38.5323,-167.3224,5826.6450,5826.6450
705,0.56,4.2191,-0.0008,-5.7346,9.9537,36.3148,-170.5835,6044.5513,6044.5513
706,0.56,3.5770,+0.4860,-5.7437,9.3207,29.2752,-170.3478,5983.1440,5983.1440
707,0.58,4.0006,+0.2297,-5.7583,9.7589,51.5628,-165.4521,5667.5645,5667.5645
708,0.55,4.1171,+0.1634,-5.7295,9.8466,44.7643,-173.7065,6272.0083,6272.0083
709,0.55,3.7870,-0.2998,-5.7042,9.4913,47.2586,-167.9264,5821.1807,5821.1807
710,0.56,3.4500,+0.2122,-5.7102,9.1602,56.5987,-167.8943,5799.2129,5799.2129
711,0.57,3.5036,-0.1635,-5.7059,9.2094,47.8460,-169.5663,5935.3252,5935.3252
712,0.57,4.0750,+0.0862,-5.7088,9.7838,64.8559,-171.3131,6072.1387,6072.1387
713,0.55,3.6558,-0.1653,-5.7135,9.3693,68.7854,-171.1953,6033.8076,6033.8076
714,0.57,3.7220,-0.2080,-5.7124,9.4344,76.4989,-173.9221,6223.8672,6223.8672
715,0.56,3.9889,-0.2797,-5.7185,9.7074,70.6906,-169.2620,5939.7173,5939.7173
716,0.54,3.8460,+0.1628,-5.7110,9.5570,53.4196,-168.9204,5907.5366,5907.5366
717,0.57,3.7459,+0.2046,-5.7168,9.4627,57.5667,-167.7446,5815.3926,5815.3926
718,0.57,4.1326,+0.1845,-5.7237,9.8563,54.6597,-170.0077,5989.5879,5989.5879
719,0.58,3.6151,-0.3980,-5.7227,9.3377,55.9175,-170.8197,6004.6890,6004.6890
720,0.55,3.7093,-0.2322,-5.7089,9.4182,31.4943,-167.1117,5758.8525,5758.8525
721,0.56,3.6543,+0.1110,-5.7161,9.3703,38.4262,-173.2251,6194.0835,6194.0835
722,0.56,4.0531,-0.4752,-5.6669,9.7200,55.7890,-171.7384,6079.5664,6079.5664
723,0.57,4.0248,+0.5207,-5.7095,9.7343,67.6723,-171.7771,6098.9121,6098.9121
724,0.55,3.6711,-0.2775,-5.7113,9.3823,35.6389,-174.5446,6258.5078,6258.5078
725,0.56,3.7399,-0.0024,-5.7296,9.4695,90.0968,-171.3664,6082.6299,6082.6299
726,0.57,3.6405,+0.1365,-5.7116,9.3521,52.2122,-172.6895,6167.9604,6167.9604
727,0.58,3.8007,+0.1679,-5.7286,9.5293,34.1987,-169.9906,5970.2646,5970.2646
728,0.57,4.1296,-0.4014,-5.7301,9.8597,38.2754,-172.4596,6182.5322,6182.5322
729,0.57,3.1614,+0.2306,-5.7493,8.9108,43.1730,-171.4529,6029.0889,6029.0889
730,0.57,3.6890,+0.0915,-5.7382,9.4272,35.8972,-175.0161,6325.7393,6325.7393
731,0.56,3.6322,+0.3008,-5.7543,9.3865,31.6948,-169.7549,5988.5293,5988.5293
732,0.55,3.0373,-0.0689,-5.7341,8.7714,35.0500,-171.3811,6031.8418,6031.8418
733,0.57,3.2492,-0.1304,-5.7339,8.9831,37.0611,-176.8033,6457.7129,6457.7129
734,0.56,4.0291,-0.4358,-5.7284,9.7575,38.7948,-172.9323,6204.3350,6204.3350
735,0.56,3.7300,-0.4648,-5.7296,9.4597,37.4895,-174.8282,6324.5576,6324.5576
736,0.59,3.1397,-0.1284,-5.7152,8.8549,33.5609,-176.9317,6455.5005,6455.5005
737,0.55,3.3839,-0.0708,-5.7206,9.1045,36.3716,-173.6937,6232.1826,6232.1826
738,0.56,3.7946,+0.0531,-5.7273,9.5219,39.0467,-170.9343,6059.2578,6059.2578
739,0.57,3.4463,-0.4015,-5.7229,9.1692,35.1254,-171.1545,6047.9854,6047.9854
740,0.59,2.8268,+0.4956,-5.7318,8.5586,40.5831,-171.8553,6006.0186,6006.0186
741,0.55,3.4610,+0.1367,-5.7344,9.1954,68.0635,-173.3900,6187.9790,6187.9790
742,0.57,3.8524,-0.2043,-5.7287,9.5810,256.1059,-174.3403,6288.0957,6288.0957
743,0.57,2.9451,-0.4565,-5.7428,8.6878,37.0980,-171.0149,5973.0845,5973.0845
744,0.57,3.0162,-0.1288,-5.7244,8.7407,35.3672,-171.8869,6052.8896,6052.8896
745,0.58,3.7653,-3.1109,-5.7342,9.4994,208.7258,-171.2017,6051.5439,6051.5439
746,0.56,3.4405,+0.3504,-5.7127,9.1532,34.2433,-171.3361,6035.9590,6035.9590
747,0.55,2.9863,-0.2677,-5.6900,8.6763,34.7569,-175.9201,6325.9600,6325.9600
748,0.58,5.1888,-1.7332,-5.7171,10.9060,931.4171,-169.3720,6012.5996,6012.5996
749,0.58,3.1843,-0.1844,-5.7337,8.9180,25.7585,-169.7617,5931.0132,5931.0132
750,0.55,3.2723,+0.2037,-5.7527,9.0250,78.6895,-173.7644,6234.9736,6234.9736
751,0.55,3.1625,-0.2252,-5.7520,8.9145,61.4495,-174.5150,6278.9707,6278.9707
752,0.57,3.1585,-0.2434,-5.7563,8.9148,30.5562,-167.4583,5766.1416,5766.1416
753,0.58,3.0000,-0.1137,-5.7336,8.7336,37.7358,-173.0302,6181.2217,6181.2217
754,0.58,3.2997,-0.0103,-5.7474,9.0470,38.3015,-171.9916,6103.5356,6103.5356
755,0.58,3.1771,+0.2630,-5.7562,8.9334,41.3137,-170.5331,5981.5469,5981.5469
756,0.56,3.2653,+0.8406,-5.7697,9.0350,48.6668,-172.5601,6161.7725,6161.7725
757,0.57,2.8790,+0.0584,-5.7911,8.6701,22.6093,-170.2559,5982.4756,5982.4756
758,0.57,2.7611,-0.1175,-5.7720,8.5331,36.6801,-170.9505,6002.1543,6002.1543
759,0.58,2.9701,-0.3769,-5.7768,8.7469,46.3520,-169.2768,5889.6445,5889.6445
760,0.58,3.0053,+0.3146,-5.7614,8.7668,41.4715,-168.9225,5880.6650,5880.6650
761,0.55,2.9715,+0.5595,-5.7158,8.6873,22.8772,-171.1904,6002.7998,6002.7998
762,0.57,3.4582,+0.2916,-5.7590,9.2173,42.2708,-168.7949,5854.2114,5854.2114
763,0.60,3.6372,-0.5483,-5.7788,9.4161,48.7730,-167.8770,5826.6841,5826.6841
764,0.58,3.4928,-0.1721,-5.7336,9.2264,42.5411,-170.3758,5972.6172,5972.6172
765,0.57,3.2991,-0.0924,-5.7338,9.0328,44.9146,-169.1526,5849.9219,5849.9219
766,0.55,3.6934,+0.4919,-5.7275,9.4209,99.5808,-172.7039,6115.6533,6115.6533
767,0.57,3.0622,-0.0645,-5.7517,8.8139,89.2087,-170.5825,5963.1074,5963.1074
768,0.56,2.8374,+0.1671,-5.7419,8.5792,19.9899,-170.6508,5951.4849,5951.4849
769,0.58,3.7213,-0.1348,-5.7261,9.4474,113.4352,-170.5972,5995.8975,5995.8975
770,0.58,3.1935,+0.2437,-5.7507,8.9442,37.8814,-167.3028,5744.7339,5744.7339
771,0.58,3.0128,+0.3121,-5.7609,8.7737,54.5229,-171.8633,6053.7275,6053.7275
772,0.56,2.9500,-0.3489,-5.7715,8.7215,53.4230,-171.3288,6009.1851,6009.1851
773,0.57,3.1915,+0.0463,-5.7410,8.9325,37.7744,-171.9764,6053.9219,6053.9219
774,0.59,3.0070,-0.0086,-5.7507,8.7577,55.1245,-169.7760,5897.8687,5897.8687
775,0.58,3.5635,+0.1892,-5.7808,9.3443,47.6705,-169.9538,5955.4585,5955.4585
776,0.57,3.3847,+0.0795,-5.7460,9.1307,81.6953,-173.0376,6172.8540,6172.8540
777,0.57,3.4694,-0.0098,-5.7415,9.2109,68.3549,-171.5395,6045.5430,6045.5430
778,0.57,2.7325,+0.6789,-5.7914,8.5239,45.4851,-172.6046,6107.8550,6107.8550
779,0.57,2.5750,-0.2307,-5.7643,8.3393,41.4892,-171.7260,6048.7686,6048.7686
780,0.59,2.5787,-0.1426,-5.7642,8.3429,24.1839,-168.1119,5799.9395,5799.9395
781,0.57,3.0014,+0.0006,-5.7704,8.7718,47.5811,-170.5453,5979.4634,5979.4634
782,0.58,3.4340,-0.3691,-5.7506,9.1846,29.3691,-173.0206,6180.6514,6180.6514
783,0.55,2.9517,-0.2409,-5.7687,8.7203,49.9779,-173.7124,6207.8354,6207.8354
784,0.58,3.5693,+0.0181,-5.7557,9.3250,38.9376,-172.8818,6173.1489,6173.1489
785,0.56,3.2620,+0.2900,-5.7085,8.9705,55.2642,-174.1880,6214.5947,6214.5947
786,0.56,3.1894,+0.3649,-5.7203,8.9097,40.7705,-177.4482,6452.7563,6452.7563
787,0.55,3.6537,-0.2778,-5.7071,9.3608,79.4582,-170.2933,5946.0679,5946.0679
788,0.57,3.0047,-0.1877,-5.7341,8.7388,42.9439,-168.1695,5778.3574,5778.3574
789,0.55,3.1765,+0.3246,-5.7344,8.9108,17.6587,-171.6202,6030.5581,6030.5581
790,0.57,3.2988,+0.2230,-5.7466,9.0454,39.7020,-173.4162,6190.5039,6190.5039
791,0.57,3.0316,-0.3651,-5.7310,8.7626,71.9510,-175.5278,6290.8965,6290.8965
792,0.58,3.7802,-0.3507,-5.7189,9.4991,210.7373,-172.1299,6088.3799,6088.3799
793,0.57,3.1205,+0.3103,-5.6884,8.8089,41.3491,-170.9846,5954.1904,5954.1904
794,0.57,2.8717,-0.0641,-5.7026,8.5743,45.2912,-177.2089,6419.1270,6419.1270
795,0.58,3.3266,-0.1732,-5.7104,9.0370,52.9272,-173.2824,6142.8311,6142.8311
796,0.57,3.1198,-0.0781,-5.7138,8.8336,57.4842,-175.6823,6298.4619,6298.4619
797,0.58,3.5221,+0.1948,-5.7157,9.2379,63.8479,-177.3694,6445.5908,6445.5908
798,0.58,2.3259,+0.0532,-5.7417,8.0676,52.4241,-174.6100,6197.9424,6197.9424
799,0.56,2.6381,+0.4241,-5.7238,8.3619,39.5017,-174.9138,6226.6162,6226.6162
800,0.56,2.8527,+0.4544,-5.7281,8.5807,39.1156,-172.9506,6090.1016,6090.1016
801,0.52,2.6437,+0.0650,-5.7297,8.3734,39.7981,-174.9237,6237.7104,6237.7104
802,0.54,2.8799,-0.0336,-5.7467,8.6266,30.8962,-173.7898,6169.2661,6169.2661
803,0.54,2.8574,-0.4453,-5.7251,8.5825,26.9268,-171.8608,6020.0391,6020.0391
804,0.54,2.6918,+0.1920,-5.7399,8.4318,15.0829,-170.8666,5942.2959,5942.2959
805,0.53,2.3556,-0.1562,-5.7406,8.0962,40.6864,-175.3887,6230.4590,6230.4590
806,0.56,2.4906,+0.1899,-5.7482,8.2387,48.5897,-174.0163,6149.3750,6149.3750
807,0.52,3.3168,-0.1327,-5.7520,9.0688,123.1645,-180.3307,6682.3369,6682.3369
808,0.52,2.9534,+0.2862,-5.7562,8.7096,53.6926,-179.2641,6564.3018,6564.3018
809,0.55,3.6285,-0.1863,-5.7526,9.3811,71.6692,-176.9527,6418.1821,6418.1821
810,0.55,3.2641,+0.0565,-5.7635,9.0276,45.3364,-169.7434,5911.8203,5911.8203
811,0.55,2.3751,+0.1448,-5.7673,8.1424,17.2020,-172.2265,6049.4971,6049.4971
812,0.54,2.6227,+0.0284,-5.7858,8.4085,34.7116,-178.1378,6474.5889,6474.5889
813,0.55,3.2963,-0.2857,-5.7795,9.0758,43.0160,-171.7489,6027.1880,6027.1880
814,0.56,2.6150,+0.2276,-5.7718,8.3869,31.3003,-171.1409,5951.8926,5951.8926
815,0.53,3.1685,+0.1345,-5.7725,8.9410,97.6295,-178.2541,6520.4404,6520.4404
816,0.53,3.0826,-0.2168,-5.7915,8.8741,76.4554,-176.5792,6395.3608,6395.3608
817,0.53,2.4206,+0.0040,-5.7646,8.1851,23.1175,-176.3627,6314.7676,6314.7676
818,0.54,3.3229,+0.2321,-5.7558,9.0787,72.0101,-174.3940,6231.4893,6231.4893
819,0.54,2.5621,+0.1404,-5.7736,8.3357,70.7112,-171.1482,5987.1421,5987.1421
820,0.56,2.6342,-0.1809,-5.7724,8.4067,77.9473,-170.7993,5925.5903,5925.5903
821,0.53,2.6804,+0.4949,-5.7655,8.4460,56.6957,-170.3785,5911.5317,5911.5317
822,0.52,2.3601,+0.2443,-5.7587,8.1187,50.0462,-170.6298,5910.5693,5910.5693
823,0.55,2.6057,-0.0502,-5.7580,8.3636,19.8906,-168.2980,5751.5664,5751.5664
824,0.54,2.8117,+0.0831,-5.7651,8.5768,68.2645,-174.3311,6192.8486,6192.8486
825,0.56,3.0729,+0.5192,-5.7838,8.8567,67.8046,-172.4542,6087.8555,6087.8555
826,0.54,3.3759,-0.0113,-5.7815,9.1574,74.3975,-171.0178,5997.8164,5997.8164
827,0.54,2.8113,-0.2205,-5.7472,8.5584,49.7905,-171.9942,6027.3643,6027.3643
828,0.55,3.6019,+0.1460,-5.7493,9.3511,64.4569,-170.7782,5992.0181,5992.0181
829,0.54,2.9532,-0.2456,-5.7283,8.6815,25.8445,-171.5232,6023.1816,6023.1816
830,0.55,2.8277,+0.3092,-5.7310,8.5587,48.5562,-172.6635,6058.6445,6058.6445
831,0.56,2.8144,+0.1865,-5.7490,8.5634,52.9026,-169.0929,5839.7793,5839.7793
832,0.54,3.2204,-0.2225,-5.7590,8.9795,52.5034,-170.5042,5965.4482,5965.4482
833,0.55,3.0333,-0.2020,-5.7946,8.8279,43.5508,-168.7064,5828.9512,5828.9512
834,0.53,1.8810,+0.3575,-5.8135,7.6945,55.9833,-167.2741,5706.0244,5706.0244
835,0.54,3.1823,+0.0356,-5.8068,8.9891,35.2887,-169.8572,5949.4639,5949.4639
836,0.53,2.5020,-0.1953,-5.8136,8.3156,37.1058,-172.0646,6057.8428,6057.8428
837,0.53,2.3808,+0.0717,-5.8184,8.1992,65.2252,-171.3255,6000.1538,6000.1538
838,0.54,2.3624,-0.3235,-5.7812,8.1437,50.8766,-168.1156,5770.9326,5770.9326
839,0.54,2.5821,-0.0778,-5.7878,8.3699,58.4065,-171.3552,6010.7212,6010.7212
840,0.53,2.3963,+0.1954,-5.7792,8.1755,22.0054,-172.0120,6054.9043,6054.9043
841,0.54,3.1803,-0.3303,-5.8071,8.9874,78.1258,-171.9118,6108.1851,6108.1851
842,0.54,3.1119,+0.0719,-5.8048,8.9166,41.6772,-172.5970,6155.0273,6155.0273
843,0.51,2.1278,-0.3875,-5.7874,7.9153,26.1641,-170.8810,5956.3906,5956.3906
844,0.55,2.7113,-0.0053,-5.8131,8.5244,60.9847,-172.9790,6111.6865,6111.6865
845,0.54,2.7741,-0.0429,-5.7992,8.5733,34.8099,-174.5231,6202.2524,6202.2524
846,0.55,2.9377,-0.6706,-5.7668,8.7045,137.7315,-171.9048,6027.4336,6027.4336
847,0.53,3.1568,+0.5231,-5.7604,8.9172,91.9753,-170.3840,5924.9746,5924.9746
848,0.53,2.6960,-0.0555,-5.7793,8.4752,62.3100,-170.1734,5892.0762,5892.0762
849,0.53,2.9110,+0.2913,-5.8192,8.7302,51.7418,-171.3795,6014.0762,6014.0762
850,0.54,3.1788,-0.1094,-5.8158,8.9946,59.2148,-169.6780,5919.9395,5919.9395
851,0.53,2.5962,+0.2752,-5.7990,8.3953,44.8258,-173.1616,6124.3691,6124.3691
852,0.55,2.2207,+0.6617,-5.7759,7.9966,51.0871,-169.5450,5849.1196,5849.1196
853,0.55,3.0058,+0.1664,-5.7982,8.8040,52.1056,-169.7371,5952.5840,5952.5840
854,0.54,2.8055,-0.1071,-5.7959,8.6015,50.6638,-171.1884,6027.7705,6027.7705
855,0.54,3.4659,-1.0426,-5.7704,9.2363,353.5167,-169.5293,5973.3574,5973.3574
856,0.54,2.2851,+0.0601,-5.7668,8.0518,41.5988,-170.8885,5987.0879,5987.0879
857,0.54,2.9469,+0.2649,-5.7755,8.7223,198.0405,-176.2452,6401.3228,6401.3228
858,0.55,3.1668,-0.0111,-5.7903,8.9571,81.3689,-173.2095,6204.2554,6204.2554
859,0.54,3.0845,-0.5874,-5.7974,8.8819,86.5193,-171.9991,6090.6240,6090.6240
860,0.55,2.7474,-0.1111,-5.8118,8.5591,55.9067,-173.6416,6194.0000,6194.0000
861,0.53,2.4425,+0.3832,-5.8138,8.2562,33.3434,-171.7349,6069.3125,6069.3125
862,0.55,2.7060,+0.3071,-5.7838,8.4898,75.6783,-169.5617,5870.1772,5870.1772
863,0.55,2.5226,+0.1464,-5.7640,8.2867,50.1443,-171.9363,6056.8184,6056.8184
864,0.55,2.1349,-0.4411,-5.7715,7.9064,60.3918,-174.5500,6207.4985,6207.4985
865,0.57,4.2522,-0.1949,-5.7781,10.0303,1091.8657,-169.5391,5979.5640,5979.5640
866,0.54,2.5089,+0.1715,-5.7721,8.2810,28.2199,-170.3054,5940.3584,5940.3584
867,0.56,2.6019,+0.1148,-5.7802,8.3821,52.8503,-168.3965,5793.3682,5793.3682
868,0.54,2.9159,+0.6581,-5.7837,8.6996,84.9124,-167.7115,5744.5781,5744.5781
869,0.55,2.5198,+0.4679,-5.8064,8.3262,55.2894,-169.3285,5855.9067,5855.9067
870,0.53,2.2147,+0.1241,-5.7904,8.0051,39.7947,-169.1087,5844.8677,5844.8677
871,0.54,2.3918,-0.5593,-5.7802,8.1720,90.2138,-171.9584,6023.8496,6023.8496
872,0.55,2.7507,-0.0598,-5.7591,8.5098,82.3331,-170.0519,5905.1143,5905.1143
873,0.55,2.4483,+0.1975,-5.7882,8.2365,49.3342,-173.7138,6151.0103,6151.0103
874,0.54,2.5337,-0.0837,-5.7858,8.3195,65.7611,-171.4059,5993.0635,5993.0635
875,0.55,2.8032,-0.1112,-5.7817,8.5849,57.6712,-172.2343,6082.4956,6082.4956
876,0.56,2.9619,-0.1747,-5.7694,8.7313,41.6034,-170.7609,5952.9854,5952.9854
877,0.56,2.3922,+0.0562,-5.7514,8.1435,37.2647,-175.2272,6232.3315,6232.3315
878,0.55,2.2468,-0.2330,-5.7280,7.9748,48.8053,-175.7562,6266.1943,6266.1943
879,0.55,2.7317,+0.3336,-5.7281,8.4597,45.7700,-174.3088,6187.4897,6187.4897
880,0.56,2.3627,-0.0671,-5.7412,8.1038,49.3615,-174.1414,6178.0181,6178.0181
881,0.55,2.3144,-0.0475,-5.7728,8.0872,46.7474,-170.1771,5890.8223,5890.8223
882,0.54,2.9309,+0.1087,-5.7754,8.7063,132.7727,-173.8140,6192.5410,6192.5410
883,0.55,3.0986,-0.3162,-5.7378,8.8364,59.6983,-175.0464,6263.4033,6263.4033
884,0.55,2.9760,-0.1111,-5.7576,8.7336,56.3985,-172.1365,6067.0664,6067.0664
885,0.54,3.1795,-0.2565,-5.7551,8.9345,43.9484,-169.4902,5870.0103,5870.0103
886,0.54,2.8324,+0.1075,-5.7784,8.6108,59.9365,-172.9493,6074.0503,6074.0503
887,0.55,2.8608,-0.0657,-5.8056,8.6664,64.6806,-171.7330,6020.2173,6020.2173
888,0.53,3.2346,-0.2236,-5.7728,9.0074,43.6420,-172.2956,6077.3154,6077.3154
889,0.57,2.6507,-0.5448,-5.7790,8.4297,55.1072,-171.0752,5970.0654,5970.0654
890,0.55,2.7067,+0.2960,-5.7816,8.4882,57.4194,-169.6570,5877.6572,5877.6572
891,0.54,3.0284,+0.1169,-5.7616,8.7900,61.2903,-174.3320,6201.4731,6201.4731
892,0.54,2.8368,-0.2370,-5.7196,8.5564,57.4958,-172.4991,6050.4966,6050.4966
893,0.54,2.9212,-0.4573,-5.7603,8.6815,74.1538,-176.7959,6388.9424,6388.9424
894,0.54,3.0169,-0.2279,-5.7521,8.7690,81.8391,-174.8374,6235.0098,6235.0098
895,0.54,3.2998,-0.0165,-5.7625,9.0623,122.1809,-171.4130,6011.3354,6011.3354
896,0.55,2.8192,+0.2381,-5.7895,8.6087,50.8152,-169.8426,5881.1362,5881.1362
897,0.54,2.5138,-0.1272,-5.7796,8.2935,63.8808,-169.8916,5882.4468,5882.4468
898,0.54,2.6146,-0.1315,-5.7797,8.3943,43.2046,-167.5118,5732.4985,5732.4985
899,0.53,2.6470,-0.1541,-5.7916,8.4387,36.2238,-172.9715,6123.8955,6123.8955
900,0.52,2.4511,-0.1700,-5.7763,8.2274,47.0313,-173.5713,6157.6025,6157.6025
901,0.52,2.9481,+0.3320,-5.7918,8.7399,57.7153,-172.3571,6112.4375,6112.4375
902,0.53,2.9627,+0.0899,-5.7858,8.7485,146.8808,-172.4005,6067.1396,6067.1396
903,0.54,2.6154,+0.1152,-5.7964,8.4118,46.8535,-172.7280,6078.4448,6078.4448
904,0.56,3.0019,+0.3021,-5.7865,8.7884,165.3710,-172.0276,6024.2769,6024.2769
905,0.53,2.8043,+0.1383,-5.7893,8.5935,52.3986,-172.6575,6064.6099,6064.6099
906,0.56,3.2009,+0.0907,-5.8026,9.0036,45.0597,-173.0380,6122.8726,6122.8726
907,0.53,3.1491,+0.0539,-5.7783,8.9274,167.3267,-172.2219,6056.4648,6056.4648
908,0.54,2.5855,-0.1639,-5.7770,8.3625,30.2636,-171.7249,5987.0928,5987.0928
909,0.53,3.3514,+0.2289,-5.7586,9.1100,255.7084,-172.7018,6103.3774,6103.3774
910,0.55,2.5112,-0.2720,-5.7661,8.2773,53.3418,-172.7085,6038.9907,6038.9907
911,0.54,2.4476,+0.5660,-5.7944,8.2420,41.4384,-172.3255,6018.8877,6018.8877
912,0.53,2.7460,-0.3271,-5.7922,8.5382,52.2139,-171.7979,5973.0884,5973.0884
913,0.54,2.8805,-0.0144,-5.8235,8.7040,53.4939,-171.7206,5992.8164,5992.8164
914,0.55,2.8502,-0.3865,-5.7933,8.6435,53.3869,-172.7583,6078.0908,6078.0908
915,0.53,2.7532,+0.1300,-5.7997,8.5529,50.3083,-172.3262,6048.4844,6048.4844
916,0.54,2.7968,+0.4781,-5.8276,8.6243,61.9791,-172.5438,6085.0664,6085.0664
917,0.55,2.2723,+0.2957,-5.8243,8.0967,38.8577,-169.9520,5841.0479,5841.0479
918,0.53,2.1933,+0.1139,-5.8356,8.0289,41.9143,-169.9384,5843.6182,5843.6182
919,0.56,2.4641,+0.4395,-5.8333,8.2973,38.0266,-170.3569,5881.0439,5881.0439
920,0.54,2.8063,+0.0017,-5.8082,8.6145,51.9773,-173.7941,6162.9834,6162.9834
921,0.54,2.3784,-0.1010,-5.8175,8.1959,48.7541,-169.0620,5806.1436,5806.1436
922,0.56,2.4693,-0.2139,-5.8050,8.2742,40.4583,-171.0042,5946.9043,5946.9043
923,0.55,2.4251,-0.4281,-5.7755,8.2005,43.3714,-174.4756,6158.2808,6158.2808
924,0.54,2.4923,+0.1654,-5.7638,8.2561,33.7231,-173.6395,6081.5669,6081.5669
925,0.55,2.4602,-0.0899,-5.7793,8.2395,57.5953,-174.7202,6201.2764,6201.2764
926,0.56,3.1266,-0.2484,-5.7633,8.8899,135.7835,-166.0564,5618.1577,5618.1577
927,0.53,2.8447,+0.0959,-5.7671,8.6118,80.5321,-168.4818,5778.8413,5778.8413
928,0.57,2.4884,-0.1190,-5.7651,8.2534,38.4999,-171.8601,5980.5674,5980.5674
929,0.54,2.5361,-0.3563,-5.7615,8.2976,33.4605,-174.6866,6179.2598,6179.2598
930,0.54,2.2940,-0.3837,-5.7563,8.0503,42.5609,-174.3153,6160.2100,6160.2100
931,0.55,2.3147,-0.3252,-5.7446,8.0593,55.7046,-177.8219,6394.5278,6394.5278
932,0.56,2.2833,+0.0522,-5.7455,8.0287,25.4254,-169.7905,5828.3691,5828.3691
933,0.55,2.5879,-0.0831,-5.7370,8.3249,39.5953,-172.2444,6018.4639,6018.4639
934,0.55,2.2955,-0.1791,-5.7494,8.0450,17.8401,-174.3931,6149.9297,6149.9297
935,0.56,2.2459,-0.0392,-5.7943,8.0402,15.0970,-171.0591,5887.7959,5887.7959
936,0.56,2.5498,-0.3423,-5.8004,8.3502,76.1197,-173.5112,6108.4287,6108.4287
937,0.55,2.2430,+0.4771,-5.8470,8.0900,35.5499,-171.5545,5942.0088,5942.0088
938,0.53,2.7876,+0.5718,-5.8188,8.6063,50.0077,-170.0159,5867.3418,5867.3418
939,0.53,2.6637,+0.2450,-5.8295,8.4933,53.6072,-172.0858,5991.1660,5991.1660
940,0.55,2.8869,-0.2037,-5.8153,8.7022,58.6560,-172.5756,6037.1782,6037.1782
941,0.55,2.4734,-0.0644,-5.8326,8.3059,39.7783,-170.9339,5923.3105,5923.3105
942,0.55,1.9796,-0.1250,-5.8195,7.7991,31.1846,-169.0500,5762.6963,5762.6963
943,0.55,2.1846,-0.4410,-5.7984,7.9830,19.8696,-169.8122,5838.6758,5838.6758
944,0.54,2.1359,-0.0384,-5.8669,8.0028,34.1866,-169.9444,5872.1104,5872.1104
945,0.54,1.8066,-0.5337,-5.8428,7.6494,12.2677,-168.2242,5711.0259,5711.0259
946,0.55,2.3421,+0.0593,-5.8420,8.1841,16.8382,-179.8390,6549.2334,6549.2334
947,0.55,2.0322,-0.1378,-5.8332,7.8654,9.3309,-163.8301,5411.6797,5411.6797
948,0.54,2.7937,-0.4123,-5.8197,8.6134,17.0000,-183.8499,6904.8652,6904.8652
949,0.56,2.4660,+0.1282,-5.8313,8.2972,18.9335,-162.8140,5382.5625,5382.5625
950,0.56,2.3391,+0.2537,-5.8191,8.1582,18.9729,-183.4537,6837.1045,6837.1045
951,0.54,1.9690,-0.0399,-5.8136,7.7827,29.7327,-162.1682,5269.3145,5269.3145
952,0.55,2.1149,+0.0350,-5.7901,7.9050,17.2166,-182.4157,6692.7217,6692.7217
953,0.55,2.2514,+0.3366,-5.8059,8.0572,9.0371,-166.2477,5598.8691,5598.8691
954,0.55,2.5554,+0.1804,-5.8009,8.3563,14.6389,-187.9750,7199.6431,7199.6431
955,0.55,2.0928,-0.0933,-5.7991,7.8920,23.6263,-167.7062,5755.6338,5755.6338
956,0.55,2.1193,-0.2434,-5.7844,7.9037,14.7572,-167.3554,5723.9834,5723.9834
957,0.54,2.0499,-0.2614,-5.8031,7.8530,21.1449,-183.9075,6876.6230,6876.6230
958,0.57,2.0430,+0.1818,-5.8041,7.8470,12.0076,-168.4823,5766.6631,5766.6631
959,0.55,2.4017,-0.2453,-5.8034,8.2051,12.0390,-181.7630,6718.0493,6718.0493
960,0.54,1.9256,-0.3865,-5.8135,7.7390,8.8857,-163.8171,5482.3145,5482.3145
961,0.56,2.2869,+0.1806,-5.8127,8.0996,13.0951,-186.4451,7096.2617,7096.2617
962,0.58,2.3326,-0.4948,-5.8091,8.1416,17.4725,-175.5235,6288.5312,6288.5312
963,0.55,2.1975,-0.4294,-5.8186,8.0160,24.7527,-175.5972,6263.0557,6263.0557
964,0.56,2.4485,+0.2274,-5.8565,8.3050,44.6909,-164.5169,5540.5225,5540.5225
965,0.55,1.7190,-0.4704,-5.8343,7.5532,10.4495,-173.0085,6096.1377,6096.1377
966,0.55,1.7128,-0.4068,-5.8221,7.5349,18.4783,-180.6648,6583.6133,6583.6133
967,0.56,1.8792,+0.4064,-5.8394,7.7186,16.2543,-168.0502,5743.0557,5743.0557
968,0.55,1.8916,-0.1249,-5.8268,7.7184,18.2069,-179.9147,6559.5234,6559.5234
969,0.56,2.0446,+0.0867,-5.8057,7.8503,25.8867,-172.1451,5996.0049,5996.0049
970,0.55,1.7433,-0.4623,-5.8312,7.5745,15.3521,-176.2996,6305.0752,6305.0752
971,0.54,1.9959,-0.0171,-5.8421,7.8380,13.9925,-172.1284,6004.7485,6004.7485
972,0.53,1.7387,-0.3040,-5.8668,7.6055,22.9956,-168.5607,5775.8110,5775.8110
973,0.55,1.6825,-0.1910,-5.8500,7.5325,16.1560,-169.1603,5814.9585,5814.9585
974,0.56,1.2056,-0.0657,-5.8328,7.0384,8.3609,-176.7109,6288.5674,6288.5674
975,0.57,1.6015,-0.1855,-5.8242,7.4258,9.5918,-168.4425,5731.5923,5731.5923
976,0.56,1.8248,+0.1024,-5.8294,7.6542,7.9882,-177.4351,6383.4580,6383.4580
977,0.56,2.2562,+0.1601,-5.8372,8.0934,10.8653,-162.9180,5394.0259,5394.0259
978,0.56,1.8569,+0.0468,-5.8220,7.6789,25.2248,-180.2296,6584.0889,6584.0889
979,0.57,1.4652,-0.0564,-5.8317,7.2969,19.0212,-163.3981,5389.0029,5389.0029
980,0.58,1.8114,+0.3715,-5.8538,7.6652,21.6588,-176.2571,6294.3145,6294.3145
981,0.57,2.0109,+0.1070,-5.8462,7.8571,21.8717,-159.9381,5193.8013,5193.8013
982,0.56,1.6436,+0.7088,-5.8336,7.4773,41.7101,-178.6535,6505.5186,6505.5186
983,0.55,1.1483,+0.1255,-5.8467,6.9951,11.6300,-177.0449,6387.6523,6387.6523
984,0.55,2.3320,+0.0526,-5.8205,8.1525,16.1477,-160.4458,5298.1289,5298.1289
985,0.57,1.5070,-0.1614,-5.8516,7.3586,26.4536,-179.9009,6604.8896,6604.8896
986,0.56,1.2912,+0.3705,-5.8457,7.1370,35.9994,-164.6882,5532.3320,5532.3320
987,0.57,1.4479,+0.2841,-5.8411,7.2889,25.5342,-174.8662,6233.3408,6233.3408
988,0.56,1.9413,-0.1359,-5.8557,7.7970,18.4360,-169.5914,5883.5000,5883.5000
989,0.56,1.6715,+0.2978,-5.8681,7.5396,20.5381,-169.9236,5862.0029,5862.0029
990,0.55,1.6615,-0.1807,-5.8292,7.4907,10.5912,-179.3300,6494.3281,6494.3281
991,0.54,1.5056,-0.4930,-5.8292,7.3349,14.1901,-168.9342,5770.4087,5770.4087
992,0.56,1.4107,-0.6054,-5.8077,7.2184,11.3006,-180.9682,6650.9072,6650.9072
993,0.56,1.2191,-0.1074,-5.8058,7.0249,10.3696,-174.5016,6119.7690,6119.7690
994,0.56,1.4919,+0.2575,-5.8196,7.3114,9.2788,-179.3755,6506.9248,6506.9248
995,0.56,1.4987,+0.4990,-5.8269,7.3256,12.8116,-167.9076,5701.0156,5701.0156
996,0.57,1.7163,+0.0189,-5.8225,7.5388,11.9870,-184.2008,6851.4927,6851.4927
997,0.57,1.7048,-0.1858,-5.8353,7.5401,11.2274,-160.6464,5216.5933,5216.5933
998,0.56,1.3989,-0.2744,-5.8224,7.2213,16.3478,-185.3343,6969.8848,6969.8848
999,0.56,1.5470,-0.3706,-5.8317,7.3787,11.8822,-168.6071,5774.3511,5774.3511
1000,0.57,0.8462,-0.3870,-5.8275,6.6738,7.8339,-172.3817,5994.8506,5994.8506
1001,0.52,1.2095,-0.1614,-5.8370,7.0464,16.6302,-176.1578,6337.2686,6337.2686
1002,0.54,1.2264,-0.2899,-5.8363,7.0627,14.1296,-173.6019,6115.6680,6115.6680
1003,0.55,1.4911,-0.0102,-5.8824,7.3735,18.6924,-167.3822,5703.0273,5703.0273
1004,0.53,1.2874,+0.1060,-5.8551,7.1425,16.7833,-172.2646,6047.4683,6047.4683
1005,0.52,0.9091,+0.0463,-5.8598,6.7690,11.2744,-175.1886,6200.0576,6200.0576
1006,0.52,1.5539,+0.1597,-5.8801,7.4340,14.5629,-167.4837,5678.8984,5678.8984
1007,0.52,1.6544,+0.1077,-5.8769,7.5313,24.6378,-168.5553,5787.7207,5787.7207
1008,0.53,1.4556,-0.0375,-5.8516,7.3072,29.9022,-171.5818,6003.9092,6003.9092
1009,0.52,1.6500,-0.1754,-5.8374,7.4873,36.7972,-174.2357,6202.1206,6202.1206
1010,0.55,1.8886,+0.3398,-5.8426,7.7312,30.3009,-172.4599,6077.1055,6077.1055
1011,0.53,1.6024,+0.1663,-5.7970,7.3993,60.9244,-177.5363,6411.0322,6411.0322
1012,0.52,1.8782,-0.2276,-5.8029,7.6811,20.5936,-173.0489,6084.9917,6084.9917
1013,0.52,1.9655,-0.0155,-5.7998,7.7653,43.7109,-172.8759,6085.7480,6085.7480
1014,0.52,2.0873,+0.3178,-5.8025,7.8898,35.9809,-172.2885,6031.3623,6031.3623
1015,0.52,1.7785,-0.3559,-5.8377,7.6162,34.9845,-171.6386,5988.4814,5988.4814
1016,0.52,2.1626,+0.5852,-5.8519,8.0144,35.6522,-172.7482,6112.6279,6112.6279
1017,0.52,1.4135,-0.1065,-5.8584,7.2719,44.5793,-172.1183,6013.7910,6013.7910
1018,0.50,1.6609,+0.2565,-5.8783,7.5392,39.5467,-178.9733,6536.0630,6536.0630
1019,0.52,1.4271,+0.1542,-5.8620,7.2892,35.3380,-173.1651,6060.2109,6060.2109
1020,0.51,1.7449,+0.0666,-5.8822,7.6271,58.4260,-173.7024,6126.4429,6126.4429
1021,0.52,1.5535,+0.0484,-5.8662,7.4198,66.5163,-172.9203,6056.2295,6056.2295
1022,0.53,1.6477,+0.2430,-5.8848,7.5324,35.0365,-172.1966,6025.7446,6025.7446
1023,0.50,1.6688,+0.2679,-5.9056,7.5744,24.5501,-175.4540,6280.6338,6280.6338
1024,0.53,1.5722,+0.1253,-5.9000,7.4722,37.7139,-173.9038,6164.8125,6164.8125
1025,0.51,1.0926,-0.0152,-5.9037,6.9963,14.6448,-173.4920,6119.6289,6119.6289
1026,0.53,1.5618,-0.0445,-5.8996,7.4614,21.7016,-173.3009,6124.6167,6124.6167
1027,0.53,1.7023,-0.0852,-5.8993,7.6015,18.4236,-167.2788,5699.4702,5699.4702
1028,0.52,1.8659,-0.2160,-5.8852,7.7511,25.5378,-178.1672,6494.0308,6494.0308
1029,0.51,2.3012,+0.0728,-5.8840,8.1853,32.6958,-174.2580,6235.5352,6235.5352
1030,0.53,1.9520,-0.1094,-5.8476,7.7996,27.3328,-175.1574,6263.0322,6263.0322
1031,0.51,1.8105,-0.0992,-5.8209,7.6314,38.1288,-175.7954,6340.7754,6340.7754
1032,0.51,1.7534,+0.1355,-5.8259,7.5793,21.9631,-176.4130,6376.8135,6376.8135
1033,0.53,1.5970,+0.1618,-5.8329,7.4299,21.1331,-177.8071,6423.6226,6423.6226
1034,0.50,2.0827,-0.2274,-5.8219,7.9046,33.0282,-170.1133,5926.1094,5926.1094
1035,0.52,1.3049,+0.2703,-5.8418,7.1467,57.8955,-175.2341,6289.2754,6289.2754
1036,0.52,1.8184,+0.2927,-5.8273,7.6457,32.0147,-176.7882,6388.2466,6388.2466
1037,0.51,1.7754,-0.0640,-5.8293,7.6047,37.0838,-176.4962,6385.7871,6385.7871
1038,0.52,1.7883,-0.2506,-5.8362,7.6245,32.9181,-177.5436,6440.0098,6440.0098
1039,0.52,2.0076,-0.0815,-5.8623,7.8699,47.8276,-173.9035,6197.0645,6197.0645
1040,0.50,1.6549,-0.2899,-5.8678,7.5227,16.2469,-174.4307,6232.1689,6232.1689
1041,0.51,1.3221,-0.0803,-5.8315,7.1536,11.0808,-179.5269,6526.5874,6526.5874
1042,0.51,1.1903,+0.1925,-5.8508,7.0412,10.9146,-171.1005,5914.4043,5914.4043
1043,0.54,0.9184,+0.1427,-5.8612,6.7796,11.0963,-182.9468,6806.0518,6806.0518
1044,0.53,1.1380,-0.4152,-5.8462,6.9842,9.1037,-174.9391,6284.3203,6284.3203
1045,0.53,1.1780,-0.0536,-5.8218,6.9998,13.9021,-176.2238,6349.4746,6349.4746
1046,0.52,1.2440,-0.1621,-5.8414,7.0853,10.7994,-172.9287,6105.9375,6105.9375
1047,0.54,1.3160,-0.0323,-5.8542,7.1702,18.4083,-178.5359,6546.7607,6546.7607
1048,0.50,1.5967,-0.2138,-5.8747,7.4714,28.2054,-168.8226,5865.3711,5865.3711
1049,0.52,1.4448,-0.7599,-5.8672,7.3120,25.4147,-172.5435,6093.8516,6093.8516
1050,0.51,1.7038,-0.3139,-5.8912,7.5950,16.7902,-176.8327,6458.7520,6458.7520
1051,0.53,1.4699,-0.2784,-5.8851,7.3551,13.5440,-176.2439,6409.3730,6409.3730
1052,0.52,1.5987,+0.1451,-5.8849,7.4836,18.4988,-171.6413,6008.9658,6008.9658
1053,0.53,1.2632,-0.1276,-5.8968,7.1599,9.7476,-168.6964,5809.9873,5809.9873
1054,0.52,1.2606,-0.1582,-5.8941,7.1547,11.5973,-185.4822,7068.0928,7068.0928
1055,0.53,1.4629,-0.3380,-5.8851,7.3480,11.3423,-160.9503,5308.6885,5308.6885
1056,0.51,1.0789,-0.0542,-5.8815,6.9605,6.9390,-183.1294,6884.6465,6884.6465
1057,0.53,1.0947,+0.3101,-5.8801,6.9748,5.1898,-165.9567,5626.4575,5626.4575
1058,0.54,1.1542,-0.2347,-5.8667,7.0209,10.4027,-184.0139,6910.8047,6910.8047
1059,0.53,1.1668,+0.1676,-5.8432,7.0100,5.7231,-164.4872,5499.6465,5499.6465
1060,0.54,0.9315,+0.2212,-5.8291,6.7605,11.1433,-186.1964,7050.7500,7050.7500
1061,0.53,1.3360,-0.1411,-5.8501,7.1861,15.0662,-162.8421,5398.2417,5398.2417
1062,0.55,1.3673,+0.1270,-5.8603,7.2277,10.1039,-161.9588,5329.2285,5329.2285
1063,0.53,1.4931,-0.1112,-5.8401,7.3332,17.0816,-181.3924,6723.7012,6723.7012
1064,0.53,0.9002,-0.2442,-5.8593,6.7595,8.5494,-177.4343,6396.5063,6396.5063
1065,0.54,2.0466,-0.1253,-5.8632,7.9098,13.2854,-162.1859,5390.5713,5390.5713
1066,0.54,1.3920,-0.0322,-5.8625,7.2545,39.4250,-178.9393,6561.7646,6561.7646
1067,0.53,1.1442,-0.3117,-5.8697,7.0139,12.6772,-175.6790,6301.0361,6301.0361
1068,0.54,1.1600,-0.1784,-5.8836,7.0436,10.6761,-178.2401,6480.1191,6480.1191
1069,0.53,1.1808,+0.0457,-5.8983,7.0791,20.6260,-169.2236,5847.8081,5847.8081
1070,0.52,1.1139,-0.3292,-5.9036,7.0175,12.4605,-173.0571,6116.1094,6116.1094
1071,0.51,1.0663,-0.1458,-5.8975,6.9639,14.9809,-179.7005,6563.3896,6563.3896
1072,0.53,0.9173,-0.4482,-5.8918,6.8091,13.8902,-171.8063,5953.5020,5953.5020
1073,0.54,0.7485,+0.0113,-5.8877,6.6362,10.6764,-174.5738,6227.8174,6227.8174
1074,0.57,1.1902,-0.1448,-5.9127,7.1029,9.6541,-167.3003,5698.4614,5698.4614
1075,0.54,0.9042,+0.1687,-5.8832,6.7873,8.8363,-181.4146,6695.7637,6695.7637
1076,0.53,1.1616,+0.2887,-5.9026,7.0643,16.0321,-165.5067,5628.2178,5628.2178
1077,0.53,1.0357,-0.1699,-5.9074,6.9431,12.8995,-181.5752,6753.3784,6753.3784
1078,0.54,1.5052,+0.0080,-5.9165,7.4217,21.2368,-162.4978,5396.9839,5396.9839
1079,0.53,1.5210,-0.4177,-5.9037,7.4248,24.8611,-168.7097,5837.3276,5837.3276
1080,0.53,1.1428,-0.3894,-5.8947,7.0375,19.9923,-171.6089,6008.3584,6008.3584
1081,0.53,1.0815,+0.2425,-5.8950,6.9764,8.7421,-180.3625,6655.0703,6655.0703
1082,0.53,1.2936,-0.0776,-5.8953,7.1889,10.9787,-170.2752,5928.4985,5928.4985
1083,0.53,1.0466,+0.1744,-5.9066,6.9532,9.8134,-178.8926,6546.0449,6546.0449
1084,0.51,0.8837,-0.1874,-5.9233,6.8070,9.0194,-166.2289,5630.0225,5630.0225
1085,0.52,1.2387,-0.4351,-5.9296,7.1683,9.4245,-186.0682,7085.9717,7085.9717
1086,0.53,0.9057,+0.0742,-5.9298,6.8355,8.9431,-164.0257,5489.7451,5489.7451
1087,0.54,0.9765,-0.1625,-5.9340,6.9105,15.1269,-181.2724,6743.1006,6743.1006
1088,0.55,0.8889,-0.1622,-5.9205,6.8094,6.0575,-170.0027,5905.6675,5905.6675
1089,0.53,0.8464,+0.0244,-5.9179,6.7643,10.3093,-178.1808,6463.6938,6463.6938
1090,0.53,1.2292,+0.3359,-5.9033,7.1325,13.4406,-168.5202,5816.0254,5816.0254
1091,0.55,0.6564,-0.3861,-5.9322,6.5886,17.1385,-174.5647,6234.3301,6234.3301
1092,0.52,1.1288,-0.1985,-5.9219,7.0507,12.4748,-167.4682,5705.5308,5705.5308
1093,0.54,0.8698,+0.1328,-5.9280,6.7978,8.9952,-171.5620,6021.6445,6021.6445
1094,0.53,1.5071,+0.1320,-5.9115,7.4186,16.9703,-169.8982,5898.5654,5898.5654
1095,0.53,0.9920,+0.0687,-5.8982,6.8902,18.0249,-173.9497,6185.6582,6185.6582
1096,0.54,1.5462,+0.0155,-5.9138,7.4600,25.9430,-176.5498,6407.9253,6407.9253
1097,0.51,0.9029,+0.0176,-5.9145,6.8174,11.0440,-175.5064,6323.0576,6323.0576
1098,0.53,1.0554,-0.1103,-5.9448,7.0002,27.6619,-173.6685,6193.9258,6193.9258
1099,0.53,0.5872,-0.0943,-5.9363,6.5236,9.0875,-172.7222,6105.1670,6105.1670
1100,0.53,0.9284,+0.5114,-5.9092,6.8375,45.3246,-182.9247,6885.0391,6885.0391
1101,0.54,0.6526,-0.2455,-5.9115,6.5641,19.5950,-174.0012,6204.0796,6204.0796
1102,0.53,0.6448,+0.2105,-5.9034,6.5482,28.5676,-178.7806,6541.4990,6541.4990
1103,0.54,1.0745,+0.1201,-5.9308,7.0052,48.4883,-173.6400,6185.0342,6185.0342
1104,0.52,0.7093,+0.1296,-5.9376,6.6468,14.1444,-174.5861,6215.1733,6215.1733
1105,0.55,0.6369,-0.0633,-5.9666,6.6035,17.1950,-172.9424,6108.4214,6108.4214
1106,0.55,1.0848,+0.2220,-5.9178,7.0026,66.4479,-170.9305,5992.4214,5992.4214
1107,0.54,1.0408,+0.0105,-5.9284,6.9692,41.2155,-172.0245,6075.8242,6075.8242
1108,0.54,1.1657,-0.3558,-5.9188,7.0845,60.5268,-172.7335,6135.6113,6135.6113
1109,0.52,0.8528,-0.0387,-5.9284,6.7812,7.2910,-172.3762,6088.5410,6088.5410
1110,0.55,0.6736,-0.2063,-5.9383,6.6119,18.5227,-179.5426,6620.0352,6620.0352
1111,0.52,0.6204,-0.0225,-5.9136,6.5339,9.8898,-175.4521,6258.7241,6258.7241
1112,0.54,0.9441,-0.1913,-5.9256,6.8697,12.4810,-171.4499,5936.9326,5936.9326
1113,0.52,0.7060,-0.0665,-5.9214,6.6274,18.6184,-177.9259,6414.7256,6414.7256
1114,0.53,0.4186,-0.1564,-5.9115,6.3302,6.1076,-173.4081,6093.2939,6093.2939
1115,0.54,0.9141,-0.0267,-5.9313,6.8454,7.6650,-184.5289,6950.3193,6950.3193
1116,0.51,1.1052,+0.2112,-5.9256,7.0308,8.3129,-167.5158,5752.1074,5752.1074
1117,0.56,0.8485,+0.0079,-5.9332,6.7818,21.7277,-175.0909,6347.4580,6347.4580
1118,0.54,0.5255,-0.0269,-5.9342,6.4597,10.2840,-172.6479,6131.9814,6131.9814
1119,0.53,0.8310,+0.1076,-5.9181,6.7491,9.0796,-182.7231,6874.8115,6874.8115
1120,0.55,1.3432,-0.2109,-5.9397,7.2828,92.4156,-172.0062,6143.4390,6143.4390
1121,0.53,0.9011,+0.1337,-5.9648,6.8659,43.0129,-174.2624,6307.6465,6307.6465
1122,0.54,1.3014,-0.0844,-5.9359,7.2373,70.1174,-175.5424,6424.5615,6424.5615
1123,0.53,1.0684,+0.2023,-5.9347,7.0031,31.9050,-175.7358,6436.8818,6436.8818
1124,0.52,0.9266,-0.6504,-5.9434,6.8700,45.7468,-170.8252,6064.8701,6064.8701
1125,0.55,0.6378,+0.2023,-5.9222,6.5599,16.2556,-168.9891,5905.9224,5905.9224
1126,0.54,1.1698,+0.2589,-5.9278,7.0976,27.2796,-171.5732,6105.6807,6105.6807
1127,0.55,0.9519,-0.1389,-5.9348,6.8867,41.0364,-174.4560,6282.5889,6282.5889
1128,0.54,0.7562,+0.1487,-5.9164,6.6725,51.1210,-171.4114,6054.6196,6054.6196
1129,0.54,1.1844,-0.1903,-5.8959,7.0804,37.9514,-171.1567,6033.0488,6033.0488
1130,0.53,0.9043,+0.4541,-5.8943,6.7986,32.7284,-175.4676,6340.9980,6340.9980
1131,0.52,1.9682,+0.0921,-5.8988,7.8670,169.5687,-176.3023,6417.9858,6417.9858
1132,0.54,1.1572,+0.3179,-5.8715,7.0286,32.9310,-178.2477,6506.0024,6506.0024
1133,0.53,0.7099,+0.1008,-5.8595,6.5695,13.8845,-179.1014,6551.3560,6551.3560
1134,0.53,0.7724,+0.1043,-5.8496,6.6220,18.5542,-174.0900,6204.2671,6204.2671
1135,0.55,1.1944,-0.2111,-5.8841,7.0785,27.1896,-176.7042,6400.1636,6400.1636
1136,0.54,1.1167,+0.1592,-5.8829,6.9996,19.5026,-173.3197,6166.1436,6166.1436
1137,0.54,0.7461,+0.2708,-5.8700,6.6160,11.4360,-180.6142,6614.2334,6614.2334
1138,0.53,0.8150,+0.3656,-5.8913,6.7063,25.3724,-175.3914,6288.2041,6288.2041
1139,0.52,1.0526,+0.6273,-5.8889,6.9416,31.3590,-175.2797,6328.0098,6328.0098
1140,0.53,0.8275,+0.4538,-5.8960,6.7235,18.3873,-176.6832,6388.8325,6388.8325
1141,0.53,1.0501,-0.1298,-5.9030,6.9531,32.4146,-172.4420,6133.0728,6133.0728
1142,0.54,0.3026,+0.3315,-5.9004,6.2030,15.2734,-177.0082,6424.4751,6424.4751
1143,0.54,0.7183,-0.0271,-5.8993,6.6176,14.3762,-175.8619,6343.7324,6343.7324
1144,0.53,0.7940,+0.3484,-5.9554,6.7493,11.3271,-168.5816,5809.9834,5809.9834
1145,0.53,0.8223,+0.1940,-5.9435,6.7657,14.4637,-173.8697,6202.8677,6202.8677
1146,0.52,0.8663,+0.3857,-5.9495,6.8158,14.6425,-173.5168,6198.5996,6198.5996
1147,0.54,1.0050,-0.0137,-5.9105,6.9155,11.9405,-173.6648,6208.7012,6208.7012
1148,0.52,1.0606,+0.1911,-5.8997,6.9603,15.2522,-173.5462,6185.1826,6185.1826
1149,0.53,0.9051,+0.0551,-5.9210,6.8261,6.4892,-168.2107,5796.7109,5796.7109
1150,0.54,1.3245,-0.1441,-5.9487,7.2732,57.1090,-180.4812,6704.8584,6704.8584
1151,0.52,1.0509,-0.1699,-5.9647,7.0156,46.7502,-174.7188,6263.2930,6263.2930
1152,0.54,1.1085,-0.4289,-5.9169,7.0254,34.9626,-173.1903,6179.5547,6179.5547
1153,0.54,0.9607,-0.1777,-5.9162,6.8769,38.4595,-175.8042,6338.4668,6338.4668
1154,0.54,0.9293,-0.1331,-5.9071,6.8364,52.1921,-174.0523,6206.9243,6206.9243
1155,0.54,0.9033,-0.0111,-5.9143,6.8177,47.7814,-174.1326,6216.6943,6216.6943
1156,0.53,1.0411,+0.0596,-5.9242,6.9653,65.8242,-170.3226,5962.4565,5962.4565
1157,0.55,0.7252,+0.2581,-5.9310,6.6562,54.4883,-172.2973,6086.5752,6086.5752
1158,0.53,1.0807,-0.0917,-5.9142,6.9949,48.1724,-174.2905,6240.7285,6240.7285
1159,0.55,0.5827,+0.0282,-5.9130,6.4957,41.7850,-173.4671,6134.5811,6134.5811
1160,0.54,1.1708,+0.6827,-5.9241,7.0949,176.9532,-171.1757,6056.8174,6056.8174
1161,0.54,0.8892,+0.5015,-5.9237,6.8130,35.6845,-173.2764,6166.7671,6166.7671
1162,0.54,0.9463,+0.1691,-5.9329,6.8792,44.8637,-171.7241,6074.6460,6074.6460
1163,0.56,3.4655,+0.6259,-5.9364,9.4020,842.0248,-170.1601,6060.4468,6060.4468
1164,0.55,0.5396,+0.5470,-5.9409,6.4805,34.9573,-171.6284,6061.3506,6061.3506
1165,0.53,0.8446,-0.4897,-5.9462,6.7908,26.5860,-172.7848,6182.4414,6182.4414
1166,0.52,0.6948,+0.1689,-5.9474,6.6422,61.4204,-173.7086,6252.3940,6252.3940
1167,0.54,0.7485,-0.1581,-5.9592,6.7077,38.3286,-172.6978,6169.6602,6169.6602
1168,0.54,0.8163,-0.4261,-5.9506,6.7668,37.7017,-171.7948,6075.1709,6075.1709
1169,0.54,1.2683,+0.0563,-5.9421,7.2104,107.2838,-175.0833,6332.4678,6332.4678
1170,0.53,0.4892,-0.0118,-5.9117,6.4009,66.3107,-173.8809,6203.4111,6203.4111
1171,0.55,0.7198,+0.0205,-5.9068,6.6266,67.5447,-174.5522,6245.3550,6245.3550
1172,0.53,0.5887,-0.2289,-5.9306,6.5193,40.1538,-174.3348,6244.0728,6244.0728
1173,0.55,0.6613,-0.5881,-5.9219,6.5832,47.2512,-174.7375,6260.1167,6260.1167
1174,0.53,0.7757,-0.2678,-5.9017,6.6774,38.2210,-175.3358,6329.8389,6329.8389
1175,0.53,-0.3868,-1.4766,-5.9103,5.5235,250.9774,-175.8445,6340.0977,6340.0977
1176,0.54,0.8908,-0.1026,-5.9356,6.8264,33.1055,-173.2339,6215.9248,6215.9248
1177,0.54,1.0729,+0.1584,-5.9338,7.0067,58.2069,-173.8716,6263.5576,6263.5576
1178,0.54,1.0017,+0.3749,-5.9089,6.9106,40.7863,-172.4945,6146.2329,6146.2329
1179,0.54,1.4480,+0.4219,-5.9123,7.3603,265.7221,-173.3795,6233.8477,6233.8477
1180,0.53,0.7788,+0.1816,-5.9046,6.6835,20.7281,-173.7464,6194.4102,6194.4102
1181,0.54,0.9049,+0.0532,-5.9352,6.8400,50.9527,-174.5965,6263.1875,6263.1875
1182,0.53,1.0597,+0.4518,-5.9527,7.0124,89.6005,-175.5955,6332.8423,6332.8423
1183,0.53,0.8415,+0.2460,-5.9076,6.7491,83.3724,-176.4082,6391.7241,6391.7241
1184,0.55,0.6480,-0.3506,-5.9077,6.5558,33.0713,-176.2560,6368.9165,6368.9165
1185,0.56,0.9669,-0.3020,-5.9100,6.8769,21.6037,-175.1514,6312.2090,6312.2090
1186,0.53,0.9315,-0.0510,-5.8826,6.8140,66.9491,-176.7097,6429.2100,6429.2100
1187,0.52,0.9627,-0.0001,-5.9007,6.8634,82.8428,-176.0076,6357.3223,6357.3223
1188,0.52,3.4110,-1.0275,-5.9050,9.3160,2509.9419,-174.8672,6395.8213,6395.8213
1189,0.53,6.0666,+6.8189,-5.9142,11.9809,8105.1504,-174.5661,6526.7930,6526.7930
1190,0.55,0.2239,+0.2860,-5.8996,6.1235,35.3831,-175.9182,6329.8120,6329.8120
1191,0.54,1.1711,+0.3601,-5.8980,7.0691,99.0837,-175.1038,6318.8359,6318.8359
1192,0.54,1.2223,-0.3379,-5.8940,7.1163,37.4810,-173.4868,6203.1035,6203.1035
1193,0.52,9.5754,-4.6698,-5.8964,15.4718,20618.6562,-176.3391,6914.4951,6914.4951
1194,0.53,0.8657,-0.1879,-5.9085,6.7742,42.4205,-175.0436,6279.9883,6279.9883
1195,0.54,1.1258,-0.3644,-5.9328,7.0586,62.6741,-174.9438,6286.3564,6286.3564
1196,0.51,1.0072,+0.8730,-5.9238,6.9310,122.2292,-174.8182,6288.7666,6288.7666
1197,0.53,1.5835,-1.4270,-5.9380,7.5215,384.5688,-175.3003,6355.4521,6355.4521
1198,0.54,-0.3200,+0.0060,-5.9664,5.6464,70.4132,-173.7657,6152.4346,6152.4346
1199,0.53,0.6338,+0.1190,-5.9477,6.5815,58.7515,-174.9763,6269.7656,6269.7656
1200,0.55,-1.9876,+2.5486,-5.9683,3.9807,1194.1217,-173.7237,6059.1738,6059.1738
1201,0.52,0.5688,-0.0640,-5.9643,6.5331,50.7661,-173.7006,6174.7114,6174.7114
1202,0.55,2.5831,-1.0524,-5.9699,8.5530,1489.9689,-172.8454,6218.2485,6218.2485
1203,0.55,1.6019,-0.0828,-5.9631,7.5650,278.6747,-171.8116,6126.4277,6126.4277
1204,0.54,0.7518,+0.2035,-5.9521,6.7039,44.9361,-170.3090,5952.7119,5952.7119
1205,0.55,2.7313,+1.5122,-5.9328,8.6641,1447.7390,-173.5310,6236.9028,6236.9028
1206,0.54,0.9284,+0.2722,-5.9183,6.8467,43.0662,-172.0344,6091.9668,6091.9668
1207,0.53,0.5817,+0.1697,-5.9352,6.5169,35.7805,-173.8032,6199.1035,6199.1035
1208,0.55,0.5706,-0.1292,-5.9094,6.4800,35.9299,-172.6469,6078.8643,6078.8643
1209,0.54,0.7904,+0.1847,-5.9336,6.7241,52.6453,-173.6287,6184.5742,6184.5742
1210,0.53,0.6301,+0.0009,-5.9327,6.5629,41.1588,-171.9655,6051.4697,6051.4697
1211,0.53,0.8977,+0.0687,-5.9413,6.8390,35.2081,-171.0453,6002.9653,6002.9653
1212,0.52,0.6636,+0.2750,-5.9442,6.6078,34.9791,-170.9930,5993.8799,5993.8799
1213,0.56,0.6650,+0.4030,-5.9505,6.6155,37.2404,-172.9484,6152.1450,6152.1450
1214,0.54,1.0631,+0.3909,-5.9461,7.0092,152.4346,-171.8655,6102.9937,6102.9937
1215,0.54,0.8331,+0.3589,-5.8952,6.7284,54.7019,-172.5849,6113.1602,6113.1602
1216,0.53,0.3850,-1.4973,-5.9099,6.2949,95.3276,-172.5534,6076.5093,6076.5093
1217,0.55,0.9058,+0.3153,-5.9053,6.8111,48.3529,-173.2796,6159.6143,6159.6143
1218,0.55,1.0053,+0.1841,-5.9138,6.9191,40.4224,-169.1362,5855.3091,5855.3091
1219,0.55,0.9881,+0.0928,-5.8935,6.8816,48.2066,-169.1437,5833.3613,5833.3613
1220,0.56,0.5629,+0.3620,-5.9091,6.4720,42.2430,-173.1428,6098.4609,6098.4609
1221,0.55,0.8214,+0.1204,-5.9240,6.7453,18.9758,-171.6685,6037.5225,6037.5225
1222,0.55,0.9214,-0.0524,-5.9218,6.8432,38.3951,-176.4891,6374.2705,6374.2705
1223,0.56,0.8692,+0.2309,-5.9110,6.7802,42.3218,-172.1549,6054.2651,6054.2651
1224,0.54,0.7591,+0.1622,-5.9011,6.6602,29.1681,-171.4315,5981.4570,5981.4570
1225,0.55,0.9898,-1.1030,-5.8914,6.8812,50.4981,-170.7964,5962.4409,5962.4409
1226,0.56,0.4277,-0.2652,-5.9019,6.3296,47.9919,-171.6861,6020.0615,6020.0615
1227,0.54,1.3647,+0.0825,-5.8869,7.2516,242.8438,-170.8043,5965.2676,5965.2676
1228,0.54,0.8923,+0.3546,-5.9340,6.8263,126.7684,-173.1099,6135.3999,6135.3999
1229,0.54,0.5001,+0.6441,-5.9466,6.4467,29.9748,-171.6839,6022.9761,6022.9761
1230,0.54,0.8091,-0.2560,-5.9579,6.7670,38.3544,-170.3419,5930.9614,5930.9614
1231,0.56,1.3812,-0.5414,-5.9348,7.3160,451.8441,-173.0733,6127.7607,6127.7607
1232,0.55,-0.6366,-0.5516,-5.9553,5.3187,160.7912,-173.8212,6094.3711,6094.3711
1233,0.55,0.6170,-0.1861,-5.9423,6.5592,27.9252,-174.7325,6224.2080,6224.2080
1234,0.53,0.8290,-0.0689,-5.9306,6.7595,80.7104,-175.7760,6315.3267,6315.3267
1235,0.56,0.4677,-0.1860,-5.9282,6.3959,8.6545,-175.7630,6290.7100,6290.7100
1236,0.53,0.8676,-0.2955,-5.9559,6.8235,132.7472,-173.8098,6196.6831,6196.6831
1237,0.55,0.6621,+0.1881,-5.9449,6.6070,35.1309,-172.6149,6100.0361,6100.0361
1238,0.56,0.4877,-0.0129,-5.9241,6.4118,41.6174,-172.5839,6108.9912,6108.9912
1239,0.54,0.6364,-0.0527,-5.9039,6.5403,57.2565,-174.3637,6215.9390,6215.9390
1240,0.55,0.8383,-0.1676,-5.8889,6.7272,32.8449,-171.9990,6064.7773,6064.7773
1241,0.54,0.9389,+0.0556,-5.9048,6.8437,58.1657,-171.6735,6055.1260,6055.1260
1242,0.56,1.1641,-0.1202,-5.8925,7.0566,89.9953,-172.3189,6094.9243,6094.9243
1243,0.55,0.7195,-0.2603,-5.8849,6.6044,50.5608,-172.4503,6078.7207,6078.7207
1244,0.55,0.8023,-0.3755,-5.8981,6.7004,111.0445,-175.0740,6214.6011,6214.6011
1245,0.54,0.4288,-0.2881,-5.8809,6.3097,21.1440,-175.2315,6202.3701,6202.3701
1246,0.55,0.7448,+0.0582,-5.9039,6.6488,36.9471,-173.8895,6137.0820,6137.0820
1247,0.54,0.3831,-0.0097,-5.9209,6.3041,60.8150,-173.5046,6111.3052,6111.3052
1248,0.56,0.3251,-0.0433,-5.9031,6.2282,28.1799,-172.9429,6061.4707,6061.4707
1249,0.56,0.7499,+0.0238,-5.9250,6.6749,38.2879,-172.9140,6117.2012,6117.2012
1250,0.55,0.6978,+0.1784,-5.9262,6.6241,45.2700,-176.5922,6399.5850,6399.5850
1251,0.55,0.5685,-0.3065,-5.9078,6.4763,34.8150,-174.8068,6243.9658,6243.9658
1252,0.56,0.9088,-0.0824,-5.8918,6.8006,94.0865,-176.5579,6379.0098,6379.0098
1253,0.54,0.5984,-0.0268,-5.8603,6.4587,81.2670,-179.9804,6590.0303,6590.0303
1254,0.55,0.8605,+0.0063,-5.8475,6.7080,38.4948,-178.4738,6507.7354,6507.7354
1255,0.54,0.5892,+0.1662,-5.8351,6.4243,31.4620,-179.0885,6524.9678,6524.9678
1256,0.56,1.1798,+0.1322,-5.8550,7.0348,103.5388,-172.1794,6088.3652,6088.3652
1257,0.55,0.8374,+0.8520,-5.8643,6.7017,41.2804,-174.6652,6248.1211,6248.1211
1258,0.56,0.9708,-0.1748,-5.8516,6.8224,36.8642,-177.3468,6398.7607,6398.7607
1259,0.55,1.3029,-0.4013,-5.8750,7.1778,112.4603,-170.9536,5960.2744,5960.2744
1260,0.55,0.7747,-0.3912,-5.8966,6.6714,59.5934,-172.5182,6052.9873,6052.9873
1261,0.54,0.6397,+0.2553,-5.8821,6.5219,33.4540,-174.4561,6186.9902,6186.9902
1262,0.54,1.1847,+0.2327,-5.8978,7.0826,138.9811,-176.8510,6401.2744,6401.2744
1263,0.55,0.4956,+2.0671,-5.9109,6.4065,8.4983,-176.3420,6348.2441,6348.2441
1264,0.55,0.8264,+0.3111,-5.9269,6.7533,45.4086,-174.4430,6207.4282,6207.4282
1265,0.55,0.8490,+0.2096,-5.9242,6.7732,47.7847,-174.0135,6197.1406,6197.1406
1266,0.54,0.7453,+0.1074,-5.8940,6.6393,41.4325,-176.2198,6340.7832,6340.7832
1267,0.54,0.8396,-0.0673,-5.8965,6.7360,75.7480,-176.6247,6372.1685,6372.1685
1268,0.55,1.0283,+0.2250,-5.8950,6.9234,53.2845,-174.1176,6214.7168,6214.7168
1269,0.56,0.8452,-0.0867,-5.9176,6.7628,40.4758,-174.9850,6230.9814,6230.9814
1270,0.54,0.7562,-0.0771,-5.9038,6.6599,53.4572,-173.9566,6152.7949,6152.7949
1271,0.54,0.5319,-0.1421,-5.9016,6.4335,38.5841,-172.1553,6012.8896,6012.8896
1272,0.54,0.6277,-0.1539,-5.8969,6.5246,40.5918,-170.7823,5898.6450,5898.6450
1273,0.56,0.7415,-0.3164,-5.9141,6.6556,31.3705,-175.6508,6279.0596,6279.0596
1274,0.56,0.7419,+0.1805,-5.8793,6.6212,55.6611,-176.9275,6349.7368,6349.7368
1275,0.55,0.6056,-0.1035,-5.8824,6.4880,39.2746,-174.6618,6179.7998,6179.7998
1276,0.54,0.4775,+0.0244,-5.9078,6.3854,42.0103,-174.8728,6225.1807,6225.1807
1277,0.55,0.8310,+0.1608,-5.8950,6.7261,73.8975,-173.3390,6108.3799,6108.3799
1278,0.55,0.6963,+0.1338,-5.8882,6.5845,50.4872,-175.3134,6233.4033,6233.4033
1279,0.56,2.4681,+0.9337,-5.9140,8.3821,1259.6871,-174.7238,6256.4160,6256.4160
1280,0.55,0.6367,+0.2289,-5.9239,6.5606,39.6853,-175.3174,6265.8262,6265.8262
1281,0.55,1.2981,+0.3397,-5.9140,7.2121,285.0537,-174.6598,6251.0166,6251.0166
1282,0.55,1.2169,-0.5136,-5.9407,7.1577,240.2870,-174.2467,6208.9038,6208.9038
1283,0.54,0.8153,-0.1412,-5.9348,6.7501,43.2440,-174.6127,6214.8320,6214.8320
1284,0.52,0.7456,+0.0469,-5.9657,6.7114,41.2486,-173.3631,6124.3369,6124.3369
1285,0.56,0.4901,-0.1050,-5.9450,6.4351,36.8319,-173.9124,6151.1714,6151.1714
1286,0.55,3.6608,-1.2775,-5.9297,9.5905,3178.8179,-175.7463,6389.6436,6389.6436
1287,0.55,3.5703,-0.0086,-5.9350,9.5054,2747.2959,-174.4427,6297.1982,6297.1982
1288,0.54,0.6850,-0.1740,-5.9314,6.6164,48.1864,-176.2272,6351.8633,6351.8633
1289,0.54,0.3969,+0.1484,-5.9110,6.3079,42.1665,-172.0985,6049.7617,6049.7617
1290,0.56,1.1822,-0.0108,-5.9272,7.1093,161.9961,-171.8443,6047.6895,6047.6895
1291,0.54,0.5413,-0.1460,-5.9366,6.4779,67.9639,-171.6525,6010.7124,6010.7124
1292,0.54,0.6412,+0.0010,-5.9242,6.5654,49.8122,-172.8477,6112.2979,6112.2979
1293,0.55,0.5598,+0.0009,-5.9244,6.4841,24.6171,-174.9279,6239.2539,6239.2539
1294,0.56,0.9848,-0.0857,-5.9456,6.9304,40.2445,-173.2549,6150.3467,6150.3467
1295,0.54,3.1186,-0.9613,-5.9454,9.0640,2460.8948,-173.7049,6263.4590,6263.4590
1296,0.56,0.4475,-0.2697,-5.9242,6.3717,40.8894,-175.1786,6260.5938,6260.5938
1297,0.55,0.8428,-0.3715,-5.9405,6.7833,48.0663,-172.8418,6101.2070,6101.2070
1298,0.55,0.8124,-0.2039,-5.9666,6.7790,51.2416,-169.9162,5921.4600,5921.4600
1299,0.55,0.5783,+0.0306,-5.9641,6.5425,44.0576,-171.1436,6001.0850,6001.0850
1300,0.55,0.6233,-0.1291,-5.9484,6.5717,70.8635,-167.8737,5757.8198,5757.8198
1301,0.54,0.6512,+0.0043,-5.9210,6.5722,54.7695,-172.9057,6096.2793,6096.2793
1302,0.54,0.2012,+0.0969,-5.9376,6.1388,29.7100,-172.7485,6078.5200,6078.5200
1303,0.54,0.1695,+0.0960,-5.9676,6.1371,37.0961,-173.0037,6125.9482,6125.9482
1304,0.55,0.8295,-0.1955,-5.9605,6.7900,70.1201,-171.0461,6019.8193,6019.8193
1305,0.54,0.5890,-0.2130,-5.9649,6.5538,37.9333,-170.8837,5955.7275,5955.7275
1306,0.54,0.6679,-0.1133,-5.9558,6.6237,27.2169,-168.5979,5794.5581,5794.5581
1307,0.53,0.6013,+0.0791,-5.9274,6.5288,23.4477,-174.9051,6235.7070,6235.7070
1308,0.54,0.8778,-0.2319,-5.9459,6.8237,47.9770,-169.7840,5894.1011,5894.1011
1309,0.55,0.7573,-0.0373,-5.9172,6.6745,28.4929,-173.7713,6175.4111,6175.4111
1310,0.56,0.9117,-0.0675,-5.9115,6.8232,30.8561,-172.2899,6050.3057,6050.3057
1311,0.53,1.0394,-0.3959,-5.8939,6.9333,61.4857,-174.8862,6257.3789,6257.3789
1312,0.55,0.6078,+0.3193,-5.9070,6.5148,64.6457,-174.0240,6207.3999,6207.3999
1313,0.55,0.5350,-0.1534,-5.8701,6.4051,43.2467,-177.8025,6472.2935,6472.2935
1314,0.54,0.8420,+0.2136,-5.9067,6.7487,45.9687,-176.0271,6342.2617,6342.2617
1315,0.54,0.7841,+0.1189,-5.9110,6.6951,135.6918,-177.0435,6405.5234,6405.5234
1316,0.54,0.6718,-0.0583,-5.9114,6.5833,66.4625,-175.2998,6282.1631,6282.1631
1317,0.55,0.7638,-0.1126,-5.8782,6.6420,32.9959,-175.1925,6275.5786,6275.5786
1318,0.53,0.6299,+0.1463,-5.9083,6.5382,9.5836,-173.3380,6151.7334,6151.7334
1319,0.55,0.7487,+0.1620,-5.8926,6.6413,36.0549,-173.3231,6123.2056,6123.2056
1320,0.53,0.4435,+0.3299,-5.8955,6.3390,25.7280,-172.6614,6071.4863,6071.4863
1321,0.55,0.8738,+0.0428,-5.9155,6.7893,81.5496,-173.5272,6188.0913,6188.0913
1322,0.55,0.6733,+0.4728,-5.9104,6.5837,37.7285,-174.1950,6227.9180,6227.9180
1323,0.55,0.6436,+0.3178,-5.9205,6.5641,31.2576,-174.8765,6252.5151,6252.5151
1324,0.57,1.0485,+0.1159,-5.9197,6.9682,124.0004,-175.2554,6310.1797,6310.1797
1325,0.54,0.7676,-0.1273,-5.9094,6.6770,24.7946,-175.5516,6304.0225,6304.0225
1326,0.54,0.6664,-0.1284,-5.9100,6.5764,39.3638,-173.5864,6132.6699,6132.6699
1327,0.54,0.6750,-0.0652,-5.9161,6.5911,31.2486,-173.1676,6075.9678,6075.9678
1328,0.54,0.7790,-0.0720,-5.8934,6.6723,27.0207,-171.7795,6005.2793,6005.2793
1329,0.54,0.5391,-0.3572,-5.9079,6.4469,65.9017,-173.1118,6116.7939,6116.7939
1330,0.54,0.5598,+0.0090,-5.9139,6.4737,40.8881,-172.2181,6057.6406,6057.6406
1331,0.54,1.1418,-0.5426,-5.8988,7.0406,87.2941,-176.8080,6404.4639,6404.4639
1332,0.54,0.6970,+0.0442,-5.9315,6.6285,34.9101,-177.7416,6432.0205,6432.0205
1333,0.55,0.9341,-0.0963,-5.9144,6.8485,48.2252,-175.6892,6297.6055,6297.6055
1334,0.55,0.9064,-0.0698,-5.9155,6.8219,37.9543,-174.2973,6211.1172,6211.1172
1335,0.53,0.6225,+0.0767,-5.9330,6.5555,37.5556,-171.2908,5992.2051,5992.2051
1336,0.53,0.4226,-0.0928,-5.9359,6.3585,44.5507,-174.0410,6164.1162,6164.1162
1337,0.51,0.2741,-0.0297,-5.9488,6.2229,38.2402,-171.7497,6003.3760,6003.3760
1338,0.56,0.6317,+0.2142,-5.9406,6.5723,54.1304,-171.9622,6052.6855,6052.6855
1339,0.54,0.6214,-0.2504,-5.9014,6.5229,22.4772,-173.8397,6172.4448,6172.4448
1340,0.52,0.7088,-0.2665,-5.8896,6.5983,37.4891,-173.2570,6140.8706,6140.8706
1341,0.55,0.7034,+0.0613,-5.8729,6.5763,30.4756,-178.1792,6486.1382,6486.1382
1342,0.55,0.6794,-0.2978,-5.9245,6.6039,45.6253,-172.9730,6122.9717,6122.9717
1343,0.55,1.0041,-0.2430,-5.9186,6.9227,76.4053,-173.9821,6209.6377,6209.6377
1344,0.56,0.9370,-0.2440,-5.9146,6.8515,83.4388,-174.8119,6251.0908,6251.0908
1345,0.56,0.9232,+0.1790,-5.9104,6.8337,59.1821,-173.2145,6125.1714,6125.1714
1346,0.55,1.1782,-0.0339,-5.8665,7.0447,108.0529,-172.4096,6074.0825,6074.0825
1347,0.55,1.5744,-0.6378,-5.8982,7.4727,295.1034,-175.4409,6303.6548,6303.6548
1348,0.55,0.6870,-0.4751,-5.9177,6.6047,87.6483,-173.0605,6129.6514,6129.6514
1349,0.56,1.7120,+1.2128,-5.9476,7.6595,353.3720,-171.9291,6078.0801,6078.0801
1350,0.54,1.2097,-0.3963,-5.9084,7.1181,244.0649,-174.5026,6212.8076,6212.8076
1351,0.54,0.9330,+0.1709,-5.8951,6.8281,62.8209,-174.5807,6240.2856,6240.2856
1352,0.54,0.8491,+0.3632,-5.8981,6.7471,78.8790,-174.6111,6198.8945,6198.8945
1353,0.57,1.0090,+0.0945,-5.9172,6.9262,86.3323,-172.7218,6067.3877,6067.3877
1354,0.56,0.9576,+0.2279,-5.8876,6.8453,82.1828,-173.9755,6142.6982,6142.6982
1355,0.55,0.6492,+0.3274,-5.9189,6.5681,41.6664,-173.0849,6067.4775,6067.4775
1356,0.55,0.6906,+0.1971,-5.9175,6.6081,93.4646,-173.8761,6131.5166,6131.5166
1357,0.54,0.8566,+0.3084,-5.9140,6.7706,72.0210,-174.5001,6200.1147,6200.1147
1358,0.54,1.3044,+0.7423,-5.9296,7.2340,181.1872,-173.8355,6175.4033,6175.4033
1359,0.54,0.7855,+0.3841,-5.9674,6.7530,55.4413,-172.4263,6076.9507,6076.9507
1360,0.55,0.8499,+0.1916,-5.9274,6.7773,36.4808,-172.2122,6063.1973,6063.1973
1361,0.55,0.8479,+0.2061,-5.9279,6.7758,55.1022,-171.7031,6029.6523,6029.6523
1362,0.52,1.4177,-0.0750,-5.9174,7.3351,163.7734,-172.7809,6155.7056,6155.7056
1363,0.55,1.4274,-0.1924,-5.9330,7.3604,159.6353,-170.8391,6012.2749,6012.2749
1364,0.53,1.1889,+0.2975,-5.9291,7.1180,85.7387,-172.0318,6060.1670,6060.1670
1365,0.55,0.5485,-0.0740,-5.9346,6.4831,32.6104,-171.7933,6018.6860,6018.6860
1366,0.52,1.0112,+0.0994,-5.9272,6.9384,32.9760,-177.9918,6464.5889,6464.5889
1367,0.55,0.9253,+0.0260,-5.9425,6.8678,44.9898,-175.3824,6271.1064,6271.1064
1368,0.53,0.9084,-0.1469,-5.9229,6.8313,87.3264,-177.4321,6389.6543,6389.6543
1369,0.55,0.8867,+0.2121,-5.9588,6.8456,59.3095,-173.0635,6063.7744,6063.7744
1370,0.55,0.3880,-0.0161,-5.9020,6.2900,29.5777,-173.8207,6111.4780,6111.4780
1371,0.55,0.6856,+0.1469,-5.9247,6.6102,55.4337,-171.4673,6004.1738,6004.1738
1372,0.53,0.6944,+0.1679,-5.9006,6.5950,33.7590,-173.1067,6099.2461,6099.2461
1373,0.54,1.9374,-1.0699,-5.8880,7.8255,634.4888,-172.7253,6184.0498,6184.0498
1374,0.54,0.7011,+0.1215,-5.8837,6.5849,44.4189,-172.3024,6018.3672,6018.3672
1375,0.53,1.1037,+0.5780,-5.8980,7.0016,132.6568,-171.9187,6055.3115,6055.3115
1376,0.55,0.6087,+0.1957,-5.9076,6.5163,64.6655,-170.0965,5883.4688,5883.4688
1377,0.55,2.5427,-0.4915,-5.8997,8.4423,1247.9224,-176.2026,6475.4429,6475.4429
1378,0.55,1.0772,+0.2701,-5.9099,6.9872,156.6744,-175.8320,6302.4658,6302.4658
1379,0.53,0.3676,+0.0791,-5.8990,6.2666,11.0216,-175.5943,6227.4072,6227.4072
1380,0.54,0.6411,+0.7502,-5.9014,6.5425,65.9534,-174.5753,6188.7065,6188.7065
1381,0.54,0.8181,-0.0897,-5.8958,6.7139,37.2494,-172.2140,6029.3550,6029.3550
1382,0.54,1.6621,-0.1527,-5.9020,7.5641,391.1434,-173.1086,6140.2202,6140.2202
1383,0.55,1.0406,+0.0721,-5.9009,6.9415,80.1901,-176.4090,6352.4277,6352.4277
1384,0.54,0.9115,+0.3743,-5.9079,6.8195,32.8890,-173.7600,6148.1348,6148.1348
1385,0.56,0.8765,-0.1008,-5.8833,6.7598,57.3966,-172.0328,6032.0508,6032.0508
1386,0.56,0.6991,-0.0302,-5.8693,6.5684,51.1204,-172.7504,6046.1758,6046.1758
1387,0.55,0.7657,+0.0364,-5.8978,6.6635,68.7105,-177.6465,6425.2222,6425.2222
1388,0.55,0.5257,+0.2764,-5.8972,6.4229,40.1187,-174.6451,6189.3066,6189.3066
1389,0.53,1.1385,+0.6218,-5.9017,7.0402,172.4706,-173.0757,6122.0615,6122.0615
1390,0.55,0.8314,-0.2524,-5.8949,6.7263,71.3063,-172.6610,6064.7188,6064.7188
1391,0.54,1.1264,+0.1228,-5.9094,7.0359,111.2103,-175.8384,6319.9683,6319.9683
1392,0.53,2.5440,+1.4844,-5.9539,8.4979,766.7059,-172.8512,6187.5518,6187.5518
1393,0.56,0.9816,+0.1680,-5.9582,6.9398,39.6476,-171.8280,5984.3662,5984.3662
1394,0.56,1.0181,+0.3392,-5.9335,6.9516,161.9266,-173.4397,6123.9893,6123.9893
1395,0.54,1.0293,+0.4531,-5.9241,6.9534,152.6981,-173.4231,6110.7139,6110.7139
1396,0.55,0.9552,-0.0927,-5.9231,6.8783,30.9662,-172.3273,6028.1865,6028.1865
1397,0.54,1.2650,-0.1265,-5.9054,7.1704,159.1602,-170.1701,5898.3604,5898.3604
1398,0.55,0.7159,+0.0093,-5.9456,6.6616,75.5188,-171.7579,6017.2686,6017.2686
1399,0.56,0.7357,+0.2293,-5.9093,6.6449,52.2995,-171.2383,5932.1021,5932.1021
1400,0.54,0.8040,-0.0329,-5.9430,6.7470,53.6028,-173.3098,6098.0684,6098.0684
1401,0.55,0.4194,+0.1133,-5.9229,6.3423,52.5556,-171.5075,5971.6914,5971.6914
1402,0.55,0.1333,-0.0296,-5.9014,6.0347,46.7873,-171.5786,5913.2471,5913.2471
1403,0.55,0.6674,-0.2034,-5.9217,6.5890,35.2934,-174.7721,6194.0752,6194.0752
1404,0.54,0.9099,-0.1530,-5.9055,6.8154,44.8502,-174.7209,6197.3042,6197.3042
1405,0.54,1.1745,+0.5161,-5.8991,7.0736,117.3606,-174.1134,6167.7852,6167.7852
1406,0.54,0.8513,+0.0474,-5.9241,6.7754,36.6784,-173.9272,6155.2119,6155.2119
1407,0.54,0.4679,+0.0731,-5.9222,6.3900,49.9427,-176.0980,6310.2891,6310.2891
1408,0.54,0.6592,+0.0514,-5.9191,6.5783,31.3807,-174.4225,6190.7036,6190.7036
1409,0.57,1.4021,+0.4788,-5.9127,7.3148,299.9264,-174.6972,6259.9609,6259.9609
1410,0.56,0.8788,+0.1268,-5.9167,6.7954,57.9188,-174.3903,6205.6875,6205.6875
1411,0.54,1.0185,-0.1764,-5.9033,6.9219,44.4501,-171.9768,6047.4521,6047.4521
1412,0.55,1.1171,+0.0542,-5.9224,7.0395,259.2956,-171.5826,6020.4824,6020.4824
1413,0.57,0.7649,-0.1386,-5.9095,6.6744,52.3534,-169.5722,5856.2915,5856.2915
1414,0.53,-0.1103,-0.7707,-5.9130,5.8028,305.4286,-171.4361,5986.3398,5986.3398
1415,0.55,0.6702,+0.2761,-5.8826,6.5527,46.3035,-170.7654,5931.3799,5931.3799
1416,0.56,0.9291,+0.0039,-5.8917,6.8208,67.8575,-170.8961,5944.9912,5944.9912
1417,0.56,0.6924,+0.0618,-5.9166,6.6090,32.1822,-169.9749,5841.7773,5841.7773
1418,0.55,0.8896,-0.2981,-5.9370,6.8266,36.4060,-171.9933,6017.0615,6017.0615
1419,0.57,0.5600,+0.0869,-5.9577,6.5177,35.3730,-170.8683,5900.9600,5900.9600
1420,0.53,0.2177,-0.1545,-5.9596,6.1773,7.3635,-173.7492,6090.5469,6090.5469
1421,0.55,0.6628,-0.0450,-5.9344,6.5973,29.0077,-172.5486,6026.7188,6026.7188
1422,0.54,1.1357,+0.3538,-5.9454,7.0811,32.6053,-170.7930,5949.1665,5949.1665
1423,0.53,0.8377,-0.2595,-5.9390,6.7767,22.5056,-170.7233,5955.8511,5955.8511
1424,0.53,0.7342,+0.3283,-5.9177,6.6519,26.2738,-174.8927,6226.9629,6226.9629
1425,0.54,0.9875,+0.2994,-5.9077,6.8952,21.6872,-171.2130,5954.1660,5954.1660
1426,0.51,1.0902,-0.0184,-5.9027,6.9929,21.5139,-177.8809,6440.7881,6440.7881
1427,0.54,0.9623,-0.0172,-5.9074,6.8697,25.1481,-171.9213,6026.7588,6026.7588
1428,0.54,0.8063,+0.2371,-5.9199,6.7262,58.4270,-175.5784,6251.6396,6251.6396
1429,0.55,0.6970,-0.0063,-5.9063,6.6033,42.4494,-174.3232,6170.2573,6170.2573
1430,0.53,1.0182,-0.2012,-5.9153,6.9336,52.4700,-173.5605,6154.5112,6154.5112
1431,0.55,1.0770,+0.0603,-5.9220,6.9989,31.6762,-174.2679,6208.9980,6208.9980
1432,0.54,0.7920,-0.1335,-5.9039,6.6959,38.1923,-174.0150,6162.5674,6162.5674
1433,0.53,0.7182,-0.3124,-5.8832,6.6014,33.4302,-173.4238,6099.9736,6099.9736
1434,0.53,0.7441,+0.1172,-5.8917,6.6358,29.6988,-173.4390,6122.8999,6122.8999
1435,0.55,1.1155,+0.0085,-5.9004,7.0159,34.7291,-172.6094,6067.3477,6067.3477
1436,0.54,0.8501,-0.3445,-5.9108,6.7609,13.9653,-174.7239,6186.5049,6186.5049
1437,0.54,1.1792,-0.0017,-5.8935,7.0727,46.5159,-176.2470,6306.3691,6306.3691
1438,0.52,0.9445,+0.2318,-5.9109,6.8554,31.1920,-174.1153,6165.3154,6165.3154
1439,0.52,0.6639,+0.1048,-5.9192,6.5831,27.4301,-176.3228,6339.3652,6339.3652
1440,0.54,1.0527,+0.0781,-5.9024,6.9551,43.8780,-175.9209,6305.0195,6305.0195
1441,0.52,0.9301,+0.0979,-5.9135,6.8436,49.6171,-173.1221,6104.1689,6104.1689
1442,0.54,0.7390,-0.1813,-5.9057,6.6447,26.0230,-174.3537,6169.6113,6169.6113
1443,0.54,0.6198,-1.9183,-5.9110,6.5307,28.8491,-172.8132,6082.7764,6082.7764
1444,0.55,-0.1987,+0.2985,-5.9111,5.7124,167.0283,-174.5141,6146.2778,6146.2778
1445,0.55,0.3958,-0.3873,-5.9147,6.3105,18.2064,-175.9100,6280.1646,6280.1646
1446,0.53,0.5731,+0.2209,-5.9147,6.4877,8.9762,-171.3900,5950.8340,5950.8340
1447,0.54,0.6374,+0.1457,-5.9349,6.5724,6.1180,-169.9737,5845.4150,5845.4150
1448,0.53,1.0726,-0.1589,-5.9268,6.9994,8.1370,-187.0714,7102.2002,7102.2002
1449,0.54,0.4015,+0.0608,-5.9279,6.3294,4.4145,-166.7878,5618.2280,5618.2280
1450,0.54,0.3483,+0.1714,-5.9288,6.2772,6.7689,-179.9503,6555.0127,6555.0127
1451,0.55,0.5916,-0.1592,-5.9094,6.5010,5.1876,-166.1464,5618.5098,5618.5098
1452,0.54,1.0490,+0.0552,-5.8821,6.9310,15.8752,-190.2977,7333.2163,7333.2163
1453,0.56,0.1327,+0.0902,-5.9168,6.0494,8.0666,-172.0003,5979.9355,5979.9355
1454,0.54,0.3166,+0.1178,-5.8933,6.2099,18.0084,-179.5129,6541.1064,6541.1064
1455,0.55,0.1941,-0.4434,-5.8959,6.0901,17.8825,-166.1929,5612.0654,5612.0654
1456,0.57,0.6043,+0.1164,-5.9246,6.5289,8.5158,-185.1680,6958.1533,6958.1533
1457,0.54,0.4484,-0.3705,-5.8907,6.3391,8.3227,-168.8008,5753.2080,5753.2080
1458,0.55,0.1850,+0.0136,-5.8733,6.0583,8.7092,-177.3076,6343.1553,6343.1553
1459,0.55,-0.1114,-0.3618,-5.9176,5.8062,11.4731,-170.7335,5886.9727,5886.9727
1460,0.56,0.3443,+0.1266,-5.9037,6.2480,10.9236,-180.8329,6628.3203,6628.3203
1461,0.57,1.0804,-0.0049,-5.9202,7.0006,15.3838,-160.6465,5252.7402,5252.7402
1462,0.57,0.3742,-0.1543,-5.9191,6.2934,4.4308,-175.2690,6236.9585,6236.9585
1463,0.55,0.4814,-0.2488,-5.9280,6.4094,4.2339,-166.1157,5532.5391,5532.5391
1464,0.56,0.4576,+0.0468,-5.9091,6.3668,6.8881,-183.1642,6781.9678,6781.9678
1465,0.54,0.1035,-0.2397,-5.9106,6.0141,8.8356,-168.4478,5683.4531,5683.4531
1466,0.56,0.6679,-0.0660,-5.9150,6.5828,12.0809,-185.7571,6986.7339,6986.7339
1467,0.55,0.4815,+0.0399,-5.9339,6.4154,5.7755,-163.1445,5312.1191,5312.1191
1468,0.56,0.4670,+0.0651,-5.9182,6.3853,7.1922,-185.0958,6838.5918,6838.5918
1469,0.56,0.6762,-0.1005,-5.8750,6.5512,17.0592,-165.3283,5448.5483,5448.5483
1470,0.54,0.3028,-0.0638,-5.9171,6.2199,21.4807,-180.0960,6547.7788,6547.7788
1471,0.57,0.1166,-0.0270,-5.9068,6.0234,9.6272,-170.8597,5899.5254,5899.5254
1472,0.54,0.5128,+0.4248,-5.9154,6.4283,21.9435,-181.7006,6647.6064,6647.6064
1473,0.54,0.4303,+0.2146,-5.9504,6.3807,22.5660,-175.8736,6299.6104,6299.6104
1474,0.55,-0.0591,+0.2094,-5.9469,5.8878,6.4506,-170.8449,5931.5044,5931.5044
1475,0.56,0.1249,+0.1718,-5.9546,6.0794,7.5895,-173.6233,6140.1133,6140.1133
1476,0.56,0.1718,-0.0577,-5.9332,6.1050,7.7372,-166.0356,5607.3159,5607.3159
1477,0.56,0.2716,-0.3002,-5.9224,6.1940,7.2434,-182.3858,6760.1816,6760.1816
1478,0.57,0.3984,-0.2541,-5.9373,6.3358,10.7664,-173.8676,6181.9121,6181.9121
1479,0.55,0.1342,+0.0961,-5.9329,6.0671,15.8283,-177.3205,6397.6406,6397.6406
1480,0.55,0.4992,+0.1882,-5.9292,6.4285,13.7705,-169.7577,5847.4883,5847.4883
1481,0.55,0.0706,+0.0539,-5.9468,6.0174,8.3099,-178.9333,6475.7231,6475.7231
1482,0.54,0.1582,-0.0813,-5.9760,6.1342,5.9911,-166.7560,5653.0190,5653.0190
1483,0.54,0.5994,-0.1120,-5.9423,6.5417,22.9469,-179.4733,6500.1357,6500.1357
1484,0.56,0.3263,-0.0650,-5.9414,6.2677,12.8862,-176.2007,6259.7861,6259.7861
1485,0.56,0.3638,+0.1037,-5.9426,6.3063,18.3266,-170.8563,5902.7783,5902.7783
1486,0.57,0.1784,-0.1035,-5.9557,6.1341,21.4845,-171.1555,5960.4141,5960.4141
1487,0.55,0.5343,-0.0088,-5.9541,6.4885,48.7949,-173.8688,6150.7808,6150.7808
1488,0.57,-0.5385,+0.0646,-5.9527,5.4143,99.8789,-176.0350,6234.4932,6234.4932
1489,0.56,0.2515,+0.1190,-5.9552,6.2067,43.1056,-173.9716,6121.6641,6121.6641
1490,0.57,0.0825,+0.2670,-5.9576,6.0400,25.8806,-172.9364,6071.7773,6071.7773
1491,0.55,0.2044,-0.0874,-5.9276,6.1320,50.1839,-173.8386,6127.2256,6127.2256
1492,0.55,0.3972,-0.0538,-5.9306,6.3278,52.7710,-174.5233,6201.7178,6201.7178
1493,0.56,0.6129,+0.1732,-5.9477,6.5606,164.0296,-174.1041,6191.9429,6191.9429
1494,0.55,0.7675,+0.3492,-5.9494,6.7169,104.2482,-173.6293,6148.4165,6148.4165
1495,0.58,-0.2122,+0.0844,-5.9713,5.7591,7.9103,-174.9349,6232.5439,6232.5439
1496,0.57,0.1231,+0.0284,-5.9573,6.0804,43.9682,-176.2204,6313.2500,6313.2500
1497,0.57,0.2867,+0.3702,-5.9595,6.2462,37.2510,-174.4915,6200.7305,6200.7305
1498,0.54,0.3139,-0.2212,-5.9593,6.2731,47.0374,-176.5438,6348.4092,6348.4092
1499,0.56,0.2248,+0.0742,-5.9588,6.1836,74.5900,-172.6796,6080.8140,6080.8140
1500,0.55,0.2773,-0.0707,-5.9773,6.2546,37.6322,-172.7421,6106.8218,6106.8218
1501,0.54,0.1085,+0.0984,-5.9654,6.0739,15.6843,-173.1705,6126.1040,6126.1040
1502,0.54,0.3957,-0.2713,-5.9567,6.3524,68.6107,-172.7696,6085.9678,6085.9678
1503,0.56,-0.1946,-0.0496,-5.9425,5.7479,43.4122,-173.3367,6092.3291,6092.3291
1504,0.56,0.2582,-0.1973,-5.9139,6.1721,42.5734,-174.3676,6157.1313,6157.1313
1505,0.56,0.1331,+0.0502,-5.9292,6.0623,46.7491,-173.0029,6076.7002,6076.7002
1506,0.58,0.2988,-0.0096,-5.9097,6.2086,42.3624,-172.3252,6036.4189,6036.4189
1507,0.54,0.0063,+0.3545,-5.9409,5.9473,38.8748,-172.5482,6073.9766,6073.9766
1508,0.58,0.6327,-0.0718,-5.9299,6.5625,49.3351,-172.0766,6052.7417,6052.7417
1509,0.54,0.2682,+0.1161,-5.9271,6.1953,32.9179,-174.3045,6147.6924,6147.6924
1510,0.58,0.2774,-0.3596,-5.9320,6.2093,57.7689,-174.2235,6155.7007,6155.7007
1511,0.57,0.2935,-0.1623,-5.9380,6.2315,52.0738,-171.4561,5967.0918,5967.0918
1512,0.55,0.1061,-0.0097,-5.9590,6.0651,7.4970,-171.4191,5977.3672,5977.3672
1513,0.55,-0.1114,-0.0366,-5.9391,5.8277,6.8226,-175.9936,6276.4141,6276.4141
1514,0.56,0.3050,+0.0524,-5.9454,6.2504,4.3667,-164.6313,5494.3232,5494.3232
1515,0.55,0.8899,+0.1740,-5.9192,6.8091,15.1426,-185.3408,6980.3857,6980.3857
1516,0.57,0.6025,-0.1237,-5.8909,6.4934,10.7342,-168.7911,5790.9121,5790.9121
1517,0.56,0.4032,+0.1080,-5.9249,6.3280,26.4303,-181.1234,6675.0625,6675.0625
1518,0.55,0.0533,+0.0518,-5.9023,5.9555,9.7567,-172.9959,6067.6206,6067.6206
1519,0.55,0.2179,+0.0317,-5.9043,6.1222,20.0600,-178.9966,6483.5410,6483.5410
1520,0.55,0.1093,-0.0471,-5.9030,6.0123,7.1633,-173.0902,6071.8896,6071.8896
1521,0.55,-0.0381,+0.0778,-5.9070,5.8689,6.7424,-177.7621,6364.8105,6364.8105
1522,0.57,0.1880,-0.0332,-5.9135,6.1016,4.4401,-169.5900,5857.3540,5857.3540
1523,0.57,0.1746,-0.0423,-5.9157,6.0903,5.9470,-179.0362,6505.3604,6505.3604
1524,0.57,0.4166,+0.1784,-5.9003,6.3169,5.2848,-167.8924,5736.0654,5736.0654
1525,0.56,0.0974,-0.1673,-5.8978,5.9951,5.5829,-180.1303,6624.5244,6624.5244
1526,0.56,0.2197,+0.1419,-5.9329,6.1526,4.9506,-166.4484,5628.1055,5628.1055
1527,0.56,-0.0747,+0.0313,-5.9437,5.8689,4.6542,-182.6023,6854.7559,6854.7559
1528,0.58,0.2910,+0.1052,-5.9564,6.2475,4.6883,-161.6340,5344.0645,5344.0645
1529,0.56,0.4232,-0.0511,-5.9264,6.3497,10.6332,-186.3303,7108.7231,7108.7231
1530,0.57,0.0993,+0.2597,-5.9291,6.0284,4.5718,-167.2883,5722.5234,5722.5234
1531,0.56,0.0686,-0.0412,-5.9346,6.0031,8.8370,-182.1550,6784.5928,6784.5928
1532,0.56,0.1334,+0.0296,-5.9535,6.0869,5.5002,-165.0848,5547.1704,5547.1704
1533,0.56,0.3809,-0.0496,-5.9609,6.3418,10.0038,-185.0388,6989.9858,6989.9858
1534,0.56,-0.0615,+0.0851,-5.9607,5.8992,8.9743,-166.7032,5710.5903,5710.5903
1535,0.56,-0.1272,-0.2088,-5.9317,5.8044,6.4317,-171.1573,5995.4434,5995.4434
1536,0.57,-0.4040,+0.3251,-5.9319,5.5279,15.0667,-176.9582,6381.8438,6381.8438
1537,0.54,-0.0407,+0.0938,-5.9404,5.8997,4.9770,-171.1056,5963.6128,5963.6128
1538,0.55,-0.3717,+0.2261,-5.9378,5.5661,7.2770,-177.9558,6407.8052,6407.8052
1539,0.59,-0.1490,+0.2763,-5.9551,5.8061,4.2763,-168.5530,5803.3652,5803.3652
1540,0.58,0.4591,+0.0928,-5.9377,6.3968,14.2044,-184.4973,6955.3311,6955.3311
1541,0.57,0.0735,-0.1300,-5.9562,6.0297,14.0318,-166.7856,5682.5801,5682.5801
1542,0.56,0.0400,+0.1841,-5.9569,5.9969,6.8632,-177.9969,6471.2754,6471.2754
1543,0.55,-0.0683,-0.0865,-5.9583,5.8900,6.8337,-164.5582,5499.5576,5499.5576
1544,0.56,-0.2456,-0.1164,-5.9710,5.7253,17.3027,-177.1026,6370.5078,6370.5078
1545,0.58,0.0167,+0.0433,-5.9723,5.9890,8.4258,-164.4609,5513.3296,5513.3296
1546,0.56,-0.0617,-0.0672,-5.9658,5.9041,9.8740,-178.1069,6452.1694,6452.1694
1547,0.57,0.2850,-0.1848,-5.9513,6.2363,10.4908,-164.2992,5517.9961,5517.9961
1548,0.56,-0.0309,+0.0888,-5.9712,5.9404,7.0956,-171.2824,6001.4551,6001.4551
1549,0.55,0.3368,-0.3188,-5.9484,6.2852,6.6834,-182.6149,6798.0557,6798.0557
1550,0.57,0.0419,+0.3095,-5.9406,5.9825,19.2840,-174.2337,6185.6646,6185.6646
1551,0.56,0.1509,+0.3360,-5.9437,6.0945,22.8038,-174.8505,6255.2368,6255.2368
1552,0.55,-0.0510,+0.0075,-5.9331,5.8821,25.5696,-175.3730,6264.3555,6264.3555
1553,0.55,0.0274,+0.0517,-5.9552,5.9826,15.6723,-178.1306,6513.5054,6513.5054
1554,0.57,-0.4793,+0.0713,-5.9480,5.4687,7.8929,-175.2743,6286.9346,6286.9346
1555,0.56,-0.0513,+0.1731,-5.9584,5.9071,5.6598,-173.1810,6103.6855,6103.6855
1556,0.58,-0.1838,-0.0194,-5.9572,5.7734,4.4583,-181.4406,6708.8037,6708.8037
1557,0.56,-0.1313,-0.3300,-5.9586,5.8274,6.5383,-165.5816,5558.8857,5558.8857
1558,0.56,0.1714,+0.0791,-5.9587,6.1300,10.5578,-185.4030,7008.1270,7008.1270
1559,0.57,-0.1276,-0.2169,-5.9536,5.8261,7.4324,-168.3155,5783.0161,5783.0161
1560,0.58,-0.2791,+0.1213,-5.9545,5.6753,5.4489,-179.5102,6553.4404,6553.4404
1561,0.57,-0.0307,-0.3058,-5.9362,5.9055,4.8632,-167.0015,5649.1353,5649.1353
1562,0.56,0.2433,+0.1206,-5.9412,6.1845,4.9593,-189.7525,7292.5098,7292.5098
1563,0.58,-0.2261,+0.1103,-5.9594,5.7332,13.6796,-165.9797,5599.7505,5599.7505
1564,0.57,-0.2126,+0.2079,-5.9487,5.7360,6.7389,-173.7325,6175.8477,6175.8477
1565,0.56,-0.1859,+0.0619,-5.9701,5.7843,7.3142,-177.4111,6404.6152,6404.6152
1566,0.58,-0.2273,-0.0127,-5.9475,5.7202,8.9692,-175.1739,6295.0957,6295.0957
1567,0.57,-0.3818,-0.1875,-5.9625,5.5806,4.9447,-172.0594,6050.3701,6050.3701
1568,0.55,0.3808,+0.1831,-5.9282,6.3090,11.6795,-184.6056,7033.5942,7033.5942
1569,0.59,0.2114,+0.2490,-5.9428,6.1542,11.7614,-164.6728,5565.4204,5565.4204
1570,0.57,-0.2724,+0.1372,-5.9498,5.6773,8.7555,-176.7450,6425.4458,6425.4458
1571,0.57,0.0968,+0.1984,-5.9497,6.0465,23.0402,-175.1097,6298.2197,6298.2197
1572,0.57,-0.1630,-0.1125,-5.9511,5.7881,6.3318,-174.7298,6259.4287,6259.4287
1573,0.54,-0.2041,+0.1433,-5.9529,5.7488,15.1190,-180.3037,6644.6479,6644.6479
1574,0.56,0.1302,-0.0254,-5.9664,6.0966,11.9065,-169.3274,5862.6465,5862.6465
1575,0.55,-0.2872,+0.2236,-5.9709,5.6837,7.1254,-175.6290,6284.5225,6284.5225
1576,0.56,0.1887,-0.1890,-5.9508,6.1395,5.0773,-167.0418,5735.0474,5735.0474
1577,0.56,0.4560,-0.0604,-5.9632,6.4191,10.4432,-180.7846,6709.1875,6709.1875
1578,0.57,0.2153,-0.0821,-5.9843,6.1995,6.4504,-170.1328,5941.9102,5941.9102
1579,0.56,0.3136,-0.3888,-5.9765,6.2901,7.1100,-180.7626,6689.1484,6689.1484
1580,0.56,0.0511,-0.1543,-5.9660,6.0171,4.5473,-168.1472,5811.0312,5811.0312
1581,0.57,0.0023,+0.1497,-5.9743,5.9765,6.4197,-179.5897,6643.0854,6643.0854
1582,0.56,0.1654,+0.2192,-5.9644,6.1298,6.6978,-165.1216,5584.8350,5584.8350
1583,0.56,0.1130,-0.3727,-5.9693,6.0823,10.5372,-185.5201,7069.6592,7069.6592
1584,0.55,0.1210,-0.1973,-5.9644,6.0854,6.4736,-168.1039,5825.7354,5825.7354
1585,0.56,-0.0659,+0.1034,-5.9815,5.9156,5.0480,-181.9565,6817.7256,6817.7256
1586,0.55,0.0116,-0.1465,-5.9918,6.0033,3.0760,-165.2191,5635.4756,5635.4756
1587,0.55,0.3592,-0.1136,-5.9501,6.3094,4.0399,-189.8133,7373.7188,7373.7188
1588,0.57,0.1156,-0.1608,-5.9674,6.0830,4.4038,-166.1150,5617.2661,5617.2661
1589,0.55,0.1890,+0.0535,-5.9665,6.1555,9.5955,-187.4937,7185.8511,7185.8511
1590,0.58,-0.3385,-0.2046,-5.9882,5.6498,7.5000,-176.5476,6374.6650,6374.6650
1591,0.56,0.3325,+0.1579,-6.0174,6.3498,7.5569,-157.1245,5032.2881,5032.2881
1592,0.56,-0.0492,+0.1161,-6.0279,5.9787,6.7265,-177.6652,6527.9551,6527.9551
1593,0.56,-0.1265,+0.0162,-6.0280,5.9015,10.9399,-164.6053,5560.4487,5560.4487
1594,0.55,-0.4961,-0.0338,-6.0067,5.5105,8.5860,-178.0689,6491.5049,6491.5049
1595,0.56,-0.3192,+0.1652,-5.9973,5.6781,8.2935,-165.3936,5615.1099,5615.1099
1596,0.56,-0.1438,+0.1127,-5.9927,5.8489,10.7007,-175.2379,6301.8467,6301.8467
1597,0.56,-0.2897,-0.0474,-6.0022,5.7125,8.7157,-169.3151,5911.1875,5911.1875
1598,0.57,-0.5240,-0.0075,-6.0147,5.4907,4.0556,-175.8765,6372.5864,6372.5864
1599,0.54,-0.5380,-0.0406,-6.0206,5.4826,4.9069,-167.6848,5777.5703,5777.5703
1600,0.55,0.1241,-0.0727,-6.0229,6.1470,7.1212,-185.6841,7075.5127,7075.5127
1601,0.52,-0.0752,-0.1592,-6.0233,5.9481,8.0613,-168.2471,5830.0059,5830.0059
1602,0.53,-0.4555,+0.1710,-6.0214,5.5659,17.8530,-173.9536,6210.8223,6210.8223
1603,0.51,-0.3007,+0.2576,-6.0189,5.7182,4.5363,-168.4230,5828.6235,5828.6235
1604,0.50,-0.4519,-0.0346,-5.9966,5.5446,3.6916,-179.3536,6574.3232,6574.3232
1605,0.53,-0.3435,-0.1741,-6.0074,5.6639,5.1808,-166.8284,5710.2861,5710.2861
1606,0.53,-0.0407,-0.0023,-6.0081,5.9674,4.0537,-183.1792,6919.2080,6919.2080
1607,0.52,-0.1063,+0.0572,-6.0078,5.9015,4.4576,-162.9071,5497.8564,5497.8564
1608,0.51,-0.3298,-0.2001,-6.0371,5.7074,5.3963,-178.9169,6592.4854,6592.4854
1609,0.55,-0.2741,-0.1746,-6.0466,5.7726,2.9055,-163.4786,5505.9502,5505.9502
1610,0.54,-0.2936,-0.2560,-6.0276,5.7341,8.0260,-182.7177,6909.7422,6909.7422
1611,0.54,-0.4266,-0.1083,-6.0106,5.5841,3.8871,-162.9222,5452.5693,5452.5693
1612,0.53,-0.3901,-0.0136,-6.0138,5.6237,3.4941,-182.9199,6891.2178,6891.2178
1613,0.53,-0.1602,-0.1602,-6.0255,5.8652,4.9504,-160.1075,5270.0938,5270.0938
1614,0.54,-0.5024,+0.0680,-6.0197,5.5173,4.4361,-182.9324,6889.5952,6889.5952
1615,0.53,-0.2313,-0.2004,-6.0044,5.7732,10.5085,-164.8804,5637.2959,5637.2959
1616,0.53,-0.4255,+0.0169,-6.0306,5.6050,10.9694,-177.2708,6505.6997,6505.6997
1617,0.54,-0.3594,-0.2051,-6.0060,5.6466,5.5690,-166.8613,5782.0332,5782.0332
1618,0.53,-0.4699,-0.1507,-6.0055,5.5355,9.7800,-181.5067,6794.8071,6794.8071
1619,0.53,-0.3558,+0.0226,-6.0400,5.6842,4.1681,-172.4678,6161.0542,6161.0542
1620,0.55,0.3307,+0.4376,-5.9819,6.3126,23.2224,-182.3420,6862.3115,6862.3115
1621,0.53,-0.6342,+0.0543,-6.0118,5.3776,5.1009,-180.8756,6709.6255,6709.6255
1622,0.55,-0.4425,-0.2103,-6.0084,5.5659,7.8431,-170.3292,5933.3931,5933.3931
1623,0.54,-0.5044,+0.0963,-5.9946,5.4901,12.8489,-174.9240,6242.6943,6242.6943
1624,0.52,-0.3585,+0.1051,-5.9961,5.6376,25.6385,-170.1880,5954.7354,5954.7354
1625,0.55,-0.4911,-0.0252,-6.0260,5.5349,9.2491,-170.8421,6025.6494,6025.6494
1626,0.54,-0.2603,+0.0928,-6.0075,5.7472,45.5694,-171.2994,6062.0488,6062.0488
1627,0.54,-0.2707,-0.3433,-6.0021,5.7314,30.6329,-172.2312,6146.8271,6146.8271
1628,0.52,0.0309,+0.2117,-6.0126,6.0435,101.9062,-167.9604,5857.1455,5857.1455
1629,0.54,-0.0031,-0.1131,-6.0239,6.0208,52.1472,-167.9342,5846.4180,5846.4180
1630,0.53,0.2005,-0.0033,-6.0061,6.2066,106.8369,-168.8652,5925.6689,5925.6689
1631,0.53,-0.0528,+0.0941,-6.0191,5.9663,35.4046,-168.8323,5924.5127,5924.5127
1632,0.53,0.0560,+0.3225,-6.0022,6.0582,49.2871,-172.8577,6196.6904,6196.6904
1633,0.53,0.2175,+0.2484,-6.0178,6.2353,55.1035,-169.8615,6018.2134,6018.2134
1634,0.53,-0.0843,-0.0704,-6.0095,5.9252,42.2473,-171.8575,6126.2446,6126.2446
1635,0.53,-0.0187,+0.0797,-5.9965,5.9778,41.8987,-174.7910,6322.3394,6322.3394
1636,0.52,0.0062,+0.0606,-5.9903,5.9965,65.7488,-171.8612,6134.4307,6134.4307
1637,0.54,-0.0813,+0.0644,-6.0100,5.9286,49.5974,-171.1969,6040.8506,6040.8506
1638,0.53,-0.1747,-0.0138,-6.0245,5.8497,43.3916,-172.1064,6102.3691,6102.3691
1639,0.54,-0.3180,+0.0642,-6.0157,5.6977,40.4994,-172.7316,6135.3945,6135.3945
1640,0.52,-0.1951,-0.0230,-6.0060,5.8110,40.4627,-174.5189,6275.0518,6275.0518
1641,0.53,-0.3406,+0.0705,-5.9964,5.6559,29.3252,-174.9701,6300.3540,6300.3540
1642,0.53,-0.1928,+0.0351,-6.0021,5.8093,34.4944,-172.8026,6151.5708,6151.5708
1643,0.53,-0.2885,-0.2368,-5.9999,5.7114,35.4473,-171.9486,6094.0332,6094.0332
1644,0.53,-0.2294,-0.0891,-5.9810,5.7516,68.4985,-173.9641,6249.5039,6249.5039
1645,0.53,-0.1949,-0.4726,-5.9875,5.7926,36.1578,-175.2531,6326.3877,6326.3877
1646,0.54,-0.0707,+0.0503,-6.0090,5.9383,37.0188,-173.4403,6202.1064,6202.1064
1647,0.53,-0.0461,-0.2500,-6.0080,5.9618,66.2536,-171.1314,6067.4829,6067.4829
1648,0.54,0.0148,-0.0113,-6.0097,6.0246,40.2192,-171.2058,6070.2441,6070.2441
1649,0.54,-0.1154,-0.6059,-6.0139,5.8985,58.1551,-172.2760,6105.2129,6105.2129
1650,0.55,0.0859,+0.1311,-5.9924,6.0783,44.4670,-172.2228,6117.1377,6117.1377
1651,0.53,-0.2930,+0.1018,-5.9750,5.6820,46.5906,-172.5622,6132.6104,6132.6104
1652,0.53,0.0493,+0.3460,-6.0018,6.0511,26.4037,-173.0599,6178.3164,6178.3164
1653,0.54,-0.1840,+0.2691,-5.9888,5.8048,46.5857,-173.3773,6175.0312,6175.0312
1654,0.52,-0.0039,-0.0441,-5.9926,5.9887,31.6633,-172.5764,6099.5859,6099.5859
1655,0.51,-0.0194,+0.0788,-6.0236,6.0041,48.1866,-172.1533,6114.7090,6114.7090
1656,0.53,-0.0052,-0.2870,-6.0244,6.0191,32.9525,-171.0096,6021.9131,6021.9131
1657,0.52,-0.0973,-0.2279,-6.0285,5.9312,38.7025,-171.9851,6110.5630,6110.5630
1658,0.52,-0.1024,+0.2852,-6.0115,5.9091,44.1277,-172.9680,6182.9336,6182.9336
1659,0.54,0.1370,-0.1804,-6.0052,6.1421,43.4573,-174.1253,6267.4351,6267.4351
1660,0.53,0.1399,+0.2301,-5.9949,6.1348,53.9787,-173.6720,6243.2681,6243.2681
1661,0.54,0.1919,-0.0914,-5.9747,6.1666,41.6658,-174.2085,6280.8262,6280.8262
1662,0.52,-0.3694,-0.5221,-5.9876,5.6181,39.3681,-173.6221,6221.1455,6221.1455
1663,0.52,-0.3134,-0.2057,-5.9975,5.6840,53.9954,-172.7596,6189.8809,6189.8809
1664,0.51,-0.1720,+0.0278,-5.9980,5.8260,58.1164,-172.9769,6204.5088,6204.5088
1665,0.51,-0.1843,+0.0525,-5.9989,5.8146,41.0971,-174.9470,6318.3682,6318.3682
1666,0.52,-0.5041,-0.0928,-6.0067,5.5026,66.4307,-173.9184,6239.7793,6239.7793
1667,0.52,0.2049,-0.2111,-6.0041,6.2090,151.9926,-174.0956,6273.3379,6273.3379
1668,0.52,-0.1389,+0.1223,-5.9997,5.8608,41.6206,-174.4765,6280.5186,6280.5186
1669,0.53,0.2496,-0.2282,-5.9863,6.2359,107.4902,-174.4871,6290.0376,6290.0376
1670,0.53,-0.2354,-0.0635,-6.0075,5.7722,34.8453,-173.4962,6197.5869,6197.5869
1671,0.53,-0.2956,+0.2378,-6.0180,5.7225,36.9782,-170.5255,5999.3838,5999.3838
1672,0.52,0.0032,-0.0593,-6.0373,6.0405,41.5770,-172.5607,6153.9272,6153.9272
1673,0.51,-0.1992,+0.2525,-6.0209,5.8217,27.9990,-173.9122,6224.1455,6224.1455
1674,0.52,-0.3570,+0.1490,-6.0010,5.6440,34.8465,-175.2294,6300.9600,6300.9600
1675,0.54,-0.2159,-0.0554,-6.0356,5.8197,51.9442,-174.0432,6256.8633,6256.8633
1676,0.54,-0.4209,+0.1424,-6.0270,5.6062,42.6956,-174.3219,6267.9053,6267.9053
1677,0.53,-0.1907,-0.1423,-6.0161,5.8253,31.1590,-173.0219,6183.2075,6183.2075
1678,0.55,-0.5450,+0.1704,-6.0132,5.4683,27.1227,-173.2629,6155.9766,6155.9766
1679,0.54,-0.3073,+0.0452,-6.0162,5.7089,26.1607,-173.0145,6130.5010,6130.5010
1680,0.54,-0.1017,+0.1060,-6.0127,5.9110,42.7327,-172.1287,6091.4702,6091.4702
1681,0.52,-0.1174,-0.0659,-6.0004,5.8830,33.7702,-172.3998,6106.6045,6106.6045
1682,0.52,-0.2098,+0.5549,-5.9863,5.7765,32.2171,-171.0467,6003.0410,6003.0410
1683,0.53,-0.1495,-0.2136,-6.0044,5.8549,28.1975,-170.8726,6013.6553,6013.6553
1684,0.55,-0.1309,-0.2568,-6.0116,5.8806,32.3367,-171.8047,6079.7734,6079.7734
1685,0.54,-0.1807,-0.3844,-6.0123,5.8316,28.5910,-173.4446,6209.8691,6209.8691
1686,0.53,-0.4085,+0.0775,-6.0122,5.6037,22.8156,-175.1227,6292.4390,6292.4390
1687,0.52,-0.3888,-0.1279,-6.0082,5.6194,42.0434,-174.5018,6246.3457,6246.3457
1688,0.53,-0.2367,+0.1014,-6.0218,5.7851,47.2433,-172.3500,6130.8145,6130.8145
1689,0.52,0.0002,+0.0793,-6.0275,6.0277,59.9576,-171.8498,6078.3525,6078.3525
1690,0.54,-0.1014,+0.1659,-5.9849,5.8834,46.6845,-172.1370,6075.1235,6075.1235
1691,0.54,-0.2535,-0.1922,-5.9876,5.7342,24.3826,-172.2594,6080.0605,6080.0605
1692,0.53,-0.0566,-0.0134,-5.9809,5.9243,40.4990,-171.9563,6066.5205,6066.5205
1693,0.54,-0.2251,-0.2012,-5.9794,5.7543,23.2014,-174.9281,6267.3701,6267.3701
1694,0.53,-0.3638,-0.1142,-5.9640,5.6001,37.1196,-175.4153,6325.6787,6325.6787
1695,0.54,-0.3121,-0.1129,-5.9809,5.6689,42.1419,-173.8134,6231.5005,6231.5005
1696,0.54,-0.3851,+0.0789,-5.9790,5.5939,36.2495,-175.3478,6311.7324,6311.7324
1697,0.53,-0.0420,-0.3718,-5.9802,5.9382,45.8027,-175.6113,6312.6489,6312.6489
1698,0.54,-0.3868,-0.2287,-6.0036,5.6167,39.9565,-174.3244,6241.7056,6241.7056
1699,0.53,-0.2453,+0.0244,-5.9822,5.7369,45.6378,-172.8124,6133.4976,6133.4976
1700,0.54,-0.1815,+0.0693,-5.9910,5.8095,51.0179,-173.5974,6174.4829,6174.4829
1701,0.53,-0.2084,+0.2695,-5.9900,5.7816,43.4531,-171.7037,6021.3320,6021.3320
1702,0.53,0.3754,-0.4173,-5.9941,6.3695,207.7873,-173.7802,6222.3184,6222.3184
1703,0.53,-0.4362,+0.1394,-6.0072,5.5710,33.1025,-171.8157,6036.2041,6036.2041
1704,0.52,-0.2538,-0.0542,-6.0033,5.7495,44.6624,-174.9655,6262.1040,6262.1040
1705,0.53,0.1217,-0.2212,-5.9955,6.1172,37.5943,-174.5485,6240.8604,6240.8604
1706,0.52,-0.3032,+0.0209,-5.9983,5.6950,29.3423,-175.6357,6300.5298,6300.5298
1707,0.52,-0.3301,+0.0632,-5.9938,5.6636,47.5558,-174.0830,6200.5557,6200.5557
1708,0.53,-0.4745,+0.2075,-5.9750,5.5005,35.1112,-174.9062,6260.9980,6260.9980
1709,0.54,-0.5110,+0.1891,-5.9904,5.4794,60.3146,-172.9314,6145.0386,6145.0386
1710,0.53,-0.1836,+0.1365,-5.9694,5.7858,39.9746,-175.5533,6311.1348,6311.1348
1711,0.52,-0.0915,+0.0369,-5.9743,5.8828,38.9707,-172.3982,6083.6846,6083.6846
1712,0.54,-0.0611,-0.5251,-5.9766,5.9155,65.4237,-171.9537,6064.2744,6064.2744
1713,0.53,-0.4330,-0.0786,-5.9790,5.5460,20.0170,-172.3768,6051.9863,6051.9863
1714,0.53,-0.3810,-0.2744,-5.9805,5.5995,38.6333,-172.2502,6062.5776,6062.5776
1715,0.52,-0.3652,+0.1142,-6.0134,5.6482,62.4673,-170.1298,5933.3218,5933.3218
1716,0.52,-0.5555,-0.1533,-5.9728,5.4173,19.8395,-170.9312,5957.2305,5957.2305
1717,0.53,-0.2431,-0.1896,-5.9948,5.7517,25.4740,-173.2023,6131.8643,6131.8643
1718,0.53,-0.1708,-0.0216,-6.0167,5.8459,9.6837,-175.5465,6296.9463,6296.9463
1719,0.54,-0.4942,-0.0870,-6.0046,5.5104,7.1550,-175.1786,6257.9531,6257.9531
1720,0.53,-0.4915,+0.1578,-5.9829,5.4914,13.3997,-167.8036,5727.5610,5727.5610
1721,0.54,-0.2882,-0.0165,-5.9743,5.6861,7.0540,-172.1371,6039.5254,6039.5254
1722,0.53,-0.3539,-0.1825,-5.9596,5.6057,5.3391,-167.5050,5671.5684,5671.5684
1723,0.53,-0.0485,-0.2490,-5.9477,5.8992,6.7900,-187.0428,7157.0762,7157.0762
1724,0.55,-0.4631,+0.0532,-5.9667,5.5036,6.4256,-167.7715,5765.7231,5765.7231
1725,0.53,-0.3178,-0.3402,-5.9887,5.6709,7.2084,-180.1279,6660.3306,6660.3306
1726,0.56,-0.3578,+0.0193,-5.9762,5.6183,11.3505,-171.5438,6065.3291,6065.3291
1727,0.53,-0.1468,-0.0616,-5.9540,5.8072,14.5732,-172.3741,6128.7852,6128.7852
1728,0.54,-0.0648,+0.0425,-5.9926,5.9278,24.5201,-170.7975,6018.7734,6018.7734
1729,0.53,-0.1791,+0.0665,-6.0206,5.8415,48.1104,-171.2232,6040.0728,6040.0728
1730,0.53,-0.2468,-0.1315,-6.0147,5.7679,16.4054,-173.4063,6167.3740,6167.3740
1731,0.52,-0.4756,+0.0722,-6.0263,5.5507,15.6860,-168.7193,5844.0894,5844.0894
1732,0.54,-0.4256,-0.1601,-6.0288,5.6031,6.4734,-170.3849,5943.7490,5943.7490
1733,0.53,-0.2921,-0.0238,-6.0307,5.7385,5.8415,-180.7908,6693.3691,6693.3691
1734,0.52,-0.4300,+0.2648,-6.0131,5.5831,14.1559,-171.4784,6011.4414,6011.4414
1735,0.53,-0.7804,-0.1163,-6.0169,5.2365,8.6255,-172.2145,6053.6992,6053.6992
1736,0.54,-0.3599,-0.1846,-6.0525,5.6926,5.8733,-172.1909,6126.3584,6126.3584
1737,0.52,-0.6873,+0.0892,-6.0156,5.3283,5.7474,-172.6702,6116.9956,6116.9956
1738,0.53,-0.3551,-0.1777,-6.0260,5.6709,4.5260,-175.6009,6374.7529,6374.7529
1739,0.55,-0.1808,+0.1134,-6.0074,5.8266,6.2508,-167.1116,5739.5049,5739.5049
1740,0.53,-0.3332,-0.1899,-5.9912,5.6579,6.9598,-172.9218,6150.0645,6150.0645
1741,0.54,-0.5890,+0.1912,-5.9931,5.4041,7.8786,-174.7113,6245.2441,6245.2441
1742,0.54,-0.3555,+0.0490,-5.9988,5.6433,3.1834,-170.7829,5949.7256,5949.7256
1743,0.53,-0.4805,+0.3372,-5.9862,5.5057,7.2190,-172.2350,6075.3770,6075.3770
1744,0.53,-0.0423,+0.5380,-6.0144,5.9722,28.1958,-169.5541,5910.3506,5910.3506
1745,0.54,-0.3621,+0.3403,-5.9991,5.6370,3.7464,-175.0185,6257.2129,6257.2129
1746,0.53,-0.1309,+0.0067,-5.9959,5.8650,11.0092,-173.3506,6154.2432,6154.2432
1747,0.54,-0.6264,+0.1254,-5.9983,5.3720,11.1926,-172.0075,6048.8794,6048.8794
1748,0.54,-0.5404,-0.1443,-5.9997,5.4592,5.5042,-176.9313,6391.8105,6391.8105
1749,0.54,-0.4939,+0.0656,-5.9867,5.4928,4.8213,-173.4931,6116.8086,6116.8086
1750,0.53,-0.3896,-0.0318,-5.9897,5.6002,7.1611,-173.6167,6169.7817,6169.7817
1751,0.53,-0.3524,-0.0251,-6.0181,5.6657,12.1267,-171.6997,6062.5024,6062.5024
1752,0.53,-0.1785,-0.6327,-6.0073,5.8288,14.0522,-178.1588,6585.2578,6585.2578
1753,0.53,-0.1561,-0.5298,-6.0052,5.8491,24.0025,-175.0235,6377.2773,6377.2773
1754,0.55,-0.2449,-0.0569,-6.0120,5.7671,32.5916,-173.0931,6217.4170,6217.4170
1755,0.54,-0.4860,+0.3153,-5.9917,5.5057,7.1017,-172.5701,6153.1650,6153.1650
1756,0.53,-0.0043,-0.2269,-5.9963,5.9919,19.8258,-174.8941,6318.4443,6318.4443
1757,0.55,-0.1698,-0.1011,-6.0083,5.8385,14.2867,-175.8516,6392.0356,6392.0356
1758,0.53,-0.1323,-0.1084,-6.0261,5.8938,25.4478,-174.6504,6287.7529,6287.7529
1759,0.52,-0.0049,+0.0237,-6.0294,6.0246,24.7677,-167.3241,5804.0625,5804.0625
1760,0.52,-0.1962,+0.0204,-6.0252,5.8290,13.7337,-172.4614,6140.6963,6140.6963
1761,0.53,-0.2334,-0.1256,-6.0371,5.8037,6.8949,-172.6258,6175.1104,6175.1104
1762,0.52,-0.1878,-0.2626,-6.0394,5.8516,15.2333,-170.1502,6020.4834,6020.4834
1763,0.51,-0.2699,+0.3444,-6.0572,5.7873,17.1608,-172.3998,6186.1421,6186.1421
1764,0.52,-0.9245,-0.1884,-6.0364,5.1119,40.0578,-177.7991,6519.1533,6519.1533
1765,0.54,-0.5361,+0.2530,-6.0552,5.5190,9.2430,-172.3468,6112.3618,6112.3618
1766,0.54,-0.4176,-0.1902,-6.0345,5.6169,5.4691,-173.1015,6138.5200,6138.5200
1767,0.54,-0.3178,+0.0812,-6.0238,5.7060,25.9536,-171.4853,6059.8672,6059.8672
1768,0.53,-0.6906,+0.1464,-6.0356,5.3450,6.1644,-173.3359,6154.0518,6154.0518
1769,0.53,-0.3223,-0.2188,-6.0495,5.7272,14.0992,-171.6411,6059.0122,6059.0122
1770,0.51,-0.4809,-0.2488,-6.0513,5.5704,9.3470,-173.7882,6210.0508,6210.0508
1771,0.54,-0.3995,+0.1297,-6.0356,5.6362,14.0211,-168.7383,5893.7915,5893.7915
1772,0.51,-0.3278,+0.2433,-6.0293,5.7014,38.4482,-176.0041,6396.1123,6396.1123
1773,0.53,-0.3641,-0.0240,-6.0357,5.6715,38.1291,-172.8928,6174.7822,6174.7822
1774,0.53,-0.3094,+0.3022,-6.0276,5.7182,38.5995,-172.9923,6178.1074,6178.1074
1775,0.52,0.0763,-0.1001,-6.0087,6.0849,72.2030,-173.8717,6244.0430,6244.0430
1776,0.53,-0.0464,+0.1144,-6.0022,5.9558,35.4907,-173.9687,6246.5430,6246.5430
1777,0.53,-0.6243,-0.1361,-5.9923,5.3680,39.1161,-170.0681,5941.6421,5941.6421
1778,0.54,-0.2181,-0.1893,-5.9897,5.7716,32.6868,-171.8743,6057.8184,6057.8184
1779,0.54,-0.4255,-0.1368,-6.0008,5.5753,25.5115,-171.9307,6082.5469,6082.5469
1780,0.50,-0.4076,-0.0928,-6.0145,5.6069,4.6249,-174.3826,6250.1484,6250.1484
1781,0.53,-0.2448,+0.0361,-6.0086,5.7638,12.4689,-165.2884,5612.6543,5612.6543
1782,0.52,-0.2282,+0.0862,-6.0106,5.7823,9.4288,-173.3114,6157.1616,6157.1616
1783,0.53,-0.1989,+0.3548,-5.9999,5.8010,20.7896,-173.5659,6186.3320,6186.3320
1784,0.53,0.0047,+0.2215,-5.9857,5.9904,35.6880,-173.8070,6228.9668,6228.9668
1785,0.53,-0.3332,+0.2377,-5.9746,5.6414,13.0804,-174.7303,6231.9443,6231.9443
1786,0.53,0.2060,+0.4432,-5.9607,6.1667,55.3530,-179.6893,6626.7383,6626.7383
1787,0.54,0.0566,-0.0115,-5.9661,6.0227,8.1984,-170.7061,5952.7510,5952.7510
1788,0.52,0.1650,+0.1947,-5.9690,6.1340,36.2613,-178.3535,6520.7139,6520.7139
1789,0.52,0.2497,+0.1915,-6.0029,6.2525,67.8312,-172.0447,6077.4263,6077.4263
1790,0.54,0.3604,+0.0743,-6.0068,6.3672,50.6751,-173.5064,6175.6279,6175.6279
1791,0.50,-0.1973,-0.2881,-6.0092,5.8120,7.0267,-170.1536,5935.2241,5935.2241
1792,0.53,0.2149,-0.0608,-6.0201,6.2350,25.4456,-176.8114,6450.6992,6450.6992
1793,0.52,-0.0726,-0.0834,-6.0146,5.9420,19.9365,-175.4252,6352.4351,6352.4351
1794,0.51,-0.3800,-0.0340,-6.0167,5.6367,41.4607,-172.7166,6149.0605,6149.0605
1795,0.52,-0.3610,+0.2110,-6.0182,5.6571,24.8726,-177.2939,6467.7476,6467.7476
1796,0.52,-0.3634,+0.2000,-6.0105,5.6471,12.9458,-178.0138,6542.9072,6542.9072
1797,0.51,-0.2228,-0.0082,-6.0137,5.7909,35.1429,-171.1359,6072.4141,6072.4141
1798,0.53,-0.1703,-0.4826,-5.9791,5.8088,33.8487,-175.8107,6370.9785,6370.9785
1799,0.52,-0.3630,+0.3606,-6.0106,5.6476,12.4133,-175.4690,6333.9229,6333.9229
1800,0.52,-0.1614,+0.3593,-6.0032,5.8418,38.7975,-176.2811,6390.6748,6390.6748
1801,0.53,-0.3328,-0.0450,-6.0144,5.6817,9.1376,-174.6223,6277.5332,6277.5332
1802,0.53,-0.1867,+0.3964,-6.0216,5.8348,42.1827,-176.7327,6461.1650,6461.1650
1803,0.52,-0.1370,+0.0492,-6.0135,5.8765,15.9563,-175.2386,6347.1406,6347.1406
1804,0.54,-0.3555,-0.1796,-6.0091,5.6535,17.7823,-172.5457,6111.1475,6111.1475
1805,0.53,-0.4955,+0.0496,-6.0251,5.5296,6.3392,-171.7228,6062.8540,6062.8540
1806,0.53,-0.3994,+0.1402,-6.0224,5.6230,19.1198,-177.7448,6503.2363,6503.2363
1807,0.51,-0.5282,-0.0370,-6.0105,5.4822,21.0175,-172.9277,6148.8452,6148.8452
1808,0.52,-0.3980,+0.0302,-6.0071,5.6091,8.6992,-176.2147,6386.4023,6386.4023
1809,0.53,-0.3009,+0.2609,-6.0347,5.7339,9.6337,-166.4341,5722.4482,5722.4482
1810,0.53,-0.3263,+0.0093,-6.0417,5.7154,24.0271,-177.5026,6514.4380,6514.4380
1811,0.54,-0.5962,+0.0917,-6.0340,5.4378,10.8249,-172.1741,6103.1240,6103.1240
1812,0.54,-0.2007,-0.1209,-5.9997,5.7990,15.8205,-172.1621,6115.3770,6115.3770
1813,0.52,-0.2141,+0.0902,-6.0117,5.7976,29.0537,-168.9061,5907.6143,5907.6143
1814,0.52,-0.3562,+0.1311,-5.9981,5.6419,17.3059,-173.4532,6224.8579,6224.8579
1815,0.52,0.0089,+0.0247,-5.9908,5.9997,26.0523,-170.8666,6042.2266,6042.2266
1816,0.53,0.2139,-0.0017,-6.0022,6.2161,27.4121,-174.3395,6296.7456,6296.7456
1817,0.53,-0.1504,-0.1646,-6.0246,5.8741,12.9824,-172.2046,6137.8438,6137.8438
1818,0.53,-0.0956,+0.4855,-6.0129,5.9173,76.5583,-171.7112,6113.5508,6113.5508
1819,0.51,-0.4194,-0.2593,-6.0222,5.6028,4.1258,-174.6799,6294.4990,6294.4990
1820,0.52,-0.4301,-0.1838,-6.0105,5.5803,3.8698,-174.8912,6300.7529,6300.7529
1821,0.54,-0.3459,-0.6078,-5.9913,5.6454,7.7142,-169.9967,5934.9092,5934.9092
1822,0.52,-0.2517,+0.2543,-6.0259,5.7742,4.7829,-174.5078,6281.2803,6281.2803
1823,0.54,-0.4211,+0.0302,-6.0452,5.6241,7.8969,-167.6021,5783.6025,5783.6025
1824,0.52,-0.4011,-0.0049,-6.0292,5.6282,4.3925,-178.2464,6563.2993,6563.2993
1825,0.53,0.4156,+0.0175,-6.0219,6.4375,7.5000,-160.1485,5282.3247,5282.3247
1826,0.53,-0.2762,-0.1291,-5.9972,5.7210,10.3349,-171.5033,6061.7798,6061.7798
1827,0.52,-0.0952,-0.2212,-5.9834,5.8881,13.2993,-172.3210,6129.0806,6129.0806
1828,0.52,-0.2389,-0.7238,-5.9902,5.7513,17.4425,-179.9737,6661.3750,6661.3750
1829,0.52,0.0127,+0.0561,-5.9959,6.0085,32.5351,-178.4046,6618.1309,6618.1309
1830,0.55,-0.1084,+0.0398,-5.9808,5.8724,57.2044,-176.4939,6435.5356,6435.5356
1831,0.52,-0.1576,+0.1903,-5.9763,5.8186,16.9201,-176.6177,6466.6699,6466.6699
1832,0.53,-0.0105,+0.3869,-5.9634,5.9529,36.7802,-172.6925,6171.8599,6171.8599
1833,0.51,0.1586,+0.0411,-5.9854,6.1439,74.5467,-171.3770,6094.0723,6094.0723
1834,0.54,-0.0446,+0.1320,-6.0022,5.9576,32.6538,-173.6849,6249.3193,6249.3193
1835,0.54,0.0259,+0.2438,-6.0029,6.0288,60.2771,-172.3965,6145.1904,6145.1904
1836,0.51,0.0910,-0.8131,-5.9837,6.0746,52.0055,-175.7415,6366.2412,6366.2412
1837,0.51,-0.0064,-0.1050,-5.9925,5.9861,26.1863,-177.2147,6531.0850,6531.0850
1838,0.53,0.0564,+0.2832,-6.0186,6.0749,63.4566,-175.3353,6374.1851,6374.1851
1839,0.54,-0.3797,+0.2687,-6.0241,5.6443,33.3782,-174.7894,6320.9756,6320.9756
1840,0.52,-0.0876,-0.0653,-6.0331,5.9455,22.2950,-173.3067,6236.3301,6236.3301
1841,0.53,-0.1495,-0.1185,-6.0519,5.9023,21.1981,-171.8703,6119.2358,6119.2358
1842,0.54,0.0935,-0.1213,-6.0383,6.1318,33.8636,-172.8129,6183.7344,6183.7344
1843,0.53,-0.2346,+0.1933,-6.0138,5.7791,61.5194,-172.1080,6132.2832,6132.2832
1844,0.53,-0.2019,+0.2278,-6.0225,5.8206,8.3027,-170.4524,6008.2939,6008.2939
1845,0.54,-0.1057,+0.0316,-6.0193,5.9136,61.3813,-172.1801,6159.7534,6159.7534
1846,0.54,-0.0339,+0.3077,-6.0226,5.9887,83.3702,-170.6565,6034.4385,6034.4385
1847,0.51,0.1361,+0.1129,-5.9935,6.1296,61.2803,-171.1656,6072.6621,6072.6621
1848,0.53,-0.0816,+0.0590,-6.0013,5.9197,39.4540,-171.4206,6091.0156,6091.0156
1849,0.52,0.0011,-0.0703,-6.0183,6.0194,40.2163,-173.5063,6243.3452,6243.3452
1850,0.54,-0.2891,+0.1668,-6.0237,5.7345,12.5471,-172.0612,6157.8579,6157.8579
1851,0.54,-0.5027,+0.4008,-6.0460,5.5433,33.4448,-168.0934,5892.3018,5892.3018
1852,0.53,-0.1410,+0.2682,-6.0322,5.8911,10.6961,-172.3513,6169.0498,6169.0498
1853,0.52,-0.5006,+0.0674,-6.0772,5.5766,8.5316,-170.2245,6029.1118,6029.1118
1854,0.51,-0.1534,-0.2610,-6.0441,5.8907,6.5957,-179.3864,6628.2314,6628.2314
1855,0.53,-0.0059,-0.3894,-6.0304,6.0246,12.8624,-166.2124,5730.6680,5730.6680
1856,0.51,-0.2413,-0.0691,-6.0526,5.8113,15.7310,-167.5664,5844.2568,5844.2568
1857,0.53,-0.4765,-0.2075,-6.0358,5.5593,22.0020,-169.7046,5956.4453,5956.4453
1858,0.51,-0.0959,+0.2645,-6.0298,5.9339,5.8230,-172.9641,6196.2061,6196.2061
1859,0.53,-0.2417,-0.1704,-6.0187,5.7769,4.4809,-175.6220,6361.1260,6361.1260
1860,0.53,-0.1867,-0.1006,-6.0298,5.8431,3.2233,-167.0136,5730.2402,5730.2402
1861,0.53,-1.1338,-0.1156,-6.0167,4.8829,147.7456,-177.1723,6482.7583,6482.7583
1862,0.52,-0.3800,+0.1142,-6.0303,5.6503,6.7642,-172.9067,6184.2705,6184.2705
1863,0.52,-0.2643,-0.0581,-6.0001,5.7357,3.0140,-177.5853,6493.5654,6493.5654
1864,0.54,-0.4236,-0.0822,-5.9922,5.5686,6.7274,-168.4643,5852.8750,5852.8750
1865,0.54,-0.1352,+0.0423,-6.0295,5.8942,4.1875,-185.2410,7099.9731,7099.9731
1866,0.55,0.0063,-0.0296,-6.0150,6.0213,3.5860,-163.7146,5535.8779,5535.8779
1867,0.52,-0.2474,-0.0348,-5.9883,5.7409,3.3199,-183.3473,6901.3164,6901.3164
1868,0.52,-0.2567,-0.0737,-5.9904,5.7336,3.6769,-165.0263,5611.0010,5611.0010
1869,0.54,-0.0942,+0.4303,-5.9900,5.8958,9.1720,-188.2996,7337.5938,7337.5938
1870,0.53,-0.4160,-0.0701,-6.0084,5.5923,4.3531,-175.6808,6359.9600,6359.9600
1871,0.54,-0.1743,-0.0188,-6.0362,5.8619,12.4110,-167.5398,5830.8540,5830.8540
1872,0.51,-0.4428,-0.2279,-6.0103,5.5675,9.9831,-179.6742,6675.1816,6675.1816
1873,0.52,-0.5741,-0.1697,-5.9972,5.4230,5.8881,-173.6911,6207.3164,6207.3164
1874,0.52,-0.2792,-0.0654,-5.9792,5.7001,3.4178,-169.2130,5911.4414,5911.4414
1875,0.53,-0.1494,+0.1117,-6.0172,5.8679,15.6022,-180.7287,6710.9497,6710.9497
1876,0.52,0.0873,+0.2142,-5.9939,6.0812,13.6405,-170.1997,5959.0610,5959.0610
1877,0.54,-0.1135,-0.0370,-5.9704,5.8569,17.3215,-174.0133,6246.6138,6246.6138
1878,0.53,-0.1071,-0.1850,-5.9795,5.8724,20.5667,-177.4698,6492.9834,6492.9834
1879,0.52,-0.0278,-0.1685,-6.0165,5.9886,31.1152,-175.5410,6359.7598,6359.7598
1880,0.52,0.0180,-0.0519,-6.0142,6.0323,34.0837,-175.6278,6394.6943,6394.6943
1881,0.54,-0.6824,-0.1380,-6.0177,5.3353,39.3356,-172.9931,6202.9238,6202.9238
1882,0.51,-0.3061,+0.4907,-6.0404,5.7343,52.2196,-174.2963,6274.0737,6274.0737
1883,0.51,-0.1712,+0.0380,-6.0105,5.8394,36.2657,-173.3411,6225.4048,6225.4048
1884,0.53,-0.2602,+0.0322,-6.0218,5.7615,38.5831,-175.7529,6373.4619,6373.4619
1885,0.51,-0.3251,-0.0369,-6.0173,5.6921,32.0438,-175.1596,6335.0078,6335.0078
1886,0.53,-0.1193,-0.0235,-6.0003,5.8810,35.7304,-174.6257,6303.7173,6303.7173
1887,0.54,-0.1204,+0.1259,-6.0361,5.9157,50.7244,-173.3459,6207.4990,6207.4990
1888,0.53,-0.1418,+0.0629,-6.0293,5.8875,52.7465,-173.3912,6222.1074,6222.1074
1889,0.52,-0.3767,+0.0456,-6.0159,5.6392,20.9401,-173.4586,6210.9487,6210.9487
1890,0.53,0.0039,-0.0459,-6.0169,6.0208,43.9536,-171.7256,6114.5913,6114.5913
1891,0.53,-0.5909,+0.0423,-6.0175,5.4266,5.0232,-171.3673,6045.0093,6045.0093
1892,0.55,-0.5266,-0.0544,-5.9941,5.4675,4.7396,-175.5197,6282.0449,6282.0449
1893,0.51,-0.1838,-0.0445,-6.0191,5.8353,5.9489,-166.2201,5698.7188,5698.7188
1894,0.53,-0.1573,-0.0023,-6.0063,5.8489,3.2867,-180.1928,6698.4800,6698.4800
1895,0.54,0.0900,+0.0246,-5.9797,6.0697,5.9499,-162.0256,5390.1636,5390.1636
1896,0.51,-0.5801,-0.0274,-6.0173,5.4372,6.4516,-179.3865,6631.7310,6631.7310
1897,0.54,-0.4196,+0.0900,-6.0339,5.6142,5.1977,-166.5533,5726.9395,5726.9395
1898,0.52,-0.3424,-0.1414,-6.0362,5.6938,9.0430,-178.4228,6538.9053,6538.9053
1899,0.53,-0.3082,+0.0057,-6.0258,5.7177,9.2977,-165.0264,5602.1191,5602.1191
1900,0.53,-0.2315,+0.1847,-6.0231,5.7915,17.0523,-174.7729,6319.1040,6319.1040
1901,0.54,-0.6489,+0.1628,-5.9977,5.3487,6.5831,-173.3156,6201.4854,6201.4854
1902,0.52,-0.3007,+0.0307,-6.0182,5.7175,6.5168,-177.6333,6539.8047,6539.8047
1903,0.53,-0.0790,-0.1945,-6.0258,5.9467,5.7468,-164.0516,5575.9761,5575.9761
1904,0.52,0.1494,+0.2620,-6.0249,6.1743,10.9188,-183.0210,6971.9678,6971.9678
1905,0.55,-0.1995,+0.0111,-6.0331,5.8335,5.2646,-165.7435,5709.8926,5709.8926
1906,0.53,0.0347,+0.0133,-6.0445,6.0791,14.1397,-182.4908,6898.7163,6898.7163
1907,0.53,-0.2789,+0.3158,-6.0298,5.7509,5.9370,-166.6257,5754.3979,5754.3979
1908,0.52,-0.4134,+0.0343,-6.0606,5.6472,8.2871,-173.1000,6166.1777,6166.1777
1909,0.52,-0.2828,+0.0724,-6.0445,5.7617,9.7881,-175.7692,6413.6631,6413.6631
1910,0.54,-0.4743,-0.0035,-6.0503,5.5760,3.9292,-171.9624,6137.2632,6137.2632
1911,0.54,-0.3505,-0.0931,-6.0423,5.6918,7.3990,-176.8868,6503.2822,6503.2822
1912,0.53,-0.4833,-0.3680,-6.0497,5.5664,5.6567,-168.4644,5907.7607,5907.7607
1913,0.52,-0.2191,+0.1079,-6.0667,5.8476,9.8537,-167.0227,5845.3564,5845.3564
1914,0.53,-0.4947,-0.0940,-6.0433,5.5485,8.5784,-178.4061,6620.7930,6620.7930
1915,0.53,-0.3150,+0.1826,-6.0410,5.7260,10.6461,-172.5081,6226.1748,6226.1748
1916,0.52,-0.1613,+0.1446,-6.0417,5.8805,13.9738,-172.7831,6169.7412,6169.7412
1917,0.51,0.0292,-0.1936,-6.0628,6.0920,30.4515,-172.5618,6215.2803,6215.2803
1918,0.54,0.2512,-0.0318,-6.0868,6.3380,59.8445,-168.4868,5944.0117,5944.0117
1919,0.52,-0.3773,-0.2853,-6.0719,5.6946,3.7771,-170.4685,6046.4990,6046.4990
1920,0.51,0.1411,+0.0666,-6.0446,6.1857,8.1107,-185.3988,7163.6411,7163.6411
1921,0.52,-0.4148,+0.0267,-6.0737,5.6589,6.6700,-161.5461,5443.7471,5443.7471
1922,0.53,-0.0707,+0.0039,-6.0579,5.9872,8.3055,-183.4483,6952.1113,6952.1113
1923,0.54,-0.2306,-0.0449,-6.0841,5.8534,4.2498,-162.7281,5483.1655,5483.1655
1924,0.52,-0.4239,+0.1666,-6.0928,5.6689,7.1176,-175.7141,6382.4834,6382.4834
1925,0.52,-0.1908,-0.1516,-6.0794,5.8886,38.8997,-163.9070,5551.0991,5551.0991
1926,0.51,-0.1116,+0.1766,-6.0870,5.9754,9.1915,-166.6663,5755.7188,5755.7188
1927,0.54,-0.5441,-0.1761,-6.0821,5.5380,7.1152,-167.1432,5785.3223,5785.3223
1928,0.53,-0.6389,+0.0792,-6.1106,5.4717,4.5062,-171.7433,6120.3076,6120.3076
1929,0.50,-0.4122,+0.1482,-6.0856,5.6734,5.2794,-175.1566,6355.3228,6355.3228
1930,0.53,-0.1498,+0.0391,-6.0781,5.9283,4.8071,-160.3220,5302.7632,5302.7632
1931,0.51,-0.4777,-0.0098,-6.0664,5.5887,3.3834,-180.1342,6674.0537,6674.0537
1932,0.53,-0.2786,-0.0922,-6.0519,5.7732,5.0835,-159.5137,5261.4668,5261.4668
1933,0.54,-0.3460,+0.0678,-6.0276,5.6816,5.5422,-177.9639,6536.7017,6536.7017
1934,0.52,-0.5521,-0.4260,-6.0334,5.4813,4.3514,-165.5236,5673.6611,5673.6611
1935,0.54,-0.2016,+0.0964,-6.0425,5.8409,3.5498,-185.0748,7114.3135,7114.3135
1936,0.54,-0.0497,+0.0674,-6.0511,6.0014,4.3534,-160.6367,5340.4546,5340.4546
1937,0.54,-0.8202,-0.1379,-6.0364,5.2162,4.4923,-178.8750,6634.7661,6634.7661
1938,0.55,-0.4404,+0.0881,-6.0352,5.5948,5.5951,-162.8041,5526.9795,5526.9795
1939,0.54,-0.5818,+0.0898,-6.0283,5.4466,4.7838,-174.8108,6331.6025,6331.6025
1940,0.54,-0.3104,+0.5109,-6.0519,5.7416,6.2028,-162.4234,5490.2686,5490.2686
1941,0.55,-0.6778,+0.3213,-6.0502,5.3723,5.3768,-178.2492,6568.6758,6568.6758
1942,0.54,-0.4979,-0.3878,-6.0322,5.5343,17.9145,-166.7968,5766.4868,5766.4868
1943,0.53,-0.4575,-0.1018,-6.0422,5.5847,20.5056,-169.1479,5931.1660,5931.1660
1944,0.54,-0.4404,-0.1238,-6.0549,5.6145,22.7458,-175.3993,6366.5522,6366.5522
1945,0.51,-0.2586,-0.0268,-6.0595,5.8009,16.6949,-174.6236,6323.9180,6323.9180
1946,0.53,-0.6185,-0.0094,-6.0276,5.4092,4.0514,-176.4425,6477.3623,6477.3623
1947,0.57,-0.2858,-0.0174,-6.0273,5.7416,6.1782,-167.3592,5831.4272,5831.4272
1948,0.53,-0.7675,+0.1167,-6.0246,5.2571,4.4971,-182.5759,6921.0439,6921.0439
1949,0.55,-0.1104,+0.0389,-6.0206,5.9101,5.6474,-160.6554,5323.6504,5323.6504
1950,0.54,-0.6627,+0.1061,-6.0111,5.3484,10.2889,-180.7898,6794.6309,6794.6309
1951,0.53,-0.7135,+0.3261,-6.0353,5.3219,5.9770,-169.6978,5953.6523,5953.6523
1952,0.55,-0.6560,+0.1537,-6.0105,5.3545,4.1855,-175.5230,6359.8477,6359.8477
1953,0.54,-0.3087,-0.4052,-6.0059,5.6972,11.7758,-180.2084,6690.4375,6690.4375
1954,0.54,-0.6458,+0.0300,-6.0010,5.3552,7.4987,-177.1517,6490.0420,6490.0420
1955,0.53,-0.4523,+0.0030,-6.0201,5.5678,11.5946,-171.4046,6078.7666,6078.7666
1956,0.53,-0.0367,+0.3278,-6.0446,6.0079,37.0001,-169.8551,5995.2583,5995.2583
1957,0.52,-0.4367,+0.1853,-6.0335,5.5969,14.7723,-178.7854,6615.5845,6615.5845
1958,0.52,-0.8166,+0.1089,-6.0568,5.2402,5.7053,-166.3501,5726.9160,5726.9160
1959,0.54,-0.8142,+0.0666,-6.0796,5.2654,5.2346,-173.4351,6237.8374,6237.8374
1960,0.55,-0.7460,-0.1870,-6.0588,5.3128,4.4627,-169.4208,5925.0771,5925.0771
1961,0.54,-0.9083,-0.0357,-6.0512,5.1429,4.5280,-176.3933,6424.8188,6424.8188
1962,0.54,-0.7107,+0.0935,-6.0679,5.3572,5.3446,-166.9016,5738.2563,5738.2563
1963,0.55,-0.2695,-0.3514,-6.0399,5.7703,14.5945,-177.2432,6471.6250,6471.6250
1964,0.53,-0.3929,-0.0486,-6.0489,5.6560,40.6970,-172.7383,6160.2764,6160.2764
1965,0.53,-0.1213,+0.3324,-6.0575,5.9363,73.9763,-171.9992,6136.9707,6136.9707
1966,0.56,-0.2243,-0.0934,-6.0480,5.8238,52.5337,-172.3856,6133.5015,6133.5015
1967,0.53,-0.1547,-0.0436,-6.0316,5.8769,48.7848,-172.6727,6161.0122,6161.0122
1968,0.55,-0.0977,-0.2960,-6.0286,5.9308,86.9556,-172.8773,6195.4219,6195.4219
1969,0.51,-0.2311,-0.0602,-6.0168,5.7856,46.8574,-171.2873,6099.4497,6099.4497
1970,0.55,-0.2625,+0.0520,-6.0194,5.7569,59.3049,-171.5629,6109.3184,6109.3184
1971,0.54,-0.2865,+0.0662,-6.0061,5.7197,77.7771,-174.8707,6322.9893,6322.9893
1972,0.54,0.0497,+0.0952,-6.0040,6.0536,54.2956,-171.8280,6138.3594,6138.3594
1973,0.53,-0.3512,-0.0964,-6.0150,5.6638,48.2936,-172.0106,6121.6201,6121.6201
1974,0.54,-0.4926,-0.2398,-6.0402,5.5476,32.6596,-172.6083,6168.8667,6168.8667
1975,0.53,-0.8621,+0.0161,-6.0318,5.1697,27.4553,-173.8810,6267.4155,6267.4155
1976,0.54,-0.5167,-0.0128,-6.0083,5.4917,25.7108,-173.7636,6261.2178,6261.2178
1977,0.52,-0.6622,-0.2773,-6.0307,5.3686,23.6625,-171.1861,6084.6299,6084.6299
1978,0.55,-0.4107,-0.3778,-6.0178,5.6071,23.6079,-171.5191,6130.0581,6130.0581
1979,0.54,-0.5499,+0.0697,-6.0248,5.4749,36.5103,-175.3092,6390.4805,6390.4805
1980,0.54,-0.2846,-0.2433,-6.0559,5.7712,18.9263,-172.2102,6186.2832,6186.2832
1981,0.53,-0.4474,+0.0019,-6.0581,5.6106,25.9915,-174.0799,6311.7490,6311.7490
1982,0.54,-0.5440,+0.0064,-6.0574,5.5133,30.0816,-176.1945,6425.0068,6425.0068
1983,0.55,-0.3250,-0.2085,-6.0464,5.7214,101.9814,-173.8181,6298.2930,6298.2930
1984,0.54,-0.2067,+0.3170,-6.0523,5.8456,105.8006,-172.8002,6213.4761,6213.4761
1985,0.54,-0.5226,+0.2332,-6.0605,5.5379,8.6466,-172.6960,6200.0991,6200.0991
1986,0.54,-0.2189,-0.1917,-6.0493,5.8304,74.9090,-173.0245,6199.9922,6199.9922
1987,0.54,-0.5087,+0.0078,-6.0385,5.5298,23.7261,-172.6851,6204.6777,6204.6777
1988,0.53,-0.0369,+0.2861,-6.0405,6.0036,44.4846,-168.8812,5957.8877,5957.8877
1989,0.53,-0.5274,+0.3113,-6.0239,5.4965,31.6659,-171.0625,6083.7876,6083.7876
1990,0.54,-0.5359,-0.1657,-6.0215,5.4855,39.6083,-174.7245,6332.1777,6332.1777
1991,0.54,-0.6179,+0.2753,-6.0317,5.4138,42.3274,-174.2021,6317.8564,6317.8564
1992,0.54,-0.5160,+0.1812,-6.0090,5.4930,36.2502,-175.1779,6364.5278,6364.5278
1993,0.55,-0.3593,+0.0686,-6.0115,5.6522,30.4445,-174.3360,6283.3838,6283.3838
1994,0.55,-0.3856,+0.1889,-6.0337,5.6481,36.0539,-169.6055,5956.1196,5956.1196
1995,0.55,-0.4155,+0.0148,-6.0251,5.6096,26.8625,-172.8615,6175.8701,6175.8701
1996,0.53,-0.0788,+0.0027,-6.0287,5.9499,66.6754,-174.0242,6244.9067,6244.9067
1997,0.53,-0.0266,+0.1586,-6.0528,6.0262,51.0055,-172.6707,6166.3193,6166.3193
1998,0.53,-0.2746,-0.0281,-6.0500,5.7754,43.8447,-172.9323,6199.5928,6199.5928
1999,0.53,-0.3371,-0.3919,-6.0575,5.7203,44.5368,-173.7988,6234.1177,6234.1177
2000,0.53,0.0803,-0.1381,-6.0317,6.1120,80.5797,-172.7021,6200.9990,6200.9990
2001,0.54,-0.5291,-0.0355,-6.0638,5.5346,41.3243,-172.6521,6171.0161,6171.0161
2002,0.54,-0.2369,+0.2177,-6.0726,5.8357,37.9941,-172.1449,6149.6411,6149.6411
2003,0.53,-0.2255,-0.0107,-6.0718,5.8464,53.0455,-171.0601,6093.6660,6093.6660
2004,0.54,-0.2908,-0.2304,-6.0581,5.7672,49.2487,-170.1349,6024.6890,6024.6890
2005,0.54,-0.2933,-0.0176,-6.0737,5.7803,45.6341,-171.6234,6137.3003,6137.3003
2006,0.53,-0.2179,+0.1122,-6.0709,5.8530,37.5120,-170.4316,6050.7686,6050.7686
2007,0.53,-0.2919,+0.0642,-6.0852,5.7934,46.3755,-170.7024,6051.2598,6051.2598
2008,0.53,-0.3535,+0.1288,-6.0697,5.7162,36.5341,-169.5576,5936.2188,5936.2188
2009,0.55,-0.4668,+0.2254,-6.0651,5.5983,45.2201,-169.0853,5933.4492,5933.4492
2010,0.54,-0.0555,+0.0291,-6.0773,6.0218,58.7541,-168.3847,5897.4092,5897.4092
2011,0.53,-0.3966,+0.3200,-6.0849,5.6883,50.9390,-168.5309,5898.0293,5898.0293
2012,0.54,-0.2446,+0.1494,-6.0774,5.8328,37.2965,-169.5579,5985.0361,5985.0361
2013,0.55,-0.1105,-0.0974,-6.0779,5.9674,48.3977,-170.0200,6047.8906,6047.8906
2014,0.53,-0.1366,+0.0374,-6.0502,5.9135,62.2024,-169.1407,5963.5020,5963.5020
2015,0.52,-0.3598,+0.1565,-6.0429,5.6831,58.8260,-170.1893,6017.3896,6017.3896
2016,0.54,-0.2697,+0.0830,-6.0322,5.7625,49.3781,-170.2553,6041.0312,6041.0312
2017,0.53,-0.1423,+0.4751,-6.0092,5.8669,65.8107,-172.9352,6203.4824,6203.4824
2018,0.54,-0.4096,+0.1198,-6.0148,5.6051,43.9433,-174.9963,6361.8804,6361.8804
2019,0.53,-0.3007,+0.0660,-6.0299,5.7292,32.3221,-174.2264,6309.1265,6309.1265
2020,0.54,-0.2871,-0.0627,-6.0391,5.7520,36.7660,-172.4127,6184.0098,6184.0098
2021,0.54,0.0184,+0.1274,-6.0371,6.0555,42.1328,-171.7070,6146.6748,6146.6748
2022,0.55,-0.2381,+0.3678,-6.0303,5.7922,41.3399,-170.6710,6046.9204,6046.9204
2023,0.53,-0.7557,-0.3141,-6.0541,5.2984,56.0347,-170.0716,5993.3511,5993.3511
2024,0.53,-0.1280,-1.0018,-6.0552,5.9273,95.7152,-167.9726,5883.1758,5883.1758
2025,0.53,-0.2316,-0.2348,-6.0691,5.8374,40.1676,-167.3206,5827.6963,5827.6963
2026,0.53,-0.0444,-0.0313,-6.0489,6.0046,47.4677,-169.0606,5940.1724,5940.1724
2027,0.52,-0.0118,+0.0978,-6.0427,6.0309,72.1683,-171.1712,6074.7207,6074.7207
2028,0.53,-0.2745,+0.1590,-6.0417,5.7672,90.8800,-171.0484,6081.8086,6081.8086
2029,0.53,0.0108,-0.2230,-6.0027,6.0135,92.2950,-173.1426,6222.3892,6222.3892
2030,0.53,-0.0717,+0.0188,-5.9976,5.9259,78.8820,-173.1446,6232.3789,6232.3789
2031,0.53,-0.4433,+0.0371,-6.0129,5.5695,32.4033,-173.0087,6199.5234,6199.5234
2032,0.53,-0.1215,-0.1371,-6.0216,5.9001,43.5069,-172.4102,6162.8711,6162.8711
2033,0.52,0.1278,-0.2856,-6.0374,6.1652,59.6942,-173.9523,6316.3906,6316.3906
2034,0.53,-0.4704,-0.0107,-6.0332,5.5628,30.0550,-173.0857,6238.7100,6238.7100
2035,0.55,-0.1795,-0.0172,-6.0533,5.8738,37.7872,-170.3829,6040.4160,6040.4160
2036,0.52,-0.5112,+0.2431,-6.0673,5.5561,22.3240,-170.6530,6061.3818,6061.3818
2037,0.54,-0.4021,-0.2998,-6.0402,5.6381,29.0753,-172.7513,6207.4321,6207.4321
2038,0.53,-0.1714,+0.2300,-6.0489,5.8775,41.9200,-174.4440,6310.8872,6310.8872
2039,0.54,-0.6413,-0.0647,-6.0610,5.4197,19.1291,-173.5151,6218.4619,6218.4619
2040,0.52,-0.7228,+0.2451,-6.0592,5.3364,80.9064,-172.2572,6130.7783,6130.7783
2041,0.52,-0.6300,-0.2933,-6.0428,5.4128,17.7004,-173.4650,6217.4019,6217.4019
2042,0.52,-0.5988,+0.1841,-6.0611,5.4623,7.1815,-173.2861,6221.3047,6221.3047
2043,0.55,-0.5002,-0.1525,-6.0395,5.5393,6.7389,-170.4211,6033.8101,6033.8101
2044,0.53,-0.3130,+0.0461,-6.0477,5.7348,7.2584,-184.2707,7023.0527,7023.0527
2045,0.53,-0.1040,+0.0197,-6.0458,5.9418,23.9346,-164.3155,5580.9092,5580.9092
2046,0.52,-0.4787,+0.1160,-6.0348,5.5562,12.1293,-171.1406,6056.1631,6056.1631
2047,0.53,-0.4273,+0.1177,-6.0437,5.6163,18.4457,-167.5040,5800.6558,5800.6558
2048,0.52,-0.5173,-0.2030,-6.0355,5.5182,8.1379,-169.6325,5933.3721,5933.3721
2049,0.54,-0.6442,-0.1369,-6.0345,5.3904,15.7576,-175.6534,6370.0278,6370.0278
2050,0.52,-0.1778,+0.1464,-6.0312,5.8534,10.3604,-172.0824,6116.8174,6116.8174
2051,0.52,-0.2879,-0.0166,-6.0456,5.7577,15.8991,-169.7091,5952.9053,5952.9053
2052,0.52,-0.3263,+0.1202,-6.0239,5.6976,15.2336,-173.3250,6214.3848,6214.3848
2053,0.56,-0.6037,-0.0587,-6.0340,5.4303,15.0062,-169.6179,5968.7876,5968.7876
2054,0.53,-0.3735,+0.0030,-6.0499,5.6765,28.0147,-172.4240,6162.6357,6162.6357
2055,0.52,-0.5056,+0.2268,-6.0235,5.5179,26.2725,-172.3179,6155.7559,6155.7559
2056,0.55,-0.1915,+0.1929,-6.0485,5.8570,33.5208,-171.2308,6104.3833,6104.3833
2057,0.52,-0.2395,+0.0056,-6.0586,5.8191,27.2884,-169.0739,5961.9229,5961.9229
2058,0.53,-0.5897,+0.3027,-6.0463,5.4566,22.6576,-171.4996,6092.7480,6092.7480
2059,0.53,-0.3819,+0.3117,-6.0498,5.6679,22.8583,-172.0342,6120.6816,6120.6816
2060,0.52,-0.3304,+0.1475,-6.0328,5.7023,15.6142,-169.5634,5967.9185,5967.9185
2061,0.51,-0.5562,+0.2170,-6.0502,5.4940,15.8322,-174.6743,6337.1006,6337.1006
2062,0.53,-1.0906,+0.3335,-6.0340,4.9434,16.8379,-172.6589,6166.9199,6166.9199
2063,0.54,-0.5668,-0.1421,-6.0275,5.4607,6.0754,-171.4914,6109.1748,6109.1748
2064,0.54,-0.6056,-0.3620,-6.0329,5.4273,5.1218,-179.6431,6649.6870,6649.6870
2065,0.54,-0.5190,-0.0122,-6.0520,5.5330,6.6454,-173.5444,6222.7104,6222.7104
2066,0.53,-0.6175,+0.0333,-6.0572,5.4397,3.7131,-177.0959,6448.3042,6448.3042
2067,0.52,-0.8496,+0.0890,-6.0441,5.1945,10.6508,-170.1459,5939.9814,5939.9814
2068,0.53,-0.6240,+0.0272,-6.0451,5.4211,14.3521,-182.1991,6862.4102,6862.4102
2069,0.54,-0.2666,+0.0804,-6.0432,5.7766,43.3699,-164.8094,5657.7476,5657.7476
2070,0.52,-0.3828,-0.2342,-6.0470,5.6642,19.2300,-168.3422,5908.5420,5908.5420
2071,0.53,-0.5561,+0.1334,-6.0469,5.4908,34.1946,-169.4934,5971.7207,5971.7207
2072,0.54,-0.6261,-0.1988,-6.0464,5.4203,8.3806,-168.2482,5875.1675,5875.1675
2073,0.54,-0.3673,-0.1432,-6.0355,5.6682,15.9393,-174.4338,6315.8291,6315.8291
2074,0.54,-0.2975,+0.1225,-6.0436,5.7461,15.0952,-168.4987,5934.7222,5934.7222
2075,0.55,-0.7186,-0.0006,-6.0433,5.3247,24.3565,-172.8084,6200.8701,6200.8701
2076,0.55,-0.4739,-0.2021,-6.0359,5.5620,6.7645,-174.2141,6288.6680,6288.6680
2077,0.52,-0.4569,+0.1160,-6.0130,5.5561,9.6473,-168.6519,5885.6318,5885.6318
2078,0.53,-0.1856,-0.0769,-6.0243,5.8387,15.2197,-172.7643,6191.3008,6191.3008
2079,0.52,-0.2716,+0.0754,-6.0314,5.7598,23.0924,-175.7941,6427.4746,6427.4746
2080,0.52,-0.0869,+0.2396,-6.0361,5.9491,34.6880,-170.2101,6058.0176,6058.0176
2081,0.54,-0.3389,+0.0738,-6.0314,5.6925,29.7785,-172.9048,6263.1416,6263.1416
2082,0.51,-0.4974,-0.1311,-6.0535,5.5561,15.3088,-174.0576,6325.5205,6325.5205
2083,0.52,-0.4828,+0.0297,-6.0624,5.5796,14.5044,-171.6110,6153.0078,6153.0078
2084,0.51,-1.0056,-0.5091,-6.0478,5.0421,14.3055,-174.2557,6298.6211,6298.6211
2085,0.52,-0.4492,+0.2329,-6.0469,5.5977,18.8004,-172.3432,6163.8369,6163.8369
2086,0.54,-0.7660,+0.1660,-6.0684,5.3025,4.1105,-168.6450,5878.9849,5878.9849
2087,0.54,-0.6746,-0.0224,-6.0837,5.4091,5.5144,-173.8777,6328.5898,6328.5898
2088,0.51,-0.6651,+0.0894,-6.0702,5.4051,5.7760,-172.7862,6228.8613,6228.8613
2089,0.55,-0.7181,-0.0450,-6.0715,5.3534,8.7481,-176.2594,6443.0498,6443.0498
2090,0.53,-0.4509,-0.0081,-6.0700,5.6191,7.0680,-163.4036,5517.5713,5517.5713
2091,0.53,-0.5516,-0.3643,-6.0838,5.5322,3.9498,-179.5298,6686.4897,6686.4897
2092,0.53,-0.8612,+0.3552,-6.0648,5.2036,3.9851,-168.9613,5904.3711,5904.3711
2093,0.53,-1.1631,-0.1734,-6.0717,4.9086,19.4413,-173.0740,6222.6655,6222.6655
2094,0.55,-0.6113,+0.0310,-6.1068,5.4955,5.7539,-166.2121,5748.4932,5748.4932
2095,0.54,-0.9649,-0.1717,-6.1023,5.1374,6.7970,-169.2882,5962.1221,5962.1221
2096,0.53,-0.1761,+0.0941,-6.0925,5.9164,13.3217,-179.8536,6713.6797,6713.6797
2097,0.54,-0.4919,-0.0006,-6.0912,5.5992,4.3321,-161.2748,5366.5156,5366.5156
2098,0.54,-0.5897,+0.1471,-6.0635,5.4738,3.3118,-182.6672,6873.8228,6873.8228
2099,0.55,-0.4790,-0.0414,-6.0594,5.5803,2.8661,-161.4648,5413.0020,5413.0020
2100,0.53,-0.4483,+0.1001,-6.0711,5.6228,5.7260,-180.6842,6773.1226,6773.1226
2101,0.55,-0.8284,-0.0709,-6.0579,5.2295,4.9565,-166.6539,5751.9326,5751.9326
2102,0.53,-0.5966,-0.0200,-6.0600,5.4633,9.8620,-182.2140,6853.8428,6853.8428
2103,0.55,-0.7015,-0.1738,-6.0519,5.3504,3.9449,-166.7506,5733.4355,5733.4355
2104,0.54,-0.7482,+0.2317,-6.0718,5.3237,4.6853,-180.5699,6700.8892,6700.8892
2105,0.56,-0.5062,+0.1126,-6.0813,5.5750,3.2027,-163.9465,5602.7881,5602.7881
2106,0.56,-1.1039,+0.1687,-6.0646,4.9607,11.9482,-178.8282,6587.1904,6587.1904
2107,0.55,-0.7651,-0.2261,-6.0599,5.2948,3.7611,-176.8891,6451.0156,6451.0156
2108,0.57,-0.3540,+0.0783,-6.0545,5.7005,3.9105,-163.3298,5514.3086,5514.3086
2109,0.53,-0.6598,+0.0626,-6.0626,5.4028,4.4692,-182.9413,6903.4854,6903.4854
2110,0.56,-0.3316,-0.0299,-6.0572,5.7256,3.6067,-161.3174,5403.6265,5403.6265
2111,0.54,-0.8801,+0.1806,-6.0650,5.1849,9.0389,-182.5282,6885.8003,6885.8003
2112,0.55,-0.2202,-0.2190,-6.0553,5.8351,5.2518,-161.4521,5398.4595,5398.4595
2113,0.53,-0.6565,-0.2777,-6.0721,5.4157,10.0273,-180.2476,6785.2881,6785.2881
2114,0.55,-0.5902,-0.0634,-6.0724,5.4823,17.4719,-164.4451,5608.7002,5608.7002
2115,0.54,-0.5223,-0.0123,-6.0849,5.5625,30.6061,-169.0362,5930.9580,5930.9580
2116,0.51,-0.9763,-0.0695,-6.0989,5.1226,4.4749,-170.8745,6046.0049,6046.0049
2117,0.56,-0.9345,+0.0733,-6.0876,5.1531,5.8987,-173.1084,6215.4609,6215.4609
2118,0.54,-0.2577,+0.2408,-6.0938,5.8360,7.4653,-158.2794,5206.4771,5206.4771
2119,0.53,-0.8102,-0.1237,-6.0774,5.2672,4.1051,-174.5940,6265.5693,6265.5693
2120,0.55,-0.9692,-0.0952,-6.0844,5.1152,4.8342,-170.9993,6035.5669,6035.5669
2121,0.55,-0.7021,+0.0314,-6.0767,5.3746,5.0748,-173.0077,6231.3555,6231.3555
2122,0.53,-0.6024,-0.0500,-6.0827,5.4803,3.5455,-174.4493,6298.3926,6298.3926
2123,0.55,-1.0117,+0.0642,-6.0948,5.0832,2.9713,-171.6790,6112.7456,6112.7456
2124,0.56,-0.7907,-0.0653,-6.0892,5.2985,3.5155,-176.4447,6531.4268,6531.4268
2125,0.56,-0.6180,+0.1493,-6.0747,5.4566,3.0020,-160.4634,5385.1421,5385.1421
2126,0.54,-0.9014,-0.3054,-6.0710,5.1696,4.2241,-175.8550,6405.2490,6405.2490
2127,0.55,-0.9901,+0.0567,-6.0880,5.0979,4.7653,-164.7433,5639.8359,5639.8359
2128,0.56,-0.9771,+0.0126,-6.0704,5.0933,3.4797,-174.8734,6361.2520,6361.2520
2129,0.56,-1.2319,+0.0445,-6.0949,4.8629,4.1143,-170.3270,6071.8257,6071.8257
2130,0.54,-0.3571,-0.0536,-6.1259,5.7688,4.5562,-184.1058,7080.2241,7080.2241
2131,0.55,-0.8321,+0.2923,-6.1192,5.2872,7.4639,-162.3900,5520.3652,5520.3652
2132,0.55,-0.9121,-0.0766,-6.1099,5.1978,12.3150,-171.3096,6136.8604,6136.8604
2133,0.56,-0.6898,-0.1388,-6.1013,5.4115,11.2350,-175.1125,6400.4136,6400.4136
2134,0.53,-0.6094,+0.1658,-6.1410,5.5316,20.2453,-169.5968,5994.7783,5994.7783
2135,0.54,-0.7732,-0.0433,-6.1474,5.3741,30.1373,-170.7030,6054.2061,6054.2061
2136,0.56,-0.4477,-0.0353,-6.1561,5.7084,19.1387,-167.7686,5883.6665,5883.6665
2137,0.53,-0.7438,+0.0732,-6.1381,5.3943,38.0419,-166.4423,5762.9053,5762.9053
2138,0.54,-0.9067,+0.1426,-6.1152,5.2086,24.3777,-169.5277,5947.2080,5947.2080
2139,0.53,-0.6543,+0.0097,-6.1050,5.4507,19.4194,-168.1878,5876.6978,5876.6978
2140,0.54,-0.3981,-0.0461,-6.1094,5.7113,37.5002,-171.0332,6113.1465,6113.1465
2141,0.53,-0.6252,+0.1797,-6.1031,5.4779,29.1767,-169.7218,6013.0361,6013.0361
2142,0.55,-0.5947,+0.0872,-6.1028,5.5081,14.1035,-168.3531,5967.8403,5967.8403
2143,0.52,-0.5952,+0.0286,-6.0883,5.4931,52.0261,-175.7363,6457.0850,6457.0850
2144,0.54,-0.1180,+0.2615,-6.0973,5.9794,73.3604,-171.3808,6161.3149,6161.3149
2145,0.54,-0.1626,+0.1308,-6.0966,5.9340,63.8702,-170.9315,6106.7842,6106.7842
2146,0.54,-0.5278,-0.2230,-6.0824,5.5545,32.6819,-172.8524,6232.2754,6232.2754
2147,0.53,-0.8916,-0.0333,-6.0805,5.1889,32.5940,-170.7398,6085.8223,6085.8223
2148,0.54,-0.5010,-0.0807,-6.0921,5.5912,51.5689,-169.1127,5974.7188,5974.7188
2149,0.53,-0.5189,+0.0611,-6.0751,5.5562,60.3426,-169.0470,5977.8667,5977.8667
2150,0.53,-0.5963,+0.1807,-6.0695,5.4732,40.1180,-171.9486,6143.5664,6143.5664
2151,0.54,-0.3793,-0.0019,-6.0612,5.6818,50.5483,-173.0248,6201.8057,6201.8057
2152,0.53,-0.4364,-0.1604,-6.0547,5.6183,15.4895,-175.2295,6343.9307,6343.9307
2153,0.54,-0.5024,-0.2429,-6.0329,5.5305,18.8162,-174.4245,6313.3086,6313.3086
2154,0.54,-0.9943,+0.4158,-6.0166,5.0223,22.6063,-174.7076,6303.9658,6303.9658
2155,0.55,-1.0918,-0.3429,-6.0313,4.9396,11.7020,-172.8374,6173.5488,6173.5488
2156,0.54,-0.0715,-0.3104,-6.0530,5.9815,7.1656,-186.6410,7191.4688,7191.4688
2157,0.55,-0.8343,+0.0571,-6.0745,5.2401,3.6931,-167.4308,5785.1777,5785.1777
2158,0.54,-0.3100,-0.0584,-6.0872,5.7772,5.0473,-183.0068,6999.1797,6999.1797
2159,0.55,-0.7392,+0.2274,-6.0695,5.3302,6.9681,-164.1832,5598.3574,5598.3574
2160,0.55,-0.6662,-0.1144,-6.0840,5.4178,3.3003,-164.8114,5650.3584,5650.3584
2161,0.54,-0.8183,+0.1281,-6.0776,5.2593,4.3172,-184.8627,7083.4287,7083.4287
2162,0.54,-0.5436,+0.2048,-6.0813,5.5377,3.5549,-163.9676,5529.3940,5529.3940
2163,0.57,-0.9799,-0.0308,-6.0963,5.1163,9.7013,-174.4180,6302.0293,6302.0293
2164,0.55,-0.8582,+0.1685,-6.0842,5.2260,2.9137,-166.4085,5736.2129,5736.2129
2165,0.54,-0.8939,+0.0634,-6.0746,5.1807,4.1683,-174.0415,6299.5244,6299.5244
2166,0.56,-0.4308,-0.0996,-6.0623,5.6315,4.4962,-161.9647,5462.0771,5462.0771
2167,0.55,-0.7283,-0.0285,-6.0565,5.3282,3.8990,-177.9599,6553.9277,6553.9277
2168,0.55,-0.8597,-0.0080,-6.0940,5.2343,14.2360,-165.9795,5713.4746,5713.4746
2169,0.54,-0.5289,-0.3889,-6.0950,5.5661,19.8939,-177.3893,6555.2104,6555.2104
2170,0.56,-0.9016,-0.1037,-6.1045,5.2029,5.3809,-165.5598,5721.0967,5721.0967
2171,0.53,-0.9431,-0.1164,-6.1082,5.1650,3.7688,-174.7167,6373.6680,6373.6680
2172,0.55,-1.0604,+0.0384,-6.1140,5.0535,4.5672,-164.7110,5685.3950,5685.3950
2173,0.56,-1.1805,+0.0009,-6.1067,4.9262,29.3580,-181.0985,6849.8965,6849.8965
2174,0.55,-0.7634,-0.0270,-6.1048,5.3414,4.6184,-165.0612,5719.2031,5719.2031
2175,0.56,-1.0656,+0.2188,-6.0993,5.0337,2.8797,-177.6013,6594.4150,6594.4150
2176,0.54,-0.7764,+0.2089,-6.0776,5.3011,10.1883,-164.8255,5659.1406,5659.1406
2177,0.54,-0.6496,-0.0179,-6.0856,5.4360,28.3474,-174.3256,6329.9937,6329.9937
2178,0.54,-0.6583,+0.1100,-6.1052,5.4469,27.7758,-168.7596,5937.1689,5937.1689
2179,0.53,-0.4192,-0.2280,-6.1110,5.6918,44.6638,-168.1303,5879.0439,5879.0439
2180,0.55,-0.5912,-0.2972,-6.1186,5.5274,35.3209,-170.7799,6076.7212,6076.7212
2181,0.54,-0.6875,+0.2985,-6.1169,5.4294,34.2270,-170.1168,6041.3838,6041.3838
2182,0.55,-0.7694,-0.0119,-6.1104,5.3410,44.6269,-168.3909,5887.8545,5887.8545
2183,0.54,-0.3217,+0.2907,-6.1181,5.7963,77.8002,-169.6366,6038.1494,6038.1494
2184,0.54,-0.6696,-0.0545,-6.0857,5.4161,38.7836,-171.0791,6113.5195,6113.5195
2185,0.55,-0.8252,-0.0188,-6.0857,5.2605,31.1964,-170.9708,6076.3037,6076.3037
2186,0.54,-0.8326,+0.2185,-6.0653,5.2327,37.6985,-172.2159,6149.8633,6149.8633
2187,0.55,-0.6968,-0.0319,-6.0557,5.3589,36.4840,-172.4037,6170.4482,6170.4482
2188,0.55,-0.7598,+0.1188,-6.0606,5.3008,37.8434,-173.4211,6247.4219,6247.4219
2189,0.54,-0.7890,+0.0435,-6.0715,5.2825,40.0842,-173.6538,6259.6387,6259.6387
2190,0.54,-0.6298,-0.0972,-6.0780,5.4481,38.8989,-172.4357,6190.9072,6190.9072
2191,0.56,-0.6771,-0.1007,-6.0668,5.3896,25.4388,-173.8770,6270.7207,6270.7207
2192,0.55,-0.3600,-1.4266,-6.0691,5.7091,103.0953,-173.8408,6279.3154,6279.3154
2193,0.55,-1.0159,-0.4482,-6.0738,5.0579,4.6450,-172.4388,6156.0039,6156.0039
2194,0.54,-0.6046,-0.1284,-6.0996,5.4950,30.5551,-171.2314,6115.4678,6115.4678
2195,0.55,-0.5472,+0.4130,-6.1046,5.5574,39.1251,-170.7097,6089.8813,6089.8813
2196,0.55,-0.6552,-0.2228,-6.0947,5.4394,39.3408,-171.6885,6143.6289,6143.6289
2197,0.56,0.0594,+0.2446,-6.0791,6.1384,232.6584,-173.6123,6342.2954,6342.2954
2198,0.53,-0.7453,-0.2853,-6.0929,5.3476,19.0414,-171.3666,6088.3135,6088.3135
2199,0.56,-0.4133,-0.0876,-6.0637,5.6504,192.6610,-173.0897,6222.9375,6222.9375
2200,0.55,1.7117,-0.2523,-6.0494,7.7611,1747.0948,-171.6260,6212.3242,6212.3242
2201,0.54,-0.6262,+0.0309,-6.0713,5.4450,141.5289,-171.8742,6133.9912,6133.9912
2202,0.54,-1.0053,+0.0720,-6.0883,5.0830,39.9546,-172.5730,6186.5723,6186.5723
2203,0.53,1.8166,-0.7555,-6.0777,7.8943,2502.6453,-171.6002,6229.3857,6229.3857
2204,0.55,0.2454,-1.0015,-6.0934,6.3388,413.0980,-171.2574,6156.5723,6156.5723
2205,0.55,-0.8240,-0.1559,-6.1039,5.2799,23.4293,-171.9611,6152.1060,6152.1060
2206,0.54,-0.7516,-0.0730,-6.1068,5.3552,33.2001,-172.2849,6191.2544,6191.2544
2207,0.54,-0.6350,+0.0916,-6.1009,5.4659,50.3142,-172.3659,6183.3442,6183.3442
2208,0.56,-0.1163,-0.1248,-6.1014,5.9851,215.6151,-172.2527,6204.9097,6204.9097
2209,0.55,-0.6099,-0.0006,-6.0973,5.4875,46.5737,-169.4087,5969.7822,5969.7822
2210,0.54,-0.8334,-0.0462,-6.0955,5.2621,39.8990,-169.6905,5994.5732,5994.5732
2211,0.57,-0.5488,-0.1163,-6.1011,5.5523,28.8077,-167.4790,5865.0938,5865.0938
2212,0.55,-0.6455,+0.0559,-6.1016,5.4561,52.6235,-168.8308,5943.3511,5943.3511
2213,0.55,-0.6043,+0.1651,-6.0961,5.4918,48.2305,-168.8247,5931.8950,5931.8950
2214,0.53,-0.3689,-0.1409,-6.0952,5.7263,27.2635,-172.1326,6175.0498,6175.0498
2215,0.55,-0.3808,+0.0630,-6.0904,5.7097,48.3143,-169.6494,5972.7705,5972.7705
2216,0.55,-0.8256,-0.1861,-6.0966,5.2709,40.4637,-171.4727,6070.7002,6070.7002
2217,0.54,-0.8909,+0.5281,-6.1107,5.2197,6.4305,-170.7333,6017.1724,6017.1724
2218,0.54,-0.6889,-0.3765,-6.1032,5.4143,38.5851,-170.3571,6002.0674,6002.0674
2219,0.56,-0.6854,-0.0910,-6.1528,5.4674,33.2730,-168.6978,5915.2920,5915.2920
2220,0.54,-0.6466,-0.0512,-6.1585,5.5119,37.8665,-165.9943,5735.7378,5735.7378
2221,0.53,-0.5669,+0.0708,-6.1453,5.5784,48.7537,-167.2820,5822.4453,5822.4453
2222,0.53,-0.5439,+0.1012,-6.1356,5.5917,54.2886,-166.8786,5804.2896,5804.2896
2223,0.54,-0.6365,-0.0379,-6.1209,5.4844,61.5866,-168.0054,5880.3867,5880.3867
2224,0.54,-0.6645,-0.0499,-6.1269,5.4624,41.6776,-168.6529,5941.4053,5941.4053
2225,0.54,-0.7879,+0.2796,-6.0882,5.3003,43.6180,-170.3766,5999.7852,5999.7852
2226,0.53,-0.4901,+0.0330,-6.0905,5.6004,31.2438,-171.5257,6115.2031,6115.2031
2227,0.56,-0.8040,-0.1919,-6.0681,5.2641,21.2606,-171.8524,6113.2676,6113.2676
2228,0.55,-0.7360,+0.0849,-6.0651,5.3292,35.0633,-170.7681,6027.4824,6027.4824
2229,0.56,-0.5891,-0.0357,-6.0586,5.4695,39.2875,-173.5247,6224.0034,6224.0034
2230,0.55,-0.7150,+0.2480,-6.0505,5.3354,25.1736,-172.4997,6162.7109,6162.7109
2231,0.56,-0.7083,+0.0466,-6.0650,5.3567,30.4766,-173.5386,6255.0723,6255.0723
2232,0.53,-0.8606,-0.0371,-6.0627,5.2021,31.8042,-174.6432,6334.9531,6334.9531
2233,0.55,-1.1707,+0.1979,-6.0762,4.9055,3.2941,-170.9217,6077.2002,6077.2002
2234,0.55,-0.7105,-0.0222,-6.0808,5.3703,8.9509,-168.2572,5873.5947,5873.5947
2235,0.54,-1.0184,+0.0367,-6.0796,5.0612,4.6740,-173.9049,6273.1191,6273.1191
2236,0.53,-0.6977,+0.0878,-6.0987,5.4010,6.9299,-161.8964,5427.1748,5427.1748
2237,0.54,-1.0672,-0.3373,-6.0837,5.0165,3.8835,-174.4393,6310.3364,6310.3364
2238,0.56,-0.5743,+0.0914,-6.0703,5.4960,3.8373,-161.1569,5416.3711,5416.3711
2239,0.52,-0.5769,+0.1658,-6.0662,5.4894,4.7875,-181.1606,6808.5010,6808.5010
2240,0.55,-0.7139,+0.0922,-6.0840,5.3701,3.1044,-166.4023,5737.1997,5737.1997
2241,0.55,-0.7109,-0.2310,-6.0910,5.3801,4.5035,-180.1646,6805.3872,6805.3872
2242,0.56,-0.7759,-0.2872,-6.0897,5.3138,2.8994,-160.4286,5360.7832,5360.7832
2243,0.55,-0.6384,+0.1357,-6.1068,5.4684,3.0197,-177.9776,6687.8975,6687.8975
2244,0.56,-0.6995,+0.1112,-6.1063,5.4068,4.2027,-161.3642,5438.5801,5438.5801
2245,0.53,-0.7260,+0.0330,-6.1290,5.4030,6.7072,-179.7546,6721.6895,6721.6895
2246,0.55,-1.0543,+0.0331,-6.1084,5.0541,7.5018,-165.0286,5654.3359,5654.3359
2247,0.54,-0.8366,-0.0553,-6.0821,5.2456,3.9590,-178.4693,6602.1182,6602.1182
2248,0.55,-0.9070,-0.0101,-6.1215,5.2146,2.6793,-162.7879,5481.2632,5481.2632
2249,0.56,-0.6226,-0.0347,-6.1224,5.4997,3.9250,-182.3066,6858.8848,6858.8848
2250,0.55,-0.9722,+0.0665,-6.0993,5.1271,3.1523,-161.8439,5433.7979,5433.7979
2251,0.57,-0.8434,-0.1138,-6.1091,5.2657,3.4627,-180.7071,6811.3262,6811.3262
2252,0.54,-0.9442,-0.0231,-6.0991,5.1549,2.7665,-163.3857,5539.0063,5539.0063
2253,0.56,-0.9673,-0.0571,-6.0946,5.1273,4.8384,-182.3894,6962.7373,6962.7373
2254,0.55,-0.8967,-0.2577,-6.0769,5.1802,2.8980,-162.1570,5448.4268,5448.4268
2255,0.57,-1.1770,-0.2279,-6.0867,4.9097,8.2923,-180.9622,6777.1987,6777.1987
2256,0.57,-1.1464,-0.1105,-6.1123,4.9658,2.5261,-166.6615,5777.7183,5777.7183
2257,0.57,-1.1109,-0.0493,-6.1212,5.0103,13.4207,-177.3285,6543.9404,6543.9404
2258,0.56,-1.1299,-0.1762,-6.1439,5.0140,3.5172,-161.0794,5399.6924,5399.6924
2259,0.55,-1.1242,-0.0841,-6.1324,5.0082,5.0456,-177.4184,6548.9038,6548.9038
2260,0.55,-1.2442,+0.2776,-6.1097,4.8654,4.6572,-161.7662,5419.5000,5419.5000
2261,0.55,-1.1044,+0.3186,-6.1022,4.9978,8.3488,-174.7265,6370.5400,6370.5400
2262,0.56,-0.9186,-0.3309,-6.1148,5.1961,8.0297,-176.7917,6544.1963,6544.1963
2263,0.56,-1.1452,+0.0805,-6.0833,4.9381,3.3656,-172.5093,6208.2202,6208.2202
2264,0.56,-0.8736,-0.3093,-6.0689,5.1953,4.5365,-164.3208,5638.8594,5638.8594
2265,0.57,-0.7569,-0.0856,-6.0558,5.2989,6.8901,-178.3287,6606.1826,6606.1826
2266,0.55,-0.7063,-0.1191,-6.0705,5.3643,45.1352,-170.4877,6107.5391,6107.5391
2267,0.56,-1.0726,+0.1017,-6.0563,4.9837,13.8588,-170.5339,6061.0684,6061.0684
2268,0.55,-1.1122,+0.1854,-6.0629,4.9507,14.5865,-174.5264,6384.0107,6384.0107
2269,0.55,-1.1972,-0.5473,-6.0829,4.8857,2.7992,-167.8577,5883.4082,5883.4082
2270,0.55,-1.1218,+0.1573,-6.0889,4.9671,4.1463,-175.9499,6438.6353,6438.6353
2271,0.57,-0.9066,-0.1066,-6.0985,5.1920,10.0621,-166.1393,5719.0020,5719.0020
2272,0.54,-0.8587,-0.2592,-6.0916,5.2329,7.3932,-181.1487,6819.3887,6819.3887
2273,0.56,-0.9693,+0.1526,-6.0867,5.1174,3.8936,-169.1681,5928.8730,5928.8730
2274,0.55,-1.0953,+0.3440,-6.0781,4.9827,4.6750,-174.8358,6303.7983,6303.7983
2275,0.57,-0.4735,+0.0366,-6.0622,5.5887,3.3080,-184.9496,7103.6685,7103.6685
2276,0.56,-1.0248,+0.1330,-6.0694,5.0446,6.0725,-166.8432,5810.0312,5810.0312
2277,0.56,-1.1095,-0.0603,-6.1062,4.9967,7.9091,-177.6274,6552.1484,6552.1484
2278,0.55,-1.3015,+0.4036,-6.1088,4.8073,3.3179,-165.1400,5643.8789,5643.8789
2279,0.54,-1.1164,+0.0024,-6.0979,4.9815,6.5381,-170.3282,5995.4907,5995.4907
2280,0.56,-1.1390,+0.1364,-6.1033,4.9643,5.7498,-171.6241,6110.8350,6110.8350
2281,0.56,-1.0933,-0.0383,-6.0879,4.9946,7.6908,-174.0018,6270.0020,6270.0020
2282,0.58,-1.0421,-0.0027,-6.0915,5.0493,7.7245,-163.3902,5544.0566,5544.0566
2283,0.55,-1.0296,+0.0510,-6.0641,5.0345,5.3518,-178.6056,6598.9844,6598.9844
2284,0.57,-0.6939,-0.0950,-6.0572,5.3633,5.7888,-163.6145,5538.9521,5538.9521
2285,0.56,-0.9117,-0.1108,-6.0864,5.1746,6.4983,-176.6579,6440.9238,6440.9238
2286,0.55,-1.6748,+0.4577,-6.0973,4.4225,24.5897,-169.9030,5993.7207,5993.7207
2287,0.54,-0.9633,-0.1476,-6.1251,5.1618,6.2961,-167.9585,5838.5933,5838.5933
2288,0.54,-1.1045,+0.1392,-6.1286,5.0241,6.9530,-169.0726,5966.0781,5966.0781
2289,0.56,-1.2579,+0.2495,-6.1279,4.8700,3.5250,-172.0611,6167.7549,6167.7549
2290,0.54,-1.2722,+0.0241,-6.1037,4.8315,8.0742,-164.9342,5673.9751,5673.9751
2291,0.57,-1.2102,+0.0685,-6.1135,4.9033,2.8778,-174.1676,6289.7002,6289.7002
2292,0.55,-0.8420,-0.1438,-6.1242,5.2822,3.7375,-164.4107,5586.0469,5586.0469
2293,0.57,-0.9344,+0.0065,-6.1211,5.1867,13.8823,-173.4973,6235.4531,6235.4531
2294,0.55,-1.1033,-0.1597,-6.1295,5.0261,16.6879,-169.3866,5963.0708,5963.0708
2295,0.55,-0.8969,+0.1712,-6.1281,5.2312,31.6819,-168.5583,5917.1431,5917.1431
2296,0.57,-0.8768,-0.0401,-6.1308,5.2540,37.6517,-168.2731,5902.9863,5902.9863
2297,0.56,-0.9057,-0.6252,-6.1077,5.2020,46.8807,-168.5808,5916.0474,5916.0474
2298,0.54,-0.8580,-0.0466,-6.1397,5.2817,35.2566,-167.8475,5903.7905,5903.7905
2299,0.55,-0.8782,-0.1657,-6.1338,5.2555,50.8024,-166.0757,5786.6230,5786.6230
2300,0.56,-0.6073,-0.0546,-6.1407,5.5334,73.0380,-166.9841,5865.3188,5865.3188
2301,0.50,-0.6900,-0.0451,-6.1376,5.4476,48.1263,-168.3101,5928.8374,5928.8374
2302,0.53,-0.6235,+0.1640,-6.1355,5.5120,85.4977,-167.7846,5926.4043,5926.4043
2303,0.51,-0.3863,+0.1733,-6.1175,5.7313,123.8093,-169.6798,6075.5146,6075.5146
2304,0.53,-0.1747,-0.1177,-6.1175,5.9428,90.8514,-170.3988,6127.7559,6127.7559
2305,0.50,-1.1987,-0.6663,-6.0724,4.8737,12.9393,-171.8172,6152.9653,6152.9653
2306,0.51,-0.6153,-0.0747,-6.0694,5.4540,28.4709,-172.4301,6184.9209,6184.9209
2307,0.52,-1.0253,+0.0459,-6.1003,5.0750,8.7264,-172.1189,6171.3335,6171.3335
2308,0.50,-1.0379,+0.2195,-6.0941,5.0562,15.1769,-169.4400,5986.8164,5986.8164
2309,0.52,-0.9506,-0.0903,-6.0037,5.0531,6.6231,-170.3897,6035.1377,6035.1377
2310,0.51,-1.3696,+0.1143,-6.0873,4.7177,11.9882,-171.9018,6118.3315,6118.3315
2311,0.51,-1.1602,-0.0764,-6.0996,4.9394,9.6031,-172.4668,6214.4629,6214.4629
2312,0.51,-0.9657,+0.0583,-6.1008,5.1351,10.2266,-170.6454,6091.7744,6091.7744
2313,0.53,-1.1936,+0.0894,-6.1061,4.9125,9.2255,-171.7885,6110.3076,6110.3076
2314,0.52,-0.9559,-0.0115,-6.0979,5.1420,15.9516,-175.5247,6375.4751,6375.4751
2315,0.49,-0.7178,+0.0172,-6.0967,5.3789,28.5421,-173.4612,6287.0527,6287.0527
2316,0.53,-1.0651,-0.1066,-6.0860,5.0209,5.6393,-173.3130,6226.4990,6226.4990
2317,0.53,-0.8791,+0.0442,-6.1048,5.2257,23.1260,-169.8695,5987.9927,5987.9927
2318,0.52,-0.9453,+0.1346,-6.0980,5.1528,11.2936,-170.4256,6065.6416,6065.6416
2319,0.52,-0.9140,-0.1050,-6.1279,5.2139,12.3108,-171.6385,6148.9409,6148.9409
2320,0.51,-0.9155,+0.1689,-6.1169,5.2013,9.7317,-169.8377,6045.9287,6045.9287
2321,0.52,-1.1990,-0.1023,-6.1155,4.9166,9.8220,-170.8992,6088.1621,6088.1621
2322,0.52,-0.8932,+0.1883,-6.1242,5.2310,12.0539,-174.4991,6359.0210,6359.0210
2323,0.52,-1.0383,-0.2487,-6.1181,5.0798,25.2484,-169.4809,5994.0430,5994.0430
2324,0.51,-0.6470,-0.0132,-6.1043,5.4573,22.2202,-169.7853,6047.8838,6047.8838
2325,0.49,-0.8103,-0.0602,-6.1031,5.2928,35.9625,-169.9592,6063.9053,6063.9053
2326,0.51,-0.7600,-0.0908,-6.0841,5.3241,38.3855,-170.5381,6115.8960,6115.8960
2327,0.50,0.3728,-0.5250,-6.0770,6.4497,297.1691,-172.5656,6344.0322,6344.0322
2328,0.51,-0.5172,-0.3740,-6.0781,5.5609,45.6328,-173.1295,6276.1113,6276.1113
2329,0.51,-0.3250,-0.3372,-6.0843,5.7593,55.6587,-170.2277,6089.2803,6089.2803
2330,0.50,-0.0466,-0.0753,-6.0860,6.0394,94.5050,-170.3486,6116.1670,6116.1670
2331,0.50,-0.2989,-0.2739,-6.0968,5.7979,58.0989,-169.8582,6049.3184,6049.3184
2332,0.50,-0.0327,+0.1341,-6.0971,6.0644,78.2154,-168.9752,6003.5156,6003.5156
2333,0.52,0.0655,-0.4733,-6.0863,6.1519,119.2523,-169.8603,6069.5322,6069.5322
2334,0.50,-0.3647,-0.3827,-6.0906,5.7259,53.2842,-170.3379,6068.8911,6068.8911
2335,0.52,-0.6544,+0.5548,-6.0769,5.4225,49.5170,-170.9368,6124.3584,6124.3584
2336,0.51,-0.5327,+0.0263,-6.0909,5.5582,38.7183,-170.5963,6091.7583,6091.7583
2337,0.51,-0.3194,+0.0045,-6.0916,5.7722,58.3659,-172.2108,6198.1973,6198.1973
2338,0.51,-0.4716,+0.0885,-6.1080,5.6364,40.1390,-170.0593,6047.9810,6047.9810
2339,0.49,-0.4679,+0.0797,-6.1027,5.6347,61.7826,-168.9406,5997.2734,5997.2734
2340,0.51,-0.6839,-0.0816,-6.1067,5.4228,20.6429,-170.4930,6086.1719,6086.1719
2341,0.50,-0.5197,-0.2433,-6.1098,5.5900,37.6566,-169.0560,5962.5200,5962.5200
2342,0.50,-0.8407,-0.1518,-6.0854,5.2447,27.7746,-171.2820,6138.8750,6138.8750
2343,0.50,-0.7399,+0.1505,-6.0962,5.3562,36.0639,-170.2323,6076.6636,6076.6636
2344,0.51,-0.7622,+0.0905,-6.1011,5.3390,36.4458,-171.2042,6148.9766,6148.9766
2345,0.52,-0.7742,-0.2136,-6.0969,5.3227,23.0745,-171.4321,6171.9414,6171.9414
2346,0.50,-0.7052,+0.0832,-6.0918,5.3866,38.9159,-173.8687,6347.8779,6347.8779
2347,0.51,-0.4771,+0.1826,-6.1178,5.6407,77.6656,-169.1705,6018.0815,6018.0815
2348,0.51,-0.6687,+0.2391,-6.1054,5.4367,16.8436,-170.0821,6065.3408,6065.3408
2349,0.51,-0.6585,+0.1679,-6.0772,5.4187,29.4548,-174.1669,6321.2563,6321.2563
2350,0.50,-0.5702,-0.0564,-6.0909,5.5207,30.3617,-173.4810,6259.6899,6259.6899
2351,0.50,-0.3787,+0.1370,-6.0843,5.7055,66.6606,-172.1997,6204.1309,6204.1309
2352,0.52,-0.4864,+0.0114,-6.0981,5.6117,45.2237,-172.2223,6226.0078,6226.0078
2353,0.50,-0.4566,-0.0841,-6.1123,5.6557,57.1256,-169.5442,6010.6152,6010.6152
2354,0.51,-0.8388,+0.0383,-6.1181,5.2793,35.8820,-169.9673,5995.3008,5995.3008
2355,0.50,-0.6458,-0.3575,-6.1130,5.4672,49.8400,-171.3282,6140.2729,6140.2729
2356,0.49,-0.4908,-0.0398,-6.0848,5.5940,54.5999,-171.2850,6120.2759,6120.2759
2357,0.50,-0.6036,-0.0466,-6.0830,5.4794,27.6042,-172.1483,6178.5205,6178.5205
2358,0.50,-0.5622,+0.0267,-6.1055,5.5433,107.9889,-171.9262,6162.9263,6162.9263
2359,0.50,-0.5952,-0.0362,-6.0894,5.4943,41.0892,-172.1438,6194.1865,6194.1865
2360,0.52,-0.7034,+0.2837,-6.1361,5.4327,18.2315,-171.8356,6192.2217,6192.2217
2361,0.52,-0.4352,-0.0892,-6.1348,5.6995,38.1106,-170.7475,6099.5703,6099.5703
2362,0.49,-0.3082,+0.2364,-6.1130,5.8049,65.9674,-170.2389,6076.6958,6076.6958
2363,0.52,-0.4652,+0.1609,-6.0915,5.6263,64.9434,-171.8776,6164.3140,6164.3140
2364,0.51,-0.6456,-0.1106,-6.1034,5.4577,38.4298,-171.7319,6154.4854,6154.4854
2365,0.50,-0.6741,-0.0515,-6.1210,5.4468,36.4552,-170.4902,6074.2812,6074.2812
2366,0.51,-0.4207,-0.2164,-6.1049,5.6842,60.9733,-169.5731,6022.5371,6022.5371
2367,0.53,-0.7638,-0.0521,-6.1089,5.3451,59.8435,-170.8194,6082.8564,6082.8564
2368,0.51,-0.5554,-0.0648,-6.1016,5.5462,38.4382,-170.8441,6084.5786,6084.5786
2369,0.51,-0.2877,-0.0391,-6.0905,5.8028,43.0715,-171.1353,6126.0747,6126.0747
2370,0.50,-0.5632,-0.3030,-6.1074,5.5442,45.6284,-172.0685,6196.2505,6196.2505
2371,0.49,-0.3851,+0.0188,-6.1071,5.7220,59.7466,-171.4183,6169.0449,6169.0449
2372,0.48,1.0032,+0.2918,-6.1104,7.1136,632.2814,-172.3385,6270.4639,6270.4639
2373,0.50,-0.1756,+0.2544,-6.0969,5.9212,92.1199,-171.3789,6183.4531,6183.4531
2374,0.50,0.5841,-0.8793,-6.0831,6.6672,448.2309,-171.1877,6219.0391,6219.0391
2375,0.51,-0.2461,-0.2983,-6.1157,5.8696,157.4592,-171.0036,6164.5635,6164.5635
2376,0.53,-0.1800,+0.0752,-6.1012,5.9212,83.8319,-172.3257,6229.2671,6229.2671
2377,0.49,-0.5528,-0.1064,-6.0825,5.5297,43.5020,-172.3615,6203.4658,6203.4658
2378,0.51,-0.9533,-0.2118,-6.0975,5.1442,46.7526,-171.3599,6099.8364,6099.8364
2379,0.50,-0.6116,-0.2045,-6.0857,5.4741,31.0891,-171.0194,6121.1680,6121.1680
2380,0.49,-0.6743,-0.0502,-6.0664,5.3920,36.2247,-172.9235,6230.1367,6230.1367
2381,0.52,-0.4928,+0.1217,-6.0471,5.5543,52.3323,-174.1220,6303.5703,6303.5703
2382,0.52,-0.5764,+0.2014,-6.0822,5.5058,59.4608,-172.8216,6224.9297,6224.9297
2383,0.50,-0.8693,+0.0178,-6.0890,5.2197,50.7638,-171.7191,6146.3359,6146.3359
2384,0.51,-0.7150,-0.1030,-6.0799,5.3649,37.7669,-171.4604,6089.2876,6089.2876
2385,0.50,-0.8282,+0.1057,-6.0943,5.2661,32.2756,-171.5542,6089.1919,6089.1919
2386,0.51,-1.0034,-0.1011,-6.1079,5.1045,57.0224,-171.5325,6109.4487,6109.4487
2387,0.53,-0.5689,+0.1275,-6.1106,5.5418,54.6730,-169.1276,5963.1162,5963.1162
2388,0.50,-0.9782,-0.0753,-6.1232,5.1451,32.4351,-170.0997,6042.0918,6042.0918
2389,0.52,-0.7911,+0.0482,-6.1305,5.3394,48.4923,-169.9602,6029.2231,6029.2231
2390,0.50,-0.8079,+0.0217,-6.1048,5.2969,49.9211,-171.7433,6155.3350,6155.3350
2391,0.50,-0.6723,+0.1448,-6.0973,5.4250,33.1753,-171.9362,6150.8735,6150.8735
2392,0.49,-0.7928,+0.0308,-6.0933,5.3005,38.9126,-171.9734,6124.8848,6124.8848
2393,0.49,-0.5609,-0.0779,-6.0704,5.5096,47.5820,-172.1905,6141.4834,6141.4834
2394,0.50,-0.7276,+0.0382,-6.0699,5.3424,59.7638,-171.2854,6071.8125,6071.8125
2395,0.51,-0.8448,+0.0974,-6.0824,5.2376,42.7614,-173.5426,6243.0732,6243.0732
2396,0.51,-0.4602,+0.1463,-6.0975,5.6373,48.0774,-169.9933,6041.8135,6041.8135
2397,0.51,-0.6910,-0.1655,-6.1177,5.4267,35.4390,-169.5778,6003.0044,6003.0044
2398,0.51,-0.7889,-0.2546,-6.1095,5.3206,36.5045,-168.2602,5897.4722,5897.4722
2399,0.50,-1.0495,-0.2835,-6.1045,5.0550,10.0809,-169.9824,5982.0249,5982.0249
2400,0.49,-0.8570,+0.1792,-6.1117,5.2547,17.2278,-171.2755,6097.2979,6097.2979
2401,0.51,-1.0401,-0.0322,-6.0743,5.0341,13.7910,-173.0220,6231.3838,6231.3838
2402,0.51,-0.5998,-0.1148,-6.0927,5.4928,28.4743,-171.3446,6131.9565,6131.9565
2403,0.49,-0.9492,-0.1930,-6.0763,5.1271,49.7824,-173.4538,6268.9961,6268.9961
2404,0.49,-1.0094,+0.2410,-6.0991,5.0897,20.1143,-170.9012,6084.1885,6084.1885
2405,0.49,-0.6632,+0.1087,-6.1078,5.4446,88.4403,-170.9644,6110.1001,6110.1001
2406,0.50,-0.7728,-0.0701,-6.0957,5.3230,16.8250,-170.6400,6042.6328,6042.6328
2407,0.51,-0.7648,+0.1824,-6.0716,5.3067,44.6206,-172.9983,6189.2227,6189.2227
2408,0.51,-0.1461,+0.5116,-6.0526,5.9065,168.4006,-172.5921,6223.0347,6223.0347
2409,0.53,-0.5630,-0.1673,-6.0155,5.4525,60.2870,-172.8469,6183.9443,6183.9443
2410,0.50,-0.5329,-0.1464,-6.0768,5.5438,43.6099,-171.6041,6112.8330,6112.8330
2411,0.49,-0.5952,-0.0070,-6.0866,5.4914,47.4158,-172.1530,6164.4824,6164.4824
2412,0.50,-0.6062,+0.2897,-6.1018,5.4956,65.0133,-171.3281,6144.2505,6144.2505
2413,0.51,-0.9122,+0.1875,-6.1055,5.1933,47.7015,-170.0471,6023.1147,6023.1147
2414,0.50,-0.5782,+0.1867,-6.0994,5.5212,35.8504,-169.7056,5995.3687,5995.3687
2415,0.53,-0.6804,-0.3717,-6.0832,5.4028,26.9153,-169.8485,5964.0742,5964.0742
2416,0.51,-0.5363,+0.1444,-6.0851,5.5488,58.1278,-171.8048,6133.2900,6133.2900
2417,0.52,-0.5658,+0.1189,-6.0712,5.5055,43.8671,-173.4821,6254.7930,6254.7930
2418,0.50,-0.8089,-0.0136,-6.0863,5.2774,13.1259,-172.6510,6186.6143,6186.6143
2419,0.52,-0.4110,+0.0260,-6.1032,5.6922,74.1938,-171.9796,6162.0430,6162.0430
2420,0.52,-0.2871,-0.3089,-6.0919,5.8048,81.5245,-171.6002,6125.5972,6125.5972
2421,0.50,-0.7346,+0.1494,-6.0864,5.3518,25.2737,-172.0382,6147.6519,6147.6519
2422,0.49,-0.7632,+0.0186,-6.1165,5.3533,58.2484,-169.4872,5995.2529,5995.2529
2423,0.49,-0.7140,+0.0790,-6.1222,5.4082,25.8963,-171.6333,6138.0225,6138.0225
2424,0.51,-0.6493,-0.1719,-6.1436,5.4943,31.8525,-167.9718,5894.8408,5894.8408
2425,0.52,-0.5766,-0.0351,-6.1503,5.5738,34.9199,-169.4772,5971.2109,5971.2109
2426,0.51,-0.8668,-0.1059,-6.1448,5.2781,21.0745,-171.3735,6128.9624,6128.9624
2427,0.51,-0.4736,+0.8252,-6.1032,5.6296,96.6650,-172.6657,6216.8550,6216.8550
2428,0.52,-0.7583,+0.2478,-6.1197,5.3614,55.8708,-172.1201,6161.8755,6161.8755
2429,0.51,-0.5851,+0.0899,-6.1095,5.5244,36.6020,-171.7819,6128.1855,6128.1855
2430,0.50,-0.7770,+0.1311,-6.1111,5.3341,37.6457,-170.6576,6055.9614,6055.9614
2431,0.51,-0.8135,-0.3036,-6.1045,5.2909,36.9214,-170.3907,6028.2202,6028.2202
2432,0.51,-0.6012,+0.0663,-6.0795,5.4782,64.9650,-174.0937,6301.4053,6301.4053
2433,0.51,-0.5675,-0.0355,-6.0753,5.5078,52.1572,-173.7982,6275.4004,6275.4004
2434,0.50,-0.6418,-0.0496,-6.1083,5.4666,49.6772,-172.5148,6207.1641,6207.1641
2435,0.52,-1.8109,-0.3381,-6.1080,4.2970,64.4451,-170.2747,6013.8975,6013.8975
2436,0.50,-0.8451,+0.3164,-6.0901,5.2451,15.4411,-171.2911,6111.2310,6111.2310
2437,0.50,-0.2730,+0.0535,-6.0813,5.8083,78.3585,-170.4530,6059.6206,6059.6206
2438,0.49,-0.5087,-0.3094,-6.0861,5.5773,42.0489,-168.8636,5920.4043,5920.4043
2439,0.51,-0.6316,-0.0268,-6.0875,5.4559,42.8141,-171.7389,6147.1177,6147.1177
2440,0.51,-0.6505,-0.0377,-6.1089,5.4584,52.8158,-170.8721,6098.4893,6098.4893
2441,0.52,-0.6621,+0.1802,-6.1064,5.4443,39.2392,-171.4270,6129.0669,6129.0669
2442,0.50,-0.3826,+0.1377,-6.1220,5.7394,47.3067,-168.6964,5976.7188,5976.7188
2443,0.51,-0.5116,+0.0906,-6.1227,5.6111,80.1633,-168.7563,5954.3618,5954.3618
2444,0.51,-0.7687,+0.0741,-6.0900,5.3213,41.1720,-170.1597,6032.6836,6032.6836
2445,0.51,-0.5361,-0.1806,-6.1090,5.5729,31.0419,-170.5435,6065.7168,6065.7168
2446,0.49,-0.7890,-0.0876,-6.1184,5.3295,26.4889,-169.9899,5994.8540,5994.8540
2447,0.51,-0.5601,-0.1717,-6.1262,5.5661,32.0545,-168.1559,5867.6406,5867.6406
2448,0.49,-0.7014,+0.1388,-6.0967,5.3954,32.9431,-170.5268,6032.7769,6032.7769
2449,0.50,-0.5512,+0.0579,-6.0787,5.5275,49.5872,-171.8045,6151.6611,6151.6611
2450,0.51,-0.6800,-0.0140,-6.1005,5.4205,49.5957,-170.0633,6030.3086,6030.3086
2451,0.52,-0.4498,-0.2834,-6.1009,5.6511,49.7254,-170.5836,6046.7041,6046.7041
2452,0.49,-0.7797,+0.1035,-6.0755,5.2959,17.9760,-171.2555,6074.7275,6074.7275
2453,0.52,-1.0106,+0.0706,-6.0881,5.0775,39.2185,-170.6062,6039.7363,6039.7363
2454,0.50,-0.4835,-0.2335,-6.1151,5.6316,39.3142,-169.8363,5993.8096,5993.8096
2455,0.51,-0.6197,-0.1644,-6.0989,5.4792,15.5402,-172.2400,6171.3115,6171.3115
2456,0.51,-0.5928,-0.0678,-6.0976,5.5048,36.2214,-171.5452,6140.8818,6140.8818
2457,0.49,-0.5443,+0.0617,-6.1193,5.5750,45.4281,-171.2795,6127.3535,6127.3535
2458,0.51,-0.1682,-0.3857,-6.1177,5.9495,136.4373,-169.9902,6028.8945,6028.8945
2459,0.51,-0.6073,-0.0758,-6.1177,5.5104,34.3069,-170.0631,6002.5596,6002.5596
2460,0.51,-0.7450,+0.0272,-6.1096,5.3647,39.5234,-172.9652,6225.7886,6225.7886
2461,0.50,-0.6022,-0.1106,-6.1156,5.5135,25.4780,-171.3750,6108.1890,6108.1890
2462,0.51,-0.6814,+0.0010,-6.1213,5.4398,32.8374,-169.3834,5969.7412,5969.7412
2463,0.52,-0.9232,-0.0985,-6.0918,5.1687,49.8246,-170.7907,6053.6846,6053.6846
2464,0.51,-0.8319,-0.0518,-6.0971,5.2652,35.8805,-168.4707,5889.6260,5889.6260
2465,0.50,-0.8053,-0.1506,-6.0926,5.2873,79.8985,-169.4593,5961.3013,5961.3013
2466,0.50,-0.5939,-0.0727,-6.1021,5.5082,41.8049,-170.6554,6050.8110,6050.8110
2467,0.49,-0.9443,+0.1230,-6.1089,5.1646,41.9120,-169.9333,6010.7041,6010.7041
2468,0.52,-0.5954,-0.0734,-6.1183,5.5229,53.3904,-172.1214,6188.6406,6188.6406
2469,0.50,-0.8961,-0.1339,-6.0831,5.1870,32.4091,-172.8924,6223.5078,6223.5078
2470,0.50,-0.6229,+0.1398,-6.0960,5.4731,29.5235,-171.4482,6125.5820,6125.5820
2471,0.51,-0.8233,+0.0796,-6.0951,5.2718,32.0590,-172.0450,6161.9531,6161.9531
2472,0.50,-1.2865,-0.4673,-6.0753,4.7888,11.0924,-173.8212,6263.7002,6263.7002
2473,0.52,-1.0021,-0.0976,-6.0873,5.0852,5.9180,-172.0261,6136.4707,6136.4707
2474,0.49,-0.8609,-0.2019,-6.0659,5.2050,30.9403,-175.6245,6350.7944,6350.7944
2475,0.52,-1.0851,-0.2087,-6.0756,4.9905,3.5724,-171.8104,6054.6685,6054.6685
2476,0.52,-0.8939,-0.0490,-6.0790,5.1851,3.8272,-173.8643,6211.7637,6211.7637
2477,0.48,-0.8793,+0.0425,-6.1014,5.2221,4.1451,-178.4612,6550.7505,6550.7505
2478,0.50,-0.7519,-0.0531,-6.1083,5.3564,3.7375,-164.9016,5627.1733,5627.1733
2479,0.50,-0.9793,+0.0213,-6.1037,5.1243,2.5819,-173.4341,6223.0967,6223.0967
2480,0.51,-0.8853,-0.0508,-6.1057,5.2203,2.4956,-166.3281,5730.7812,5730.7812
2481,0.50,-1.0472,-0.1407,-6.0842,5.0370,3.6862,-178.7281,6569.2505,6569.2505
2482,0.53,-0.9723,+0.3258,-6.1085,5.1363,3.7993,-160.6797,5307.9492,5307.9492
2483,0.52,-1.1845,+0.1640,-6.1015,4.9169,2.5413,-171.2809,6046.4224,6046.4224
2484,0.51,-0.7061,+0.0754,-6.0889,5.3828,3.0294,-162.1857,5456.4775,5456.4775
2485,0.50,-0.8322,+0.1411,-6.1085,5.2763,4.9582,-179.0558,6602.3730,6602.3730
2486,0.50,-0.7253,+0.0134,-6.1020,5.3767,23.8913,-170.1287,5951.2896,5951.2896
2487,0.50,-1.2702,+0.1335,-6.1001,4.8299,4.3757,-174.8704,6259.6089,6259.6089
2488,0.53,-0.5850,+0.3173,-6.0722,5.4873,6.5100,-165.0933,5605.6992,5605.6992
2489,0.51,-1.1598,-0.2314,-6.0795,4.9196,15.2447,-177.7536,6512.4326,6512.4326
2490,0.51,-1.0255,+0.2386,-6.0989,5.0734,6.6934,-163.0278,5484.1885,5484.1885
2491,0.53,-0.8510,+0.4658,-6.1095,5.2585,5.6968,-167.7944,5857.7861,5857.7861
2492,0.51,-0.8961,-0.1649,-6.0774,5.1814,6.0107,-175.1791,6331.4277,6331.4277
2493,0.52,-0.8045,-0.2069,-6.1146,5.3101,25.9243,-168.3833,5912.0352,5912.0352
2494,0.52,-0.7396,-0.1325,-6.1046,5.3650,45.1219,-169.2018,5957.5767,5957.5767
2495,0.50,-0.9812,-0.2278,-6.1009,5.1196,26.1169,-171.6420,6131.9956,6131.9956
2496,0.54,-1.0830,-0.0174,-6.1103,5.0273,14.3171,-168.5709,5873.5322,5873.5322
2497,0.52,-1.0889,-0.1111,-6.1052,5.0163,2.7101,-168.2977,5841.3291,5841.3291
2498,0.52,-0.9223,-0.0276,-6.0954,5.1731,2.8053,-176.4183,6498.0713,6498.0713
2499,0.52,-0.9913,+0.0085,-6.0920,5.1008,2.6994,-166.8228,5780.9580,5780.9580
2500,0.53,-0.7742,+0.2635,-6.0767,5.3025,6.8496,-184.3040,7086.9888,7086.9888
2501,0.52,-1.0302,+0.3284,-6.0769,5.0468,5.6457,-166.1696,5734.1353,5734.1353
2502,0.50,-1.2853,-0.0145,-6.0641,4.7788,3.9171,-176.2336,6426.8564,6426.8564
2503,0.51,-1.0443,-0.0467,-6.0633,5.0189,4.3130,-164.8592,5597.3643,5597.3643
2504,0.51,-0.8274,+0.0382,-6.0612,5.2338,3.3260,-181.1842,6779.8828,6779.8828
2505,0.51,-0.9481,-0.0212,-6.0464,5.0983,4.6905,-166.3497,5686.9653,5686.9653
2506,0.54,-1.1563,-0.2232,-6.0580,4.9018,3.0295,-173.0869,6165.0811,6165.0811
2507,0.52,-0.8821,+0.2812,-6.0477,5.1656,3.4718,-169.6494,5919.7729,5919.7729
2508,0.52,-0.7681,+0.2746,-6.0791,5.3110,3.2242,-178.6137,6582.6865,6582.6865
2509,0.53,-0.9728,+0.0662,-6.1067,5.1338,4.0230,-164.2796,5560.6689,5560.6689
2510,0.49,-1.1382,-0.1162,-6.0846,4.9464,3.6263,-172.6065,6124.5010,6124.5010
2511,0.50,-0.7790,-0.2131,-6.0962,5.3171,11.7132,-177.4100,6473.0693,6473.0693
2512,0.53,-0.6457,+0.0640,-6.0750,5.4293,24.3678,-169.2162,5927.4277,5927.4277
2513,0.50,-1.1780,+0.0201,-6.0552,4.8771,6.6466,-171.4346,6069.9912,6069.9912
2514,0.50,-1.3820,-0.0769,-6.0717,4.6897,5.1593,-178.2237,6551.9482,6551.9482
2515,0.52,-1.0433,+0.0733,-6.0754,5.0322,2.6923,-167.8188,5818.3955,5818.3955
2516,0.51,-1.3391,+0.1944,-6.0727,4.7335,2.4908,-173.9089,6231.0361,6231.0361
2517,0.53,-1.2474,+0.0362,-6.1039,4.8565,2.7530,-171.9954,6137.7437,6137.7437
2518,0.53,-1.0011,-0.1816,-6.1051,5.1039,4.7437,-163.8935,5588.6030,5588.6030
2519,0.52,-1.3052,-0.0465,-6.1088,4.8036,5.6297,-174.6117,6343.4854,6343.4854
2520,0.53,-1.3109,-0.0275,-6.1074,4.7965,2.7309,-170.6917,6084.3193,6084.3193
2521,0.52,-1.1921,+0.1131,-6.1253,4.9331,3.5440,-168.2103,5917.1030,5917.1030
2522,0.51,-0.8061,+0.1157,-6.1314,5.3253,7.6349,-179.9562,6703.8921,6703.8921
2523,0.51,-1.0563,-0.1090,-6.1186,5.0623,3.6090,-164.1944,5584.0186,5584.0186
2524,0.52,-1.1339,+0.1743,-6.1180,4.9841,3.1652,-177.8100,6515.9517,6515.9517
2525,0.53,-0.6329,+0.0208,-6.1207,5.4878,4.7088,-159.7073,5252.6191,5252.6191
2526,0.52,-1.1263,+0.3055,-6.1136,4.9873,4.3854,-179.6832,6668.9580,6668.9580
2527,0.53,-0.9829,+0.1553,-6.1059,5.1231,4.6011,-163.1021,5514.0469,5514.0469
2528,0.52,-0.7300,+0.1584,-6.1032,5.3732,8.6607,-176.4189,6453.5801,6453.5801
2529,0.52,-1.0629,+0.1869,-6.1104,5.0476,4.0541,-168.7809,5890.4482,5890.4482
2530,0.51,-0.9424,-0.0343,-6.0976,5.1552,3.5084,-176.6274,6397.7480,6397.7480
2531,0.53,-0.9645,-0.0394,-6.1251,5.1606,6.8725,-168.0764,5843.0869,5843.0869
2532,0.52,-1.1925,+0.0381,-6.1337,4.9413,4.6838,-175.0504,6319.4917,6319.4917
2533,0.52,-1.1478,+0.2546,-6.1192,4.9713,3.6334,-165.4098,5650.1211,5650.1211
2534,0.52,-1.3507,+0.3592,-6.1204,4.7698,3.3565,-175.7201,6385.2158,6385.2158
2535,0.54,-1.1845,+0.1643,-6.1089,4.9244,4.1887,-168.3601,5854.1558,5854.1558
2536,0.52,-1.3416,-0.5245,-6.0998,4.7581,4.3446,-173.9366,6229.2344,6229.2344
2537,0.51,-0.8525,-0.1893,-6.0810,5.2284,3.6996,-178.1536,6597.7168,6597.7168
2538,0.53,-1.4154,+0.0135,-6.1154,4.7000,5.9161,-164.5963,5617.3687,5617.3687
2539,0.53,-1.3662,-0.0588,-6.1214,4.7552,3.5817,-169.7768,5982.1045,5982.1045
2540,0.55,-1.3836,-0.0315,-6.1464,4.7628,7.5792,-167.5706,5868.9678,5868.9678
2541,0.52,-1.1904,-0.3347,-6.1247,4.9343,13.0296,-170.2264,6076.3750,6076.3750
2542,0.52,-1.0538,-0.0835,-6.1330,5.0792,42.7760,-167.6272,5914.8877,5914.8877
2543,0.53,-0.9262,-0.2247,-6.1198,5.1936,30.8101,-169.1560,5989.4858,5989.4858
2544,0.53,-0.9224,-0.0054,-6.1044,5.1820,35.3524,-169.6830,6029.9048,6029.9048
2545,0.51,-1.0007,-0.1171,-6.1405,5.1398,26.0319,-169.3367,5983.6953,5983.6953
2546,0.50,-0.9669,-0.0523,-6.1256,5.1587,49.0906,-168.9041,5966.3145,5966.3145
2547,0.52,-1.0874,-0.0451,-6.1064,5.0190,4.4534,-169.3186,5973.0352,5973.0352
2548,0.53,-1.3819,-0.1243,-6.1146,4.7327,2.9417,-171.3948,6105.3579,6105.3579
2549,0.53,-0.7835,-0.1988,-6.1579,5.3744,7.6258,-170.1179,6090.2549,6090.2549
2550,0.52,-1.2137,+0.1725,-6.1634,4.9497,3.6016,-166.7460,5797.7847,5797.7847
2551,0.51,-1.1794,+0.0460,-6.1677,4.9883,3.2709,-165.8477,5751.5376,5751.5376
2552,0.50,-1.2158,+0.0576,-6.1486,4.9328,8.5386,-164.7510,5699.6909,5699.6909
2553,0.52,-0.9527,-0.0682,-6.1342,5.1815,5.1200,-166.8675,5795.6279,5795.6279
2554,0.50,-0.2769,+0.6652,-6.1225,5.8457,323.9450,-171.0721,6141.2051,6141.2051
2555,0.52,-0.6784,+0.0989,-6.0834,5.4050,43.9113,-171.3734,6154.4727,6154.4727
2556,0.54,-0.9804,+0.1026,-6.1106,5.1302,13.7929,-172.1146,6195.6064,6195.6064
2557,0.53,-0.3505,-0.0327,-6.1175,5.7670,218.0491,-171.9986,6206.4033,6206.4033
2558,0.53,-1.0435,-0.0278,-6.1160,5.0725,33.9568,-172.4493,6192.6328,6192.6328
2559,0.52,-0.8123,+0.0998,-6.1426,5.3303,39.4678,-171.0793,6093.7139,6093.7139
2560,0.51,-1.2450,-0.0256,-6.1282,4.8832,4.7220,-169.8511,6000.1743,6000.1743
2561,0.52,-1.1388,+0.0378,-6.1382,4.9995,9.0876,-171.0948,6061.0039,6061.0039
2562,0.54,-1.0927,+0.1956,-6.1313,5.0386,6.4078,-166.7850,5759.9717,5759.9717
2563,0.53,-0.8206,+0.2502,-6.1337,5.3132,21.8854,-171.8947,6124.5801,6124.5801
2564,0.52,-1.0614,+0.1032,-6.1107,5.0494,35.4372,-173.0501,6207.1348,6207.1348
2565,0.50,-0.7452,+0.0402,-6.1108,5.3656,27.5274,-171.3052,6062.1836,6062.1836
2566,0.52,-1.3343,-0.0260,-6.1150,4.7808,47.9658,-171.5121,6065.3076,6065.3076
2567,0.51,-0.8005,+0.0779,-6.1090,5.3085,42.4859,-169.8918,5944.6626,5944.6626
2568,0.52,-1.2180,-0.7953,-6.1005,4.8824,69.6381,-170.8491,6059.7378,6059.7378
2569,0.52,-0.7712,-0.1831,-6.0983,5.3270,36.9184,-171.5086,6114.5112,6114.5112
2570,0.51,-0.7714,-0.3434,-6.0880,5.3166,43.0806,-171.1934,6079.2197,6079.2197
2571,0.51,-0.5554,-0.3153,-6.0985,5.5431,89.7470,-170.3352,6049.0342,6049.0342
2572,0.53,-0.4678,-0.1879,-6.1069,5.6390,72.1104,-170.6668,6050.3042,6050.3042
2573,0.52,-0.7257,+0.0136,-6.0971,5.3714,58.7568,-170.2234,5999.5591,5999.5591
2574,0.53,-0.5056,+0.1030,-6.1091,5.6035,74.2091,-170.1159,6024.2368,6024.2368
2575,0.51,-0.1747,+0.2116,-6.1115,5.9368,135.9897,-168.7645,5944.8105,5944.8105
2576,0.50,-0.8576,-0.0689,-6.1263,5.2686,34.7668,-168.4078,5898.6904,5898.6904
2577,0.52,-0.8043,-0.2467,-6.1068,5.3025,39.5416,-168.6871,5937.3076,5937.3076
2578,0.53,-0.9940,-0.0354,-6.0935,5.0995,34.3970,-172.0099,6169.9683,6169.9683
2579,0.52,-0.7401,-0.0107,-6.1064,5.3663,54.1458,-170.7705,6063.9385,6063.9385
2580,0.52,-0.4775,+0.3594,-6.1079,5.6304,41.0656,-171.4763,6112.6709,6112.6709
2581,0.52,-0.5168,+0.1040,-6.1226,5.6057,75.0081,-170.6304,6074.0498,6074.0498
2582,0.51,-0.4569,-0.0594,-6.1294,5.6725,69.6273,-169.4940,6011.9980,6011.9980
2583,0.51,-0.5933,+0.1690,-6.1225,5.5292,99.8420,-169.5162,6019.7471,6019.7471
2584,0.50,-0.5295,+0.1550,-6.0981,5.5686,53.6062,-170.8157,6071.9004,6071.9004
2585,0.52,-0.5973,+0.1955,-6.1037,5.5064,71.3430,-171.2179,6107.2715,6107.2715
2586,0.51,-0.8233,-0.0583,-6.1153,5.2921,40.4948,-171.1206,6079.3262,6079.3262
2587,0.50,-0.7859,-0.1130,-6.1216,5.3357,52.9224,-171.2656,6109.0972,6109.0972
2588,0.53,-0.9227,-0.2417,-6.1390,5.2163,45.4464,-170.1833,6023.6670,6023.6670
2589,0.54,-0.8660,+0.0803,-6.1344,5.2684,42.3079,-170.2260,6063.9902,6063.9902
2590,0.52,-0.8146,-0.0750,-6.1266,5.3121,37.3164,-170.1993,6051.9585,6051.9585
2591,0.51,-0.7416,+0.0542,-6.1000,5.3584,48.5553,-170.3569,6042.7622,6042.7622
2592,0.51,-0.8994,-0.0212,-6.1029,5.2035,40.2392,-170.6708,6049.3564,6049.3564
2593,0.51,-0.9076,-0.0659,-6.1263,5.2187,49.9733,-171.2340,6087.7964,6087.7964
2594,0.54,-0.8700,+0.1796,-6.1203,5.2503,37.4594,-171.9794,6111.9854,6111.9854
2595,0.51,-0.4126,+0.1214,-6.1106,5.6979,74.1412,-172.0475,6166.0225,6166.0225
2596,0.52,-0.8371,-0.0648,-6.1229,5.2858,36.2193,-170.0699,6004.1499,6004.1499
2597,0.52,-0.9542,-0.2203,-6.1082,5.1540,40.9250,-168.8810,5892.0225,5892.0225
2598,0.52,-0.7487,-0.0908,-6.0987,5.3499,62.0718,-170.4292,6039.2202,6039.2202
2599,0.52,-1.1010,-0.0725,-6.0790,4.9780,31.3770,-172.2729,6166.2251,6166.2251
2600,0.53,-1.0411,-0.0733,-6.1051,5.0641,38.3768,-169.7195,5995.2627,5995.2627
2601,0.52,-0.9478,-0.0352,-6.1113,5.1636,41.3733,-169.7287,5988.2119,5988.2119
2602,0.51,-1.0648,-0.0761,-6.1149,5.0501,30.5543,-169.5291,5974.1138,5974.1138
2603,0.51,-1.0261,-0.2145,-6.1247,5.0986,39.7433,-171.1077,6071.1924,6071.1924
2604,0.52,-0.9930,-0.1706,-6.1424,5.1494,31.0644,-171.6988,6110.7480,6110.7480
2605,0.51,-0.3348,+1.2247,-6.1101,5.7753,359.4590,-168.9791,5982.4448,5982.4448
2606,0.53,-1.1425,-0.0193,-6.0973,4.9549,6.7698,-170.8259,6023.8037,6023.8037
2607,0.51,-0.8575,+0.0974,-6.0912,5.2338,39.8825,-169.3345,5902.6167,5902.6167
2608,0.51,-0.9527,+0.1695,-6.1378,5.1851,36.0093,-168.8410,5899.4473,5899.4473
2609,0.51,-1.0319,-0.1351,-6.1475,5.1156,43.3283,-170.4236,6003.4688,6003.4688
2610,0.54,-1.7665,-0.5492,-6.1238,4.3573,50.9063,-168.3614,5806.4951,5806.4951
2611,0.52,-0.9361,+0.0443,-6.1389,5.2028,56.8083,-166.9539,5770.3789,5770.3789
2612,0.51,-0.7634,-0.0261,-6.1375,5.3741,130.5572,-168.2015,5860.6411,5860.6411
2613,0.53,-0.7484,+0.0572,-6.1391,5.3907,89.9716,-167.3725,5811.9390,5811.9390
2614,0.53,-0.8119,-0.0629,-6.1250,5.3131,39.9786,-167.4243,5801.8584,5801.8584
2615,0.53,-0.8134,-0.5622,-6.1227,5.3092,109.6075,-170.7319,6051.8193,6051.8193
2616,0.52,-1.0376,+0.0548,-6.1056,5.0681,35.0677,-171.4572,6081.8906,6081.8906
2617,0.53,-0.9668,-0.1799,-6.1010,5.1342,73.2225,-171.7081,6092.8960,6092.8960
2618,0.52,-0.9203,-0.0387,-6.1081,5.1878,41.2697,-170.0803,5947.7793,5947.7793
2619,0.53,-0.8828,+0.1926,-6.1217,5.2389,45.7191,-169.3841,5922.2734,5922.2734
2620,0.53,-0.6772,-0.0789,-6.1131,5.4359,37.9063,-173.0379,6182.6904,6182.6904
2621,0.50,-0.9933,-0.0562,-6.1004,5.1071,51.1109,-170.5020,6007.5811,6007.5811
2622,0.52,-0.8670,+0.1625,-6.1286,5.2615,36.9594,-168.7944,5896.8950,5896.8950
2623,0.50,-0.8013,+0.0967,-6.1246,5.3233,69.2656,-170.1462,5993.7139,5993.7139
2624,0.52,-0.8064,+0.0462,-6.1283,5.3219,47.5654,-169.8627,5966.5210,5966.5210
2625,0.53,-1.1643,+0.0514,-6.1150,4.9506,40.6923,-171.6400,6074.5220,6074.5220
2626,0.53,-1.0264,-0.0913,-6.1180,5.0916,47.8394,-169.6389,5945.4287,5945.4287
2627,0.52,-1.0153,+0.2260,-6.1277,5.1124,34.0610,-169.2192,5899.4766,5899.4766
2628,0.52,-0.9075,+0.0910,-6.1115,5.2040,35.1199,-170.8176,6006.7046,6006.7046
2629,0.52,-1.0400,-0.0865,-6.1294,5.0893,46.9699,-169.0395,5877.4834,5877.4834
2630,0.52,-0.8466,-0.2271,-6.1576,5.3110,35.0107,-166.0159,5700.2959,5700.2959
2631,0.52,-1.0472,+0.0099,-6.1725,5.1253,37.4768,-166.8825,5777.1924,5777.1924
2632,0.52,-0.9729,-0.0977,-6.1780,5.2051,35.8887,-166.2430,5736.6553,5736.6553
2633,0.52,-1.0500,-0.2978,-6.1780,5.1280,32.0914,-166.4235,5741.2627,5741.2627
2634,0.49,-1.1296,+0.0251,-6.1679,5.0383,10.7860,-167.7750,5820.1963,5820.1963
2635,0.53,-0.9564,-0.0877,-6.1332,5.1767,21.6417,-172.0389,6127.5156,6127.5156
2636,0.52,-0.9328,-0.3380,-6.1563,5.2235,39.5700,-168.4295,5920.2520,5920.2520
2637,0.52,-0.7620,-0.2233,-6.1474,5.3854,55.3303,-169.9354,6017.1709,6017.1709
2638,0.52,-0.7013,-0.0681,-6.1480,5.4466,44.3300,-169.2867,5964.2705,5964.2705
2639,0.51,-0.6566,-0.2326,-6.1381,5.4816,62.0289,-169.4376,5963.8213,5963.8213
2640,0.51,-0.8772,+0.1017,-6.1452,5.2680,44.2906,-169.8548,5982.5928,5982.5928
2641,0.51,-0.8293,+0.1596,-6.1210,5.2917,32.0507,-171.8266,6117.2861,6117.2861
2642,0.51,-0.6812,-0.1358,-6.1140,5.4327,59.4596,-171.1812,6074.3379,6074.3379
2643,0.51,-0.8412,+0.0680,-6.1025,5.2613,31.2476,-171.2237,6061.0771,6061.0771
2644,0.52,-0.9022,-0.0122,-6.0971,5.1949,39.6950,-170.1734,6006.2661,6006.2661
2645,0.53,-0.9747,+0.0241,-6.0807,5.1060,35.4182,-170.8679,6044.8779,6044.8779
2646,0.51,-1.0040,-0.1235,-6.0982,5.0942,34.5026,-171.4966,6079.2480,6079.2480
2647,0.51,-0.9516,-0.2381,-6.1084,5.1569,29.5320,-170.7906,6023.0479,6023.0479
2648,0.51,-0.7847,-0.1793,-6.1131,5.3284,45.3560,-171.8230,6107.1084,6107.1084
2649,0.51,-0.9080,+0.0393,-6.1326,5.2246,36.4135,-169.5127,5945.7930,5945.7930
2650,0.53,-1.0475,-0.1117,-6.1180,5.0705,32.3996,-167.9030,5814.4312,5814.4312
2651,0.53,-1.0126,-0.0366,-6.1134,5.1008,33.7866,-169.6755,5961.4219,5961.4219
2652,0.52,-1.0260,+0.0554,-6.1309,5.1049,25.9327,-169.9487,5968.8716,5968.8716
2653,0.51,-0.8513,+0.0222,-6.1321,5.2809,32.2208,-168.5193,5862.3745,5862.3745
2654,0.52,-0.7634,+0.0338,-6.1028,5.3394,35.8061,-168.1311,5806.4800,5806.4800
2655,0.51,-0.7506,-0.0442,-6.1210,5.3704,40.7584,-168.7091,5853.7344,5853.7344
2656,0.52,-0.8730,-0.1192,-6.1051,5.2321,30.6940,-170.6880,5978.9062,5978.9062
2657,0.52,-0.6014,-0.0255,-6.0897,5.4884,45.0744,-171.8867,6073.5786,6073.5786
2658,0.53,-0.8509,-0.0697,-6.0837,5.2328,49.6984,-172.9152,6147.9316,6147.9316
2659,0.52,-0.6105,+0.0358,-6.0715,5.4610,63.0491,-172.2895,6146.1709,6146.1709
2660,0.51,-0.9851,+0.0056,-6.1013,5.1162,42.4310,-171.5093,6060.3311,6060.3311
2661,0.53,-0.8133,-0.0861,-6.0789,5.2655,34.8127,-171.8843,6097.1772,6097.1772
2662,0.53,-1.2201,+0.1550,-6.0811,4.8609,35.9430,-173.7762,6210.7764,6210.7764
2663,0.52,-1.0762,+0.0397,-6.1070,5.0308,31.0935,-173.1996,6181.4688,6181.4688
2664,0.51,-1.0533,-0.0528,-6.1168,5.0635,35.7140,-169.8342,5950.5610,5950.5610
2665,0.52,-0.9412,+0.0714,-6.0924,5.1512,32.1914,-170.5689,5998.7949,5998.7949
2666,0.51,-0.7935,+0.2270,-6.0908,5.2973,36.4727,-171.6994,6080.9712,6080.9712
2667,0.49,-1.0099,-0.1841,-6.0850,5.0751,41.9763,-171.9872,6107.3667,6107.3667
2668,0.50,-0.9839,-0.0948,-6.1001,5.1163,27.0561,-170.9525,6051.3413,6051.3413
2669,0.50,-1.5532,-0.3731,-6.0918,4.5386,3.7098,-169.0868,5875.1245,5875.1245
2670,0.51,-1.2399,-0.1635,-6.0939,4.8540,6.9528,-171.7986,6056.0518,6056.0518
2671,0.55,-1.3572,-0.2458,-6.1127,4.7555,4.7718,-167.8763,5786.3398,5786.3398
2672,0.52,-0.7557,-0.2661,-6.1115,5.3558,37.9001,-172.2977,6139.5166,6139.5166
2673,0.52,-0.8323,+0.1346,-6.1130,5.2807,18.5578,-170.5773,6006.4058,6006.4058
2674,0.52,-0.9191,+0.3740,-6.0913,5.1722,14.4598,-168.8143,5842.9873,5842.9873
2675,0.52,-1.1025,+0.1008,-6.1073,5.0048,5.0866,-169.5155,5871.0859,5871.0859
2676,0.53,-1.0040,+0.2062,-6.1145,5.1105,3.9848,-169.8450,5904.9233,5904.9233
2677,0.52,-1.1056,-0.0720,-6.1112,5.0056,2.7221,-165.2444,5590.9473,5590.9473
2678,0.53,-0.8424,+0.2371,-6.1061,5.2637,3.5800,-176.3834,6369.8779,6369.8779
2679,0.52,-1.3998,-0.1503,-6.1027,4.7030,25.7690,-165.6256,5645.1680,5645.1680
2680,0.52,-1.4298,+0.0751,-6.0946,4.6648,3.5003,-168.8326,5825.8247,5825.8247
2681,0.52,-1.0611,+0.0383,-6.1001,5.0391,5.5774,-173.3351,6177.8594,6177.8594
2682,0.52,-1.0914,+0.0222,-6.0985,5.0072,2.2333,-164.2292,5543.2246,5543.2246
2683,0.52,-1.0130,-0.0552,-6.1048,5.0919,4.9032,-180.3092,6696.6328,6696.6328
2684,0.53,-0.7265,-0.0429,-6.1232,5.3967,6.7783,-160.2614,5277.8203,5277.8203
2685,0.51,-1.1997,-0.0588,-6.1043,4.9046,4.1861,-178.9519,6575.7070,6575.7070
2686,0.52,-0.9897,-0.0904,-6.1026,5.1128,2.1220,-164.0927,5559.8154,5559.8154
2687,0.52,-0.7759,-0.0242,-6.1119,5.3360,2.5595,-181.1741,6783.5532,6783.5532
2688,0.51,-0.9121,+0.2159,-6.1112,5.1991,2.6551,-160.9692,5379.0869,5379.0869
2689,0.51,-0.8169,+0.2931,-6.0993,5.2824,6.9489,-182.2360,6846.5557,6846.5557
2690,0.53,-0.9731,+0.0628,-6.0820,5.1089,4.6317,-166.0683,5695.1230,5695.1230
2691,0.52,-1.0771,+0.0676,-6.1052,5.0281,10.3792,-178.5773,6620.2397,6620.2397
2692,0.51,-1.1577,-0.0222,-6.1019,4.9442,3.9803,-168.8342,5916.7773,5916.7773
2693,0.52,-1.3030,+0.0558,-6.1420,4.8390,2.5694,-172.4441,6117.1880,6117.1880
2694,0.53,-0.8258,-0.0928,-6.1242,5.2984,5.4923,-163.5282,5545.1450,5545.1450
2695,0.51,-1.2273,-0.2820,-6.1402,4.9129,3.8364,-178.3240,6599.7964,6599.7964
2696,0.53,-1.0014,+0.1926,-6.1402,5.1388,4.4673,-161.2722,5398.2930,5398.2930
2697,0.53,-1.2109,-0.2669,-6.1318,4.9209,4.1609,-180.0731,6709.4541,6709.4541
2698,0.55,-1.6513,-0.2021,-6.1137,4.4624,35.9649,-161.5002,5380.6699,5380.6699
2699,0.53,-1.2090,-0.2156,-6.1414,4.9325,9.1777,-167.6541,5846.0527,5846.0527
2700,0.52,-1.3573,-0.0193,-6.1204,4.7631,6.1413,-173.0616,6234.5918,6234.5918
2701,0.53,-1.3187,+0.2297,-6.1296,4.8110,5.0639,-164.2265,5599.7178,5599.7178
2702,0.52,-1.1603,-0.1902,-6.1178,4.9575,3.3441,-173.2211,6277.8306,6277.8306
2703,0.51,-0.9394,-0.2388,-6.1271,5.1877,7.0319,-169.5263,6019.3672,6019.3672
2704,0.51,-1.3628,-0.0248,-6.1173,4.7545,2.4551,-168.9997,5925.7939,5925.7939
2705,0.53,-1.5916,+0.1084,-6.1228,4.5312,5.6765,-175.6669,6405.3223,6405.3223
2706,0.52,-1.1311,-0.0630,-6.1337,5.0026,4.1178,-168.6870,5956.5996,5956.5996
2707,0.52,-1.2084,-0.2219,-6.1271,4.9187,3.6243,-169.4736,5952.8032,5952.8032
2708,0.52,-1.2883,-0.0889,-6.1175,4.8293,3.9781,-165.7023,5706.0830,5706.0830
2709,0.52,-1.1638,+0.2628,-6.0869,4.9231,14.0906,-174.6657,6374.5566,6374.5566
2710,0.52,-0.6332,-0.2026,-6.1000,5.4667,39.9637,-175.7761,6469.6196,6469.6196
2711,0.52,-0.3105,-0.1580,-6.1189,5.8084,113.7394,-173.7687,6330.4639,6330.4639
2712,0.53,-0.9476,+0.0954,-6.1305,5.1829,32.9828,-170.5020,6096.5610,6096.5610
2713,0.54,-1.2186,-0.1687,-6.1301,4.9115,25.2380,-167.8408,5882.4146,5882.4146
2714,0.52,-1.0163,+0.1032,-6.0939,5.0776,27.8781,-172.0855,6163.6606,6163.6606
2715,0.52,-1.1486,+0.0967,-6.0910,4.9424,38.7217,-171.2410,6096.3418,6096.3418
2716,0.53,-0.9668,+0.1091,-6.0951,5.1283,22.7675,-170.4198,6053.3662,6053.3662
2717,0.52,-0.8642,-0.0467,-6.1158,5.2516,33.5968,-169.8605,6023.3486,6023.3486
2718,0.52,-0.8707,-0.0328,-6.1039,5.2333,38.5235,-168.8248,5988.8486,5988.8486
2719,0.52,-1.0689,-0.0658,-6.1108,5.0419,38.9355,-167.7378,5885.4639,5885.4639
2720,0.54,-1.0776,-0.0194,-6.1103,5.0328,37.4228,-170.1300,6053.3672,6053.3672
2721,0.52,-1.0491,+0.0043,-6.1103,5.0612,33.2587,-171.3691,6143.9521,6143.9521
2722,0.52,-0.8709,-0.0448,-6.1266,5.2557,27.5490,-171.4271,6147.3760,6147.3760
2723,0.51,-1.0698,-0.1031,-6.1187,5.0489,38.6763,-169.7691,5998.2485,5998.2485
2724,0.52,-1.2113,+0.1265,-6.1057,4.8943,23.2552,-170.0966,6018.3608,6018.3608
2725,0.51,-0.6887,-0.1023,-6.1015,5.4128,44.6583,-167.7674,5873.9834,5873.9834
2726,0.52,-1.0381,-0.1656,-6.1204,5.0823,36.0896,-169.3774,5999.2412,5999.2412
2727,0.52,-0.7231,+0.2092,-6.1072,5.3841,21.9400,-167.5429,5849.8525,5849.8525
2728,0.51,-0.6937,-0.0120,-6.1286,5.4349,60.6505,-169.3441,5992.3320,5992.3320
2729,0.51,-1.0954,+0.3484,-6.1458,5.0504,50.5670,-170.3588,6032.2012,6032.2012
2730,0.53,-0.7864,+0.0450,-6.1383,5.3519,47.6769,-167.9669,5860.6562,5860.6562
2731,0.52,-1.1294,+0.1674,-6.1299,5.0005,47.2488,-169.6753,5983.7295,5983.7295
2732,0.53,-1.0458,-0.0650,-6.1262,5.0805,52.7527,-170.4489,6034.2725,6034.2725
2733,0.51,-0.8746,+0.0782,-6.1003,5.2257,44.8828,-170.2958,6012.5186,6012.5186
2734,0.51,-0.8570,-0.0146,-6.1081,5.2511,29.6207,-169.7807,5993.9990,5993.9990
2735,0.49,-0.8372,-0.0312,-6.1382,5.3010,24.5078,-168.7935,5950.7832,5950.7832
2736,0.53,-1.0207,-0.0344,-6.1350,5.1143,33.9674,-166.8578,5795.6836,5795.6836
2737,0.52,-1.0994,+0.0862,-6.1452,5.0458,24.0923,-170.7065,6061.5005,6061.5005
2738,0.52,-1.0308,-0.0541,-6.1426,5.1118,9.3655,-170.0646,6019.8936,6019.8936
2739,0.51,-1.1905,+0.1232,-6.1474,4.9569,4.0535,-168.1115,5886.2578,5886.2578
2740,0.51,-1.2104,-0.1136,-6.1123,4.9019,15.7088,-170.4148,6041.7153,6041.7153
2741,0.52,-1.0749,-0.3358,-6.1472,5.0722,9.9760,-170.2210,6028.4629,6028.4629
2742,0.50,-1.1260,-0.1522,-6.1333,5.0073,7.9577,-168.1119,5870.0576,5870.0576
2743,0.51,-0.4468,+0.0569,-6.1277,5.6809,33.0918,-175.0929,6399.5312,6399.5312
2744,0.51,-1.0925,-0.2032,-6.1314,5.0389,7.6369,-170.9052,6076.8975,6076.8975
2745,0.53,-1.1027,+0.0075,-6.1534,5.0507,3.2303,-166.7043,5792.3003,5792.3003
2746,0.51,-1.3825,-0.1747,-6.1331,4.7507,19.1540,-171.2593,6144.5098,6144.5098
2747,0.54,-1.0893,-0.0306,-6.1610,5.0717,4.7921,-168.8519,5964.7471,5964.7471
2748,0.52,-1.2020,+0.0804,-6.1560,4.9539,2.5234,-160.7818,5384.4805,5384.4805
2749,0.52,-1.1961,+0.0072,-6.1701,4.9741,2.8629,-177.4039,6573.2969,6573.2969
2750,0.52,-0.9098,-0.2341,-6.1387,5.2289,5.8337,-159.7869,5315.6787,5315.6787
2751,0.51,-1.1349,-0.0425,-6.1487,5.0138,2.9026,-176.6316,6467.4346,6467.4346
2752,0.51,-0.7535,+0.1598,-6.1445,5.3910,2.7410,-159.6760,5311.7959,5311.7959
2753,0.53,-0.9873,-0.0615,-6.1295,5.1422,4.1793,-176.9545,6533.9092,6533.9092
2754,0.52,-1.1503,-0.0428,-6.1438,4.9936,4.7888,-161.9295,5441.1411,5441.1411
2755,0.52,-1.2446,-0.0883,-6.1420,4.8974,2.6801,-172.7985,6255.5073,6255.5073
2756,0.53,-1.0116,-0.0147,-6.1441,5.1325,3.3715,-158.1423,5212.4785,5212.4785
2757,0.51,-1.1610,-0.1080,-6.1554,4.9944,6.9215,-176.4851,6487.5195,6487.5195
2758,0.51,-1.0982,-0.0632,-6.1709,5.0727,4.0776,-173.3918,6272.1689,6272.1689
2759,0.49,-1.2156,-0.1391,-6.1573,4.9416,2.7699,-162.4561,5509.5977,5509.5977
2760,0.53,-1.2388,-0.3431,-6.1352,4.8964,8.5736,-175.7653,6402.5347,6402.5347
2761,0.54,-1.1587,+0.0202,-6.1599,5.0011,3.6231,-166.3906,5765.4619,5765.4619
2762,0.52,-1.3650,+0.0624,-6.1555,4.7906,4.2469,-169.8564,6007.1885,6007.1885
2763,0.51,-1.2840,-0.1087,-6.1394,4.8555,3.0860,-166.9702,5799.2822,5799.2822
2764,0.52,-1.2406,-0.4677,-6.1171,4.8765,5.3203,-167.0551,5787.3940,5787.3940
2765,0.52,-1.6497,-0.2136,-6.1538,4.5041,20.7990,-173.3749,6225.9961,6225.9961
2766,0.53,-1.3066,+0.0132,-6.1702,4.8636,2.9836,-168.5786,5910.2227,5910.2227
2767,0.53,-1.1157,-0.1302,-6.1909,5.0753,4.7101,-171.1093,6151.1904,6151.1904
2768,0.52,-1.1770,+0.1703,-6.1939,5.0169,3.5816,-159.5337,5273.7930,5273.7930
2769,0.52,-1.1191,+0.2239,-6.2041,5.0850,2.4041,-178.6273,6609.5659,6609.5659
2770,0.53,-1.0418,-0.0360,-6.1843,5.1425,2.2192,-156.7867,5102.5303,5102.5303
2771,0.52,-1.1831,+0.1619,-6.1800,4.9969,5.2896,-175.4025,6368.4727,6368.4727
2772,0.53,-1.3161,-0.0441,-6.1846,4.8686,2.7868,-161.9412,5443.3291,5443.3291
2773,0.53,-1.3554,-0.0069,-6.1913,4.8358,6.5136,-171.9121,6200.2881,6200.2881
2774,0.54,-1.3613,+0.1099,-6.1900,4.8287,4.6560,-165.4915,5736.7227,5736.7227
2775,0.53,-1.2587,+0.1053,-6.2028,4.9442,2.2795,-164.6227,5651.4980,5651.4980
2776,0.52,-1.2862,+0.0784,-6.2022,4.9160,4.3326,-173.9361,6329.0693,6329.0693
2777,0.52,-1.3708,+0.1506,-6.1944,4.8237,2.2505,-164.6449,5750.6675,5750.6675
2778,0.52,-1.3398,-0.0274,-6.1621,4.8223,3.8137,-171.2065,6142.6992,6142.6992
2779,0.53,-1.1039,-0.1701,-6.1663,5.0624,3.3008,-161.5225,5469.3999,5469.3999
2780,0.52,-0.9264,+0.0886,-6.1560,5.2295,3.6487,-179.3758,6713.1655,6713.1655
2781,0.53,-1.2855,-0.2806,-6.1409,4.8555,5.9787,-161.5035,5423.8145,5423.8145
2782,0.52,-1.2567,+0.3073,-6.1688,4.9122,3.2042,-166.5452,5799.8784,5799.8784
2783,0.53,-1.2366,-0.0772,-6.1579,4.9212,10.2733,-166.5707,5803.9780,5803.9780
2784,0.53,-1.3015,+0.0937,-6.1558,4.8543,4.0576,-166.4991,5793.6504,5793.6504
2785,0.51,-1.0474,-0.1386,-6.1455,5.0981,3.9467,-172.7774,6257.0386,6257.0386
2786,0.53,-1.3929,-0.1837,-6.1553,4.7624,2.5518,-166.5848,5775.4590,5775.4590
2787,0.52,-1.2365,+0.1122,-6.1647,4.9282,11.7862,-175.1424,6385.6172,6385.6172
2788,0.52,-1.5053,-0.0634,-6.1738,4.6686,2.7965,-170.3839,6000.4146,6000.4146
2789,0.52,-1.1521,+0.0751,-6.1618,5.0097,5.5824,-162.5489,5504.4976,5504.4976
2790,0.51,-1.5435,+0.1229,-6.1801,4.6367,14.1980,-169.4252,5955.6191,5955.6191
2791,0.52,-1.1092,-0.0141,-6.1864,5.0773,6.2293,-164.5382,5641.2314,5641.2314
2792,0.52,-1.3937,-0.1301,-6.1714,4.7776,4.4266,-172.1114,6182.7129,6182.7129
2793,0.51,-0.9685,+0.0919,-6.1739,5.2055,6.0472,-162.4783,5537.1084,5537.1084
2794,0.52,-1.5001,-0.0255,-6.1513,4.6512,12.9052,-174.4082,6410.0498,6410.0498
2795,0.52,-1.2620,+0.0117,-6.1588,4.8967,5.6318,-165.2497,5774.3042,5774.3042
2796,0.51,-1.2854,+0.1470,-6.1772,4.8918,2.1105,-176.5478,6556.7681,6556.7681
2797,0.52,-0.8736,-0.3037,-6.2039,5.3302,3.2717,-156.7414,5161.2637,5161.2637
2798,0.51,-1.1130,-0.1660,-6.2067,5.0938,9.0117,-174.1892,6380.8535,6380.8535
2799,0.52,-1.3396,-0.0055,-6.2078,4.8682,4.0824,-161.5643,5481.9365,5481.9365
2800,0.53,-1.0519,-0.1996,-6.1989,5.1470,3.4066,-173.9827,6388.5488,6388.5488
2801,0.52,-1.0764,+0.0443,-6.2173,5.1410,7.3419,-160.5880,5466.1846,5466.1846
2802,0.52,-1.3607,+0.1184,-6.2065,4.8458,13.7526,-170.1156,6094.1475,6094.1475
2803,0.53,-1.8815,-0.3921,-6.2008,4.3193,84.6232,-167.0461,5889.0107,5889.0107
2804,0.52,-1.1619,-0.1105,-6.2070,5.0450,3.5571,-161.3395,5465.2578,5465.2578
2805,0.52,-1.2589,+0.0663,-6.1799,4.9210,2.2517,-170.1990,6007.5254,6007.5254
2806,0.52,-1.2382,-0.0815,-6.1922,4.9540,4.8125,-170.8180,6055.8584,6055.8584
2807,0.52,-1.2710,-0.1837,-6.1741,4.9031,4.8572,-158.0715,5213.2881,5213.2881
2808,0.51,-1.3567,-0.1603,-6.1478,4.7910,3.9267,-175.4948,6447.5630,6447.5630
2809,0.52,-1.4030,-0.0403,-6.1303,4.7273,3.0049,-175.1552,6428.9097,6428.9097
2810,0.53,-1.3664,-0.1303,-6.1518,4.7854,2.8684,-166.9134,5858.5186,5858.5186
2811,0.53,-1.4200,-0.0826,-6.1614,4.7415,3.2901,-174.3910,6356.3364,6356.3364
2812,0.52,-1.1788,+0.0428,-6.1368,4.9581,8.8494,-164.2126,5665.5127,5665.5127
2813,0.53,-1.3682,+0.0217,-6.1354,4.7672,5.4093,-165.9906,5781.3389,5781.3389
2814,0.53,-1.6513,-0.4258,-6.1577,4.5064,10.9128,-172.4347,6273.0889,6273.0889
2815,0.52,-1.2937,+0.0952,-6.1718,4.8781,6.4328,-166.4364,5857.2271,5857.2271
2816,0.52,-1.4917,+0.2077,-6.1995,4.7079,12.6239,-171.5846,6208.9736,6208.9736
2817,0.51,-1.1327,+0.0726,-6.1890,5.0563,27.1215,-167.1829,5918.6426,5918.6426
2818,0.52,-1.2617,+0.1033,-6.1770,4.9153,12.4043,-168.3326,5982.7646,5982.7646
2819,0.54,-1.1552,+0.1386,-6.1636,5.0083,14.3413,-167.7264,5920.3135,5920.3135
2820,0.52,-1.4646,+0.1424,-6.1528,4.6882,3.6430,-168.7282,5971.4858,5971.4858
2821,0.52,-1.2052,-0.0780,-6.1369,4.9318,7.9215,-172.4858,6258.9707,6258.9707
2822,0.52,-1.0940,+0.0132,-6.1396,5.0457,6.9702,-165.5452,5758.1777,5758.1777
2823,0.53,-1.3395,+0.1959,-6.1496,4.8101,2.9202,-170.3878,6114.2461,6114.2461
2824,0.53,-1.3502,+0.0792,-6.1517,4.8015,4.7865,-170.3256,6112.4814,6112.4814
2825,0.52,-1.5265,+0.1791,-6.1367,4.6102,2.4794,-173.5222,6305.0757,6305.0757
2826,0.53,-1.2660,-0.2599,-6.1333,4.8672,7.2251,-166.7783,5921.4580,5921.4580
2827,0.53,-1.3636,-0.1917,-6.1275,4.7639,2.5297,-172.0901,6251.0513,6251.0513
2828,0.53,-1.2407,+0.1479,-6.1494,4.9087,4.3604,-163.4264,5663.5718,5663.5718
2829,0.52,-1.0689,+0.0170,-6.1589,5.0899,4.9065,-177.2365,6623.6763,6623.6763
2830,0.53,-1.1351,+0.0510,-6.1341,4.9990,8.7998,-161.1472,5428.9536,5428.9536
2831,0.51,-1.2595,-0.0127,-6.1568,4.8973,7.3279,-177.3284,6579.1377,6579.1377
2832,0.52,-1.1560,-0.0590,-6.1672,5.0112,3.4553,-161.2483,5457.7671,5457.7671
2833,0.51,-1.1191,+0.1615,-6.1752,5.0561,2.8486,-176.2866,6537.5684,6537.5684
2834,0.53,-1.1140,+0.0328,-6.1824,5.0684,3.6178,-158.5988,5290.2383,5290.2383
2835,0.53,-1.1622,-0.0006,-6.2039,5.0417,2.4470,-175.5188,6469.2432,6469.2432
2836,0.53,-1.2019,-0.1091,-6.1883,4.9864,4.3939,-159.3335,5339.5166,5339.5166
2837,0.54,-1.4143,-0.1784,-6.2200,4.8057,3.2533,-168.3561,5950.6694,5950.6694
2838,0.52,-1.6303,-0.0418,-6.2534,4.6230,3.5194,-166.8115,5893.9287,5893.9287
2839,0.53,-1.3558,-0.0784,-6.2188,4.8630,4.3891,-162.1225,5540.4053,5540.4053
2840,0.53,-1.5075,-0.2379,-6.2221,4.7145,2.5762,-170.0362,6055.3994,6055.3994
2841,0.53,-1.5932,+0.0263,-6.2233,4.6300,4.2215,-164.1968,5686.0566,5686.0566
2842,0.53,-1.4345,+0.1122,-6.2546,4.8200,3.6332,-164.1360,5741.4087,5741.4087
2843,0.51,-1.4139,-0.1175,-6.2580,4.8441,3.3139,-167.6613,5967.6938,5967.6938
2844,0.52,-1.2296,+0.0231,-6.2477,5.0181,5.3649,-153.9870,5046.8882,5046.8882
2845,0.54,-1.2745,+0.0127,-6.2437,4.9692,3.1006,-168.3726,6013.6138,6013.6138
2846,0.52,-1.2486,+0.0194,-6.2292,4.9806,2.5228,-160.4525,5427.2642,5427.2642
2847,0.53,-1.1308,-0.0586,-6.2144,5.0836,4.3828,-173.5970,6332.0889,6332.0889
2848,0.54,-1.3127,-0.2184,-6.2146,4.9019,2.6311,-160.8293,5455.8789,5455.8789
2849,0.51,-1.2956,+0.1062,-6.2098,4.9142,22.1850,-168.5366,5998.6982,5998.6982
2850,0.52,-1.1737,-0.1775,-6.2116,5.0379,53.7131,-167.8345,5966.9336,5966.9336
2851,0.53,-1.1338,+0.1683,-6.2167,5.0828,94.5427,-166.3931,5868.1045,5868.1045
2852,0.54,-0.9120,+0.0246,-6.2204,5.3084,140.8773,-166.4001,5854.2769,5854.2769
2853,0.52,-1.1705,-0.0066,-6.2278,5.0573,36.3568,-166.0416,5844.8398,5844.8398
2854,0.52,-1.2446,+0.1129,-6.2144,4.9697,28.4515,-165.4684,5794.8477,5794.8477
2855,0.51,-1.1880,-0.1292,-6.1990,5.0110,51.0832,-165.3302,5756.1113,5756.1113
2856,0.51,-1.1395,+0.0212,-6.2215,5.0820,37.1444,-164.1569,5696.6851,5696.6851
2857,0.52,-1.1366,-0.1521,-6.2108,5.0743,43.5258,-164.9792,5749.4863,5749.4863
2858,0.50,-1.3458,+0.0712,-6.2234,4.8776,35.5652,-166.8576,5870.9619,5870.9619
2859,0.53,-1.0118,-0.0925,-6.2306,5.2188,39.5579,-167.0951,5884.7471,5884.7471
2860,0.52,-1.1745,-0.0778,-6.1948,5.0203,40.2350,-167.0462,5869.9639,5869.9639
2861,0.51,-0.7284,-0.2922,-6.1936,5.4652,62.1056,-167.6477,5958.6226,5958.6226
2862,0.51,-0.5876,-0.2589,-6.1973,5.6097,55.5399,-166.9366,5918.7202,5918.7202
2863,0.52,-0.7920,-0.1685,-6.2316,5.4396,51.6926,-166.6238,5892.9053,5892.9053
2864,0.50,-0.7957,-0.4037,-6.2197,5.4240,53.2738,-166.1444,5848.6943,5848.6943
2865,0.51,-1.2286,-0.2920,-6.2101,4.9815,29.8972,-168.1485,5953.7681,5953.7681
2866,0.51,-1.3483,-0.1859,-6.2001,4.8518,31.2305,-167.4286,5896.6201,5896.6201
2867,0.51,-1.0478,-0.0423,-6.2355,5.1878,33.5552,-165.1387,5781.5508,5781.5508
2868,0.51,-1.1969,+0.0708,-6.2233,5.0264,32.9365,-165.0016,5763.5713,5763.5713
2869,0.52,-1.4324,-0.2447,-6.2215,4.7891,33.4574,-166.3626,5847.5527,5847.5527
2870,0.51,-1.0219,-0.0468,-6.2211,5.1992,31.2783,-165.8513,5839.2710,5839.2710
2871,0.52,-1.2255,-0.0511,-6.2010,4.9756,34.0810,-166.6323,5888.1768,5888.1768
2872,0.52,-1.0103,-0.1212,-6.1964,5.1861,38.7182,-166.2599,5857.2100,5857.2100
2873,0.52,-1.0950,-0.1740,-6.1947,5.0997,39.5032,-167.2959,5919.7632,5919.7632
2874,0.53,-1.0749,-0.0353,-6.1962,5.1213,50.3865,-166.0086,5829.3091,5829.3091
2875,0.53,-1.0659,-0.1674,-6.2017,5.1358,34.8415,-166.3205,5879.0522,5879.0522
2876,0.52,-1.0417,+0.1550,-6.1923,5.1507,31.5053,-167.8386,5972.2549,5972.2549
2877,0.54,-1.4225,-0.0897,-6.2411,4.8186,23.3897,-167.5953,5956.0625,5956.0625
2878,0.52,-1.3065,+0.2642,-6.2272,4.9208,17.5193,-167.8213,5955.9443,5955.9443
2879,0.52,-1.1455,-0.0695,-6.2148,5.0694,32.5420,-164.6899,5731.1841,5731.1841
2880,0.52,-1.2231,-0.1616,-6.2224,4.9993,48.9949,-165.9306,5789.7954,5789.7954
2881,0.51,-1.1276,+0.0499,-6.2111,5.0835,41.6166,-165.0506,5732.7119,5732.7119
2882,0.53,-1.4257,+0.3003,-6.2195,4.7938,79.9258,-166.0586,5762.3262,5762.3262
2883,0.55,-1.1467,-0.1018,-6.2206,5.0739,27.4476,-165.6813,5754.5107,5754.5107
2884,0.52,-1.2389,+0.0032,-6.2047,4.9657,30.4883,-165.9555,5781.9629,5781.9629
2885,0.52,-1.1506,+0.1400,-6.2170,5.0664,48.1698,-166.1982,5813.3203,5813.3203
2886,0.51,-1.1133,-0.0666,-6.1939,5.0806,32.4521,-166.6597,5837.5801,5837.5801
2887,0.51,-1.1853,-0.0059,-6.1702,4.9849,40.6501,-166.6537,5827.7236,5827.7236
2888,0.52,-1.2114,-0.1067,-6.1771,4.9658,50.5323,-165.7171,5758.3789,5758.3789
2889,0.52,-0.8864,+0.0901,-6.1767,5.2903,83.8743,-167.8558,5937.1797,5937.1797
2890,0.53,-1.4218,+0.0092,-6.1913,4.7695,38.2758,-166.8934,5857.5059,5857.5059
2891,0.53,-1.5591,-0.1256,-6.2010,4.6418,37.1632,-168.2304,5935.4043,5935.4043
2892,0.53,-1.2048,+0.4512,-6.2075,5.0027,84.7164,-166.3298,5817.1523,5817.1523
2893,0.52,-1.4015,-0.0719,-6.2176,4.8161,17.6863,-166.9804,5860.2158,5860.2158
2894,0.52,-1.1183,-0.0912,-6.2094,5.0912,40.6173,-165.4971,5787.5371,5787.5371
2895,0.53,-1.3319,+0.0189,-6.2076,4.8758,27.7912,-165.6690,5757.7588,5757.7588
2896,0.52,-1.2348,+0.1473,-6.1974,4.9626,21.9637,-167.9507,5943.8672,5943.8672
2897,0.52,-1.2565,+0.1115,-6.1668,4.9103,13.9664,-166.8115,5841.0850,5841.0850
2898,0.50,-1.2614,+0.0227,-6.1961,4.9347,11.2120,-166.4299,5840.1782,5840.1782
2899,0.52,-1.2892,+0.0413,-6.1862,4.8970,35.1136,-168.6791,5998.2197,5998.2197
2900,0.52,-1.2735,-0.4376,-6.1903,4.9168,24.5144,-168.4937,5967.5806,5967.5806
2901,0.52,-0.9565,+0.0743,-6.1985,5.2420,31.3166,-167.0972,5887.9136,5887.9136
2902,0.52,-1.3721,-0.0623,-6.1967,4.8245,6.5130,-167.4545,5878.6450,5878.6450
2903,0.52,-1.5687,-0.0693,-6.2025,4.6337,7.4237,-170.0825,6046.1899,6046.1899
2904,0.52,-1.1967,+0.1506,-6.1945,4.9978,18.1939,-166.5881,5815.1543,5815.1543
2905,0.52,-1.4659,+0.2708,-6.1902,4.7243,15.7444,-168.3793,5948.6113,5948.6113
2906,0.53,-0.9278,+0.0858,-6.1747,5.2469,66.8555,-170.0747,6103.9941,6103.9941
2907,0.52,-1.3827,-0.1404,-6.1883,4.8056,47.8794,-171.0805,6152.6064,6152.6064
2908,0.50,-1.2208,+0.1925,-6.1917,4.9709,18.9191,-168.1677,5957.0996,5957.0996
2909,0.51,-1.3437,+0.3004,-6.1571,4.8134,25.5758,-173.1833,6279.4097,6279.4097
2910,0.52,-1.1788,+0.2722,-6.1693,4.9904,27.5119,-172.1557,6243.5615,6243.5615
2911,0.51,-1.5060,-0.2091,-6.1575,4.6515,13.8103,-171.2586,6143.6943,6143.6943
2912,0.50,-1.2519,+0.0906,-6.1566,4.9047,6.2037,-171.5568,6174.9414,6174.9414
2913,0.54,-0.9624,+0.1157,-6.1397,5.1773,13.1846,-174.8280,6394.2305,6394.2305
2914,0.53,-1.4234,+0.2363,-6.1704,4.7470,17.7808,-168.0750,5905.3662,5905.3662
2915,0.53,-1.2200,+0.0113,-6.1628,4.9428,21.2242,-168.1100,5924.5908,5924.5908
2916,0.55,-1.1343,-0.1232,-6.1515,5.0172,4.5859,-166.9780,5836.4600,5836.4600
2917,0.51,-1.3163,+0.0899,-6.1657,4.8495,5.1815,-169.6099,5992.4453,5992.4453
2918,0.52,-1.3040,-0.1378,-6.1744,4.8704,4.5314,-163.4060,5575.7012,5575.7012
2919,0.52,-1.2913,+0.0022,-6.1831,4.8918,2.4564,-172.5595,6256.0938,6256.0938
2920,0.52,-1.1574,+0.1679,-6.1831,5.0257,9.1896,-165.2372,5808.6650,5808.6650
2921,0.50,-1.5034,-0.1274,-6.1805,4.6771,4.0648,-169.1295,6004.9053,6004.9053
2922,0.52,-1.3786,-0.0748,-6.1952,4.8166,5.1096,-164.1445,5673.9673,5673.9673
2923,0.52,-1.4163,+0.0155,-6.2066,4.7903,4.6433,-174.2199,6385.8916,6385.8916
2924,0.53,-1.3161,+0.1331,-6.2043,4.8882,6.2885,-163.6467,5583.8574,5583.8574
2925,0.53,-1.3894,+0.1693,-6.1898,4.8004,7.2367,-169.8488,6063.0225,6063.0225
2926,0.53,-1.6470,-0.1567,-6.1976,4.5506,5.0754,-164.4468,5670.3711,5670.3711
2927,0.53,-1.5589,+0.2340,-6.1954,4.6365,2.3173,-169.8900,6109.5825,6109.5825
2928,0.53,-1.2477,+0.2439,-6.1635,4.9159,2.7572,-163.8298,5637.3286,5637.3286
2929,0.52,-1.2325,-0.1372,-6.1540,4.9215,5.4516,-177.3818,6614.3242,6614.3242
2930,0.53,-1.3686,-0.0760,-6.1777,4.8091,3.1168,-163.7316,5650.3628,5650.3628
2931,0.53,-1.2306,-0.0135,-6.1944,4.9638,3.5856,-172.9803,6259.6680,6259.6680
2932,0.54,-1.3262,-0.0558,-6.1805,4.8543,4.5777,-158.8108,5236.5557,5236.5557
2933,0.53,-1.1801,-0.0045,-6.1692,4.9891,2.3250,-175.9145,6462.4326,6462.4326
2934,0.54,-1.1513,+0.0119,-6.1906,5.0393,3.0959,-158.3307,5234.7627,5234.7627
2935,0.53,-1.3297,-0.3131,-6.2112,4.8816,2.2123,-174.9610,6398.8315,6398.8315
2936,0.53,-1.3419,-0.0164,-6.2100,4.8681,3.3120,-158.1953,5238.0220,5238.0220
2937,0.53,-1.2999,-0.1384,-6.2232,4.9233,1.7875,-176.2704,6539.2695,6539.2695
2938,0.52,-1.1346,-0.0274,-6.2042,5.0696,3.2818,-158.4820,5281.4902,5281.4902
2939,0.51,-1.0600,+0.2335,-6.1935,5.1336,7.1624,-177.5013,6603.4985,6603.4985
2940,0.51,-1.1670,+0.0348,-6.1779,5.0108,3.6414,-170.1827,6059.8008,6059.8008
2941,0.52,-1.2226,-0.1064,-6.1959,4.9733,3.5863,-173.4160,6338.3911,6338.3911
2942,0.52,-0.7437,-0.2792,-6.1950,5.4513,32.3189,-165.7222,5767.6392,5767.6392
2943,0.53,-1.2948,+0.0593,-6.1672,4.8724,5.8480,-169.7687,6051.6475,6051.6475
2944,0.52,-1.4333,+0.1378,-6.1881,4.7548,2.1417,-171.1143,6173.4062,6173.4062
2945,0.52,-0.9573,+0.0174,-6.1863,5.2291,3.1417,-161.7443,5524.8447,5524.8447
2946,0.51,-1.4160,-0.2199,-6.1902,4.7742,2.4505,-171.3363,6184.2104,6184.2104
2947,0.53,-1.2067,-0.1165,-6.1729,4.9662,8.4891,-165.3113,5750.0283,5750.0283
2948,0.53,-1.4618,+0.1287,-6.1918,4.7300,3.8884,-167.1692,5899.6426,5899.6426
2949,0.53,-1.2211,-0.1166,-6.2056,4.9844,9.2031,-167.8278,5890.0347,5890.0347
2950,0.53,-1.0494,+0.1271,-6.2326,5.1832,47.0156,-161.3326,5510.6465,5510.6465
2951,0.51,-0.7349,-0.2302,-6.2063,5.4714,109.4883,-163.1969,5663.4375,5663.4375
2952,0.52,-0.6125,-0.7453,-6.2018,5.5893,171.1667,-165.3874,5790.5391,5790.5391
2953,0.53,-1.0960,-0.0131,-6.2164,5.1205,16.0014,-165.0838,5748.1182,5748.1182
2954,0.52,-1.4166,+0.2717,-6.2033,4.7867,14.0224,-169.0654,6004.3940,6004.3940
2955,0.51,-1.6705,+0.1825,-6.2199,4.5494,4.1074,-168.7108,5991.9521,5991.9521
2956,0.53,-1.3513,-0.0785,-6.2329,4.8816,3.5084,-164.2353,5695.8789,5695.8789
2957,0.52,-1.4894,-0.1113,-6.2146,4.7252,1.8625,-166.1595,5803.3164,5803.3164
2958,0.52,-1.4554,-0.1412,-6.1948,4.7394,3.6885,-169.3199,6025.1055,6025.1055
2959,0.51,-1.5631,+0.1938,-6.1791,4.6160,3.3455,-170.6108,6087.1182,6087.1182
2960,0.52,-1.3089,-0.0463,-6.1853,4.8763,10.2247,-169.5547,6043.2397,6043.2397
2961,0.51,-1.5516,-0.1043,-6.2142,4.6625,7.5246,-165.5222,5733.8604,5733.8604
2962,0.52,-1.3296,-0.0927,-6.2332,4.9035,7.7446,-163.2731,5585.2974,5585.2974
2963,0.52,-1.3174,+0.0292,-6.2119,4.8945,3.2707,-167.3480,5858.6826,5858.6826
2964,0.52,-1.2419,-0.2486,-6.1983,4.9563,9.4220,-164.1020,5659.3350,5659.3350
2965,0.52,-1.1078,-0.0155,-6.1996,5.0918,6.1510,-168.4536,5969.6748,5969.6748
2966,0.53,-1.2867,+0.3124,-6.2199,4.9332,8.3094,-165.0328,5712.8057,5712.8057
2967,0.52,-1.4043,-0.2475,-6.2276,4.8233,2.2021,-164.8922,5716.6992,5716.6992
2968,0.49,-1.2932,-0.0278,-6.2357,4.9425,4.1582,-167.4339,5885.0869,5885.0869
2969,0.53,-1.4148,-0.2060,-6.2021,4.7873,7.3019,-164.6173,5680.8408,5680.8408
2970,0.53,-1.4794,-0.0203,-6.2070,4.7276,2.2535,-171.7935,6177.1006,6177.1006
2971,0.51,-1.0271,-0.0955,-6.1951,5.1681,13.9968,-161.2418,5423.6924,5423.6924
2972,0.52,-1.2901,+0.0246,-6.1941,4.9039,23.1394,-166.2556,5775.7480,5775.7480
2973,0.53,-1.1305,+0.0509,-6.1985,5.0680,30.1948,-163.8015,5605.2383,5605.2383
2974,0.53,-1.3501,+0.0826,-6.1874,4.8373,56.1200,-165.6360,5725.7275,5725.7275
2975,0.52,-0.6726,-0.2237,-6.1906,5.5180,47.9438,-164.7140,5707.7012,5707.7012
2976,0.51,-1.2071,-0.1055,-6.1991,4.9920,38.6375,-164.2899,5652.2324,5652.2324
2977,0.52,-1.1375,-0.0783,-6.1838,5.0462,35.4562,-164.7302,5717.6011,5717.6011
2978,0.51,-0.9944,+0.0716,-6.1934,5.1990,30.0906,-165.0706,5740.8789,5740.8789
2979,0.52,-1.0828,+0.0734,-6.1920,5.1092,31.7284,-166.8968,5891.3027,5891.3027
2980,0.52,-1.1344,-0.0001,-6.2109,5.0765,35.3624,-166.9545,5856.0225,5856.0225
2981,0.52,-1.0340,-0.0125,-6.2103,5.1762,35.4346,-163.5125,5643.5337,5643.5337
2982,0.53,-0.8925,-0.1802,-6.2144,5.3218,45.6254,-164.7302,5687.1045,5687.1045
2983,0.52,-1.1405,+0.1065,-6.2270,5.0865,43.0700,-164.6437,5707.1157,5707.1157
2984,0.50,-1.0696,+0.0259,-6.2155,5.1459,42.0860,-162.9608,5587.2822,5587.2822
2985,0.51,-1.1867,-0.0118,-6.2047,5.0180,41.4046,-163.9626,5650.9277,5650.9277
2986,0.52,-0.9404,+0.1268,-6.1902,5.2498,43.5106,-164.6390,5690.3604,5690.3604
2987,0.53,-1.1728,-0.0160,-6.1985,5.0257,29.0807,-164.3254,5658.6328,5658.6328
2988,0.51,-1.0539,-0.0550,-6.2164,5.1625,65.3107,-162.0477,5544.6523,5544.6523
2989,0.53,-1.0731,-0.4263,-6.2169,5.1439,36.0216,-163.4148,5619.1299,5619.1299
2990,0.51,-1.0853,-0.2518,-6.2137,5.1285,38.8203,-163.4088,5587.7876,5587.7876
2991,0.53,-0.9538,-0.1147,-6.1986,5.2448,41.3913,-167.9016,5886.5093,5886.5093
2992,0.52,-1.1932,+0.1046,-6.1728,4.9796,31.0626,-167.7938,5852.9521,5852.9521
2993,0.53,-1.1464,+0.1240,-6.1942,5.0478,36.9676,-166.4533,5782.6025,5782.6025
2994,0.52,-0.9640,+0.0395,-6.1916,5.2276,75.3269,-165.9202,5740.7734,5740.7734
2995,0.53,-0.5436,+0.6272,-6.2009,5.6573,99.3545,-165.4307,5737.5176,5737.5176
2996,0.50,-1.0549,-0.3608,-6.2066,5.1517,49.5954,-165.4686,5744.0264,5744.0264
2997,0.52,-0.6798,+0.0702,-6.1892,5.5094,48.1361,-166.9530,5833.6680,5833.6680
2998,0.52,-0.9950,-0.2655,-6.1676,5.1727,55.0854,-168.3437,5927.7300,5927.7300
2999,0.52,-1.1070,-0.0548,-6.1757,5.0687,18.6055,-169.5327,6006.6777,6006.6777
3000,0.52,-0.4423,+0.8533,-6.1955,5.7533,225.8230,-165.4636,5767.8301,5767.8301
3001,0.53,-1.4737,-0.0639,-6.1662,4.6925,3.8196,-167.3743,5851.7656,5851.7656
3002,0.52,-1.4189,+0.2316,-6.1869,4.7679,4.2926,-173.3094,6292.5850,6292.5850
3003,0.53,-1.3854,+0.0775,-6.1759,4.7905,2.6116,-163.4313,5564.5674,5564.5674
3004,0.53,-1.3806,-0.0371,-6.1701,4.7894,2.4495,-173.5278,6277.6250,6277.6250
3005,0.54,-1.2957,-0.0221,-6.1899,4.8942,2.6396,-160.8382,5380.2109,5380.2109
3006,0.51,-1.2297,-0.0704,-6.1773,4.9476,4.5812,-175.6141,6418.9189,6418.9189
3007,0.53,-1.2204,+0.1475,-6.1931,4.9727,3.4042,-162.3704,5532.1963,5532.1963
3008,0.55,-1.1461,-0.1655,-6.2122,5.0660,55.7998,-166.0104,5763.9058,5763.9058
3009,0.52,-1.1788,-0.0314,-6.1833,5.0045,4.1163,-165.1073,5703.5815,5703.5815
3010,0.52,-1.4746,+0.2393,-6.1737,4.6991,4.3451,-171.3583,6162.5591,6162.5591
3011,0.52,-1.4939,+0.1215,-6.1833,4.6895,5.1216,-171.7238,6166.6162,6166.6162
3012,0.54,-1.3789,-0.0780,-6.1628,4.7839,2.7723,-165.5509,5737.2251,5737.2251
3013,0.55,-1.3566,+0.2042,-6.1900,4.8334,3.2884,-168.4429,5966.7314,5966.7314
3014,0.53,-1.6414,+0.0897,-6.1775,4.5361,18.6726,-162.8663,5544.4824,5544.4824
3015,0.54,-1.5468,-0.2069,-6.2028,4.6560,3.1715,-167.4722,5838.3550,5838.3550
3016,0.51,-1.2592,+0.2140,-6.1981,4.9388,4.7911,-173.4562,6261.4951,6261.4951
3017,0.53,-1.3690,-0.3771,-6.1699,4.8009,5.2390,-170.0073,6007.0947,6007.0947
3018,0.55,-1.4416,-0.1594,-6.1805,4.7389,2.3090,-171.1306,6115.3701,6115.3701
3019,0.53,-1.3500,-0.1261,-6.1738,4.8238,1.7201,-164.9519,5665.7134,5665.7134
3020,0.53,-1.3527,-0.3265,-6.1679,4.8152,3.1845,-177.5495,6588.8228,6588.8228
3021,0.54,-1.2206,+0.0147,-6.1865,4.9660,1.7706,-161.1667,5427.3184,5427.3184
3022,0.54,-1.4231,+0.0050,-6.1731,4.7501,4.6643,-171.2291,6099.0996,6099.0996
3023,0.54,-1.2823,+0.2851,-6.1859,4.9036,8.4483,-160.5022,5405.3945,5405.3945
3024,0.52,-1.5213,+0.1250,-6.1844,4.6632,2.7712,-165.1009,5692.7554,5692.7554
3025,0.53,-1.5257,+0.0154,-6.1841,4.6584,3.7776,-166.4687,5777.3179,5777.3179
3026,0.51,-1.3536,-0.0306,-6.2007,4.8471,1.8764,-163.4809,5549.3115,5549.3115
3027,0.52,-1.4298,+0.0217,-6.1864,4.7566,8.9523,-166.5696,5793.2246,5793.2246
3028,0.54,-1.4676,+0.0295,-6.2174,4.7498,10.3471,-166.4851,5789.9629,5789.9629
3029,0.52,-1.1974,+0.0241,-6.2150,5.0175,31.2034,-166.3769,5785.7734,5785.7734
3030,0.51,-1.2406,-0.2255,-6.1890,4.9483,25.0136,-164.9453,5692.3364,5692.3364
3031,0.52,-1.1510,-0.0953,-6.1969,5.0458,66.6184,-165.4472,5748.0654,5748.0654
3032,0.51,-1.1556,+0.0993,-6.2215,5.0659,37.8386,-164.2399,5650.6367,5650.6367
3033,0.55,-1.1367,-0.0327,-6.2317,5.0950,32.6075,-163.5645,5597.4033,5597.4033
3034,0.52,-1.2951,+0.2231,-6.2425,4.9474,37.0205,-163.7550,5611.9390,5611.9390
3035,0.50,-1.1626,+0.0247,-6.2183,5.0557,32.9926,-164.8074,5677.0674,5677.0674
3036,0.52,-1.5549,+0.0269,-6.1739,4.6190,23.4882,-167.5309,5866.6401,5866.6401
3037,0.54,-1.2759,+0.1464,-6.2000,4.9241,44.1388,-165.9662,5774.1143,5774.1143
3038,0.52,-1.2562,-0.1506,-6.2161,4.9599,34.9032,-164.9864,5717.8398,5717.8398
3039,0.54,-0.4856,-0.0517,-6.2318,5.7462,354.6544,-163.3171,5684.9258,5684.9258
3040,0.52,-1.1714,+0.2027,-6.2053,5.0339,58.6564,-166.1284,5808.4883,5808.4883
3041,0.52,-1.2314,-0.1677,-6.2032,4.9719,36.1274,-164.8008,5700.2451,5700.2451
3042,0.53,-1.0891,-0.1100,-6.1761,5.0870,37.3458,-166.2298,5799.8184,5799.8184
3043,0.50,-1.3315,-0.2267,-6.1448,4.8132,15.6729,-168.6470,5947.6851,5947.6851
3044,0.52,-1.1140,-0.0049,-6.1570,5.0430,49.2048,-168.4193,5952.6440,5952.6440
3045,0.52,-1.0508,+0.0279,-6.1788,5.1280,39.9050,-167.7444,5919.9961,5919.9961
3046,0.51,-1.0726,+0.0324,-6.2105,5.1378,31.8671,-167.1623,5884.2847,5884.2847
3047,0.53,-1.0755,+0.0214,-6.2179,5.1424,28.9704,-164.3067,5674.0713,5674.0713
3048,0.55,-1.3480,-0.0753,-6.2097,4.8617,38.0234,-165.0131,5712.5991,5712.5991
3049,0.53,-1.2626,-0.1875,-6.2016,4.9389,56.7441,-165.4831,5757.9922,5757.9922
3050,0.52,-1.2898,-0.2155,-6.2045,4.9147,58.5156,-163.9333,5648.1084,5648.1084
3051,0.52,-1.1457,+0.0179,-6.1950,5.0492,33.7442,-165.0746,5716.7246,5716.7246
3052,0.52,-1.3015,-0.2382,-6.1999,4.8984,38.2052,-164.9809,5698.6377,5698.6377
3053,0.52,-1.1511,-0.2143,-6.2053,5.0542,29.9302,-166.2478,5801.6543,5801.6543
3054,0.54,-1.3169,+0.2995,-6.2093,4.8923,41.5047,-166.5454,5813.2686,5813.2686
3055,0.51,-1.0060,-0.1354,-6.1894,5.1834,33.4175,-165.4599,5733.5078,5733.5078
3056,0.51,-1.0554,-0.0040,-6.2101,5.1548,34.7613,-166.0963,5798.9199,5798.9199
3057,0.52,-1.3580,-0.2059,-6.2093,4.8514,18.3060,-166.0716,5771.6719,5771.6719
3058,0.53,-1.1868,+0.1806,-6.2357,5.0489,44.3055,-164.6609,5682.2925,5682.2925
3059,0.51,-1.0339,+0.0381,-6.2067,5.1728,40.7692,-165.8030,5770.9385,5770.9385
3060,0.52,-1.2344,-0.2882,-6.1925,4.9580,41.5447,-165.6683,5741.6885,5741.6885
3061,0.52,-1.2593,-0.1005,-6.2034,4.9441,38.3605,-165.1992,5717.3828,5717.3828
3062,0.54,-1.1465,-0.0844,-6.1943,5.0478,80.2316,-165.7364,5763.4238,5763.4238
3063,0.52,-1.1991,+0.0549,-6.2105,5.0114,29.1806,-165.2029,5743.3892,5743.3892
3064,0.52,-1.4413,+0.0208,-6.1900,4.7487,38.9274,-166.2577,5800.7910,5800.7910
3065,0.52,-1.2544,-0.1091,-6.1949,4.9404,39.9899,-166.0521,5779.1416,5779.1416
3066,0.53,-1.1046,-0.1128,-6.2145,5.1099,46.2775,-164.7138,5696.9429,5696.9429
3067,0.53,-1.4247,+0.2136,-6.2113,4.7865,33.3498,-164.7686,5669.8906,5669.8906
3068,0.53,-1.1414,-0.2712,-6.2265,5.0851,18.4821,-162.4344,5515.1318,5515.1318
3069,0.53,-1.0964,+0.2746,-6.2160,5.1196,27.4461,-162.1080,5511.8164,5511.8164
3070,0.53,-1.1261,-0.0674,-6.2084,5.0823,69.1852,-163.3175,5598.2812,5598.2812
3071,0.51,-1.4014,+0.2371,-6.2148,4.8134,35.3823,-163.8870,5615.9463,5615.9463
3072,0.53,-1.2573,-0.0109,-6.1720,4.9148,38.6450,-165.5497,5732.6929,5732.6929
3073,0.52,-1.2256,-0.0116,-6.1816,4.9561,31.1418,-168.5036,5917.7969,5917.7969
3074,0.53,-1.0825,-0.0786,-6.1932,5.1108,33.5142,-166.9228,5821.3486,5821.3486
3075,0.53,-1.0841,+0.1075,-6.1745,5.0905,32.7302,-167.3322,5854.4707,5854.4707
3076,0.54,-1.3726,+0.0131,-6.1779,4.8052,15.8062,-167.7695,5886.0537,5886.0537
3077,0.53,-0.9364,+0.0504,-6.2132,5.2768,78.8033,-167.8387,5927.6611,5927.6611
3078,0.53,-1.2527,-0.1900,-6.2135,4.9608,28.9529,-167.5143,5893.7886,5893.7886
3079,0.52,-1.0909,+0.2225,-6.2265,5.1356,37.7798,-164.9891,5747.2412,5747.2412
3080,0.53,-0.9012,+0.2780,-6.2098,5.3086,109.8967,-165.2743,5742.4014,5742.4014
3081,0.52,-1.0239,-0.0693,-6.2023,5.1785,47.6755,-165.9892,5772.7319,5772.7319
3082,0.53,-0.9085,+0.0707,-6.1973,5.2888,116.9601,-167.5465,5910.2373,5910.2373
3083,0.53,-1.3945,-0.2557,-6.2296,4.8351,19.3807,-166.8208,5837.6777,5837.6777
3084,0.53,-1.2696,-0.3727,-6.1878,4.9182,25.1601,-165.8594,5764.8384,5764.8384
3085,0.51,-1.3704,+0.0334,-6.1626,4.7922,18.3547,-168.2711,5944.5430,5944.5430
3086,0.52,-1.1825,-0.0922,-6.1698,4.9873,35.3444,-167.3672,5862.7979,5862.7979
3087,0.53,-1.0556,-0.1057,-6.1891,5.1335,32.5922,-165.7585,5770.0566,5770.0566
3088,0.50,-1.3909,-0.0447,-6.1889,4.7979,8.8889,-166.8091,5815.2500,5815.2500
3089,0.52,-1.1270,-0.0287,-6.1804,5.0534,39.5411,-166.5777,5791.7637,5791.7637
3090,0.52,-1.1288,-0.1357,-6.1666,5.0378,42.9716,-166.8431,5813.8481,5813.8481
3091,0.53,-0.7842,-0.2753,-6.1850,5.4009,103.6964,-166.6801,5825.9004,5825.9004
3092,0.54,-0.9879,+0.1835,-6.1656,5.1777,32.2072,-166.9049,5833.2793,5833.2793
3093,0.52,-0.6583,+0.4446,-6.1555,5.4971,85.7306,-169.5175,6024.4336,6024.4336
3094,0.52,-1.0773,-0.0340,-6.1600,5.0827,37.4957,-169.7744,6022.5137,6022.5137
3095,0.54,-1.6125,+0.2098,-6.1846,4.5721,47.3757,-167.2744,5838.9639,5838.9639
3096,0.51,-1.1498,+0.0381,-6.1505,5.0007,27.5793,-168.0249,5901.0015,5901.0015
3097,0.54,-1.1180,-0.0802,-6.1726,5.0545,32.5262,-167.5438,5899.5942,5899.5942
3098,0.52,-1.3006,-0.1340,-6.1997,4.8991,24.4227,-165.7553,5772.1533,5772.1533
3099,0.52,-1.0927,-0.2329,-6.1922,5.0996,35.7220,-166.2031,5810.9775,5810.9775
3100,0.51,-1.2424,+0.3238,-6.1848,4.9424,26.9472,-166.9910,5878.8413,5878.8413
3101,0.53,-1.0014,+0.2207,-6.1432,5.1418,29.8789,-168.6878,5937.9092,5937.9092
3102,0.54,-1.1481,+0.1301,-6.1618,5.0136,40.7847,-169.5727,6025.7383,6025.7383
3103,0.54,-1.0394,+0.0668,-6.1782,5.1388,30.7309,-168.8929,5971.3853,5971.3853
3104,0.52,-1.2778,-0.0910,-6.1859,4.9081,36.1187,-167.9610,5895.7612,5895.7612
3105,0.55,-1.1611,-0.1756,-6.1826,5.0215,25.7755,-167.2595,5853.3359,5853.3359
3106,0.53,-1.0202,-0.2903,-6.1743,5.1542,42.0471,-166.9094,5821.2051,5821.2051
3107,0.53,-1.0483,+0.1417,-6.1914,5.1431,48.4203,-167.5307,5880.2051,5880.2051
3108,0.52,-0.9477,-0.0709,-6.1917,5.2440,51.8704,-168.0762,5946.9590,5946.9590
3109,0.52,-1.6887,-0.2133,-6.1947,4.5061,3.0202,-167.9745,5917.6680,5917.6680
3110,0.52,-1.3898,+0.1182,-6.1946,4.8048,3.1803,-172.3609,6242.2119,6242.2119
3111,0.54,-1.1964,+0.1098,-6.1855,4.9892,2.3512,-156.0348,5113.9648,5113.9648
3112,0.54,-1.1053,-0.0411,-6.1761,5.0708,6.7975,-174.7639,6434.4131,6434.4131
3113,0.53,-1.3610,-0.0772,-6.1744,4.8134,2.8038,-161.8499,5509.5566,5509.5566
3114,0.54,-1.2437,-0.0706,-6.1432,4.8995,2.3384,-180.3315,6825.6719,6825.6719
3115,0.53,-1.2103,+0.0762,-6.1584,4.9481,3.4009,-162.7430,5511.0928,5511.0928
3116,0.52,-1.3023,+0.0424,-6.1609,4.8586,6.9751,-170.9155,6082.3740,6082.3740
3117,0.53,-1.1072,+0.0290,-6.1624,5.0552,9.7530,-161.1336,5399.5649,5399.5649
3118,0.51,-1.5194,-0.2945,-6.1832,4.6638,2.5940,-168.9810,5929.3853,5929.3853
3119,0.52,-1.2026,-0.1540,-6.1822,4.9796,1.8356,-169.1370,5942.4443,5942.4443
3120,0.51,-1.3512,-0.1288,-6.1866,4.8354,2.9727,-171.9297,6160.7051,6160.7051
3121,0.52,-1.1543,-0.0522,-6.1900,5.0357,12.1325,-160.9598,5456.7461,5456.7461
3122,0.51,-1.6188,+0.5034,-6.1899,4.5712,3.4465,-166.8041,5813.6055,5813.6055
3123,0.52,-1.3730,-0.1158,-6.1970,4.8240,1.8196,-164.5539,5688.5684,5688.5684
3124,0.52,-1.4076,+0.0692,-6.2108,4.8033,2.1082,-172.9972,6246.4736,6246.4736
3125,0.51,-1.2675,-0.0753,-6.1776,4.9101,1.6561,-161.7480,5480.8271,5480.8271
3126,0.52,-1.4148,+0.0635,-6.1784,4.7636,2.2880,-176.0398,6415.6025,6415.6025
3127,0.54,-1.2403,+0.2060,-6.1517,4.9114,4.2302,-159.3864,5296.4717,5296.4717
3128,0.52,-1.7145,-0.5425,-6.1688,4.4542,9.7001,-173.3764,6273.8115,6273.8115
3129,0.55,-1.1974,-0.0370,-6.1869,4.9896,4.1838,-163.4508,5652.7173,5652.7173
3130,0.52,-1.4138,-0.0820,-6.1762,4.7624,3.3663,-167.1782,5846.2886,5846.2886
3131,0.53,-1.3222,-0.0153,-6.1605,4.8383,7.8928,-166.7216,5755.7939,5755.7939
3132,0.52,-1.4663,-0.0345,-6.1636,4.6974,2.1196,-166.6818,5767.3657,5767.3657
3133,0.51,-1.3177,-0.0199,-6.1854,4.8677,2.7615,-161.2128,5448.3682,5448.3682
3134,0.53,-1.2955,+0.0844,-6.1888,4.8933,2.7184,-175.9198,6417.4409,6417.4409
3135,0.52,-1.3034,-0.1261,-6.2067,4.9033,5.0215,-156.7207,5104.4238,5104.4238
3136,0.52,-1.4115,+0.1149,-6.2140,4.8025,7.0960,-170.4958,6046.2129,6046.2129
3137,0.53,-1.3213,+0.0387,-6.2113,4.8900,7.9453,-167.0300,5806.9160,5806.9160
3138,0.51,-1.1376,-0.0239,-6.1973,5.0597,11.1414,-166.7280,5827.7822,5827.7822
3139,0.51,-1.4044,-0.2445,-6.1823,4.7779,6.0861,-170.0091,6012.8779,6012.8779
3140,0.53,-1.3720,+0.1115,-6.1884,4.8163,3.3894,-162.1981,5481.9170,5481.9170
3141,0.51,-1.2173,-0.0046,-6.2150,4.9977,6.9004,-175.5590,6415.0576,6415.0576
3142,0.52,-1.1977,+0.0635,-6.1734,4.9757,6.5205,-165.5069,5703.4785,5703.4785
3143,0.53,-1.3965,+0.0204,-6.1694,4.7729,2.7657,-169.1573,5930.2241,5930.2241
3144,0.52,-1.2936,+0.2752,-6.1748,4.8812,7.9671,-171.1150,6082.5176,6082.5176
3145,0.53,-1.3991,-0.0287,-6.1914,4.7923,3.8044,-166.2679,5759.4888,5759.4888
3146,0.53,-1.5470,-0.0596,-6.1972,4.6502,3.2111,-169.8223,5993.9150,5993.9150
3147,0.51,-1.4858,+0.0940,-6.2072,4.7214,3.6867,-161.1065,5427.3877,5427.3877
3148,0.51,-0.3010,-0.8735,-6.2295,5.9286,425.5214,-170.3708,6106.5269,6106.5269
3149,0.55,-1.2860,-0.1869,-6.2140,4.9280,5.7746,-172.0228,6209.4595,6209.4595
3150,0.54,-1.2922,-0.0488,-6.2034,4.9112,4.5295,-164.8306,5664.0381,5664.0381
3151,0.54,-1.3713,-0.1137,-6.2096,4.8383,3.7035,-173.3804,6316.5864,6316.5864
3152,0.52,-1.2187,-0.0448,-6.2005,4.9818,4.8105,-160.3634,5411.9014,5411.9014
3153,0.52,-1.0593,+0.0454,-6.1876,5.1283,4.0478,-177.2165,6593.5615,6593.5615
3154,0.53,-1.2321,+0.0217,-6.1863,4.9543,2.2970,-161.7890,5486.7168,5486.7168
3155,0.52,-1.4998,+0.0371,-6.1757,4.6759,2.0378,-177.7241,6632.3320,6632.3320
3156,0.54,-1.1555,-0.0685,-6.1995,5.0440,1.9274,-159.3149,5309.3418,5309.3418
3157,0.53,-1.3379,+0.0126,-6.1732,4.8353,4.1502,-176.7775,6503.3306,6503.3306
3158,0.54,-1.2404,-0.1834,-6.1985,4.9580,2.0189,-160.1721,5357.9995,5357.9995
3159,0.53,-1.3462,+0.0595,-6.1739,4.8276,3.3956,-178.4305,6623.8965,6623.8965
3160,0.52,-1.4691,+0.0654,-6.1802,4.7110,2.8632,-161.9894,5456.1357,5456.1357
3161,0.52,-1.4833,-0.0757,-6.1678,4.6845,2.2730,-177.6019,6596.7227,6596.7227
3162,0.55,-0.9319,+0.0931,-6.1619,5.2301,2.5272,-157.3707,5166.0264,5166.0264
3163,0.53,-1.8015,-0.3345,-6.1891,4.3876,7.1980,-175.2178,6438.8198,6438.8198
3164,0.54,-1.5056,-0.0877,-6.1579,4.6523,2.6643,-164.7519,5688.4917,5688.4917
3165,0.52,-1.1784,-0.0197,-6.1594,4.9810,10.8083,-173.1948,6261.2480,6261.2480
3166,0.54,-1.7802,+0.0908,-6.1881,4.4079,4.7700,-168.0410,5864.7783,5864.7783
3167,0.53,-1.2607,-0.0091,-6.1717,4.9110,17.8411,-165.1677,5727.7769,5727.7769
3168,0.54,-1.0968,-0.0242,-6.1768,5.0800,25.4633,-168.9036,6007.5625,6007.5625
3169,0.53,-1.3981,+0.1226,-6.1964,4.7983,22.4963,-164.8833,5756.3643,5756.3643
3170,0.53,-1.3469,-0.1185,-6.2006,4.8537,24.6190,-165.8298,5796.1328,5796.1328
3171,0.53,-1.4379,-0.1748,-6.1730,4.7351,8.5728,-164.1081,5676.1045,5676.1045
3172,0.52,-1.4976,+0.0368,-6.1593,4.6617,13.4095,-170.4844,6091.0381,6091.0381
3173,0.53,-1.2580,+0.1033,-6.1907,4.9327,16.2679,-169.2917,6022.2285,6022.2285
3174,0.53,-0.9963,+0.2869,-6.1740,5.1777,98.4689,-167.6616,5930.6509,5930.6509
3175,0.53,-1.2419,-0.0312,-6.1956,4.9537,27.0048,-167.0592,5853.7080,5853.7080
3176,0.52,-1.0693,+0.1264,-6.1740,5.1047,50.5087,-167.0153,5863.7412,5863.7412
3177,0.52,-1.0799,-0.2123,-6.1745,5.0946,24.0582,-167.3101,5883.0767,5883.0767
3178,0.52,-1.2418,+0.0660,-6.1801,4.9383,32.3399,-170.2525,6080.6357,6080.6357
3179,0.52,-0.9921,+0.1862,-6.1766,5.1845,37.1872,-170.9934,6154.0820,6154.0820
3180,0.53,-1.3719,-0.1919,-6.1932,4.8213,20.7699,-165.9929,5792.5767,5792.5767
3181,0.52,-0.4450,-0.0878,-6.1950,5.7500,347.0669,-166.3493,5883.5928,5883.5928
3182,0.51,-1.0707,+0.3404,-6.1825,5.1118,62.6517,-167.9815,5967.8955,5967.8955
3183,0.52,-1.1532,-0.1560,-6.1618,5.0086,41.7882,-168.5586,5991.2412,5991.2412
3184,0.53,-1.2248,+0.0317,-6.1769,4.9522,15.7472,-166.9689,5862.1313,5862.1313
3185,0.53,-1.4309,+0.1353,-6.1986,4.7677,26.2047,-167.0885,5866.9170,5866.9170
3186,0.51,-1.4951,-0.1969,-6.1932,4.6981,9.6538,-168.6571,5976.1060,5976.1060
3187,0.52,-1.5476,-0.0211,-6.1997,4.6522,5.6639,-165.4258,5724.9487,5724.9487
3188,0.53,-1.3347,+0.0575,-6.1814,4.8467,22.1782,-171.2863,6135.5391,6135.5391
3189,0.53,-1.1633,+0.0059,-6.2065,5.0432,51.2259,-167.6079,5878.9053,5878.9053
3190,0.53,-1.3938,-0.1564,-6.2025,4.8088,15.2896,-166.7813,5828.0547,5828.0547
3191,0.52,-1.2868,-0.3748,-6.1928,4.9060,25.5553,-168.4656,5961.6602,5961.6602
3192,0.54,-1.2951,+0.1972,-6.1967,4.9017,19.7337,-168.3176,5939.2407,5939.2407
3193,0.53,-0.7703,-0.1353,-6.2117,5.4414,67.3349,-168.0593,5951.7969,5951.7969
3194,0.52,-1.5068,+0.1303,-6.2211,4.7143,23.5531,-165.3780,5770.0366,5770.0366
3195,0.51,-1.2332,-0.2528,-6.2317,4.9984,10.1008,-170.2840,6078.3291,6078.3291
3196,0.52,-1.4160,-0.0247,-6.2262,4.8102,2.9301,-166.2978,5797.4849,5797.4849
3197,0.51,-1.4832,+0.0249,-6.2349,4.7516,2.9913,-165.3481,5743.9824,5743.9824
3198,0.52,-1.5471,+0.1810,-6.2254,4.6783,2.7989,-166.3723,5809.3218,5809.3218
3199,0.51,-1.6372,+0.0423,-6.2254,4.5882,4.2585,-168.5020,5929.2236,5929.2236
3200,0.53,-1.3430,+0.1247,-6.2401,4.8971,2.0724,-160.1847,5364.6729,5364.6729
3201,0.49,-1.1162,+0.2708,-6.2149,5.0987,3.5409,-175.2459,6469.0410,6469.0410
3202,0.53,-1.0537,+0.0304,-6.2198,5.1661,4.3066,-161.7655,5500.6943,5500.6943
3203,0.53,-1.4049,-0.0244,-6.2090,4.8041,2.9986,-174.8404,6386.0547,6386.0547
3204,0.53,-1.1462,+0.0692,-6.2057,5.0595,4.4169,-159.8096,5372.1963,5372.1963
3205,0.53,-1.3591,-0.1494,-6.1996,4.8405,7.7423,-170.0769,6102.4136,6102.4136
3206,0.53,-1.4845,+0.1983,-6.1993,4.7148,3.3624,-165.7749,5759.8398,5759.8398
3207,0.52,-1.3849,-0.2338,-6.2061,4.8212,28.0843,-166.9280,5877.7754,5877.7754
3208,0.52,-1.0568,+0.0973,-6.2084,5.1517,78.6875,-168.3431,5997.1177,5997.1177
3209,0.51,-0.9821,-0.0389,-6.2047,5.2226,42.2908,-164.7257,5737.5352,5737.5352
3210,0.53,-1.1508,-0.1415,-6.2028,5.0521,31.2786,-165.5141,5766.4844,5766.4844
3211,0.52,-1.0937,+0.1078,-6.2111,5.1174,40.6882,-165.4313,5760.9316,5760.9316
3212,0.52,-1.1266,+0.0160,-6.2259,5.0993,44.0858,-162.3927,5578.4688,5578.4688
3213,0.53,-1.2324,-0.1171,-6.2083,4.9758,22.2964,-164.5098,5735.6284,5735.6284
3214,0.53,-1.3152,+0.2536,-6.2246,4.9094,32.4211,-164.7606,5716.0039,5716.0039
3215,0.52,-1.0579,-0.1049,-6.2065,5.1485,38.7534,-165.0481,5756.1064,5756.1064
3216,0.51,-1.2821,-0.2474,-6.1881,4.9060,20.3101,-166.7272,5877.1577,5877.1577
3217,0.51,-1.1173,+0.0100,-6.1742,5.0569,36.7558,-168.0778,5929.1045,5929.1045
3218,0.53,-1.1730,+0.1897,-6.1911,5.0181,19.8294,-168.3300,5970.4365,5970.4365
3219,0.53,-0.8226,+0.2607,-6.1813,5.3587,65.6423,-168.3598,6016.4712,6016.4712
3220,0.55,-0.9872,+0.1349,-6.2069,5.2197,31.2909,-167.4184,5929.9424,5929.9424
3221,0.52,-0.8773,+0.0184,-6.2044,5.3271,44.5836,-166.5728,5829.2354,5829.2354
3222,0.52,-1.0985,+0.0844,-6.2295,5.1310,37.0007,-166.2002,5820.0986,5820.0986
3223,0.50,-0.9603,-0.3332,-6.1847,5.2244,47.5882,-168.3607,5951.7017,5951.7017
3224,0.53,-0.9526,+0.1618,-6.2001,5.2475,70.9956,-167.0080,5891.6992,5891.6992
3225,0.52,-0.7047,+0.3660,-6.1679,5.4632,126.4318,-167.7858,5951.3799,5951.3799
3226,0.51,-0.8957,+0.3085,-6.1702,5.2745,42.6155,-168.0203,5951.0293,5951.0293
3227,0.53,-0.8982,-0.0048,-6.1896,5.2914,44.0403,-166.2943,5813.0449,5813.0449
3228,0.53,-1.0972,+0.1141,-6.1967,5.0995,43.6320,-166.2352,5780.5781,5780.5781
3229,0.52,-0.8534,-0.2052,-6.2285,5.3751,59.5705,-164.1542,5665.1943,5665.1943
3230,0.52,-0.7930,-0.0566,-6.2115,5.4185,38.2809,-164.8906,5710.3296,5710.3296
3231,0.53,-0.7509,-0.0441,-6.2164,5.4654,58.5981,-164.9145,5737.1118,5737.1118
3232,0.53,-0.7808,-0.0515,-6.2415,5.4607,69.3624,-163.8416,5687.5293,5687.5293
3233,0.50,-0.8955,+0.0310,-6.2493,5.3538,72.9568,-164.1912,5715.5156,5715.5156
3234,0.51,-0.8842,-0.0195,-6.2408,5.3566,52.9435,-164.6569,5720.0518,5720.0518
3235,0.52,-0.8054,+0.0764,-6.2325,5.4271,56.8723,-164.0944,5664.2227,5664.2227
3236,0.53,-1.1961,+0.0206,-6.2348,5.0387,39.6244,-164.7530,5723.0513,5723.0513
3237,0.51,-1.2198,+0.1468,-6.2181,4.9983,24.7815,-165.4137,5741.4785,5741.4785
3238,0.51,-1.1439,+0.6411,-6.1907,5.0467,4.3151,-166.0185,5771.0254,5771.0254
3239,0.51,-1.1516,+0.0392,-6.1970,5.0454,41.9745,-166.4236,5806.5044,5806.5044
3240,0.51,-0.9970,-0.0999,-6.1905,5.1935,52.4300,-165.5305,5771.1963,5771.1963
3241,0.53,-0.9397,-0.1556,-6.2062,5.2666,46.4297,-166.0094,5824.6118,5824.6118
3242,0.52,-1.1486,-0.1939,-6.2366,5.0880,20.2716,-164.3056,5693.8691,5693.8691
3243,0.50,-1.3106,+0.3064,-6.2409,4.9302,22.4222,-164.9805,5720.8647,5720.8647
3244,0.51,-1.1004,-0.3214,-6.2301,5.1297,27.6607,-165.4781,5795.6602,5795.6602
3245,0.52,-1.2456,-0.1003,-6.2424,4.9968,52.7556,-163.4816,5629.6201,5629.6201
3246,0.51,-1.1197,-0.0346,-6.2313,5.1116,21.4533,-167.1893,5869.6270,5869.6270
3247,0.51,-1.1409,+0.4696,-6.2370,5.0961,33.1596,-165.9143,5781.6436,5781.6436
3248,0.53,-1.4338,-0.1257,-6.2435,4.8096,7.1332,-166.6785,5811.7656,5811.7656
3249,0.52,-1.3056,-0.0329,-6.2486,4.9430,13.9802,-167.9963,5931.4629,5931.4629
3250,0.50,-1.1354,+0.0537,-6.2244,5.0890,23.1047,-164.8031,5705.4268,5705.4268
3251,0.51,-1.2286,+0.0768,-6.2364,5.0078,17.8255,-163.9067,5643.5928,5643.5928
3252,0.54,-1.1762,+0.2724,-6.1938,5.0177,24.4010,-165.2933,5754.3599,5754.3599
3253,0.51,-0.9699,+0.1175,-6.2109,5.2410,51.6719,-165.1339,5771.8516,5771.8516
3254,0.53,-1.0973,+0.0830,-6.2164,5.1191,37.7028,-166.5944,5854.3447,5854.3447
3255,0.52,-1.1663,+0.0659,-6.2387,5.0724,33.1583,-165.0920,5740.2256,5740.2256
3256,0.51,-1.1660,-0.1732,-6.2276,5.0616,13.6100,-167.3352,5922.5171,5922.5171
3257,0.51,-0.9903,+0.0625,-6.2305,5.2402,19.4828,-164.2788,5702.5039,5702.5039
3258,0.52,-0.9614,+0.0045,-6.2250,5.2636,37.8453,-163.6803,5652.4336,5652.4336
3259,0.52,-1.0216,-0.2641,-6.2093,5.1877,17.5980,-164.1254,5672.9023,5672.9023
3260,0.53,-0.9608,-0.0351,-6.1739,5.2131,49.1524,-166.5508,5855.1064,5855.1064
3261,0.50,-1.0223,+0.0019,-6.1847,5.1625,28.7382,-166.0627,5805.8550,5805.8550
3262,0.51,-0.7268,-0.4201,-6.2039,5.4771,103.5899,-166.2445,5857.2764,5857.2764
3263,0.50,-0.8454,+0.1522,-6.1946,5.3492,97.0091,-166.0620,5847.0132,5847.0132
3264,0.51,-0.9271,-0.1515,-6.1935,5.2664,33.1933,-165.7459,5786.9033,5786.9033
3265,0.53,-1.1765,-0.2782,-6.1949,5.0184,36.4167,-166.1125,5807.3037,5807.3037
3266,0.52,-1.0376,+0.1315,-6.1893,5.1516,29.2871,-165.8401,5781.7021,5781.7021
3267,0.51,-1.2682,-0.0773,-6.1885,4.9203,7.7386,-167.3366,5856.9004,5856.9004
3268,0.52,-1.0569,-0.0425,-6.1749,5.1180,28.6514,-168.1361,5938.8721,5938.8721
3269,0.50,-1.1737,+0.1659,-6.1941,5.0204,36.9339,-169.4261,6044.4912,6044.4912
3270,0.53,-0.8600,+0.0165,-6.1932,5.3332,51.7658,-168.2752,5958.2808,5958.2808
3271,0.52,-0.8989,+0.2205,-6.1808,5.2820,64.8122,-168.8805,6028.5869,6028.5869
3272,0.52,-0.9663,-0.0781,-6.1952,5.2289,65.0052,-166.8430,5851.9580,5851.9580
3273,0.52,-0.6110,+0.2796,-6.2112,5.6002,58.5717,-165.3864,5798.6680,5798.6680
3274,0.52,-0.5911,-0.0033,-6.2250,5.6339,72.0364,-163.1987,5658.6592,5658.6592
3275,0.53,-0.4978,+0.0211,-6.1917,5.6940,81.8247,-165.8904,5806.2275,5806.2275
3276,0.51,-0.7656,-0.1176,-6.1890,5.4234,48.0488,-167.1833,5908.8770,5908.8770
3277,0.51,-0.9844,+0.1327,-6.1738,5.1894,24.6747,-165.8017,5811.3027,5811.3027
3278,0.52,-1.0672,-0.0226,-6.1799,5.1127,37.7858,-168.5014,6006.1221,6006.1221
3279,0.50,-0.9700,-0.3540,-6.2069,5.2369,30.6917,-166.8506,5922.2773,5922.2773
3280,0.53,-0.9963,-0.0594,-6.2065,5.2103,39.0774,-166.5150,5867.4570,5867.4570
3281,0.51,-0.6917,+0.0729,-6.1612,5.4694,59.0799,-167.0162,5899.8291,5899.8291
3282,0.52,-0.6732,-0.1336,-6.1567,5.4835,37.3440,-167.1381,5889.4614,5889.4614
3283,0.51,-0.7982,-0.3628,-6.1353,5.3371,51.0332,-164.9894,5735.8809,5735.8809
3284,0.52,-0.7516,-0.1678,-6.1632,5.4116,29.7090,-166.1130,5787.3389,5787.3389
3285,0.53,-0.9653,+0.0791,-6.1755,5.2102,30.5438,-168.8162,5981.7866,5981.7866
3286,0.51,-1.3893,-0.0940,-6.1634,4.7740,18.1048,-167.9124,5885.0527,5885.0527
3287,0.51,-0.3723,-0.0352,-6.1868,5.8145,93.1119,-165.0661,5744.4072,5744.4072
3288,0.51,-0.8839,-0.0061,-6.2130,5.3291,45.8304,-163.5845,5603.6157,5603.6157
3289,0.50,-0.8474,+0.1958,-6.2220,5.3746,41.1798,-162.2708,5513.1357,5513.1357
3290,0.51,-0.5583,-0.0940,-6.2314,5.6731,122.2634,-162.0446,5544.3203,5544.3203
3291,0.52,0.5199,-0.6107,-6.2187,6.7387,350.0751,-162.9246,5664.1167,5664.1167
3292,0.52,-0.8825,-1.8117,-6.2173,5.3348,131.5746,-162.5798,5556.5273,5556.5273
3293,0.53,-0.5412,-0.3058,-6.2204,5.6792,94.4366,-162.6313,5580.5752,5580.5752
3294,0.51,-0.4573,-0.0394,-6.2250,5.7677,130.1893,-163.0296,5629.4072,5629.4072
3295,0.49,-1.3402,-0.1943,-6.2211,4.8809,38.0406,-163.4986,5601.0127,5601.0127
3296,0.52,-0.8947,+0.2123,-6.2457,5.3510,28.5303,-162.6089,5553.2812,5553.2812
3297,0.53,-0.8089,+0.2502,-6.2227,5.4138,43.9244,-164.5785,5706.1499,5706.1499
3298,0.51,-0.8706,+0.1941,-6.1943,5.3238,42.2346,-166.3860,5801.2720,5801.2720
3299,0.51,-0.8383,-0.0140,-6.1844,5.3461,43.1305,-166.4236,5796.9106,5796.9106
3300,0.49,-0.7634,+0.1571,-6.1818,5.4184,49.7740,-168.6224,5941.4272,5941.4272
3301,0.50,-1.1074,-0.0068,-6.1767,5.0692,44.8793,-167.8410,5896.3691,5896.3691
3302,0.50,-0.7273,+0.1138,-6.1664,5.4391,63.5377,-167.1891,5852.5303,5852.5303
3303,0.51,-1.1567,+0.2687,-6.1643,5.0077,18.9783,-167.7489,5872.9214,5872.9214
3304,0.53,-0.8557,-0.3353,-6.1806,5.3249,45.4484,-166.7181,5858.8281,5858.8281
3305,0.52,-0.5071,-0.2469,-6.1835,5.6764,62.8351,-166.1719,5810.0508,5810.0508
3306,0.52,-0.3100,-0.0017,-6.1845,5.8744,105.6315,-166.4805,5835.7368,5835.7368
3307,0.51,-0.4873,-0.1500,-6.1746,5.6873,87.9264,-165.8678,5795.1543,5795.1543
3308,0.51,-0.6506,-0.0437,-6.1876,5.5371,53.8916,-166.8255,5824.5132,5824.5132
3309,0.49,-0.3943,-0.1389,-6.1880,5.7937,76.2596,-167.1627,5870.6045,5870.6045
3310,0.51,-0.6759,-0.0571,-6.2009,5.5250,53.7949,-166.5493,5824.4614,5824.4614
3311,0.51,-0.7619,-0.1993,-6.2003,5.4384,55.5018,-165.7323,5773.0181,5773.0181
3312,0.53,-0.1183,+0.0903,-6.1985,6.0803,116.7104,-165.3528,5758.8281,5758.8281
3313,0.52,-0.6755,-0.2884,-6.1916,5.5161,89.8914,-166.4877,5813.7676,5813.7676
3314,0.51,-0.4940,-0.1947,-6.1988,5.7048,51.2120,-166.8512,5841.0083,5841.0083
3315,0.51,-0.9402,+0.0510,-6.2055,5.2654,35.1153,-167.2934,5887.1567,5887.1567
3316,0.52,-1.0019,+0.0403,-6.2049,5.2030,32.1747,-165.8409,5777.9395,5777.9395
3317,0.51,-0.9297,+0.3614,-6.2081,5.2784,48.9168,-165.4901,5738.1357,5738.1357
3318,0.52,-0.7657,-0.0101,-6.2072,5.4415,33.8868,-163.3448,5604.4790,5604.4790
3319,0.50,-0.8354,-0.3445,-6.2064,5.3710,34.2009,-163.3238,5579.3472,5579.3472
3320,0.51,-0.9776,-0.0364,-6.2235,5.2459,25.0304,-164.3637,5649.4775,5649.4775
3321,0.51,-1.1953,-0.2114,-6.2434,5.0481,42.4495,-163.1465,5579.0146,5579.0146
3322,0.51,-0.9699,-0.0424,-6.2429,5.2730,31.1786,-162.4067,5539.1943,5539.1943
3323,0.53,-0.9411,+0.0276,-6.2564,5.3153,41.7127,-163.3542,5620.8564,5620.8564
3324,0.49,-0.8746,-0.0359,-6.2202,5.3457,28.8141,-165.3858,5762.8525,5762.8525
3325,0.51,-1.0558,-0.1079,-6.2115,5.1557,35.1813,-165.4330,5740.1157,5740.1157
3326,0.50,-0.8937,+0.0091,-6.2235,5.3298,35.4764,-165.9453,5795.3740,5795.3740
3327,0.49,-0.9345,+0.0914,-6.1762,5.2417,30.1374,-168.0376,5923.0967,5923.0967
3328,0.51,-0.9833,-0.0667,-6.1841,5.2008,34.6561,-167.4501,5853.9531,5853.9531
3329,0.52,-0.8143,-0.0500,-6.1951,5.3808,36.0160,-166.3193,5801.2065,5801.2065
3330,0.52,-0.9094,+0.1516,-6.1943,5.2848,33.4914,-166.0162,5762.7183,5762.7183
3331,0.52,-1.2058,+0.0327,-6.1993,4.9935,28.9887,-165.5397,5726.4097,5726.4097
3332,0.53,-1.0246,+0.0363,-6.1882,5.1636,31.3395,-165.7227,5748.3584,5748.3584
3333,0.52,-0.8720,-0.1745,-6.1920,5.3199,43.0858,-167.4605,5872.9814,5872.9814
3334,0.51,-1.0032,-0.1336,-6.1823,5.1790,33.5240,-167.3279,5866.7070,5866.7070
3335,0.51,-0.9584,-0.2575,-6.1880,5.2296,27.9655,-168.0542,5901.8110,5901.8110
3336,0.51,-1.0056,+0.0518,-6.1937,5.1881,29.3324,-169.7372,6023.8862,6023.8862
3337,0.51,-1.0729,-0.0269,-6.1930,5.1201,26.2373,-169.8731,6013.8271,6013.8271
3338,0.51,-0.8050,+0.0297,-6.1773,5.3723,28.9643,-168.4402,5939.0508,5939.0508
3339,0.53,-1.0470,-0.0279,-6.1647,5.1177,30.7872,-168.7728,5959.9971,5959.9971
3340,0.53,-1.0754,-0.1610,-6.1961,5.1207,21.0610,-168.8519,5982.7627,5982.7627
3341,0.52,-1.0110,+0.1407,-6.2055,5.1944,30.9183,-168.4050,5930.6582,5930.6582
3342,0.50,-0.8633,-0.2596,-6.1940,5.3307,67.9539,-167.6504,5898.1826,5898.1826
3343,0.52,1.6173,+0.0486,-6.2096,7.8269,2644.9517,-167.4762,5964.0693,5964.0693
3344,0.52,-0.9813,+0.0047,-6.2048,5.2235,33.6935,-167.9446,5923.2471,5923.2471
3345,0.51,-0.7336,+0.2243,-6.1849,5.4513,49.3242,-167.7084,5899.5264,5899.5264
3346,0.51,-1.1470,+0.1220,-6.1712,5.0242,44.7843,-168.0957,5924.5762,5924.5762
3347,0.52,-0.0559,+0.4124,-6.1704,6.1145,362.4005,-169.2951,6059.9395,6059.9395
3348,0.52,-1.0670,-0.0293,-6.1406,5.0736,48.8005,-168.3422,5940.5454,5940.5454
3349,0.51,-0.7407,-0.0316,-6.1534,5.4127,51.4610,-170.3440,6089.2285,6089.2285
3350,0.54,-0.7763,+0.0732,-6.1423,5.3660,42.2622,-170.2923,6066.4453,6066.4453
3351,0.51,-1.2254,-0.0526,-6.1674,4.9420,19.1165,-168.4051,5921.5093,5921.5093
3352,0.55,-0.8757,+0.0969,-6.1536,5.2779,36.2563,-168.1453,5909.2432,5909.2432
3353,0.53,-1.4857,+0.1615,-6.1792,4.6936,81.4169,-169.0602,5887.8135,5887.8135
3354,0.53,0.4891,-0.2552,-6.1853,6.6744,840.6473,-167.2863,5914.0728,5914.0728
3355,0.54,-1.1484,-0.0268,-6.2045,5.0560,34.4514,-167.7465,5876.6646,5876.6646
3356,0.53,-1.0904,-0.1319,-6.1912,5.1008,34.4877,-166.9475,5821.7798,5821.7798
3357,0.52,-0.9447,+0.1428,-6.1718,5.2272,36.4302,-165.6659,5722.6685,5722.6685
3358,0.52,-1.0400,-0.0528,-6.1726,5.1327,39.2682,-165.7293,5723.0288,5723.0288
3359,0.50,-1.3869,+0.0197,-6.2032,4.8163,23.6277,-165.8101,5683.9326,5683.9326
3360,0.52,-1.1004,-0.0740,-6.2153,5.1149,31.5778,-166.8982,5797.5400,5797.5400
3361,0.53,-0.9686,+0.6388,-6.2101,5.2415,82.8428,-165.2708,5689.6118,5689.6118
3362,0.51,-1.1779,-0.2913,-6.2160,5.0380,33.4161,-164.3146,5621.1045,5621.1045
3363,0.50,-0.3036,-0.7576,-6.2268,5.9232,289.3529,-167.6002,5913.8740,5913.8740
3364,0.53,-1.0803,-0.1319,-6.1961,5.1158,32.1158,-168.7324,5920.1318,5920.1318
3365,0.52,-0.8959,-0.2457,-6.1849,5.2890,47.2262,-164.5045,5640.3530,5640.3530
3366,0.50,-1.0314,+0.1630,-6.1948,5.1634,60.0720,-166.2451,5758.0156,5758.0156
3367,0.52,-1.1141,+0.0885,-6.1975,5.0834,35.3156,-167.3512,5824.8545,5824.8545
3368,0.52,-0.8896,+0.3382,-6.2008,5.3112,76.7468,-168.6843,5912.5410,5912.5410
3369,0.53,-0.8414,+0.1099,-6.1894,5.3480,28.8226,-165.8532,5728.7285,5728.7285
3370,0.54,-1.2790,-0.1229,-6.1950,4.9161,18.0941,-164.6683,5627.2061,5627.2061
3371,0.53,-0.9867,-0.0123,-6.1917,5.2049,66.7769,-164.9083,5648.4541,5648.4541
3372,0.53,-1.3319,-0.2184,-6.1822,4.8503,4.8116,-165.5017,5650.6621,5650.6621
3373,0.53,-1.0984,+0.0995,-6.1849,5.0865,4.2175,-165.5663,5660.8950,5660.8950
3374,0.51,-1.1420,-0.0057,-6.1615,5.0195,3.8471,-176.8659,6455.7090,6455.7090
3375,0.53,-0.8397,+0.0541,-6.1834,5.3438,3.6696,-162.0624,5460.8779,5460.8779
3376,0.53,-1.2349,-0.0354,-6.1901,4.9552,4.6573,-173.3538,6240.8945,6240.8945
3377,0.52,-1.1662,-0.0914,-6.2083,5.0421,6.8015,-161.4529,5434.0298,5434.0298
3378,0.53,-1.1572,-0.1666,-6.1900,5.0327,1.6763,-171.7633,6159.5166,6159.5166
3379,0.52,-1.3079,+0.2609,-6.1623,4.8543,5.3960,-167.6562,5893.9390,5893.9390
3380,0.51,-1.3834,+0.0129,-6.1667,4.7833,2.6053,-171.5407,6139.8525,6139.8525
3381,0.52,-1.2849,-0.0705,-6.1807,4.8958,13.9285,-166.6721,5781.7388,5781.7388
3382,0.52,-1.0607,+0.0524,-6.1822,5.1215,42.9624,-167.6988,5846.6504,5846.6504
3383,0.52,-1.0076,+0.0415,-6.1858,5.1782,14.7982,-168.7957,5920.2305,5920.2305
3384,0.52,-0.9681,-0.0188,-6.1966,5.2285,62.8438,-166.8181,5780.0796,5780.0796
3385,0.51,-1.3629,+0.1533,-6.1973,4.8344,3.5604,-165.9864,5708.6367,5708.6367
3386,0.50,-0.9438,-0.0209,-6.2246,5.2809,5.8471,-175.8397,6413.6333,6413.6333
3387,0.52,-0.9242,+0.0616,-6.2347,5.3105,5.4486,-155.8263,5085.3589,5085.3589
3388,0.52,-0.9207,-0.2228,-6.2229,5.3022,6.6879,-169.3843,5979.8594,5979.8594
3389,0.50,-1.1700,+0.0749,-6.2357,5.0657,4.3941,-166.7687,5819.1523,5819.1523
3390,0.50,-1.2938,-0.1659,-6.2155,4.9217,3.7184,-168.5633,5929.8613,5929.8613
3391,0.51,-2.0014,+0.2830,-6.2096,4.2082,72.9081,-164.2508,5601.1221,5601.1221
3392,0.53,-1.3990,-0.0193,-6.2103,4.8113,2.4519,-165.7289,5725.9863,5725.9863
3393,0.50,-0.8178,-0.1145,-6.2095,5.3917,7.7922,-175.0483,6354.6470,6354.6470
3394,0.51,-1.1232,+0.0643,-6.2098,5.0867,19.7480,-167.3841,5827.2217,5827.2217
3395,0.52,-1.0892,-0.1201,-6.2186,5.1295,17.9913,-164.6101,5672.2773,5672.2773
3396,0.50,-0.9873,-0.0479,-6.1854,5.1981,22.7334,-166.8453,5805.9204,5805.9204
3397,0.52,-0.7814,-0.0066,-6.1845,5.4031,39.4543,-166.3143,5767.0098,5767.0098
3398,0.50,-1.0204,-0.0915,-6.1874,5.1670,20.2249,-167.6290,5812.4893,5812.4893
3399,0.52,-0.9617,-0.2411,-6.1829,5.2213,56.3037,-166.9939,5798.5938,5798.5938
3400,0.52,-1.0771,-0.1615,-6.2019,5.1248,18.4361,-165.3021,5678.0684,5678.0684
3401,0.52,-0.7956,+0.0282,-6.1907,5.3951,138.1877,-165.8406,5729.2075,5729.2075
3402,0.51,-0.9906,-0.1156,-6.2049,5.2143,39.9451,-167.7875,5852.1758,5852.1758
3403,0.50,-1.0968,-0.0520,-6.2123,5.1155,9.3417,-165.4986,5694.1143,5694.1143
3404,0.53,-1.3337,+0.0841,-6.2089,4.8752,10.9951,-167.2686,5810.6748,5810.6748
3405,0.52,-1.1866,-0.0074,-6.2192,5.0326,14.0797,-163.9613,5587.0215,5587.0215
3406,0.50,-1.1613,+0.2273,-6.2254,5.0642,35.0015,-166.5343,5786.1665,5786.1665
3407,0.52,-1.0180,-0.0456,-6.2120,5.1939,26.5819,-167.5214,5863.2690,5863.2690
3408,0.50,-1.2101,-0.0069,-6.2043,4.9942,5.5423,-168.5245,5913.4912,5913.4912
3409,0.50,-1.1063,-0.2787,-6.1972,5.0909,7.7336,-166.4561,5773.1279,5773.1279
3410,0.51,-1.3020,-0.2638,-6.2167,4.9147,2.2393,-165.0242,5688.8594,5688.8594
3411,0.51,-1.3170,-0.0483,-6.2152,4.8981,3.8855,-171.5497,6145.0840,6145.0840
3412,0.50,-0.8499,+0.0928,-6.2049,5.3550,18.9318,-167.8795,5968.0894,5968.0894
3413,0.49,-1.1638,-0.2224,-6.2195,5.0557,27.5799,-167.9980,5942.1641,5942.1641
3414,0.50,-1.1249,-0.0902,-6.2247,5.0998,15.8363,-166.6416,5850.2783,5850.2783
3415,0.50,-1.3578,-0.1651,-6.2406,4.8829,11.8370,-165.0571,5707.2246,5707.2246
3416,0.51,-1.3068,+0.0152,-6.2276,4.9209,2.5072,-164.1864,5652.2979,5652.2979
3417,0.51,-1.2285,+0.0006,-6.2279,4.9995,9.6621,-169.7570,6095.0215,6095.0215
3418,0.52,-1.3069,+0.0361,-6.2230,4.9161,2.4307,-160.0007,5351.5698,5351.5698
3419,0.52,-1.2155,-0.0098,-6.2163,5.0008,3.7554,-174.5537,6335.9971,6335.9971
3420,0.52,-1.2124,-0.0299,-6.2098,4.9975,3.3223,-162.8306,5514.0054,5514.0054
3421,0.52,-0.7598,-0.1127,-6.2002,5.4405,23.0402,-174.2990,6317.7256,6317.7256
3422,0.51,-1.0190,+0.1143,-6.2140,5.1950,5.6838,-170.8873,6073.8071,6073.8071
3423,0.51,-1.3559,+0.0417,-6.2097,4.8538,4.5989,-167.3005,5828.4741,5828.4741
3424,0.49,-1.2751,-0.0619,-6.2114,4.9362,10.4963,-165.4202,5702.4678,5702.4678
3425,0.53,-1.0710,+0.1023,-6.2290,5.1580,26.1860,-163.7314,5608.5791,5608.5791
3426,0.51,-1.0026,+0.0562,-6.2207,5.2182,24.6226,-164.5434,5659.5063,5659.5063
3427,0.51,-1.0730,+0.0399,-6.2052,5.1322,9.1477,-164.3595,5645.8081,5645.8081
3428,0.51,-1.1976,+0.0808,-6.2046,5.0070,49.4068,-166.8701,5806.3652,5806.3652
3429,0.51,-1.0115,+0.1319,-6.2081,5.1966,35.7335,-165.9390,5770.2119,5770.2119
3430,0.52,-1.0026,-0.2304,-6.2265,5.2238,47.5222,-165.3924,5755.1523,5755.1523
3431,0.53,-1.4401,+0.2804,-6.2232,4.7830,24.3275,-165.5498,5721.4199,5721.4199
3432,0.51,-0.1517,+0.1925,-6.2145,6.0628,150.2699,-164.5323,5735.1016,5735.1016
3433,0.53,0.2557,-0.1501,-6.1907,6.4463,400.8427,-165.7598,5822.7266,5822.7266
3434,0.52,-0.5899,+0.3097,-6.2066,5.6167,67.8273,-165.1119,5743.9736,5743.9736
3435,0.52,-0.2884,-0.1931,-6.1902,5.9018,154.5329,-165.8877,5789.3770,5789.3770
3436,0.52,-0.4067,+0.1128,-6.1823,5.7756,108.2706,-166.0273,5801.5845,5801.5845
3437,0.52,-0.3567,+0.1957,-6.1777,5.8210,101.6072,-166.9673,5846.8408,5846.8408
3438,0.50,-3.3154,-2.5179,-6.1699,2.8545,1957.3411,-168.3836,5787.1387,5787.1387
3439,0.52,0.1540,+0.3460,-6.1713,6.3253,217.2237,-166.9019,5890.9834,5890.9834
3440,0.49,1.1565,-0.7435,-6.1698,7.3263,726.1656,-166.8420,5906.6548,5906.6548
3441,0.50,-0.7455,-0.0646,-6.1707,5.4252,93.2097,-167.1008,5848.9785,5848.9785
3442,0.53,-0.3524,+0.1566,-6.1547,5.8023,88.9293,-167.0684,5884.2852,5884.2852
3443,0.51,-0.3483,-0.1045,-6.1450,5.7967,115.3936,-167.6824,5919.2061,5919.2061
3444,0.52,-0.1835,+0.1229,-6.1530,5.9695,150.5004,-166.2061,5832.4312,5832.4312
3445,0.50,-0.2668,+0.4282,-6.1832,5.9164,105.9539,-166.1725,5811.8652,5811.8652
3446,0.51,0.0101,+0.0162,-6.1827,6.1927,114.9907,-167.8515,5904.2266,5904.2266
3447,0.52,-0.4978,-0.0982,-6.1794,5.6816,101.1967,-167.7120,5881.6772,5881.6772
3448,0.52,-0.4841,+0.0689,-6.1715,5.6874,63.5829,-168.7945,5954.7568,5954.7568
3449,0.53,-0.5585,-0.3736,-6.1873,5.6288,90.5239,-168.5039,5938.2881,5938.2881
3450,0.51,-0.5994,+0.0184,-6.1787,5.5792,73.9495,-169.2829,6003.6938,6003.6938
3451,0.50,0.9154,+0.4038,-6.1814,7.0968,1014.0488,-168.5234,6024.5449,6024.5449
3452,0.52,-0.5649,-0.5379,-6.1758,5.6109,143.3414,-167.7173,5881.3594,5881.3594
3453,0.52,-0.6935,+0.0436,-6.1971,5.5036,98.5451,-167.0332,5849.3516,5849.3516
3454,0.50,-0.2599,+0.0047,-6.1994,5.9395,105.4932,-166.1707,5788.1074,5788.1074
3455,0.49,-0.4611,+0.0071,-6.1570,5.6959,104.1751,-167.0002,5820.4404,5820.4404
3456,0.51,-0.4688,-0.0021,-6.1692,5.7004,101.9152,-165.8755,5752.1064,5752.1064
3457,0.52,-0.4816,+0.1581,-6.1858,5.7042,132.1654,-165.9984,5758.8101,5758.8101
3458,0.50,-0.7648,-0.0268,-6.1907,5.4259,71.7553,-165.9997,5741.3262,5741.3262
3459,0.52,-0.7284,+0.0230,-6.2063,5.4779,47.4705,-165.0029,5674.3730,5674.3730
3460,0.53,-0.4793,-0.0628,-6.2143,5.7350,54.0245,-164.1702,5627.3457,5627.3457
3461,0.52,-0.3234,-0.0048,-6.2153,5.8918,191.8301,-164.6262,5684.6602,5684.6602
3462,0.50,-0.7119,+0.1347,-6.2138,5.5019,50.2986,-165.4971,5701.2783,5701.2783
3463,0.50,0.2850,-0.0251,-6.1825,6.4675,213.5029,-165.9778,5817.0249,5817.0249
3464,0.50,-0.4005,+0.0349,-6.1856,5.7851,92.4318,-166.2654,5822.2500,5822.2500
3465,0.50,-0.6621,+0.0084,-6.1954,5.5333,59.4274,-165.2234,5719.7593,5719.7593
3466,0.51,0.0207,+0.1219,-6.1764,6.1971,125.9232,-166.2186,5821.8511,5821.8511
3467,0.51,-0.4629,+0.8666,-6.1876,5.7247,179.2559,-165.3363,5726.9229,5726.9229
3468,0.51,-0.6329,-0.0324,-6.2088,5.5759,66.7710,-164.4770,5671.4023,5671.4023
3469,0.52,0.4015,-0.6024,-6.1921,6.5936,391.4966,-166.9098,5884.2290,5884.2290
3470,0.50,-0.6286,+0.1386,-6.2138,5.5852,66.2652,-165.5128,5758.3428,5758.3428
3471,0.50,-0.6000,+0.1143,-6.2212,5.6212,46.0434,-165.5829,5741.5513,5741.5513
3472,0.51,-0.2696,+0.0791,-6.1764,5.9069,88.7599,-166.0839,5782.5200,5782.5200
3473,0.51,-0.4445,+0.1209,-6.1776,5.7331,62.6979,-165.6905,5736.3843,5736.3843
3474,0.52,-0.4609,-0.0845,-6.1698,5.7090,94.3970,-166.8546,5810.7695,5810.7695
3475,0.51,-0.5141,-0.1424,-6.1638,5.6497,73.8151,-165.8117,5717.8408,5717.8408
3476,0.51,-0.4798,+0.0363,-6.1713,5.6915,58.1983,-165.5116,5710.7646,5710.7646
3477,0.51,-0.6812,-0.0496,-6.1926,5.5114,67.4931,-164.5996,5643.7500,5643.7500
3478,0.51,-0.8056,+0.2885,-6.2102,5.4045,100.0427,-165.1375,5710.2964,5710.2964
3479,0.51,-0.9236,-0.4339,-6.2053,5.2817,30.3089,-164.1694,5595.4204,5595.4204
3480,0.52,-0.9148,+0.2586,-6.2135,5.2986,23.2478,-165.0431,5663.1768,5663.1768
3481,0.50,-0.9431,-0.0259,-6.2004,5.2573,32.3566,-165.1365,5688.4541,5688.4541
3482,0.51,-1.0801,+0.0138,-6.2211,5.1410,37.2112,-164.6823,5660.2065,5660.2065
3483,0.50,-1.2666,-0.0313,-6.2218,4.9552,68.5164,-164.6160,5662.1538,5662.1538
3484,0.50,-0.9437,-0.2441,-6.2165,5.2728,35.2669,-165.2787,5687.9883,5687.9883
3485,0.52,-0.8583,-0.1984,-6.2112,5.3529,31.0432,-165.7552,5710.3794,5710.3794
3486,0.51,-0.9251,-0.1266,-6.2060,5.2808,34.0149,-165.4570,5719.7744,5719.7744
3487,0.52,-1.0284,-0.0550,-6.1944,5.1661,35.9962,-166.9423,5796.8501,5796.8501
3488,0.52,-0.9197,-0.0611,-6.1778,5.2581,39.5343,-167.5809,5830.3931,5830.3931
3489,0.51,-0.7598,-0.0430,-6.1768,5.4170,57.4533,-168.3280,5885.6499,5885.6499
3490,0.51,-1.1622,+0.0474,-6.1782,5.0160,33.3208,-167.6504,5815.6396,5815.6396
3491,0.52,-0.9880,+0.1603,-6.1661,5.1780,32.3743,-167.4286,5814.0342,5814.0342
3492,0.50,-0.7218,-0.7155,-6.1527,5.4309,79.6790,-168.2446,5898.9902,5898.9902
3493,0.51,-1.1579,+0.0187,-6.1666,5.0086,24.3060,-168.2052,5850.7285,5850.7285
3494,0.53,-1.0784,-0.0201,-6.1308,5.0524,18.1520,-170.0532,5965.5049,5965.5049
3495,0.53,-1.1204,-0.0596,-6.1385,5.0181,31.3081,-169.7494,5940.1318,5940.1318
3496,0.50,-0.7303,-0.1187,-6.1363,5.4060,71.2700,-168.9155,5893.6895,5893.6895
3497,0.53,-0.9922,-0.0837,-6.1342,5.1419,30.6375,-168.9002,5868.6519,5868.6519
3498,0.52,-0.9166,-0.0820,-6.1402,5.2236,42.3631,-168.9991,5888.8853,5888.8853
3499,0.51,-0.9525,+0.0577,-6.1630,5.2106,27.1262,-167.0849,5758.3813,5758.3813
3500,0.51,-0.9185,-0.1024,-6.1309,5.2125,28.6122,-168.9941,5873.7021,5873.7021
3501,0.51,-0.0963,+0.0293,-6.1617,6.0654,351.0974,-166.7113,5777.9302,5777.9302
3502,0.51,0.1755,+0.1778,-6.1733,6.3488,556.3699,-166.0966,5763.2153,5763.2153
3503,0.52,-1.2642,-0.1989,-6.1661,4.9019,15.8340,-166.5482,5709.1558,5709.1558
3504,0.54,-0.4882,+0.3766,-6.1642,5.6760,94.4704,-167.0634,5785.5771,5785.5771
3505,0.53,0.1673,+12.6300,-6.1487,6.3160,584.2082,-168.3047,5910.8906,5910.8906
3506,0.51,-0.4079,+1.5200,-6.1713,5.7634,82.1241,-167.5136,5819.8262,5819.8262
3507,0.50,-0.8902,-0.1360,-6.1510,5.2608,15.7650,-168.3811,5846.8569,5846.8569
3508,0.50,-0.6285,+0.1153,-6.1418,5.5133,94.9493,-168.0659,5816.4229,5816.4229
3509,0.52,-0.8095,+0.0989,-6.1416,5.3321,54.3275,-167.6725,5765.2793,5765.2793
3510,0.51,-0.9964,-1.0338,-6.1494,5.1530,11.1830,-167.7718,5769.0977,5769.0977
3511,0.50,-0.5033,-0.1394,-6.1560,5.6526,106.1116,-167.7773,5782.3750,5782.3750
3512,0.52,-0.5071,-0.3346,-6.1683,5.6612,137.2804,-167.5826,5788.3301,5788.3301
3513,0.52,-0.4985,+0.2216,-6.1722,5.6738,187.5258,-168.4973,5848.3696,5848.3696
3514,0.50,-0.7961,+0.0526,-6.1668,5.3707,18.3239,-167.9721,5807.3330,5807.3330
3515,0.51,-1.7031,+0.1061,-6.1875,4.4844,33.2552,-166.1479,5649.0034,5649.0034
3516,0.52,0.6681,+0.8892,-6.1906,6.8587,1218.1685,-166.3071,5792.8896,5792.8896
3517,0.52,-1.1951,+0.1021,-6.1625,4.9674,13.2496,-166.5327,5664.9014,5664.9014
3518,0.52,0.3681,-0.7221,-6.1571,6.5252,448.8264,-167.5030,5875.9321,5875.9321
3519,0.51,8.7392,+2.4817,-6.1620,14.9012,23037.8164,-166.6508,6413.6338,6413.6338
3520,0.53,-0.8217,-0.3240,-6.1738,5.3521,58.7353,-168.1451,5841.5195,5841.5195
3521,0.52,-0.7396,-0.0752,-6.1703,5.4307,37.6115,-167.6025,5833.1572,5833.1572
3522,0.51,-0.8032,+0.0538,-6.1809,5.3778,68.8804,-167.4586,5823.5254,5823.5254
3523,0.52,-0.8175,-0.1551,-6.1808,5.3633,40.9040,-167.8398,5832.5137,5832.5137
3524,0.50,-0.8064,+0.2410,-6.1786,5.3721,48.1778,-167.9152,5841.1631,5841.1631
3525,0.52,-1.0754,+0.1638,-6.1844,5.1090,19.9356,-168.7277,5896.1245,5896.1245
3526,0.50,-1.0614,+0.1112,-6.1796,5.1182,17.9564,-168.1235,5838.6323,5838.6323
3527,0.51,-1.0276,-0.0348,-6.1847,5.1571,29.5965,-168.6849,5872.8174,5872.8174
3528,0.50,-1.2337,+0.4456,-6.1836,4.9499,11.6846,-168.4065,5845.4229,5845.4229
3529,0.52,-1.2058,+0.1697,-6.1665,4.9607,7.3358,-167.9301,5820.1895,5820.1895
3530,0.51,-1.3062,+0.1016,-6.1736,4.8674,5.2853,-168.9123,5873.9375,5873.9375
3531,0.52,-0.8164,+0.0924,-6.1868,5.3704,4.7003,-167.7916,5810.3252,5810.3252
3532,0.51,-1.1234,-0.0214,-6.1927,5.0693,2.5955,-164.3542,5560.7764,5560.7764
3533,0.50,-0.9358,-0.0725,-6.1990,5.2633,5.7381,-167.7114,5816.1255,5816.1255
3534,0.49,-0.9662,+0.2613,-6.1852,5.2190,13.1396,-169.1482,5907.7935,5907.7935
3535,0.52,-1.0594,-0.1118,-6.1692,5.1098,4.5398,-168.1838,5843.9404,5843.9404
3536,0.50,-0.9115,+0.2880,-6.1727,5.2612,9.0190,-171.6586,6085.5186,6085.5186
3537,0.51,-0.9393,-0.0510,-6.1775,5.2382,11.4412,-165.4349,5642.3652,5642.3652
3538,0.51,-0.9549,+0.2971,-6.1799,5.2250,4.5989,-165.2399,5648.0039,5648.0039
3539,0.50,-0.7534,+0.0593,-6.1875,5.4341,26.1329,-163.4146,5534.0454,5534.0454
3540,0.51,-0.6814,+0.0800,-6.1927,5.5114,29.8409,-165.8897,5721.5806,5721.5806
3541,0.50,-0.6540,-0.7115,-6.1706,5.5166,48.8283,-167.5713,5829.8774,5829.8774
3542,0.50,-1.3697,-0.1255,-6.1794,4.8097,43.9305,-166.3981,5740.2588,5740.2588
3543,0.50,-0.7774,-0.0520,-6.1813,5.4038,43.0481,-165.7407,5692.0894,5692.0894
3544,0.52,-0.8688,-0.0920,-6.1974,5.3287,20.6411,-166.3852,5738.7119,5738.7119
3545,0.49,-0.8884,+0.0067,-6.1737,5.2853,19.2751,-167.2390,5804.0918,5804.0918
3546,0.50,-0.3828,+0.0818,-6.1926,5.8098,87.9027,-165.7242,5755.3774,5755.3774
3547,0.52,-0.6429,+0.0459,-6.2011,5.5582,33.1028,-164.6325,5652.4424,5652.4424
3548,0.50,-0.3657,-0.4968,-6.2104,5.8447,44.0010,-162.7992,5541.5908,5541.5908
3549,0.52,-0.7850,-0.1476,-6.2088,5.4238,18.8383,-164.9166,5660.7393,5660.7393
3550,0.52,-1.0638,+0.0503,-6.1978,5.1340,32.2732,-166.9200,5787.2451,5787.2451
3551,0.50,-0.4735,+0.3438,-6.1905,5.7170,114.8840,-167.0385,5781.6436,5781.6436
3552,0.50,-0.7414,+0.1730,-6.2008,5.4594,18.7481,-166.6965,5778.1143,5778.1143
3553,0.51,-0.6027,-0.1235,-6.1902,5.5875,48.7255,-168.8925,5939.9307,5939.9307
3554,0.50,-0.9442,+0.0472,-6.1779,5.2337,28.4894,-168.3319,5895.2080,5895.2080
3555,0.50,-0.8648,-0.1463,-6.1804,5.3157,59.3039,-168.1730,5907.9453,5907.9453
3556,0.54,-0.5563,+0.2570,-6.1711,5.6149,67.9074,-167.6914,5877.4414,5877.4414
3557,0.52,-0.6718,+0.0719,-6.1781,5.5062,114.9250,-168.5534,5935.7256,5935.7256
3558,0.51,-0.6191,-0.2226,-6.2046,5.5855,52.5786,-166.9299,5834.1875,5834.1875
3559,0.50,1.7750,+1.0589,-6.1961,7.9711,2606.5386,-166.3316,5991.4707,5991.4707
3560,0.51,-0.8887,+0.1415,-6.1741,5.2854,27.1095,-167.3940,5825.6309,5825.6309
3561,0.51,-0.6754,+0.0627,-6.1742,5.4988,45.3570,-165.3866,5709.8452,5709.8452
3562,0.51,0.2139,-0.0761,-6.1825,6.3965,238.3819,-165.5789,5757.8369,5757.8369
3563,0.52,-0.1861,+0.4833,-6.1976,6.0115,142.8197,-165.1520,5722.5000,5722.5000
3564,0.51,0.2685,+0.2127,-6.1981,6.4666,375.1323,-164.6949,5742.2705,5742.2705
3565,0.51,-0.9943,+0.4347,-6.1790,5.1846,91.0184,-165.1955,5705.8379,5705.8379
3566,0.52,-0.3334,+0.4904,-6.1421,5.8087,74.5561,-167.8618,5912.8691,5912.8691
3567,0.50,-0.6898,+0.4557,-6.1498,5.4600,43.6407,-167.3677,5851.2202,5851.2202
3568,0.53,-0.4833,-0.2360,-6.1719,5.6885,60.8759,-167.1417,5876.2490,5876.2490
3569,0.51,-0.5336,-0.1494,-6.1522,5.6186,62.9693,-168.1430,5946.0513,5946.0513
3570,0.51,-0.3976,+0.3971,-6.1395,5.7419,115.6027,-167.9531,5895.7173,5895.7173
3571,0.51,-0.4916,+0.0447,-6.1410,5.6495,62.9993,-168.7343,5944.4297,5944.4297
3572,0.52,-0.2876,-3.0176,-6.1362,5.8486,113.3626,-167.7506,5854.9600,5854.9600
3573,0.50,-0.6966,+0.1553,-6.1552,5.4586,52.5021,-166.9885,5796.8706,5796.8706
3574,0.51,-0.9054,+0.0062,-6.1616,5.2562,37.6966,-166.0538,5698.9595,5698.9595
3575,0.52,-0.8384,-0.0437,-6.1469,5.3084,40.0810,-167.6892,5820.2896,5820.2896
3576,0.50,-0.9327,-0.3945,-6.1599,5.2272,44.6180,-165.6599,5677.9414,5677.9414
3577,0.51,-1.0773,-0.1126,-6.2056,5.1282,35.3278,-164.8405,5622.5732,5622.5732
3578,0.52,-1.0238,+0.1537,-6.1946,5.1709,17.0076,-165.0359,5636.0425,5636.0425
3579,0.51,-0.7968,-0.2815,-6.1681,5.3714,32.2562,-166.2633,5739.5039,5739.5039
3580,0.50,-0.7224,+0.2115,-6.1733,5.4510,33.7335,-165.5783,5684.8740,5684.8740
3581,0.50,-0.5784,+0.1043,-6.1849,5.6065,45.2577,-164.8997,5654.0337,5654.0337
3582,0.52,-0.6185,-0.1378,-6.2207,5.6022,49.0513,-163.9831,5595.9746,5595.9746
3583,0.50,-0.6186,-0.0374,-6.2111,5.5925,15.4915,-164.2920,5605.8916,5605.8916
3584,0.50,-0.5981,-0.0788,-6.1764,5.5784,53.2924,-168.4603,5885.6826,5885.6826
3585,0.50,-0.6050,-0.0156,-6.1689,5.5638,47.7493,-167.9544,5852.4648,5852.4648
3586,0.49,-0.6384,+0.0056,-6.1765,5.5381,86.0079,-167.5371,5825.7939,5825.7939
3587,0.52,-0.8968,-0.0995,-6.1816,5.2849,40.9756,-166.7140,5759.0566,5759.0566
3588,0.51,-0.4443,+0.0506,-6.1702,5.7259,35.8005,-166.7865,5788.3545,5788.3545
3589,0.49,-0.5704,+0.1367,-6.1703,5.5999,30.9414,-167.0103,5777.0703,5777.0703
3590,0.52,-0.7509,-0.0254,-6.1588,5.4079,30.8701,-167.5957,5815.3359,5815.3359
3591,0.52,-0.7321,+0.1332,-6.1732,5.4411,39.1881,-168.0034,5849.9912,5849.9912
3592,0.51,-0.5766,+0.0562,-6.1477,5.5710,64.0152,-169.2900,5922.5991,5922.5991
3593,0.51,-1.0304,+0.0303,-6.1578,5.1274,28.1862,-169.0767,5895.9229,5895.9229
3594,0.52,-0.4679,-0.0814,-6.1580,5.6901,58.9813,-167.8396,5854.9131,5854.9131
3595,0.51,-0.7863,+0.0901,-6.1793,5.3930,54.9634,-167.2250,5794.7236,5794.7236
3596,0.50,-0.6055,+0.1146,-6.1619,5.5564,65.7650,-165.9892,5739.3291,5739.3291
3597,0.50,-0.7601,-0.0021,-6.1705,5.4104,28.5627,-167.3424,5808.2681,5808.2681
3598,0.49,-0.3413,-0.4344,-6.1897,5.8484,142.0502,-165.5573,5720.2637,5720.2637
3599,0.49,-0.7199,+0.3006,-6.1729,5.4530,46.2184,-166.9059,5809.4194,5809.4194
3600,0.51,-0.6355,-0.0531,-6.1800,5.5445,66.6387,-166.9511,5791.9946,5791.9946
3601,0.49,-0.7451,+0.1160,-6.2014,5.4563,48.4560,-165.0665,5683.0747,5683.0747
3602,0.51,-0.5852,-0.2104,-6.1784,5.5932,50.8754,-165.7301,5708.5967,5708.5967
3603,0.50,-0.4241,-0.0372,-6.1933,5.7691,60.3580,-165.2829,5687.6323,5687.6323
3604,0.49,-0.5394,+0.0187,-6.1963,5.6569,35.5635,-164.5610,5654.4800,5654.4800
3605,0.49,-0.6828,+0.3388,-6.2079,5.5251,142.8168,-164.1776,5632.2520,5632.2520
3606,0.50,-0.5569,-0.0431,-6.1917,5.6349,32.9237,-166.0514,5761.0107,5761.0107
3607,0.49,-0.6926,+0.2383,-6.2019,5.5094,27.8694,-166.1740,5758.5400,5758.5400
3608,0.49,-1.1099,+0.0816,-6.1808,5.0709,56.3088,-166.6401,5766.9717,5766.9717
3609,0.50,-0.4897,+0.0316,-6.1765,5.6868,60.2603,-165.9980,5730.8330,5730.8330
3610,0.50,-0.6927,-0.0537,-6.1711,5.4784,32.8315,-166.8504,5789.9521,5789.9521
3611,0.50,-0.5437,-0.0747,-6.1887,5.6450,32.4501,-166.1610,5752.0513,5752.0513
3612,0.50,-0.2108,+0.0414,-6.1572,5.9464,32.6969,-166.0238,5752.2725,5752.2725
3613,0.51,-0.3079,-0.0770,-6.1381,5.8302,46.1821,-167.2592,5820.3770,5820.3770
3614,0.50,-0.0186,-0.5627,-6.1381,6.1196,89.5897,-166.5788,5793.5732,5793.5732
3615,0.50,2.7919,+0.4886,-6.1431,8.9350,2955.2610,-168.2188,6043.5938,6043.5938
3616,0.49,-0.5637,+0.2290,-6.1692,5.6056,14.1095,-166.8969,5762.4331,5762.4331
3617,0.50,-0.5377,-0.2907,-6.1730,5.6352,88.3168,-165.2900,5650.5645,5650.5645
3618,0.50,-0.1877,+0.0590,-6.1917,6.0039,52.0966,-163.2504,5543.7192,5543.7192
3619,0.50,0.0259,-0.0944,-6.1858,6.2117,101.0804,-163.6422,5545.5039,5545.5039
3620,0.48,-0.4870,-0.0239,-6.1707,5.6837,48.0321,-163.6602,5534.3745,5534.3745
3621,0.50,-0.1910,-0.0320,-6.1483,5.9572,57.4418,-165.6033,5699.4834,5699.4834
3622,0.50,-0.5217,-0.2622,-6.1788,5.6571,83.4785,-164.7532,5644.0928,5644.0928
3623,0.49,-0.3514,-0.2896,-6.1798,5.8284,54.5269,-166.0004,5720.1743,5720.1743
3624,0.47,-0.6136,+0.0626,-6.1882,5.5746,37.2962,-166.2860,5716.1318,5716.1318
3625,0.48,-0.7806,+0.3066,-6.1899,5.4093,17.6343,-165.9863,5709.8486,5709.8486
3626,0.49,-0.9218,+0.1250,-6.2004,5.2786,33.6329,-168.0333,5833.3691,5833.3691
3627,0.49,-0.4642,-0.2468,-6.1931,5.7290,71.3032,-166.3108,5739.5518,5739.5518
3628,0.50,-0.6804,-0.2257,-6.1930,5.5126,35.7681,-166.4311,5740.2788,5740.2788
3629,0.51,-0.8304,-0.0296,-6.1885,5.3580,50.9622,-166.7608,5766.3433,5766.3433
3630,0.51,-0.5130,+0.1522,-6.1561,5.6431,52.1898,-168.6385,5897.9385,5897.9385
3631,0.49,-1.0139,-0.0296,-6.1362,5.1223,43.9610,-170.6078,6001.4082,6001.4082
3632,0.51,-0.9638,-0.1135,-6.1415,5.1777,42.6998,-171.0087,6050.1816,6050.1816
3633,0.50,-0.6662,-0.1982,-6.1778,5.5115,23.1424,-166.9478,5791.8604,5791.8604
3634,0.49,-0.4600,+0.2941,-6.1657,5.7056,55.2995,-166.6186,5779.2456,5779.2456
3635,0.51,-0.4025,+0.0280,-6.1531,5.7506,29.6074,-167.9519,5864.3223,5864.3223
3636,0.49,-0.3519,-0.2431,-6.1547,5.8028,40.1859,-169.1330,5946.6489,5946.6489
3637,0.48,-0.3190,-0.1571,-6.1250,5.8060,51.8130,-168.2806,5866.9404,5866.9404
3638,0.50,-0.1977,+0.1629,-6.1220,5.9243,55.6804,-167.6407,5831.8237,5831.8237
3639,0.48,-0.5822,+0.1555,-6.1264,5.5442,39.4109,-166.7494,5754.1504,5754.1504
3640,0.49,1.8428,-0.2776,-6.1533,7.9961,1937.4664,-166.3811,5599.3945,5599.3945
3641,0.50,-0.4810,+0.0145,-6.1821,5.7012,28.4076,-166.1057,5750.9902,5750.9902
3642,0.51,-0.4705,-0.1606,-6.1718,5.7012,30.0143,-166.8242,5753.9531,5753.9531
3643,0.50,-1.0376,+0.0409,-6.1802,5.1425,12.7274,-169.5904,5959.2124,5959.2124
3644,0.48,-0.7172,-0.1066,-6.1689,5.4517,24.5892,-168.2129,5919.4214,5919.4214
3645,0.48,-0.6188,-0.4705,-6.1765,5.5577,31.3194,-166.7526,5831.9834,5831.9834
3646,0.50,-0.6164,-0.3271,-6.1535,5.5371,44.3584,-166.1920,5761.3418,5761.3418
3647,0.50,-0.6787,+0.0134,-6.1697,5.4910,47.5591,-167.8146,5858.3623,5858.3623
3648,0.51,-0.6518,-0.0752,-6.2042,5.5524,34.9821,-165.4025,5730.9648,5730.9648
3649,0.48,-0.6791,-0.0997,-6.2016,5.5225,42.7040,-166.3490,5770.6465,5770.6465
3650,0.50,-0.6736,-0.3726,-6.1609,5.4874,17.9682,-167.9410,5838.7632,5838.7632
3651,0.48,-0.7245,-0.0744,-6.1767,5.4522,31.9256,-167.0813,5786.5645,5786.5645
3652,0.52,-0.4551,+0.2420,-6.1981,5.7430,44.9945,-166.5634,5768.8770,5768.8770
3653,0.49,-0.7147,+0.3605,-6.1760,5.4612,38.8138,-165.3103,5648.6855,5648.6855
3654,0.51,-0.5813,+0.0444,-6.1658,5.5846,40.1214,-165.7594,5701.5454,5701.5454
3655,0.50,-0.5890,-0.1420,-6.1570,5.5680,44.2566,-165.6888,5709.3857,5709.3857
3656,0.49,-0.2716,+0.1466,-6.1658,5.8943,131.1363,-165.1781,5697.2939,5697.2939
3657,0.49,-0.4321,-0.2838,-6.1597,5.7276,45.4647,-165.4385,5693.5400,5693.5400
3658,0.48,-0.6140,-0.0108,-6.1506,5.5366,47.7867,-165.7609,5726.7593,5726.7593
3659,0.49,-0.5168,+0.2295,-6.1594,5.6427,57.0096,-167.8758,5879.2847,5879.2847
3660,0.49,-0.3636,-0.2740,-6.1766,5.8130,30.4871,-168.5909,5915.0039,5915.0039
3661,0.50,0.3336,+0.0420,-6.1503,6.4839,140.2386,-166.7175,5834.9561,5834.9561
3662,0.48,0.5060,+0.4476,-6.1745,6.6805,129.3559,-165.6641,5759.5508,5759.5508
3663,0.47,0.0402,+0.1995,-6.1461,6.1863,84.6737,-166.3422,5790.3452,5790.3452
3664,0.48,-0.2894,+0.3136,-6.1487,5.8592,35.8884,-167.5204,5845.3125,5845.3125
3665,0.49,0.1277,-0.1211,-6.1396,6.2673,105.3599,-168.1728,5915.6050,5915.6050
3666,0.49,-0.0972,-0.2053,-6.1599,6.0627,118.4699,-168.1361,5900.9932,5900.9932
3667,0.51,-0.0501,-0.0491,-6.1729,6.1228,79.6135,-167.4429,5844.2383,5844.2383
3668,0.49,0.1014,+0.1237,-6.1762,6.2776,91.6543,-165.4276,5723.9482,5723.9482
3669,0.49,0.0018,+0.1807,-6.1655,6.1673,71.8910,-165.8983,5763.2144,5763.2144
3670,0.50,-0.2070,+0.1141,-6.1491,5.9421,79.5406,-167.4003,5889.1216,5889.1216
3671,0.51,-0.2724,-0.2823,-6.1345,5.8621,64.2654,-167.1152,5840.6284,5840.6284
3672,0.49,0.1843,-0.4045,-6.1454,6.3297,138.1744,-166.0154,5816.2456,5816.2456
3673,0.51,0.1727,+0.0836,-6.1518,6.3246,107.6521,-166.9810,5845.8647,5845.8647
3674,0.49,-0.1623,+1.1249,-6.1383,5.9761,57.4628,-166.5306,5822.8750,5822.8750
3675,0.49,0.9124,-0.2698,-6.1388,7.0512,477.4832,-167.2310,5892.6436,5892.6436
3676,0.49,1.5529,-0.6043,-6.1650,7.7179,745.6538,-165.1395,5796.2427,5796.2427
3677,0.50,0.4095,-0.9206,-6.1609,6.5704,274.7686,-165.2875,5719.2402,5719.2402
3678,0.48,0.5463,+1.0230,-6.1400,6.6863,352.3380,-164.2320,5675.9102,5675.9102
3679,0.49,0.6216,-0.5738,-6.1424,6.7640,168.4478,-164.1498,5652.7666,5652.7666
3680,0.49,0.0538,-0.6028,-6.1425,6.1962,82.8187,-164.5582,5640.8691,5640.8691
3681,0.50,0.8550,-0.7188,-6.1359,6.9909,209.1766,-165.2081,5715.5732,5715.5732
3682,0.49,-0.3220,-0.0797,-6.1677,5.8457,44.0327,-165.2128,5674.6812,5674.6812
3683,0.50,0.3291,+0.0564,-6.1709,6.4999,76.6777,-164.6682,5704.4980,5704.4980
3684,0.51,-0.4846,-0.2281,-6.1613,5.6767,31.9220,-166.3579,5724.9771,5724.9771
3685,0.50,-0.3345,-0.2352,-6.1988,5.8643,42.7321,-163.1596,5510.9893,5510.9893
3686,0.49,-0.0823,+0.0130,-6.1796,6.0972,96.6994,-166.0587,5742.4995,5742.4995
3687,0.50,0.0892,-0.0968,-6.1701,6.2593,84.7464,-166.1802,5748.6553,5748.6553
3688,0.49,-0.1677,-0.0700,-6.1758,6.0081,67.8163,-165.2740,5676.0991,5676.0991
3689,0.48,-0.2864,-0.1325,-6.1974,5.9109,41.7094,-164.2055,5637.4814,5637.4814
3690,0.48,-0.0724,+0.0622,-6.1711,6.0987,70.2318,-167.1978,5828.6006,5828.6006
3691,0.51,0.0564,+0.1251,-6.1574,6.2138,58.1434,-166.9086,5813.3438,5813.3438
3692,0.48,-0.3196,-0.1769,-6.1277,5.8080,49.2524,-169.5268,5983.4609,5983.4609
3693,0.48,-0.3519,-0.1159,-6.1601,5.8082,32.6480,-167.8559,5886.6704,5886.6704
3694,0.50,-0.0546,+0.1424,-6.1373,6.0827,44.5956,-168.8716,5946.0830,5946.0830
3695,0.49,0.1008,-0.1892,-6.1550,6.2558,69.4875,-168.8235,5962.1074,5962.1074
3696,0.49,0.0207,-0.1386,-6.1390,6.1597,51.4239,-169.2846,5983.0674,5983.0674
3697,0.51,-0.0841,-0.2008,-6.1300,6.0458,46.5811,-168.7672,5937.2212,5937.2212
3698,0.48,-0.1324,+0.0364,-6.1246,5.9922,36.9712,-170.0689,6008.3877,6008.3877
3699,0.48,-0.1793,+0.1074,-6.1419,5.9626,44.2352,-167.7585,5838.3647,5838.3647
3700,0.51,-0.0524,+0.1655,-6.1265,6.0741,40.2107,-166.9569,5795.7896,5795.7896
3701,0.54,-0.1326,-0.1590,-6.1431,6.0105,49.7762,-166.7565,5786.2632,5786.2632
3702,0.52,-0.1804,-0.1455,-6.1527,5.9723,62.4951,-168.5099,5905.3613,5905.3613
3703,0.54,-3.4324,+1.1450,-6.1580,2.7256,2109.8364,-168.0178,5692.4756,5692.4756
3704,0.52,-0.0234,-0.2117,-6.1630,6.1395,41.4677,-167.8372,5865.6758,5865.6758
3705,0.54,-0.0276,-0.1819,-6.1741,6.1464,42.9692,-167.1947,5803.6914,5803.6914
3706,0.52,-0.2248,+0.0631,-6.1740,5.9492,41.8078,-167.4047,5809.7690,5809.7690
3707,0.54,-0.0447,-0.0203,-6.1592,6.1145,46.4983,-166.8043,5760.2666,5760.2666
3708,0.51,-0.5080,-0.1746,-6.1536,5.6456,65.3283,-167.2347,5756.8364,5756.8364
3709,0.53,0.1481,+0.1466,-6.1367,6.2848,79.0607,-166.1552,5728.9365,5728.9365
3710,0.53,-0.3412,+0.1044,-6.1469,5.8057,60.6340,-168.5275,5889.6934,5889.6934
3711,0.54,-0.8657,-0.3048,-6.1224,5.2567,50.7462,-169.4876,5892.8062,5892.8062
3712,0.53,-0.4871,+0.0693,-6.1292,5.6421,13.3918,-169.2352,5933.3701,5933.3701
3713,0.52,-0.0515,-0.4031,-6.1052,6.0536,82.3397,-168.3667,5903.1616,5903.1616
3714,0.53,-0.2230,+0.1670,-6.1081,5.8851,32.6393,-168.9271,5946.9775,5946.9775
3715,0.52,-0.5306,+0.1892,-6.1182,5.5876,25.0718,-170.0775,5990.9243,5990.9243
3716,0.52,-0.2720,-0.0532,-6.1282,5.8562,36.8328,-168.3335,5885.5674,5885.5674
3717,0.52,-0.2943,-0.2569,-6.1437,5.8494,33.4363,-167.8810,5849.8403,5849.8403
3718,0.55,-0.0744,-0.2859,-6.1405,6.0661,41.5312,-168.2356,5864.7617,5864.7617
3719,0.53,-0.3260,+0.3281,-6.1199,5.7939,30.5542,-167.3724,5799.1777,5799.1777
3720,0.51,-0.1507,-0.2355,-6.1262,5.9754,66.5477,-167.0939,5781.3452,5781.3452
3721,0.53,-0.3555,+0.4601,-6.1408,5.7852,25.6080,-165.3801,5656.0718,5656.0718
3722,0.54,-0.4880,-0.1612,-6.1400,5.6520,35.7683,-167.0217,5769.7974,5769.7974
3723,0.53,-0.6612,+0.0318,-6.1452,5.4840,15.3503,-166.5583,5715.9912,5715.9912
3724,0.52,-0.3767,+0.0618,-6.1496,5.7729,23.7586,-171.8512,6109.4507,6109.4507
3725,0.53,-0.8990,-0.0650,-6.1260,5.2270,14.3697,-171.0128,6064.9927,6064.9927
3726,0.53,-0.6482,+0.0267,-6.1225,5.4743,22.7369,-167.7785,5814.8076,5814.8076
3727,0.52,-0.7025,-0.0891,-6.1307,5.4283,11.7212,-168.3142,5839.8184,5839.8184
3728,0.54,-0.4696,-0.1841,-6.1405,5.6709,50.1824,-167.5423,5807.9443,5807.9443
3729,0.54,-0.6450,-0.0699,-6.1279,5.4828,28.2238,-167.3048,5787.3809,5787.3809
3730,0.54,-0.9290,-0.2909,-6.1090,5.1801,3.1511,-169.7855,5909.2861,5909.2861
3731,0.54,-0.4725,+0.3108,-6.1090,5.6365,15.9289,-169.6280,5930.1279,5930.1279
3732,0.54,-0.8546,+0.0530,-6.1052,5.2507,7.7271,-171.1822,6033.6426,6033.6426
3733,0.52,-0.5888,-0.1580,-6.0918,5.5031,21.0555,-172.7971,6118.8711,6118.8711
3734,0.55,-0.5118,+0.0348,-6.1359,5.6241,44.1935,-167.9910,5795.0117,5795.0117
3735,0.53,-0.5663,-0.3527,-6.1733,5.6070,19.9973,-166.5933,5727.8496,5727.8496
3736,0.54,-0.1889,-0.4083,-6.1619,5.9730,120.1705,-168.2920,5880.0767,5880.0767
3737,0.53,-0.3010,+0.4018,-6.1674,5.8664,66.5136,-167.6934,5846.3218,5846.3218
3738,0.53,-0.8418,+0.8268,-6.1700,5.3282,4.8069,-169.1190,5895.0303,5895.0303
3739,0.53,-0.6806,-0.0208,-6.1414,5.4608,4.0785,-169.5420,5897.9053,5897.9053
3740,0.51,-0.4810,+0.0103,-6.1484,5.6674,26.5807,-170.2600,5998.9795,5998.9795
3741,0.53,-0.6001,-0.1669,-6.1626,5.5625,21.2233,-170.6032,6010.6621,6010.6621
3742,0.54,-0.4636,-0.2343,-6.1422,5.6785,26.9244,-166.6380,5737.1211,5737.1211
3743,0.54,-0.7256,+0.1835,-6.1640,5.4385,18.4650,-167.2952,5769.9941,5769.9941
3744,0.52,-0.3915,+0.1384,-6.1442,5.7527,15.2883,-164.6170,5584.2695,5584.2695
3745,0.53,-0.4795,-0.0794,-6.1488,5.6693,30.3209,-167.9848,5840.2358,5840.2358
3746,0.54,2.2715,+1.9157,-6.1396,8.4111,2589.9187,-169.5912,6018.3018,6018.3018
3747,0.54,-0.4428,+0.0090,-6.1269,5.6841,42.4646,-168.9946,5918.5967,5918.5967
3748,0.54,-0.5709,-0.0632,-6.1216,5.5507,19.8857,-168.6898,5891.0059,5891.0059
3749,0.54,-0.5061,-0.0051,-6.1030,5.5968,47.2947,-167.9607,5871.4873,5871.4873
3750,0.53,-0.2397,-0.1686,-6.1097,5.8700,45.2580,-169.1426,5943.8403,5943.8403
3751,0.53,-0.3506,+0.2818,-6.1029,5.7523,51.8880,-169.7596,5974.7725,5974.7725
3752,0.54,-0.6988,-0.2293,-6.1080,5.4092,30.7489,-169.8018,5970.8438,5970.8438
3753,0.53,-0.5277,+0.3303,-6.0776,5.5499,29.7041,-171.8214,6129.9556,6129.9556
3754,0.52,-0.4776,-0.1525,-6.1082,5.6306,23.5518,-175.1186,6359.7319,6359.7319
3755,0.54,-0.2742,-0.0703,-6.0928,5.8187,49.7106,-171.0086,6040.4932,6040.4932
3756,0.52,-0.3769,+0.0197,-6.1136,5.7367,33.1361,-170.3116,5992.9570,5992.9570
3757,0.53,-0.1763,-0.1609,-6.1166,5.9402,74.3243,-170.5387,6004.4390,6004.4390
3758,0.53,-0.3496,-0.1396,-6.1144,5.7648,70.6236,-170.1155,5969.0195,5969.0195
3759,0.54,-0.2380,-0.0127,-6.1243,5.8863,57.4143,-170.6249,6013.0864,6013.0864
3760,0.54,-0.5886,-0.0202,-6.1361,5.5475,74.6749,-167.6371,5783.1650,5783.1650
3761,0.53,-0.4240,-0.1058,-6.1259,5.7020,57.7249,-168.8576,5882.5527,5882.5527
3762,0.55,-0.8399,-0.1117,-6.1143,5.2744,77.5062,-168.3945,5824.5801,5824.5801
3763,0.51,-0.4023,-0.0415,-6.1044,5.7021,58.3455,-168.0998,5824.9653,5824.9653
3764,0.53,-0.4677,-0.2292,-6.0669,5.5992,62.6377,-170.0396,5931.6426,5931.6426
3765,0.52,-0.3372,+0.2050,-6.1042,5.7670,71.4504,-169.4023,5932.4082,5932.4082
3766,0.54,-0.2487,+0.0487,-6.1181,5.8694,69.7848,-167.4012,5797.3711,5797.3711
3767,0.53,-0.3636,-0.0401,-6.1025,5.7389,24.2965,-170.9962,6044.6836,6044.6836
3768,0.52,-0.4712,-0.2228,-6.1091,5.6379,77.5593,-170.5524,6013.4189,6013.4189
3769,0.54,-0.4870,+0.0177,-6.1171,5.6302,53.6750,-168.8536,5894.7734,5894.7734
3770,0.51,-0.4307,-0.0243,-6.1121,5.6814,44.3574,-169.0479,5901.3018,5901.3018
3771,0.52,-0.2877,+0.1255,-6.1170,5.8293,39.5610,-170.0449,5976.0947,5976.0947
3772,0.54,-0.4722,-0.1674,-6.1111,5.6389,18.1363,-170.5840,6016.3291,6016.3291
3773,0.53,-0.3594,-0.2707,-6.1079,5.7485,27.9373,-171.8970,6077.1099,6077.1099
3774,0.53,-0.2672,+0.0999,-6.1057,5.8385,63.3964,-171.8765,6085.5039,6085.5039
3775,0.52,-0.3145,+0.3485,-6.0841,5.7696,38.5631,-170.7023,5989.9390,5989.9390
3776,0.53,-0.2055,-0.0137,-6.0881,5.8827,52.5642,-170.6671,6015.2822,6015.2822
3777,0.52,-0.5975,+0.0261,-6.0791,5.4816,43.3939,-172.1165,6093.6113,6093.6113
3778,0.54,-0.3918,-0.1333,-6.0955,5.7037,41.6033,-170.5408,5995.5518,5995.5518
3779,0.53,-0.1305,+0.2516,-6.0956,5.9651,97.6488,-169.2284,5913.0771,5913.0771
3780,0.53,-0.6126,+0.9492,-6.0993,5.4867,15.9991,-169.8997,5965.1802,5965.1802
3781,0.53,1.6554,-1.9734,-6.0827,7.7381,1671.6042,-169.1010,6018.7783,6018.7783
3782,0.53,-0.4567,+0.0379,-6.1064,5.6497,36.6223,-166.8943,5750.1797,5750.1797
3783,0.52,-0.5751,-0.1429,-6.0826,5.5075,44.5553,-168.8449,5878.1855,5878.1855
3784,0.53,-1.4817,-0.6307,-6.0894,4.6077,96.7579,-169.0237,5875.0679,5875.0679
3785,0.52,1.0039,-0.3091,-6.0881,7.0921,778.9590,-171.2649,6086.4692,6086.4692
3786,0.52,-0.5626,+0.1246,-6.1176,5.5549,40.0397,-168.6283,5884.6753,5884.6753
3787,0.53,-0.4202,-0.9145,-6.0812,5.6610,89.9740,-169.7899,5917.2959,5917.2959
3788,0.53,-0.6435,+0.0991,-6.0910,5.4475,8.2687,-170.5841,5952.1792,5952.1792
3789,0.55,-0.2167,+1.7298,-6.0913,5.8746,178.2919,-166.9582,5759.2593,5759.2593
3790,0.52,0.8664,+1.0621,-6.0849,6.9513,759.4512,-167.5852,5863.2119,5863.2119
3791,0.52,-0.6812,+0.1638,-6.0973,5.4162,29.3872,-169.4608,5898.6191,5898.6191
3792,0.53,-0.4487,-0.1216,-6.0792,5.6305,35.7541,-169.9063,5946.0371,5946.0371
3793,0.54,0.7425,+0.3310,-6.1015,6.8440,556.3730,-167.5209,5830.7021,5830.7021
3794,0.54,-0.4444,-0.0185,-6.0876,5.6432,33.6421,-169.3253,5913.5303,5913.5303
3795,0.53,-0.6308,+0.0152,-6.0760,5.4451,33.4414,-170.7594,6000.2842,6000.2842
3796,0.53,-0.2697,-0.0410,-6.0697,5.7999,88.9440,-170.1508,5969.2632,5969.2632
3797,0.53,-0.4248,+0.2398,-6.0356,5.6107,122.3540,-170.6452,6000.8145,6000.8145
3798,0.53,-0.2596,-0.0385,-6.0674,5.8077,47.8701,-173.0263,6160.2280,6160.2280
3799,0.53,-0.5900,+0.3356,-6.0766,5.4866,54.1127,-171.1854,6009.1030,6009.1030
3800,0.54,-0.5658,+0.0808,-6.0922,5.5265,41.4519,-170.6168,5984.8135,5984.8135
3801,0.50,-0.2076,-0.0398,-6.0918,5.8842,72.1172,-170.3085,5953.4810,5953.4810
3802,0.54,-0.2270,+0.0354,-6.0906,5.8636,59.2884,-169.8094,5902.9004,5902.9004
3803,0.53,-0.5940,+0.0949,-6.1019,5.5079,29.5746,-170.2974,5945.2495,5945.2495
3804,0.52,-0.5438,-0.2778,-6.0979,5.5541,41.3849,-169.5269,5883.9058,5883.9058
3805,0.53,-0.4488,-0.0473,-6.0886,5.6398,46.8152,-171.1151,5992.3276,5992.3276
3806,0.53,-0.5061,-0.1936,-6.0914,5.5853,21.6946,-170.0143,5922.9722,5922.9722
3807,0.54,-0.2513,+0.0147,-6.1185,5.8672,49.2135,-168.8444,5849.2910,5849.2910
3808,0.55,-0.0716,+0.4054,-6.1059,6.0343,51.9509,-168.5914,5823.8940,5823.8940
3809,0.54,-0.5425,+0.8660,-6.1256,5.5831,10.6098,-168.5841,5796.3652,5796.3652
3810,0.54,-0.0627,+0.1241,-6.0921,6.0294,75.3234,-169.1878,5883.9863,5883.9863
3811,0.52,0.9901,+0.6879,-6.1082,7.0984,594.2014,-167.8270,5816.9951,5816.9951
3812,0.52,-0.0362,-0.3066,-6.0982,6.0620,81.5656,-169.1144,5856.4634,5856.4634
3813,0.54,1.5645,-0.3380,-6.1123,7.6767,848.0206,-168.7500,5859.1538,5859.1538
3814,0.52,-0.3535,-0.6737,-6.1147,5.7612,42.4751,-168.7557,5822.3672,5822.3672
3815,0.51,0.8191,+2.0993,-6.1243,6.9434,419.1831,-168.0265,5812.2334,5812.2334
3816,0.55,-0.2786,-0.2432,-6.1217,5.8431,36.7895,-168.2808,5792.3286,5792.3286
3817,0.54,-0.3182,-0.3373,-6.1243,5.8061,37.3595,-168.0803,5762.0874,5762.0874
3818,0.52,0.0419,-0.1125,-6.1065,6.1484,103.7714,-168.8020,5845.4038,5845.4038
3819,0.54,-0.3958,-0.0329,-6.1287,5.7329,35.5699,-169.0286,5856.9082,5856.9082
3820,0.54,-0.2116,-0.4655,-6.1262,5.9146,77.7145,-167.9128,5806.5723,5806.5723
3821,0.55,3.0765,+1.4545,-6.1390,9.2154,3395.3857,-166.9779,5769.9795,5769.9795
3822,0.53,-0.3015,-0.0715,-6.1137,5.8123,37.3436,-168.0613,5769.9229,5769.9229
3823,0.53,-0.0359,+0.0690,-6.1043,6.0684,53.1131,-167.9297,5794.4595,5794.4595
3824,0.52,1.7311,-1.2369,-6.1119,7.8430,1242.8673,-168.0102,5952.1982,5952.1982
3825,0.53,0.4601,+0.0887,-6.1186,6.5787,301.3842,-166.6372,5755.5459,5755.5459
3826,0.53,-0.1550,-0.0998,-6.1246,5.9696,61.8428,-168.1597,5802.0708,5802.0708
3827,0.54,-0.0230,+0.0994,-6.1220,6.0991,69.1730,-166.5359,5696.5747,5696.5747
3828,0.53,-0.0490,-0.0708,-6.0906,6.0416,68.2045,-167.8817,5768.0176,5768.0176
3829,0.53,-0.2117,+0.0212,-6.1043,5.8927,68.0300,-169.2192,5859.0264,5859.0264
3830,0.54,-0.1469,+0.1541,-6.0906,5.9437,63.8207,-168.3027,5815.1128,5815.1128
3831,0.54,-0.2888,-0.0771,-6.0846,5.7958,44.0720,-169.1539,5873.2588,5873.2588
3832,0.55,-0.1227,-0.1987,-6.0998,5.9771,78.3344,-167.1354,5750.4326,5750.4326
3833,0.55,-0.1010,+0.1184,-6.0992,5.9982,77.2307,-165.4680,5644.1768,5644.1768
3834,0.54,0.0298,+0.0378,-6.1253,6.1551,109.4240,-165.5834,5632.8989,5632.8989
3835,0.54,-0.2243,-0.2271,-6.1055,5.8812,52.2234,-166.5297,5700.1006,5700.1006
3836,0.53,-0.2192,-0.2157,-6.1190,5.8999,53.3858,-167.5317,5776.2656,5776.2656
3837,0.54,-0.2239,-0.0655,-6.1241,5.9002,66.6965,-167.3369,5773.6787,5773.6787
3838,0.53,-0.0137,-0.0593,-6.1515,6.1378,80.3031,-166.0480,5698.9204,5698.9204
3839,0.54,0.0654,+0.1228,-6.1640,6.2293,77.4520,-167.0183,5757.8228,5757.8228
3840,0.52,-0.1760,+0.2287,-6.1321,5.9561,82.5648,-167.4331,5754.9888,5754.9888
3841,0.54,0.0040,+0.1092,-6.1096,6.1136,84.9708,-169.0397,5885.2617,5885.2617
3842,0.54,-0.7972,+0.1315,-6.1090,5.3118,131.9646,-167.6553,5761.2539,5761.2539
3843,0.53,-0.1215,+0.4034,-6.1048,5.9833,111.7362,-166.6197,5677.4785,5677.4785
3844,0.53,-0.1540,+0.0207,-6.1329,5.9789,59.7104,-165.6689,5625.1133,5625.1133
3845,0.55,-0.1565,+0.0027,-6.1347,5.9782,46.3400,-167.0664,5738.0625,5738.0625
3846,0.54,-0.2255,-0.1026,-6.1677,5.9423,37.4450,-165.3132,5630.7793,5630.7793
3847,0.55,-0.1131,-0.1555,-6.1617,6.0486,58.7989,-165.1980,5623.9062,5623.9062
3848,0.54,-0.3537,-0.1551,-6.1610,5.8073,24.1819,-165.6710,5636.8838,5636.8838
3849,0.53,-0.1471,-0.0356,-6.1388,5.9917,63.0219,-164.6969,5563.4067,5563.4067
3850,0.54,-0.3907,+0.3626,-6.1442,5.7535,43.6489,-165.0271,5574.5312,5574.5312
3851,0.53,-0.2659,+0.2095,-6.1338,5.8679,36.7308,-169.6942,5914.8926,5914.8926
3852,0.53,-0.3212,-0.0427,-6.1447,5.8234,33.7642,-169.4313,5894.5752,5894.5752
3853,0.55,-0.9782,-0.4509,-6.1304,5.1522,53.5672,-167.2600,5717.5273,5717.5273
3854,0.53,0.5295,+0.8302,-6.1305,6.6600,241.9318,-167.8505,5823.6768,5823.6768
3855,0.54,2.2175,-0.4286,-6.1061,8.3236,1337.8765,-168.9510,5913.4287,5913.4287
3856,0.53,-0.2155,-0.1134,-6.1124,5.8969,110.1830,-170.8720,6014.5811,6014.5811
3857,0.53,-0.4089,+0.1096,-6.1189,5.7100,47.6661,-170.5547,5978.7744,5978.7744
3858,0.53,2.4536,-1.2173,-6.1340,8.5876,2282.0330,-167.1392,5976.1777,5976.1777
3859,0.53,0.9076,+0.1863,-6.1256,7.0332,496.1121,-166.9475,5829.2568,5829.2568
3860,0.54,-0.3485,-0.1485,-6.1334,5.7849,42.4124,-168.4742,5823.8828,5823.8828
3861,0.53,0.6739,+0.9410,-6.1393,6.8132,391.6664,-166.4902,5796.5913,5796.5913
3862,0.53,-0.0327,-0.6038,-6.1246,6.0920,96.8659,-167.1544,5778.7466,5778.7466
3863,0.53,0.8500,-0.6082,-6.1224,6.9724,588.6111,-167.8799,5896.0869,5896.0869
3864,0.53,2.1435,+1.3535,-6.0875,8.2310,1578.7914,-170.4463,6142.1045,6142.1045
3865,0.53,0.3208,+1.5827,-6.0682,6.3890,328.5208,-170.1095,5984.1108,5984.1108
3866,0.54,-0.6593,-0.1112,-6.0884,5.4291,48.5890,-169.0897,5861.4990,5861.4990
3867,0.52,0.1034,-4.7417,-6.0810,6.1844,198.5758,-171.1987,5933.8428,5933.8428
3868,0.53,0.5595,-0.5965,-6.0798,6.6392,353.6256,-171.2647,6074.3320,6074.3320
3869,0.53,-0.2863,-2.4283,-6.0872,5.8009,83.0361,-170.7986,6041.6699,6041.6699
3870,0.52,3.6212,+0.6544,-6.0787,9.6999,4922.6685,-171.9137,6341.0938,6341.0938
3871,0.53,-2.0554,-0.1832,-6.0775,4.0221,308.5436,-171.7538,5954.4707,5954.4707
3872,0.54,2.0942,+0.5061,-6.0886,8.1828,2089.7495,-171.7890,6254.8975,6254.8975
3873,0.53,-0.6159,+0.0741,-6.0851,5.4692,28.3978,-171.7863,6056.2861,6056.2861
3874,0.52,-0.2658,-0.1556,-6.0728,5.8070,26.6102,-172.1700,6091.4917,6091.4917
3875,0.53,-0.4175,+0.0686,-6.0933,5.6758,27.7498,-172.0253,6077.9502,6077.9502
3876,0.53,-0.4069,+0.0313,-6.0860,5.6791,41.4341,-170.1925,5943.0713,5943.0713
3877,0.53,0.2540,+0.0738,-6.1236,6.3776,307.2280,-170.2600,5975.3584,5975.3584
3878,0.52,-0.4040,-0.6301,-6.1119,5.7079,44.8679,-170.0324,5941.4014,5941.4014
3879,0.53,-0.7115,-0.1458,-6.1048,5.3933,34.7785,-172.4363,6089.8467,6089.8467
3880,0.53,-0.3342,+0.0545,-6.1023,5.7681,36.8184,-171.8183,6051.9746,6051.9746
3881,0.54,-0.2477,+0.0280,-6.0707,5.8231,34.5978,-172.0467,6053.8242,6053.8242
3882,0.50,-0.5405,+0.0955,-6.0760,5.5356,11.9718,-171.7448,5982.8789,5982.8789
3883,0.53,-0.4434,-0.0709,-6.0689,5.6254,26.5196,-171.6161,6003.2324,6003.2324
3884,0.52,-0.2629,+0.1848,-6.0719,5.8090,39.5465,-171.6591,6020.6592,6020.6592
3885,0.56,-0.3551,+0.1603,-6.0718,5.7167,36.1904,-172.0589,6039.1890,6039.1890
3886,0.53,-4.4707,+1.3663,-6.0769,1.6062,3686.5117,-169.0984,5641.2163,5641.2163
3887,0.53,-1.3027,+1.3197,-6.0986,4.7959,30.8532,-168.9404,5822.7935,5822.7935
3888,0.53,-1.3145,+0.4758,-6.1276,4.8131,40.8304,-168.9798,5800.8301,5800.8301
3889,0.53,-0.6312,+0.1085,-6.1237,5.4925,22.1199,-170.3730,5919.9438,5919.9438
3890,0.56,-0.3846,-0.2443,-6.1289,5.7443,19.9245,-171.3698,6000.8628,6000.8628
3891,0.54,-0.5068,-0.0350,-6.1154,5.6086,24.7685,-169.6655,5873.4780,5873.4780
3892,0.53,-0.4680,-0.1848,-6.1290,5.6610,28.3039,-166.9542,5702.4209,5702.4209
3893,0.55,-0.4214,-0.3278,-6.0970,5.6756,36.6264,-170.7929,5973.3125,5973.3125
3894,0.53,-0.5428,-0.0919,-6.1019,5.5591,37.8265,-170.2900,5924.3672,5924.3672
3895,0.54,-0.6182,-0.1712,-6.1035,5.4853,36.5185,-169.9410,5905.3408,5905.3408
3896,0.53,-0.3318,+0.0193,-6.1040,5.7721,57.1022,-170.4205,5937.0068,5937.0068
3897,0.54,-0.4458,-0.0208,-6.0960,5.6502,33.3439,-170.5754,5945.6191,5945.6191
3898,0.52,0.0327,+0.0515,-6.0990,6.1316,113.9533,-169.8161,5894.7305,5894.7305
3899,0.53,-0.7264,-0.3232,-6.1203,5.3938,70.9775,-169.2164,5857.8047,5857.8047
3900,0.54,-0.4108,+0.2350,-6.0982,5.6874,46.3027,-169.4605,5874.4712,5874.4712
3901,0.53,-0.1859,-1.0940,-6.0716,5.8857,156.5901,-168.8708,5848.7246,5848.7246
3902,0.53,-1.2484,+0.5050,-6.0981,4.8497,57.1232,-167.7509,5703.1426,5703.1426
3903,0.52,-2.1913,-0.4873,-6.0943,3.9030,427.5108,-169.7448,5782.7021,5782.7021
3904,0.54,-0.7849,+0.1883,-6.1039,5.3191,23.4137,-168.6908,5829.4209,5829.4209
3905,0.53,-0.5050,+0.1386,-6.1055,5.6005,79.7529,-173.7471,6205.3242,6205.3242
3906,0.54,-0.6003,-0.2046,-6.1104,5.5100,21.2449,-171.3899,6004.5117,6004.5117
3907,0.53,-0.3445,+0.0057,-6.1136,5.7690,46.5106,-168.9509,5826.3682,5826.3682
3908,0.53,-0.4355,+0.0142,-6.0735,5.6381,28.1618,-168.9530,5809.0029,5809.0029
3909,0.54,-0.5044,+0.2328,-6.0892,5.5848,50.7390,-169.4309,5856.3164,5856.3164
3910,0.53,-0.4750,+0.0627,-6.1100,5.6350,38.2614,-170.0276,5902.9863,5902.9863
3911,0.54,-0.4305,+0.1427,-6.0998,5.6693,28.0566,-170.7950,5954.8877,5954.8877
3912,0.55,-0.8134,-0.2123,-6.0982,5.2848,50.1406,-170.0648,5893.8984,5893.8984
3913,0.54,-0.7338,+0.1034,-6.0955,5.3617,30.0601,-171.0364,5969.6616,5969.6616
3914,0.52,-0.7102,+0.0175,-6.1066,5.3964,61.2290,-171.8459,6056.7773,6056.7773
3915,0.54,-0.5477,-0.0124,-6.1096,5.5619,27.4691,-170.9604,5995.9443,5995.9443
3916,0.52,-0.1753,-0.0660,-6.0880,5.9127,77.5577,-170.8174,5970.5625,5970.5625
3917,0.53,-0.1285,+0.2449,-6.0861,5.9577,76.6352,-169.9914,5945.9517,5945.9517
3918,0.53,-0.3472,+0.0946,-6.0686,5.7214,46.5030,-170.6901,5971.5586,5971.5586
3919,0.54,-0.6001,+0.3071,-6.0770,5.4768,55.2696,-171.0023,5963.4888,5963.4888
3920,0.54,-0.8111,-0.1534,-6.0803,5.2692,52.4184,-170.9861,5953.8149,5953.8149
3921,0.52,-0.0029,+0.1883,-6.0801,6.0772,257.4696,-172.3335,6082.2866,6082.2866
3922,0.53,-0.3911,-0.1750,-6.0700,5.6788,42.9694,-170.7041,5939.0215,5939.0215
3923,0.55,-0.4727,-0.2017,-6.1013,5.6287,35.7184,-170.5444,5930.3184,5930.3184
3924,0.54,-0.5992,-0.1567,-6.0776,5.4784,30.7315,-171.5724,5992.6675,5992.6675
3925,0.54,0.8524,-0.5614,-6.0968,6.9492,522.0218,-169.9902,5915.5586,5915.5586
3926,0.54,0.1611,-1.3403,-6.1090,6.2701,231.0940,-169.4754,5929.7061,5929.7061
3927,0.56,-0.4248,-0.2132,-6.1115,5.6867,23.3937,-168.5055,5811.4756,5811.4756
3928,0.54,0.3081,+0.1078,-6.0965,6.4046,334.9700,-169.2690,5900.1011,5900.1011
3929,0.54,-0.0802,-0.3346,-6.1011,6.0209,44.7833,-168.8093,5832.7520,5832.7520
3930,0.54,-0.1151,-0.3894,-6.0979,5.9828,69.2488,-170.4102,5957.7656,5957.7656
3931,0.52,-0.1811,+0.1584,-6.1061,5.9250,153.7420,-169.8004,5929.5342,5929.5342
3932,0.52,-0.9241,+0.2642,-6.1091,5.1850,46.1814,-170.1913,5935.9102,5935.9102
3933,0.55,0.2531,+0.4659,-6.0652,6.3183,157.3030,-169.5739,5908.2212,5908.2212
3934,0.53,-0.1818,+0.2034,-6.0959,5.9141,62.8144,-169.3356,5861.8633,5861.8633
3935,0.53,-0.0510,-0.2021,-6.0598,6.0087,87.6560,-168.6481,5811.9077,5811.9077
3936,0.55,-0.0687,+0.1086,-6.0688,6.0001,127.1920,-168.8089,5839.4712,5839.4712
3937,0.53,-0.4396,-0.1125,-6.0577,5.6181,34.4809,-168.9896,5819.3667,5819.3667
3938,0.55,-0.1960,+0.3529,-6.0768,5.8807,45.2106,-169.1895,5827.8647,5827.8647
3939,0.54,-0.5375,-0.2206,-6.0616,5.5241,48.0156,-169.3547,5821.0991,5821.0991
3940,0.53,-0.3939,+0.1176,-6.0798,5.6859,77.6941,-166.5248,5656.7192,5656.7192
3941,0.52,-0.3354,-0.1426,-6.0987,5.7633,84.3251,-166.8829,5677.4189,5677.4189
3942,0.53,-0.4391,-0.2578,-6.1059,5.6668,23.7977,-166.3982,5663.5049,5663.5049
3943,0.53,-0.4941,-0.1784,-6.0908,5.5967,26.0139,-168.3561,5775.3633,5775.3633
3944,0.55,-0.5913,-0.5796,-6.0874,5.4960,30.0326,-169.0257,5799.0283,5799.0283
3945,0.52,-0.0746,-0.2434,-6.0779,6.0034,55.7559,-170.1420,5919.8711,5919.8711
3946,0.54,-0.2670,-0.4739,-6.0823,5.8153,49.8078,-171.3956,6004.2847,6004.2847
3947,0.53,0.3736,+0.0001,-6.0630,6.4366,199.1341,-170.6844,5981.2285,5981.2285
3948,0.52,0.3752,-0.0978,-6.0776,6.4528,223.4845,-168.5899,5856.0811,5856.0811
3949,0.55,0.2493,-0.3094,-6.0988,6.3482,105.5213,-168.3707,5809.9688,5809.9688
3950,0.55,-0.1217,-0.2021,-6.0941,5.9723,77.0904,-169.5880,5876.7720,5876.7720
3951,0.53,-0.1462,-0.2119,-6.0921,5.9459,73.3966,-168.5548,5795.0908,5795.0908
3952,0.53,-0.3991,-0.0683,-6.0962,5.6971,75.5108,-169.3119,5837.6768,5837.6768
3953,0.54,0.3660,+0.3048,-6.0787,6.4447,265.2386,-170.2404,5914.8574,5914.8574
3954,0.53,0.2678,-0.0586,-6.0904,6.3582,208.8840,-169.1895,5866.2207,5866.2207
3955,0.54,0.2547,+0.1316,-6.0794,6.3341,267.1479,-168.9116,5856.5156,5856.5156
3956,0.53,0.2778,-0.3273,-6.0786,6.3564,241.8073,-168.6758,5872.6187,5872.6187
3957,0.54,0.0734,-0.8239,-6.0854,6.1588,140.8038,-169.2808,5870.8120,5870.8120
3958,0.54,-1.9550,-0.5842,-6.0672,4.1121,483.4095,-169.6617,5702.7939,5702.7939
3959,0.54,0.8467,+2.9181,-6.0760,6.9226,384.4304,-168.7158,5878.4922,5878.4922
3960,0.53,-0.3286,-0.3948,-6.0704,5.7417,89.0808,-169.0742,5866.7480,5866.7480
3961,0.53,-0.1339,-0.1787,-6.0616,5.9277,41.1663,-170.3304,5942.0840,5942.0840
3962,0.53,1.3155,+10.5636,-6.0491,7.3646,936.8175,-168.3923,5874.4600,5874.4600
3963,0.52,3.9953,-1.0536,-6.0521,10.0473,5424.9189,-169.4207,5955.4243,5955.4243
3964,0.53,0.9644,+0.4497,-6.0695,7.0339,550.2173,-169.2478,5860.4658,5860.4658
3965,0.52,-0.1678,+0.0738,-6.0824,5.9147,35.6449,-169.6070,5866.9062,5866.9062
3966,0.52,1.9020,-6.9758,-6.0863,7.9883,1830.7964,-170.5371,6073.2480,6073.2480
3967,0.54,2.3839,+1.2093,-6.0527,8.4366,2501.6724,-172.5094,6127.3970,6127.3970
3968,0.54,1.3777,+0.2713,-6.0848,7.4625,685.8084,-169.6649,5938.4346,5938.4346
3969,0.52,-0.4745,+0.6517,-6.0840,5.6095,33.5890,-169.8632,5879.5518,5879.5518
3970,0.52,-0.1722,-2.0142,-6.1062,5.9340,201.5848,-170.7355,5930.0645,5930.0645
3971,0.53,1.5242,-1.4805,-6.0998,7.6241,863.5558,-169.2694,5927.1846,5927.1846
3972,0.54,0.3436,+8.3922,-6.0909,6.4345,219.3018,-169.9114,5907.7920,5907.7920
3973,0.54,1.3139,-0.9734,-6.0996,7.4136,772.6262,-169.0568,5893.5947,5893.5947
3974,0.53,0.0629,+0.2350,-6.0959,6.1588,63.5887,-167.0175,5682.3643,5682.3643
3975,0.53,-0.8598,-0.6912,-6.1184,5.2586,44.5395,-168.0299,5735.9834,5735.9834
3976,0.53,-0.0467,+0.0073,-6.1304,6.0836,45.0599,-167.6931,5716.4468,5716.4468
3977,0.53,1.3650,+0.1315,-6.1354,7.5005,801.5116,-166.7090,5782.7573,5782.7573
3978,0.53,0.4246,-0.5046,-6.1214,6.5461,332.1684,-168.8572,5872.1240,5872.1240
3979,0.52,1.1598,+0.0339,-6.1233,7.2831,590.2750,-169.0316,5916.5957,5916.5957
3980,0.52,0.6013,-0.0782,-6.1172,6.7185,130.9877,-167.7346,5765.7734,5765.7734
3981,0.53,-0.2533,+0.3492,-6.0995,5.8462,38.1319,-168.5243,5769.0044,5769.0044
3982,0.52,0.5317,+0.5500,-6.0913,6.6230,150.7219,-169.6445,5870.5762,5870.5762
3983,0.54,0.0631,-0.2735,-6.0905,6.1536,72.8972,-169.9146,5860.6982,5860.6982
3984,0.52,0.0029,-0.1053,-6.1047,6.1076,118.9756,-169.0847,5830.2295,5830.2295
3985,0.52,-0.0878,+0.1890,-6.0937,6.0059,94.3590,-170.5081,5908.5156,5908.5156
3986,0.54,1.5483,-1.0623,-6.0903,7.6386,706.6519,-170.8358,6015.4683,6015.4683
3987,0.54,1.2400,-0.3715,-6.1111,7.3511,755.4966,-169.5009,5909.1719,5909.1719
3988,0.54,-1.0921,-0.1412,-6.1002,5.0081,53.7800,-168.6929,5726.3003,5726.3003
3989,0.53,0.6416,-0.1335,-6.0712,6.7128,222.7871,-170.5717,5995.9146,5995.9146
3990,0.53,0.6201,-0.4142,-6.0691,6.6892,196.5534,-169.2546,5891.0581,5891.0581
3991,0.56,0.2044,+0.7752,-6.0658,6.2702,153.0844,-169.9701,5911.8926,5911.8926
3992,0.55,-0.9185,-0.1805,-6.0489,5.1304,3.9430,-171.3015,5919.8281,5919.8281
3993,0.52,0.0440,-0.4083,-6.0410,6.0850,103.7343,-170.4977,5910.2100,5910.2100
3994,0.51,0.0261,+0.0894,-6.0666,6.0926,126.4891,-170.4785,5883.5166,5883.5166
3995,0.55,0.8016,-0.0612,-6.0781,6.8797,360.5429,-169.4909,5883.7207,5883.7207
3996,0.53,0.3002,-0.5426,-6.0691,6.3693,125.7162,-170.1830,5887.5088,5887.5088
3997,0.53,0.8336,+1.4688,-6.0627,6.8963,262.3738,-168.9640,5806.4619,5806.4619
3998,0.53,1.1221,+0.4965,-6.0698,7.1919,482.4808,-168.6954,5864.7188,5864.7188
3999,0.54,0.0383,-0.0118,-6.0759,6.1143,64.8636,-168.9671,5796.7217,5796.7217
4000,0.52,-1.6347,-0.1602,-6.0835,4.4487,178.7036,-168.8897,5673.4912,5673.4912
4001,0.53,0.6405,-1.1874,-6.0776,6.7181,340.2634,-169.9836,5962.3843,5962.3843
4002,0.54,0.6486,+1.5867,-6.0715,6.7201,237.9060,-172.1778,6074.7920,6074.7920
4003,0.53,5.4323,+2.0235,-6.0669,11.4992,8948.1973,-169.9584,6312.8037,6312.8037
4004,0.53,0.2923,+0.6791,-6.0446,6.3368,160.7159,-170.6009,5938.9458,5938.9458
4005,0.52,-0.1162,-0.2560,-6.0627,5.9465,55.8996,-171.3256,5956.5776,5956.5776
4006,0.51,-0.7410,+0.7499,-6.0793,5.3383,83.0430,-170.6266,5927.0684,5927.0684
4007,0.51,0.9201,+0.0594,-6.0563,6.9763,284.1073,-172.0164,6071.3452,6071.3452
4008,0.53,2.4973,-0.7674,-6.0738,8.5711,1792.1400,-170.8795,6062.1387,6062.1387
4009,0.52,1.1801,+1.5193,-6.0849,7.2650,574.9343,-169.3608,5868.6064,5868.6064
4010,0.53,1.2457,+0.3512,-6.0801,7.3259,518.1404,-169.1971,5826.1162,5826.1162
4011,0.54,-0.6028,-0.0364,-6.0767,5.4739,30.1715,-169.2062,5801.0625,5801.0625
4012,0.52,-0.5853,+0.5962,-6.0583,5.4730,8.8841,-170.5611,5898.3271,5898.3271
4013,0.52,-0.1169,-4.3606,-6.0750,5.9581,55.7424,-168.5261,5731.0566,5731.0566
4014,0.52,0.8993,+2.0914,-6.0913,6.9907,543.1205,-167.9587,5804.3877,5804.3877
4015,0.53,2.0624,+0.3674,-6.0897,8.1522,1692.1327,-168.1014,5874.4155,5874.4155
4016,0.54,4.5366,-0.5961,-6.1006,10.6371,6210.8745,-167.9481,6009.3711,6009.3711
4017,0.54,2.1584,+1.9886,-6.0904,8.2488,1749.0897,-168.8065,5896.7861,5896.7861
4018,0.53,0.1085,-0.2132,-6.0978,6.2064,73.8094,-167.2145,5682.1577,5682.1577
4019,0.52,-0.0333,+0.2176,-6.0962,6.0629,38.8501,-167.9512,5728.0322,5728.0322
4020,0.53,-1.6235,-10.8725,-6.0873,4.4638,133.3288,-165.7268,5508.7031,5508.7031
4021,0.53,-1.2323,+1.0616,-6.0622,4.8299,490.1398,-169.5125,5737.6758,5737.6758
4022,0.53,2.9415,-0.1865,-6.0526,8.9941,2230.4404,-171.0496,6090.4136,6090.4136
4023,0.53,6.0662,-0.5747,-6.0654,12.1316,10025.9814,-169.2022,6006.1431,6006.1431
4024,0.54,-0.6661,+1.2640,-6.0464,5.3803,120.2532,-169.9218,5813.0898,5813.0898
4025,0.54,0.6008,-0.1503,-6.0449,6.6457,199.5373,-169.9034,5852.1240,5852.1240
4026,0.53,0.0155,+0.3265,-6.0619,6.0775,41.0641,-168.5037,5746.7886,5746.7886
4027,0.54,1.0238,-0.2743,-6.0666,7.0904,469.1487,-169.8194,5903.8105,5903.8105
4028,0.54,1.1920,-0.3477,-6.0715,7.2635,578.4154,-169.3426,5865.1865,5865.1865
4029,0.53,-0.1416,+0.1556,-6.0548,5.9132,66.4901,-170.0692,5871.6572,5871.6572
4030,0.51,0.3008,-0.6571,-6.0541,6.3549,97.7941,-170.0011,5879.2393,5879.2393
4031,0.53,0.1720,-0.2719,-6.0411,6.2132,91.9682,-169.6879,5844.2744,5844.2744
4032,0.52,1.8233,+0.7012,-6.0553,7.8786,759.6509,-168.9992,5886.5430,5886.5430
4033,0.53,0.0246,+0.0385,-6.0637,6.0883,62.3283,-168.7260,5803.0874,5803.0874
4034,0.52,-0.5008,-0.6094,-6.0686,5.5678,32.4805,-170.4405,5868.9238,5868.9238
4035,0.54,0.2031,-0.7041,-6.0779,6.2810,244.7076,-170.4198,5909.9282,5909.9282
4036,0.53,-0.1530,+0.0851,-6.0689,5.9158,45.5774,-171.5272,5976.4814,5976.4814
4037,0.54,-0.1505,+0.0925,-6.0745,5.9240,48.3597,-172.0898,6008.7593,6008.7593
4038,0.52,-0.0633,+0.2227,-6.0878,6.0245,107.7390,-170.4087,5926.8213,5926.8213
4039,0.53,-0.3747,+1.4514,-6.0798,5.7050,51.5772,-170.0194,5898.8003,5898.8003
4040,0.51,0.0620,-0.2421,-6.0533,6.1153,29.6212,-171.9345,6048.7563,6048.7563
4041,0.53,-0.6784,+0.4546,-6.0796,5.4011,20.1831,-170.9958,5921.3354,5921.3354
4042,0.54,0.5628,-1.2835,-6.1027,6.6655,364.4298,-168.5951,5807.6416,5807.6416
4043,0.53,-0.7482,+0.0122,-6.0925,5.3443,11.7818,-168.6254,5763.1743,5763.1743
4044,0.54,-0.5057,-0.0442,-6.0954,5.5897,22.5096,-172.8574,6050.4355,6050.4355
4045,0.54,-0.2180,-0.0143,-6.0813,5.8633,31.1928,-168.5873,5781.3760,5781.3760
4046,0.53,-0.3436,+0.2052,-6.0452,5.7016,53.6924,-170.7402,5936.9727,5936.9727
4047,0.54,0.2899,-0.4971,-6.0813,6.3712,67.9520,-170.8651,5963.6187,5963.6187
4048,0.54,0.7558,-0.5379,-6.0639,6.8197,392.2227,-170.3093,5934.3706,5934.3706
4049,0.53,-0.2237,+0.1153,-6.0486,5.8249,76.6593,-171.9531,6021.5508,6021.5508
4050,0.50,-0.4461,-0.0656,-6.0634,5.6173,37.3759,-171.7367,5985.1357,5985.1357
4051,0.53,-0.0850,+0.0459,-6.0916,6.0066,139.7498,-169.6547,5878.4849,5878.4849
4052,0.52,0.2782,-0.1430,-6.0709,6.3491,231.9765,-171.7055,6030.3164,6030.3164
4053,0.52,-0.4503,+0.2952,-6.0763,5.6260,18.3518,-170.6213,5909.3096,5909.3096
4054,0.53,-0.4809,-0.1292,-6.0864,5.6055,23.7036,-169.9596,5847.1655,5847.1655
4055,0.54,-0.2602,-0.4292,-6.0839,5.8237,34.2820,-169.9189,5868.6636,5868.6636
4056,0.53,-0.3064,-0.0724,-6.0769,5.7705,22.0116,-166.0076,5583.7646,5583.7646
4057,0.51,-0.6490,-0.1028,-6.0992,5.4501,32.6023,-166.5806,5628.3374,5628.3374
4058,0.52,-0.2500,+0.0301,-6.1015,5.8515,32.9991,-167.2157,5688.1265,5688.1265
4059,0.53,-0.6170,+0.5308,-6.0991,5.4821,30.5691,-168.3418,5754.7837,5754.7837
4060,0.53,-0.4698,-0.1669,-6.1073,5.6375,31.6505,-169.4302,5844.2764,5844.2764
4061,0.52,-0.3533,+0.2480,-6.1225,5.7692,30.8570,-168.4253,5788.3906,5788.3906
4062,0.53,-0.4087,+0.1049,-6.1200,5.7114,28.9531,-168.7480,5795.1538,5795.1538
4063,0.53,-0.6564,+0.0899,-6.1205,5.4641,26.8648,-168.7699,5768.4824,5768.4824
4064,0.55,-0.6840,-0.0136,-6.0896,5.4057,49.6215,-167.9953,5702.6968,5702.6968
4065,0.54,-0.3651,-0.1499,-6.0765,5.7114,43.7117,-170.3750,5869.0000,5869.0000
4066,0.55,-0.0712,-0.0022,-6.0794,6.0082,170.1987,-169.3177,5867.8325,5867.8325
4067,0.55,-0.5084,+0.1547,-6.0801,5.5717,42.3264,-169.7693,5844.5908,5844.5908
4068,0.54,-0.4298,+0.1341,-6.0792,5.6494,40.5880,-170.0988,5870.6660,5870.6660
4069,0.52,0.1103,+0.7105,-6.0789,6.1892,121.9213,-168.6403,5784.4854,5784.4854
4070,0.55,-0.2961,-0.1862,-6.0944,5.7983,28.9137,-168.5186,5772.7217,5772.7217
4071,0.53,-0.6482,+0.2201,-6.1093,5.4610,30.2053,-168.4843,5759.4658,5759.4658
4072,0.53,-0.5121,+0.1399,-6.1297,5.6176,35.9701,-166.6240,5645.2520,5645.2520
4073,0.53,-0.6148,+0.2197,-6.0871,5.4723,14.9202,-168.3969,5744.1675,5744.1675
4074,0.55,-0.1177,-0.3471,-6.1019,5.9842,131.9242,-168.5012,5829.6978,5829.6978
4075,0.53,-0.3574,+0.0067,-6.1053,5.7479,19.9296,-168.6177,5787.3989,5787.3989
4076,0.54,-0.5683,+0.2789,-6.0938,5.5255,19.3377,-169.3275,5811.7363,5811.7363
4077,0.53,-0.5220,+0.2696,-6.1167,5.5947,30.4091,-167.8889,5715.6719,5715.6719
4078,0.51,-0.4039,+0.0866,-6.0940,5.6902,28.6905,-169.6631,5847.3047,5847.3047
4079,0.55,-0.6613,-0.2209,-6.0810,5.4198,28.5719,-169.7000,5837.6641,5837.6641
4080,0.55,-0.5075,+0.0454,-6.0875,5.5800,30.1185,-170.8656,5918.7393,5918.7393
4081,0.51,-0.5169,-0.0708,-6.1070,5.5902,31.8444,-170.9491,5922.5288,5922.5288
4082,0.55,-0.5466,-0.0535,-6.0573,5.5107,28.0550,-172.0094,6002.3643,6002.3643
4083,0.53,-0.4915,-0.1224,-6.0768,5.5853,33.7625,-171.6350,6009.8389,6009.8389
4084,0.54,-0.3726,-0.0115,-6.0873,5.7147,29.1499,-171.0092,5967.0825,5967.0825
4085,0.52,-0.4462,-0.1630,-6.1105,5.6643,41.0115,-169.1647,5844.6548,5844.6548
4086,0.54,-0.4127,-0.0612,-6.0834,5.6707,38.3660,-170.4109,5908.3101,5908.3101
4087,0.53,-0.4162,+0.0793,-6.0742,5.6580,32.2624,-169.3918,5831.5342,5831.5342
4088,0.53,-0.6092,+0.1099,-6.1047,5.4954,36.3750,-168.1062,5736.1558,5736.1558
4089,0.54,-0.2419,-0.0064,-6.0724,5.8305,36.0479,-169.9236,5835.5713,5835.5713
4090,0.54,-0.4231,+0.4047,-6.0610,5.6379,33.1515,-170.7128,5876.5010,5876.5010
4091,0.54,-0.8090,-0.1419,-6.0795,5.2705,31.8263,-169.7769,5833.0596,5833.0596
4092,0.54,-0.2327,-0.2958,-6.0571,5.8244,39.9413,-172.6188,6021.6899,6021.6899
4093,0.54,-0.8192,-0.3001,-6.0606,5.2415,25.6530,-171.1243,5890.0469,5890.0469
4094,0.52,-0.6401,+0.0861,-6.0760,5.4359,35.0839,-174.1293,6135.6299,6135.6299
4095,0.53,-0.6580,+0.0360,-6.0819,5.4239,25.2741,-173.6959,6092.0273,6092.0273
4096,0.53,-0.5210,-0.1430,-6.0963,5.5754,30.5652,-174.0945,6137.1191,6137.1191
4097,0.54,-0.4896,-0.3260,-6.0833,5.5938,28.5809,-173.8450,6105.1055,6105.1055
4098,0.53,-0.5852,-0.2300,-6.1036,5.5184,33.3583,-171.2366,5930.2803,5930.2803
4099,0.53,-0.6068,-0.1239,-6.1139,5.5071,36.0375,-170.2836,5874.0918,5874.0918
4100,0.55,-0.6286,-0.0851,-6.1029,5.4743,32.9471,-170.8516,5895.0327,5895.0327
4101,0.53,-4.8725,+1.2609,-6.0961,1.2236,3824.3540,-169.9070,5471.9229,5471.9229
4102,0.53,-0.7319,-0.0152,-6.0656,5.3337,46.0155,-171.8181,5950.5796,5950.5796
4103,0.54,3.0239,-3.7606,-6.0581,9.0819,3196.2168,-167.7650,5883.8086,5883.8086
4104,0.54,-0.3501,-0.0300,-6.1022,5.7522,30.5083,-167.7260,5687.3647,5687.3647
4105,0.56,-0.7052,-0.2700,-6.0925,5.3874,38.0264,-169.6960,5799.7549,5799.7549
4106,0.54,-0.6401,+0.0773,-6.1177,5.4776,23.4863,-168.6009,5728.2695,5728.2695
4107,0.53,-0.6167,+0.0880,-6.0820,5.4653,29.7903,-172.8419,5997.3345,5997.3345
4108,0.53,-0.5745,-0.1393,-6.0908,5.5163,34.4611,-171.6426,5929.8315,5929.8315
4109,0.53,-0.3158,-0.0454,-6.0982,5.7824,24.9992,-169.0975,5774.4111,5774.4111
4110,0.55,-0.5123,+0.0671,-6.1130,5.6007,28.6203,-167.3309,5670.8613,5670.8613
4111,0.54,-0.2426,-0.0623,-6.0927,5.8500,43.9438,-169.1362,5795.3906,5795.3906
4112,0.56,-0.4255,-0.0378,-6.0954,5.6699,40.8328,-169.7786,5816.0078,5816.0078
4113,0.55,-0.8351,+0.0358,-6.0711,5.2360,36.9203,-169.8482,5819.8066,5819.8066
4114,0.53,-0.4387,-0.0445,-6.0836,5.6448,33.5892,-169.7874,5839.0400,5839.0400
4115,0.53,3.6046,+0.8346,-6.0922,9.6967,5022.8828,-169.9559,6082.7021,6082.7021
4116,0.52,-0.5412,+0.3340,-6.0861,5.5449,14.9042,-170.0365,5887.6045,5887.6045
4117,0.54,-0.5333,+0.0891,-6.1019,5.5687,27.3130,-170.8966,5929.8149,5929.8149
4118,0.55,-0.5570,+0.1547,-6.1002,5.5432,31.3438,-170.5420,5881.7637,5881.7637
4119,0.52,-1.4395,-1.4966,-6.1165,4.6769,80.5859,-170.0013,5834.8057,5834.8057
4120,0.55,-1.5925,-0.2133,-6.1057,4.5132,134.6397,-170.9792,5907.4624,5907.4624
4121,0.53,-0.8786,+0.0835,-6.1190,5.2404,7.2217,-170.8005,5914.0137,5914.0137
4122,0.54,-5.5575,+1.0348,-6.1038,0.5463,5238.1958,-166.5119,5291.8418,5291.8418
4123,0.53,-0.5830,+0.1333,-6.0859,5.5029,15.3822,-168.8951,5784.8555,5784.8555
4124,0.55,6.6178,+0.6820,-6.0891,12.7070,14773.0547,-168.7991,6145.4390,6145.4390
4125,0.56,0.2821,+0.0293,-6.1074,6.3896,318.6014,-167.8259,5759.4531,5759.4531
4126,0.52,-0.1899,-0.7675,-6.1007,5.9109,63.6220,-167.1064,5678.9419,5678.9419
4127,0.54,-0.8713,+0.1961,-6.1042,5.2329,34.2820,-168.5638,5741.9941,5741.9941
4128,0.55,-0.5586,-0.1446,-6.0718,5.5132,19.9686,-168.8687,5766.6411,5766.6411
4129,0.54,-0.5825,+0.0573,-6.0827,5.5001,47.9131,-170.0130,5839.7529,5839.7529
4130,0.55,-0.3485,+0.0725,-6.0782,5.7297,49.3378,-169.8976,5855.5283,5855.5283
4131,0.52,-0.4731,-0.3709,-6.0664,5.5933,60.7122,-170.7408,5904.6133,5904.6133
4132,0.54,-1.2624,+1.3936,-6.0713,4.8089,70.9886,-169.8210,5804.7266,5804.7266
4133,0.53,-2.2705,-1.4222,-6.0532,3.7827,732.5364,-169.7093,5761.6914,5761.6914
4134,0.53,-0.7427,+0.0444,-6.0625,5.3198,18.0484,-170.1296,5850.1611,5850.1611
4135,0.54,1.3649,-2.2837,-6.0979,7.4628,1359.3636,-167.8092,5772.0811,5772.0811
4136,0.54,-0.5456,-0.1856,-6.0866,5.5410,80.5113,-169.6078,5836.3125,5836.3125
4137,0.55,-1.2938,+4.3017,-6.0949,4.8010,109.8842,-167.5864,5669.6846,5669.6846
4138,0.55,5.3857,+12.3894,-6.0683,11.4540,8463.6191,-168.4467,6056.1304,6056.1304
4139,0.54,6.0312,+1.5809,-6.0631,12.0943,10358.8809,-170.9908,6298.1787,6298.1787
4140,0.53,-10.2393,-7.1247,-6.0558,-4.1835,24584.3340,-169.2472,5283.0073,5283.0073
4141,0.54,0.4696,-0.0490,-6.0670,6.5366,188.8259,-168.3278,5774.1416,5774.1416
4142,0.53,-0.3522,+0.3489,-6.0818,5.7296,25.2218,-169.0141,5789.2031,5789.2031
4143,0.54,4.0972,+1.4935,-6.0610,10.1582,4745.8965,-168.1085,5995.0640,5995.0640
4144,0.54,3.5594,+0.6787,-6.0493,9.6088,3989.3176,-168.2747,5954.4609,5954.4609
4145,0.54,-1.0922,+1.3393,-6.0770,4.9848,90.3983,-169.3140,5720.3984,5720.3984
4146,0.54,0.5103,-1.3712,-6.0888,6.5991,456.8070,-166.8157,5720.3359,5720.3359
4147,0.55,-1.1852,-2.2728,-6.1014,4.9162,86.0805,-171.2005,5861.4375,5861.4375
4148,0.54,-0.2002,+0.3908,-6.0985,5.8983,50.9906,-170.3263,5877.9326,5877.9326
4149,0.56,1.7924,+2.9992,-6.1051,7.8976,1195.7389,-169.3058,5881.8882,5881.8882
4150,0.53,-20.7296,+25.6986,-6.0942,-14.6354,106575.1484,-171.3835,3609.1250,3609.1250
4151,0.53,-0.0302,-0.4351,-6.0933,6.0631,52.5974,-169.9483,5847.8125,5847.8125
4152,0.53,0.4802,-0.7335,-6.0823,6.5625,205.6125,-171.6892,5986.4883,5986.4883
4153,0.53,0.3109,-0.6183,-6.1081,6.4191,172.8637,-167.9164,5755.2871,5755.2871
4154,0.54,0.9933,+4.4884,-6.1013,7.0946,696.0560,-171.1153,5982.2163,5982.2163
4155,0.53,-0.0429,+0.2542,-6.1172,6.0743,129.0668,-168.7690,5787.9731,5787.9731
4156,0.54,-0.2973,-0.2620,-6.1136,5.8164,57.4865,-169.2344,5816.6665,5816.6665
4157,0.55,-1.0133,+0.4089,-6.0847,5.0714,18.1619,-171.1711,5923.7783,5923.7783
4158,0.54,-0.4931,+0.1349,-6.0838,5.5907,27.3804,-171.6602,5953.8535,5953.8535
4159,0.54,0.2671,+0.0502,-6.0855,6.3526,103.4406,-168.3343,5776.2183,5776.2183
4160,0.53,3.5658,+1.2335,-6.0505,9.6163,5298.2012,-168.9180,5949.3223,5949.3223
4161,0.55,-1.5052,+2.4239,-6.0469,4.5418,236.9837,-168.5149,5718.5059,5718.5059
4162,0.54,0.3678,+0.1967,-6.0463,6.4141,171.4637,-168.9034,5837.6562,5837.6562
4163,0.54,0.2590,-0.0994,-6.0792,6.3382,113.3982,-167.9006,5778.8491,5778.8491
4164,0.54,0.2695,+0.4235,-6.0830,6.3525,259.2372,-169.4272,5835.1631,5835.1631
4165,0.52,0.4836,+0.4868,-6.0664,6.5499,249.3023,-171.8609,6017.7085,6017.7085
4166,0.52,1.3116,+1.2660,-6.0841,7.3957,758.4481,-171.0812,5972.5723,5972.5723
4167,0.53,1.6445,-0.3472,-6.0842,7.7288,977.0796,-171.8630,6187.5332,6187.5332
4168,0.52,0.0379,-0.0170,-6.0446,6.0826,64.1974,-172.0403,6032.3994,6032.3994
4169,0.53,0.4091,-0.0675,-6.0576,6.4668,88.6247,-172.1525,6030.3926,6030.3926
4170,0.51,-0.0818,-0.3276,-6.0822,6.0005,89.5283,-169.7685,5857.6514,5857.6514
4171,0.54,-0.1472,-0.2956,-6.1004,5.9532,35.2887,-170.4856,5909.7871,5909.7871
4172,0.54,-0.1639,-0.0500,-6.0964,5.9325,35.7325,-171.2415,5937.3857,5937.3857
4173,0.53,-0.2884,-0.2059,-6.0913,5.8029,56.8260,-170.6396,5908.6157,5908.6157
4174,0.52,2.1225,-0.7848,-6.0850,8.2075,1573.0575,-170.2185,6046.8159,6046.8159
4175,0.53,-0.5203,+0.2928,-6.0899,5.5696,15.3263,-170.4382,5882.5469,5882.5469
4176,0.55,-0.3956,+0.2553,-6.0701,5.6745,27.7038,-170.1165,5904.6807,5904.6807
4177,0.53,-0.5220,+0.2878,-6.0829,5.5609,31.3303,-170.4337,5892.0161,5892.0161
4178,0.53,-0.3792,-0.1494,-6.0976,5.7184,18.2744,-170.6591,5900.3940,5900.3940
4179,0.52,0.0144,-0.1992,-6.0937,6.1081,71.5968,-169.6270,5859.3442,5859.3442
4180,0.52,0.2519,-0.6781,-6.0725,6.3244,146.4045,-170.6742,5921.8301,5921.8301
4181,0.53,0.4596,-0.5400,-6.0766,6.5362,392.5898,-171.0155,5948.3682,5948.3682
4182,0.52,-0.7974,+0.1319,-6.1018,5.3044,10.6629,-170.5169,5887.0068,5887.0068
4183,0.52,-0.5123,+0.0974,-6.0950,5.5827,52.5068,-171.8744,6011.9751,6011.9751
4184,0.53,-0.3268,-0.1053,-6.0897,5.7629,54.5667,-171.2492,5974.9819,5974.9819
4185,0.52,-0.6897,-0.0385,-6.0906,5.4009,31.4897,-171.2851,5997.6528,5997.6528
4186,0.55,-0.2462,+0.1159,-6.0754,5.8292,78.7304,-172.1466,6024.9492,6024.9492
4187,0.52,-0.5584,+0.0876,-6.0755,5.5172,42.7275,-170.9361,5926.7266,5926.7266
4188,0.54,-0.3341,-0.0506,-6.0796,5.7455,46.3234,-172.8694,6082.3569,6082.3569
4189,0.52,-0.8756,-0.5943,-6.0634,5.1879,11.8130,-172.8471,6014.1719,6014.1719
4190,0.51,-0.2990,+0.3108,-6.0739,5.7749,30.3935,-169.2480,5816.1230,5816.1230
4191,0.53,-0.3476,+0.1771,-6.1036,5.7560,52.9834,-170.4490,5899.9009,5899.9009
4192,0.52,-0.6257,-0.1581,-6.0966,5.4709,34.7251,-170.8682,5918.4395,5918.4395
4193,0.53,-1.0395,-0.6512,-6.0576,5.0181,12.0836,-173.8767,6049.8857,6049.8857
4194,0.51,-0.8311,+0.2217,-6.0589,5.2278,19.6911,-173.3914,6065.3604,6065.3604
4195,0.52,-0.2364,+0.2105,-6.0543,5.8179,92.6631,-171.2862,5969.6797,5969.6797
4196,0.53,-0.2552,-0.4720,-6.0512,5.7959,67.7133,-169.9754,5866.8296,5866.8296
4197,0.54,-0.4929,+0.0364,-6.0590,5.5660,50.4091,-171.2811,5934.9536,5934.9536
4198,0.53,-0.5625,-0.1520,-6.0817,5.5192,46.5922,-170.7820,5914.1602,5914.1602
4199,0.54,-0.7327,+0.2013,-6.0983,5.3656,5.7276,-169.0228,5794.1914,5794.1914
4200,0.54,-0.6579,-0.0032,-6.0927,5.4348,7.2999,-172.3775,6016.2563,6016.2563
4201,0.52,-0.6591,-0.2794,-6.0984,5.4392,13.8018,-164.8806,5497.4863,5497.4863
4202,0.53,-0.6387,-0.2844,-6.1091,5.4704,9.2285,-172.3897,6009.1035,6009.1035
4203,0.55,-1.0472,-0.0461,-6.0957,5.0485,10.0519,-171.0250,5886.1729,5886.1729
4204,0.53,-0.9935,-0.2626,-6.0790,5.0856,33.2993,-170.7327,5884.9629,5884.9629
4205,0.55,-0.7785,-0.1299,-6.0795,5.3010,7.4947,-172.1759,5979.3086,5979.3086
4206,0.55,-0.6426,+0.5696,-6.0665,5.4239,3.6984,-169.1498,5788.8809,5788.8809
4207,0.53,-0.9014,+0.2453,-6.0614,5.1600,16.4913,-171.6841,5925.2544,5925.2544
4208,0.55,-0.9294,+0.0038,-6.0945,5.1651,26.8255,-170.6687,5806.7988,5806.7988
4209,0.54,-0.5961,+0.0693,-6.0860,5.4899,3.4748,-167.7262,5628.2983,5628.2983
4210,0.53,-0.7243,+0.0457,-6.1032,5.3789,5.6108,-176.5480,6243.1846,6243.1846
4211,0.55,-0.7732,-0.1408,-6.1154,5.3422,3.7341,-168.5500,5749.7192,5749.7192
4212,0.52,-0.9945,+0.0979,-6.1415,5.1470,15.8247,-169.1126,5770.9648,5770.9648
4213,0.53,-0.7434,+0.0823,-6.1319,5.3885,2.3441,-171.7365,5995.6318,5995.6318
4214,0.54,-0.3026,-0.0153,-6.0929,5.7903,4.3639,-158.5755,5113.4570,5113.4570
4215,0.54,-0.7826,+0.0377,-6.0768,5.2942,5.7059,-175.3468,6253.5962,6253.5962
4216,0.53,-0.5613,+0.0119,-6.1081,5.5468,3.9333,-161.5986,5311.1494,5311.1494
4217,0.52,-0.7557,+0.1259,-6.0999,5.3441,3.4492,-181.1986,6665.1650,6665.1650
4218,0.54,-0.5308,+0.1258,-6.1283,5.5975,2.6465,-159.8922,5249.6162,5249.6162
4219,0.54,-0.5475,+0.0886,-6.0986,5.5511,7.1711,-182.4631,6839.1211,6839.1211
4220,0.55,-0.7367,-0.0716,-6.0950,5.3582,3.9458,-164.0231,5487.5840,5487.5840
4221,0.53,-0.4027,+0.0275,-6.0858,5.6831,4.1892,-183.0480,6811.7979,6811.7979
4222,0.53,-0.7268,-0.0154,-6.0960,5.3692,3.7898,-163.4808,5433.7900,5433.7900
4223,0.55,-0.6419,-0.0151,-6.1107,5.4687,6.5406,-176.9985,6384.6729,6384.6729
4224,0.54,-1.1578,+0.1453,-6.0890,4.9313,6.0040,-176.6219,6302.1572,6302.1572
4225,0.57,-1.1194,+0.0363,-6.1008,4.9813,3.5185,-165.3241,5533.8301,5533.8301
4226,0.54,-0.9558,+0.0735,-6.1086,5.1529,3.7224,-178.3731,6436.2373,6436.2373
4227,0.54,-0.8015,-0.0454,-6.1305,5.3291,5.6819,-163.6196,5458.6860,5458.6860
4228,0.55,-0.8733,+0.1828,-6.1328,5.2595,5.1565,-171.5938,6003.1787,6003.1787
4229,0.53,1.8694,-1.4546,-6.1260,7.9954,1859.6189,-173.1725,6179.3447,6179.3447
4230,0.55,1.6672,-0.1539,-6.1278,7.7950,1740.9354,-172.9073,6174.1870,6174.1870
4231,0.55,-0.6890,+0.0538,-6.1146,5.4256,22.5377,-174.2551,6177.4248,6177.4248
4232,0.53,-0.4781,-0.1534,-6.1178,5.6397,20.6491,-173.7353,6136.1064,6136.1064
4233,0.54,-0.6096,-0.1315,-6.1259,5.5163,19.0400,-173.5324,6130.8154,6130.8154
4234,0.55,-2.6081,+0.9097,-6.1018,3.4937,1100.1138,-170.6693,5868.2041,5868.2041
4235,0.54,-0.2911,+0.0223,-6.0934,5.8023,38.2093,-173.3559,6188.7495,6188.7495
4236,0.55,-0.2314,+0.0552,-6.1010,5.8696,67.1202,-171.6454,6086.2188,6086.2188
4237,0.54,-0.4993,+0.1202,-6.1036,5.6043,92.0520,-170.4542,5986.3159,5986.3159
4238,0.54,-0.4095,-0.4141,-6.1062,5.6967,42.5417,-170.2853,5960.0200,5960.0200
4239,0.54,-0.0300,+0.1291,-6.1204,6.0905,124.3866,-168.0729,5818.4912,5818.4912
4240,0.53,-0.5661,-0.0633,-6.1167,5.5506,58.7032,-168.3177,5812.1650,5812.1650
4241,0.53,-0.4762,-0.0019,-6.1107,5.6345,49.2311,-169.4460,5884.2559,5884.2559
4242,0.54,-0.3928,-0.1561,-6.1082,5.7155,95.3698,-169.5659,5909.6396,5909.6396
4243,0.54,-0.0958,+0.1169,-6.1203,6.0245,72.7378,-167.9514,5777.6001,5777.6001
4244,0.53,3.3659,+0.4985,-6.0918,9.4577,3229.7368,-169.5111,5895.6304,5895.6304
4245,0.53,-2.6138,-2.6355,-6.1090,3.4952,970.8492,-169.5202,5682.5483,5682.5483
4246,0.54,-2.2764,-6.8335,-6.1160,3.8397,308.2754,-169.5973,5738.4346,5738.4346
4247,0.55,0.0744,-0.1114,-6.0947,6.1692,110.0010,-167.7942,5775.8022,5775.8022
4248,0.54,26.5246,-13.7341,-6.0984,32.6229,177334.2500,-170.7039,8475.2080,8475.2080
4249,0.53,0.0641,+0.2706,-6.0998,6.1639,109.5587,-168.0368,5821.8716,5821.8716
4250,0.54,-0.0449,+0.3074,-6.0937,6.0488,105.0000,-168.9653,5878.5269,5878.5269
4251,0.53,-0.4074,+0.0314,-6.0870,5.6796,87.0422,-168.9833,5845.2793,5845.2793
4252,0.54,-0.5427,-0.1139,-6.0985,5.5558,47.2849,-167.9821,5799.6934,5799.6934
4253,0.52,-0.5917,-0.0998,-6.1005,5.5088,65.8409,-169.0745,5857.6074,5857.6074
4254,0.54,-0.7227,-0.6417,-6.1027,5.3801,23.7865,-169.4935,5844.4580,5844.4580
4255,0.53,-0.5397,-0.0269,-6.0854,5.5457,47.4965,-169.7998,5851.8945,5851.8945
4256,0.55,-0.2563,+0.1606,-6.1124,5.8562,128.1919,-169.9218,5889.3203,5889.3203
4257,0.54,-0.4860,+0.6154,-6.1167,5.6307,15.9849,-169.5818,5865.9639,5865.9639
4258,0.53,-0.4183,+0.1881,-6.1162,5.6979,102.7977,-169.5105,5889.5928,5889.5928
4259,0.54,-0.6412,-0.0342,-6.1118,5.4706,12.2044,-172.1093,6031.3506,6031.3506
4260,0.55,-0.3867,-0.1719,-6.1091,5.7224,42.5697,-170.9141,5957.1318,5957.1318
4261,0.52,-0.2213,-0.4353,-6.0932,5.8719,52.0752,-171.1333,5983.0942,5983.0942
4262,0.52,-0.0427,-0.2896,-6.0957,6.0529,105.7347,-173.1064,6136.9932,6136.9932
4263,0.51,-0.3724,-0.0853,-6.1042,5.7318,53.0148,-173.2559,6137.1475,6137.1475
4264,0.54,-0.6317,+0.0003,-6.0956,5.4640,29.1428,-174.0029,6155.4883,6155.4883
4265,0.56,-0.1741,+0.1913,-6.1094,5.9353,43.8160,-170.8701,5945.1655,5945.1655
4266,0.52,-0.4070,+0.0363,-6.0847,5.6777,57.2269,-170.7471,5954.2173,5954.2173
4267,0.53,-0.1099,-0.0841,-6.1178,6.0079,57.7315,-169.7612,5921.5771,5921.5771
4268,0.54,-0.4128,-0.0081,-6.1104,5.6977,40.3486,-171.3299,6013.9707,6013.9707
4269,0.54,-0.4697,+0.1246,-6.1213,5.6516,22.4723,-171.2280,5976.1655,5976.1655
4270,0.52,-1.0815,+0.9131,-6.1210,5.0395,85.0085,-167.5219,5711.6709,5711.6709
4271,0.55,-0.5065,-0.0444,-6.1064,5.5998,30.4886,-167.7189,5739.9834,5739.9834
4272,0.55,-1.1988,+0.4490,-6.1323,4.9335,12.8989,-168.5246,5765.3203,5765.3203
4273,0.52,-0.4743,+0.0182,-6.1413,5.6670,37.3664,-166.6467,5689.5693,5689.5693
4274,0.54,-0.4199,+0.2367,-6.1345,5.7146,50.0521,-169.1359,5864.6323,5864.6323
4275,0.53,-0.6005,-0.0374,-6.1306,5.5301,38.7838,-169.1207,5843.8271,5843.8271
4276,0.54,-0.7923,-0.1228,-6.1339,5.3416,36.8295,-169.2534,5865.5376,5865.5376
4277,0.55,-0.3602,-0.1244,-6.1133,5.7531,63.3250,-169.3780,5875.7593,5875.7593
4278,0.53,-0.0044,-0.2345,-6.0959,6.0916,141.3671,-170.8088,6008.1270,6008.1270
4279,0.55,-0.5215,+0.3558,-6.1013,5.5799,42.4439,-170.6414,5931.1416,5931.1416
4280,0.56,-0.4250,-0.0721,-6.0677,5.6427,38.8226,-171.5378,6005.3682,6005.3682
4281,0.53,-0.4429,-0.1469,-6.0441,5.6012,103.9665,-171.9915,6016.9375,6016.9375
4282,0.55,-0.4257,+0.1112,-6.0617,5.6360,41.6068,-172.6770,6067.7539,6067.7539
4283,0.55,-0.2066,+0.0736,-6.0741,5.8675,45.7760,-170.1411,5919.8604,5919.8604
4284,0.53,8.0857,+9.2032,-6.0789,14.1646,15440.0498,-168.7813,6197.8027,6197.8027
4285,0.53,-2.3966,+2.6795,-6.0822,3.6856,446.1711,-168.5948,5729.1240,5729.1240
4286,0.53,3.1275,+1.2425,-6.1083,9.2357,3658.5061,-167.5059,5944.0986,5944.0986
4287,0.54,-0.1291,-0.1330,-6.0885,5.9594,53.3549,-168.1307,5796.1055,5796.1055
4288,0.54,3.3423,+2.4634,-6.1340,9.4763,3896.2188,-167.3943,6002.5645,6002.5645
4289,0.54,-0.2443,-0.6759,-6.1161,5.8717,47.3175,-169.5418,5894.1665,5894.1665
4290,0.52,0.7702,-0.9696,-6.0907,6.8609,446.6080,-169.6154,5970.0513,5970.0513
4291,0.52,-0.2529,+0.1799,-6.0757,5.8228,55.4110,-171.3904,6009.7173,6009.7173
4292,0.54,-0.1358,+0.1221,-6.0885,5.9527,45.7183,-170.7971,5948.2119,5948.2119
4293,0.54,-0.0872,+0.0650,-6.0860,5.9988,86.0897,-168.7112,5826.6133,5826.6133
4294,0.53,0.5189,-0.5476,-6.0981,6.6170,83.8316,-168.6483,5853.2754,5853.2754
4295,0.54,0.1211,-0.2356,-6.0939,6.2150,91.1517,-170.3705,5994.9092,5994.9092
4296,0.52,0.0487,+0.2278,-6.0809,6.1296,67.9764,-171.5751,6056.5146,6056.5146
4297,0.53,-0.1769,-0.2745,-6.1037,5.9268,54.6546,-171.0698,6027.5547,6027.5547
4298,0.54,-0.3764,+0.1172,-6.0886,5.7121,52.6095,-170.7513,5981.6108,5981.6108
4299,0.51,-0.1016,-0.1076,-6.0982,5.9966,52.5930,-171.2514,6029.7402,6029.7402
4300,0.51,-0.0702,-0.0504,-6.0829,6.0127,78.4166,-172.0109,6078.2910,6078.2910
4301,0.52,-0.6055,+0.1989,-6.1103,5.5049,263.3778,-170.7869,5976.7480,5976.7480
4302,0.51,-0.1881,+0.0746,-6.1083,5.9202,39.8367,-170.6085,5960.7739,5960.7739
4303,0.54,-1.1204,-0.0904,-6.1007,4.9803,204.8294,-170.9949,5974.6641,5974.6641
4304,0.55,-0.2267,-0.0719,-6.0931,5.8664,62.4497,-171.3590,6025.5293,6025.5293
4305,0.54,-0.4663,-0.3106,-6.0987,5.6324,58.8675,-170.5627,5940.9189,5940.9189
4306,0.54,-0.6204,+0.1385,-6.1180,5.4976,17.6188,-169.1992,5848.7271,5848.7271
4307,0.53,-0.3475,-0.3242,-6.1045,5.7571,45.6995,-169.9880,5908.5029,5908.5029
4308,0.53,-0.3371,-0.2437,-6.1214,5.7843,33.1728,-170.5929,5950.9141,5950.9141
4309,0.51,-0.1348,+0.2851,-6.1342,5.9994,75.2849,-169.8603,5915.4971,5915.4971
4310,0.54,-0.4921,-0.0629,-6.1143,5.6222,33.7924,-170.3846,5948.3369,5948.3369
4311,0.54,-0.6871,-0.1466,-6.1075,5.4204,80.7763,-169.8172,5910.3560,5910.3560
4312,0.52,-0.4057,+0.1603,-6.0816,5.6758,73.4587,-172.1162,6045.5029,6045.5029
4313,0.54,-0.9896,-0.6731,-6.0685,5.0789,33.6192,-173.1214,6041.1982,6041.1982
4314,0.52,-0.1530,+0.1976,-6.0708,5.9177,25.9726,-171.2413,5971.2329,5971.2329
4315,0.52,0.2025,-0.2575,-6.0596,6.2621,46.3736,-173.1479,6118.2974,6118.2974
4316,0.53,-0.4217,-0.0885,-6.0712,5.6496,26.4231,-173.3976,6087.0977,6087.0977
4317,0.52,1.5532,-1.1637,-6.0965,7.6496,743.4760,-170.2189,5984.4316,5984.4316
4318,0.54,0.0131,-0.2149,-6.1031,6.1162,82.8062,-168.7469,5814.1904,5814.1904
4319,0.54,0.2987,+0.2108,-6.0942,6.3930,59.2414,-169.0945,5862.7246,5862.7246
4320,0.52,0.0651,-0.2331,-6.0843,6.1494,71.5108,-169.3852,5856.0723,5856.0723
4321,0.55,0.3162,+1.2533,-6.1062,6.4224,223.8512,-168.5437,5847.1074,5847.1074
4322,0.53,-0.1703,+0.2964,-6.1162,5.9459,77.3738,-168.1971,5788.6743,5788.6743
4323,0.53,0.7333,-0.7845,-6.1051,6.8383,158.3833,-167.2763,5777.3750,5777.3750
4324,0.53,3.1872,+0.3822,-6.0836,9.2708,1887.7749,-168.2260,5923.6123,5923.6123
4325,0.53,0.7596,-0.4079,-6.0803,6.8398,152.7019,-166.9659,5751.1865,5751.1865
4326,0.53,1.4047,-0.2765,-6.0714,7.4761,300.0100,-166.5634,5740.5762,5740.5762
4327,0.53,0.9868,+0.2723,-6.0606,7.0475,147.1555,-167.7832,5785.2080,5785.2080
4328,0.53,0.6951,-0.4022,-6.0803,6.7754,162.8594,-168.1302,5814.0234,5814.0234
4329,0.52,1.7077,-0.0729,-6.0833,7.7910,313.9079,-166.5915,5760.5547,5760.5547
4330,0.51,1.0135,+0.3072,-6.0997,7.1133,176.1901,-166.1606,5656.3125,5656.3125
4331,0.52,0.9623,+0.1147,-6.0970,7.0593,154.5688,-165.1963,5589.1172,5589.1172
4332,0.51,1.7244,-0.3165,-6.0813,7.8057,298.8558,-166.2305,5710.3037,5710.3037
4333,0.54,1.9837,+0.3647,-6.0837,8.0674,511.0114,-165.7961,5717.4780,5717.4780
4334,0.53,1.5099,-0.1853,-6.1065,7.6164,263.2533,-164.3205,5591.8203,5591.8203
4335,0.53,1.2366,+0.2023,-6.1018,7.3384,177.0826,-164.3382,5570.6113,5570.6113
4336,0.53,0.6179,+0.0997,-6.0963,6.7142,83.2155,-166.7322,5686.4541,5686.4541
4337,0.53,0.6756,-0.1810,-6.0581,6.7336,99.8316,-167.7218,5755.2642,5755.2642
4338,0.51,1.1340,+0.2601,-6.0817,7.2157,212.2057,-167.7627,5809.7949,5809.7949
4339,0.53,0.6773,+0.4213,-6.0689,6.7462,114.7810,-166.7308,5726.3013,5726.3013
4340,0.52,0.2903,+0.7489,-6.0645,6.3548,99.9172,-168.1043,5799.0898,5799.0898
4341,0.55,3.4252,+1.2579,-6.0717,9.4969,2819.9836,-167.8856,5892.8691,5892.8691
4342,0.52,6.2121,+2.2952,-6.0865,12.2986,13536.1006,-167.3186,6260.6514,6260.6514
4343,0.53,2.5706,+1.4308,-6.0744,8.6450,1820.4590,-166.6880,5866.8975,5866.8975
4344,0.51,0.6164,-0.1224,-6.0765,6.6929,148.3108,-167.0207,5722.3682,5722.3682
4345,0.52,0.3661,+0.0553,-6.0657,6.4319,117.6573,-166.4192,5647.8232,5647.8232
4346,0.53,0.2939,+0.0044,-6.0862,6.3801,71.9275,-165.7554,5588.0146,5588.0146
4347,0.52,0.2028,-0.0095,-6.0951,6.2979,66.0660,-165.8319,5595.9370,5595.9370
4348,0.53,0.5868,-0.1742,-6.1122,6.6990,93.7349,-165.4151,5591.6699,5591.6699
4349,0.52,0.3146,-0.3539,-6.0991,6.4137,118.3593,-167.1535,5721.5205,5721.5205
4350,0.52,0.4704,-0.2315,-6.0726,6.5430,137.3999,-169.0352,5840.8994,5840.8994
4351,0.54,0.1511,-0.1373,-6.0611,6.2122,70.8558,-168.4344,5797.4604,5797.4604
4352,0.51,-0.2903,+0.7343,-6.0748,5.7846,54.7451,-168.4101,5775.1987,5775.1987
4353,0.51,0.4056,+0.1529,-6.0594,6.4650,125.7858,-168.9770,5845.6167,5845.6167
4354,0.53,2.0703,-0.1313,-6.0440,8.1143,1710.3015,-170.2518,5994.3311,5994.3311
4355,0.52,-1.3382,+0.4270,-6.0555,4.7173,983.7424,-169.3292,5712.9844,5712.9844
4356,0.52,-0.0454,+0.1926,-6.0692,6.0238,67.5519,-170.1510,5891.3564,5891.3564
4357,0.53,0.4311,-0.6776,-6.0582,6.4894,78.8013,-169.7981,5893.0283,5893.0283
4358,0.52,0.1927,+0.3689,-6.0330,6.2257,100.7807,-170.7635,5941.4688,5941.4688
4359,0.54,0.2020,+0.1895,-6.0321,6.2340,87.9426,-170.0370,5889.5039,5889.5039
4360,0.52,0.2869,-0.2453,-6.0464,6.3333,111.2149,-170.7392,5939.8525,5939.8525
4361,0.55,0.0737,-0.5527,-6.0312,6.1049,56.2023,-171.5748,5977.2349,5977.2349
4362,0.52,-0.4633,+0.5511,-6.0592,5.5958,131.1207,-171.1335,5947.2021,5947.2021
4363,0.51,-1.3787,+0.6151,-6.0851,4.7064,171.9025,-171.2348,5883.0063,5883.0063
4364,0.53,0.3856,-0.1032,-6.0738,6.4593,103.4726,-171.9549,6055.2773,6055.2773
4365,0.53,0.6401,-0.0946,-6.0782,6.7183,146.4645,-171.0004,5981.3652,5981.3652
4366,0.52,1.3726,+0.3694,-6.0630,7.4355,462.9694,-169.4153,5931.0195,5931.0195
4367,0.53,0.1246,-0.4362,-6.0715,6.1961,69.6148,-169.2899,5833.7979,5833.7979
4368,0.54,3.9904,+1.4835,-6.0768,10.0671,3231.6570,-169.2653,6070.8076,6070.8076
4369,0.52,3.4817,-1.1176,-6.0783,9.5600,2779.1411,-168.7360,6007.6426,6007.6426
4370,0.52,9.7550,-2.5939,-6.0905,15.8455,23341.2148,-167.5129,6131.6777,6131.6777
4371,0.51,1.2932,-0.4788,-6.0989,7.3921,203.0992,-167.9520,5822.2251,5822.2251
4372,0.53,0.7342,-0.0874,-6.0907,6.8249,119.1105,-168.5103,5816.7129,5816.7129
4373,0.52,0.9592,-0.6851,-6.0750,7.0341,117.5346,-168.7678,5827.1875,5827.1875
4374,0.51,0.8298,-0.2337,-6.0865,6.9163,162.9904,-170.2970,5976.2378,5976.2378
4375,0.54,2.1397,+0.0334,-6.0741,8.2138,881.5590,-169.2586,5930.5859,5930.5859
4376,0.53,0.4229,+0.7842,-6.0407,6.4636,172.9543,-170.4689,5907.6743,5907.6743
4377,0.52,1.3207,-0.0032,-6.0552,7.3759,160.2940,-171.6286,6079.5532,6079.5532
4378,0.54,0.6687,+0.0371,-6.0765,6.7453,99.1841,-168.7851,5873.9375,5873.9375
4379,0.53,0.9433,+0.2040,-6.0723,7.0156,234.5867,-168.6420,5899.8203,5899.8203
4380,0.52,0.8525,-0.0526,-6.0906,6.9430,250.5041,-168.4457,5880.3213,5880.3213
4381,0.52,0.7931,+0.0060,-6.0521,6.8452,87.7832,-169.4506,5897.4458,5897.4458
4382,0.53,0.7685,-0.3230,-6.0352,6.8037,91.7285,-168.0286,5807.2847,5807.2847
4383,0.53,0.7515,-0.3467,-6.0887,6.8403,130.8436,-166.8738,5743.8867,5743.8867
4384,0.52,1.1391,-0.6375,-6.0911,7.2302,182.1210,-166.4516,5733.1582,5733.1582
4385,0.53,0.6665,-0.0123,-6.0815,6.7480,95.8890,-167.2177,5763.4976,5763.4976
4386,0.52,0.3469,+0.1561,-6.0683,6.4152,92.9250,-167.5607,5771.1685,5771.1685
4387,0.53,0.3836,+0.6300,-6.0705,6.4542,59.3639,-169.2591,5889.7158,5889.7158
4388,0.53,0.7185,-0.1567,-6.0664,6.7849,110.3273,-168.5411,5838.0371,5838.0371
4389,0.52,0.8625,+0.0288,-6.0807,6.9432,112.7305,-168.6562,5841.4160,5841.4160
4390,0.52,0.6957,+0.3206,-6.0819,6.7776,134.6856,-168.3252,5833.2764,5833.2764
4391,0.51,14.4134,+0.6107,-6.0823,20.4958,51054.3125,-167.0552,7170.3936,7170.3936
4392,0.52,1.1365,-0.0250,-6.0618,7.1983,190.7467,-168.3158,5826.0273,5826.0273
4393,0.52,-0.6351,+2.7029,-6.0753,5.4402,406.9868,-167.0679,5725.6313,5725.6313
4394,0.54,0.7606,-0.3234,-6.0795,6.8401,112.2909,-167.4348,5749.3799,5749.3799
4395,0.52,0.7778,-0.0374,-6.0875,6.8652,135.7752,-165.6333,5653.2373,5653.2373
4396,0.51,0.6712,+0.0720,-6.0998,6.7710,87.0768,-166.6956,5705.8457,5705.8457
4397,0.51,0.3995,-0.5402,-6.0960,6.4955,140.7684,-166.7808,5668.9238,5668.9238
4398,0.53,0.4825,+0.1500,-6.0788,6.5613,90.0383,-167.0587,5706.6582,5706.6582
4399,0.53,2.1573,-0.4435,-6.0503,8.2077,640.9291,-166.3678,5721.9375,5721.9375
4400,0.54,0.6846,+0.0551,-6.0105,6.6952,138.8201,-167.3113,5728.9785,5728.9785
4401,0.50,0.5260,+0.0642,-6.0398,6.5658,99.4326,-167.3759,5709.9473,5709.9473
4402,0.53,0.3500,-0.3047,-6.0479,6.3980,56.1330,-169.0775,5835.5664,5835.5664
4403,0.53,0.7380,+0.0397,-6.0550,6.7931,85.3469,-168.7650,5834.7666,5834.7666
4404,0.53,1.0087,+0.0586,-6.0529,7.0616,127.7936,-168.2598,5810.5122,5810.5122
4405,0.53,0.7956,-0.0836,-6.0866,6.8822,242.8869,-166.4480,5688.3813,5688.3813
4406,0.51,-0.1282,+0.2220,-6.0947,5.9665,86.5061,-165.9933,5624.4229,5624.4229
4407,0.52,1.2297,+5.8256,-6.0530,7.2828,533.0772,-169.9606,6013.8887,6013.8887
4408,0.51,1.2747,+0.4191,-6.0615,7.3362,602.3173,-169.2141,5921.9385,5921.9385
4409,0.54,1.4215,-0.2616,-6.0483,7.4698,893.5710,-170.5180,6010.3662,6010.3662
4410,0.51,0.8250,-0.3570,-6.0719,6.8969,149.2873,-168.2314,5786.9639,5786.9639
4411,0.52,0.4890,+0.0213,-6.0861,6.5751,84.0339,-166.6740,5676.1533,5676.1533
4412,0.52,0.7304,+0.5277,-6.0733,6.8037,92.8915,-168.2336,5756.1113,5756.1113
4413,0.51,0.3796,+0.0281,-6.0656,6.4451,74.5949,-166.1154,5615.2959,5615.2959
4414,0.52,0.8576,+0.2652,-6.0909,6.9485,145.9714,-167.6065,5776.0625,5776.0625
4415,0.54,0.2184,+0.0498,-6.0710,6.2894,67.2932,-166.9744,5683.0283,5683.0283
4416,0.51,3.7520,+1.4568,-6.0542,9.8062,3039.5891,-167.6102,5924.0386,5924.0386
4417,0.52,0.2628,-0.1157,-6.0707,6.3335,73.1281,-166.6983,5669.0117,5669.0117
4418,0.54,1.6770,+1.5905,-6.0507,7.7277,763.2247,-168.0347,5835.2168,5835.2168
4419,0.55,2.3557,-2.1103,-6.0502,8.4059,1097.6993,-167.8470,5891.8774,5891.8774
4420,0.52,1.6690,+0.4953,-6.0410,7.7100,742.4565,-168.4905,5875.3643,5875.3643
4421,0.52,2.3573,+0.8853,-6.0658,8.4231,1682.6382,-168.9612,5912.5674,5912.5674
4422,0.54,1.3428,+0.9422,-6.0317,7.3746,245.8173,-169.9480,5904.8398,5904.8398
4423,0.53,0.5214,-0.3984,-6.0394,6.5608,123.3730,-170.4488,5922.2607,5922.2607
4424,0.49,0.2375,-0.0451,-6.0482,6.2857,72.6152,-169.1928,5850.4614,5850.4614
4425,0.52,6.9770,-2.8958,-6.0524,13.0294,13867.6318,-169.4099,6159.0635,6159.0635
4426,0.52,1.8135,+0.7536,-6.0501,7.8637,637.8489,-169.7289,5946.8301,5946.8301
4427,0.53,4.0724,-1.5303,-6.0535,10.1258,3866.0178,-169.7132,6065.1426,6065.1426
4428,0.52,1.2654,+0.5935,-6.0567,7.3221,198.0486,-168.3015,5847.6953,5847.6953
4429,0.53,2.7811,-0.8381,-6.0703,8.8514,1548.7235,-168.3024,5837.3311,5837.3311
4430,0.51,0.8670,-0.6684,-6.0601,6.9271,102.4731,-168.9057,5814.6504,5814.6504
4431,0.50,0.5415,+0.1041,-6.0563,6.5978,123.9963,-168.5551,5773.7886,5773.7886
4432,0.54,5.4183,-0.2533,-6.0743,11.4926,6754.7012,-167.7431,5991.4316,5991.4316
4433,0.52,5.8742,-0.4594,-6.0902,11.9644,7905.2568,-167.6350,5896.7422,5896.7422
4434,0.51,-1.0323,-1.2348,-6.0891,5.0568,477.6747,-167.6574,5675.5098,5675.5098
4435,0.52,0.3744,+0.0521,-6.0705,6.4449,83.0757,-168.5211,5768.7334,5768.7334
4436,0.51,0.6209,+0.1598,-6.0916,6.7125,98.5059,-166.6553,5678.4062,5678.4062
4437,0.55,0.4727,+0.0848,-6.0994,6.5720,104.5211,-166.2695,5633.7808,5633.7808
4438,0.51,0.4707,-0.1273,-6.0677,6.5385,98.5954,-167.7306,5694.0322,5694.0322
4439,0.52,0.4745,-0.1019,-6.0569,6.5314,84.8850,-166.8369,5641.3184,5641.3184
4440,0.53,0.8010,+0.2066,-6.0684,6.8694,140.9296,-166.8386,5656.1260,5656.1260
4441,0.50,-0.7163,-1.0661,-6.0751,5.3589,346.4115,-167.6852,5641.6113,5641.6113
4442,0.51,1.4127,-0.7870,-6.0753,7.4879,249.7610,-167.6158,5735.8682,5735.8682
4443,0.52,0.6179,-0.0693,-6.0268,6.6447,114.9874,-167.9337,5721.6455,5721.6455
4444,0.51,1.0159,-0.0325,-6.0651,7.0809,158.2088,-166.7393,5660.7515,5660.7515
4445,0.52,0.4125,-0.1782,-6.0347,6.4472,192.3188,-169.1913,5803.9551,5803.9551
4446,0.53,0.4856,-0.0287,-6.0231,6.5087,93.7107,-169.6978,5832.2563,5832.2563
4447,0.53,1.2986,-0.2894,-6.0401,7.3387,461.6412,-170.1257,5905.0752,5905.0752
4448,0.50,0.7204,+0.0330,-6.0551,6.7755,178.7342,-169.8026,5856.2642,5856.2642
4449,0.51,0.4393,+0.4238,-6.0418,6.4811,92.5769,-169.7377,5834.3315,5834.3315
4450,0.53,0.2033,-0.0254,-6.0282,6.2315,71.5077,-171.1905,5950.1113,5950.1113
4451,0.52,0.0556,-0.2746,-6.0427,6.0983,60.5596,-171.3725,5955.6475,5955.6475
4452,0.53,0.4047,-1.1503,-6.0687,6.4734,311.4388,-170.2717,5923.8965,5923.8965
4453,0.53,-0.1299,+0.3775,-6.0612,5.9312,79.2039,-171.1801,5938.8320,5938.8320
4454,0.54,0.3114,-0.0767,-6.0356,6.3470,69.2876,-171.2702,5956.3799,5956.3799
4455,0.53,0.7599,-0.0822,-6.0276,6.7876,83.9245,-170.4886,5925.7930,5925.7930
4456,0.51,4.0540,-0.5056,-6.0616,10.1157,4176.7412,-169.6647,6007.6250,6007.6250
4457,0.51,1.3201,+0.1687,-6.0450,7.3651,738.3472,-170.1341,5914.9844,5914.9844
4458,0.51,2.9292,-0.6408,-6.0671,8.9963,2138.8264,-168.7763,5920.7993,5920.7993
4459,0.52,0.1410,-0.0086,-6.0576,6.1987,80.5492,-170.0358,5865.6172,5865.6172
4460,0.53,0.7022,+1.8698,-6.0663,6.7685,184.0188,-170.0183,5908.7505,5908.7505
4461,0.52,-0.1059,-0.0162,-6.0744,5.9685,33.1775,-169.2323,5798.7202,5798.7202
4462,0.50,1.6796,+0.8409,-6.0526,7.7322,521.6778,-173.3393,6204.9814,6204.9814
4463,0.50,-2.0620,-0.1915,-6.0684,4.0064,1064.6204,-172.3444,5909.8145,5909.8145
4464,0.51,0.4284,-0.2156,-6.0411,6.4694,123.4272,-173.0835,6078.6245,6078.6245
4465,0.52,0.1795,-0.2119,-6.0459,6.2254,120.4974,-172.7000,6077.0840,6077.0840
4466,0.52,0.2945,-0.4626,-6.0557,6.3502,118.7198,-172.0393,6040.3413,6040.3413
4467,0.50,1.9050,-0.2015,-6.0199,7.9248,1060.0762,-172.3797,6162.1396,6162.1396
4468,0.52,0.0189,+0.1203,-6.0737,6.0926,103.3314,-169.4883,5856.5527,5856.5527
4469,0.50,0.3505,-0.1599,-6.1044,6.4549,63.4160,-169.2626,5852.9648,5852.9648
4470,0.52,-0.0757,-0.0010,-6.1085,6.0329,65.2998,-169.0410,5799.7930,5799.7930
4471,0.51,2.8205,+1.6013,-6.0956,8.9160,2108.2095,-168.1573,5837.7842,5837.7842
4472,0.52,0.9886,+0.9063,-6.0775,7.0660,304.7307,-169.0396,5810.3511,5810.3511
4473,0.53,0.5754,-0.0706,-6.0763,6.6516,125.4313,-169.3596,5828.2651,5828.2651
4474,0.53,0.4542,+0.3829,-6.0909,6.5450,100.8703,-168.6609,5761.7207,5761.7207
4475,0.50,0.3864,+0.5357,-6.0851,6.4715,37.0814,-169.4434,5811.1709,5811.1709
4476,0.51,0.7764,+0.1899,-6.0660,6.8424,123.4256,-169.4117,5821.9346,5821.9346
4477,0.51,0.9510,-0.1327,-6.0563,7.0073,331.1854,-169.6077,5838.3213,5838.3213
4478,0.51,0.5578,-0.0692,-6.0900,6.6478,76.0915,-168.8175,5765.3770,5765.3770
4479,0.52,0.1879,-0.0132,-6.0987,6.2865,40.5741,-168.0225,5716.7959,5716.7959
4480,0.54,1.9321,+0.5377,-6.0823,8.0144,973.8923,-168.5561,5792.2637,5792.2637
4481,0.51,1.5012,+0.3695,-6.0369,7.5381,591.0196,-171.0064,5963.0947,5963.0947
4482,0.52,0.3855,-0.1354,-6.0325,6.4180,96.5218,-169.8603,5827.4307,5827.4307
4483,0.52,0.2977,+0.0894,-6.0490,6.3467,65.7383,-169.4572,5799.9834,5799.9834
4484,0.52,1.8028,-0.1130,-6.0319,7.8347,1101.0054,-169.9597,5873.6904,5873.6904
4485,0.53,0.2035,-0.1048,-6.0425,6.2460,32.8523,-169.4044,5779.4717,5779.4717
4486,0.52,0.7676,+0.6723,-6.0396,6.8071,315.8414,-170.5652,5887.5596,5887.5596
4487,0.53,0.1785,-1.4230,-6.0486,6.2271,30.2619,-169.2496,5781.0439,5781.0439
4488,0.53,1.1669,+0.0966,-6.0434,7.2104,521.5526,-169.8799,5867.6372,5867.6372
4489,0.52,0.7847,-0.2214,-6.0204,6.8051,215.9334,-169.4262,5839.6396,5839.6396
4490,0.52,0.4525,-0.0866,-6.0391,6.4916,73.3177,-170.5048,5894.1436,5894.1436
4491,0.51,4.5494,-1.8297,-6.0154,10.5648,4805.9834,-171.3238,6072.2852,6072.2852
4492,0.51,1.8128,+0.4610,-6.0637,7.8764,662.5522,-168.9541,5871.2129,5871.2129
4493,0.53,15.6255,-5.5351,-6.0489,21.6744,64344.5703,-169.0787,6577.1299,6577.1299
4494,0.51,2.3109,-0.9627,-6.0468,8.3577,1220.3143,-168.7006,5922.8989,5922.8989
4495,0.52,0.1907,+0.5401,-6.0487,6.2393,64.9492,-170.7547,5939.7368,5939.7368
4496,0.53,-11.8866,+1.9697,-6.0354,-5.8512,35268.8359,-170.5045,5202.1758,5202.1758
4497,0.50,0.2905,+0.1561,-6.0321,6.3226,61.5845,-170.1613,5869.5977,5869.5977
4498,0.51,5.8765,-3.7511,-6.0353,11.9118,9393.8398,-169.1995,6056.5649,6056.5649
4499,0.51,4.3537,+2.2537,-6.0507,10.4044,4958.4385,-169.6331,6052.9160,6052.9160
4500,0.53,-2.7875,+0.5550,-6.0265,3.2390,1402.8608,-172.7438,5874.1616,5874.1616
4501,0.53,0.1107,-0.0308,-6.0504,6.1611,39.7457,-172.9270,6051.7642,6051.7642
4502,0.53,3.6652,+3.6926,-6.0671,9.7322,3687.3076,-171.8991,6194.6641,6194.6641
4503,0.52,-0.0466,-0.2233,-6.0512,6.0046,113.1803,-170.6231,5889.7705,5889.7705
4504,0.52,5.3228,+2.9051,-6.0609,11.3837,7333.9990,-170.5928,6239.6084,6239.6084
4505,0.51,0.2570,+0.5651,-6.0533,6.3104,49.1097,-170.8249,5906.5244,5906.5244
4506,0.51,0.5197,-0.5511,-6.0354,6.5551,40.6553,-171.5473,5950.4141,5950.4141
4507,0.52,0.4841,+0.1241,-6.0357,6.5198,67.7167,-170.6185,5883.8457,5883.8457
4508,0.52,2.0656,-1.9190,-6.0516,8.1171,807.6317,-169.4349,5910.5830,5910.5830
4509,0.52,1.9162,-1.2786,-6.0584,7.9746,934.5683,-169.2581,5893.3193,5893.3193
4510,0.51,0.7852,+0.2331,-6.0738,6.8590,104.4115,-168.8075,5793.7354,5793.7354
4511,0.52,0.4741,-0.2677,-6.0603,6.5344,72.8439,-168.7850,5777.4468,5777.4468
4512,0.53,1.1688,-0.2074,-6.0620,7.2308,484.5017,-169.8645,5868.9238,5868.9238
4513,0.50,0.4732,-0.1908,-6.0475,6.5207,97.0077,-169.9195,5845.7217,5845.7217
4514,0.51,0.1466,-0.0833,-6.0442,6.1908,31.4133,-168.9301,5775.4697,5775.4697
4515,0.51,0.2012,-0.0591,-6.0496,6.2508,76.0392,-170.5369,5898.3926,5898.3926
4516,0.51,-0.1218,+0.2105,-6.0180,5.8963,23.7467,-171.1423,5898.8418,5898.8418
4517,0.52,0.5651,-0.3382,-6.0218,6.5869,124.5711,-171.7125,5983.5576,5983.5576
4518,0.52,0.5451,-0.1859,-6.0165,6.5615,97.7971,-171.4932,5950.1387,5950.1387
4519,0.52,-0.0861,-0.5061,-6.0339,5.9479,28.8292,-170.2859,5848.5288,5848.5288
4520,0.50,-0.1319,+0.4615,-6.0350,5.9030,45.4590,-171.6130,5929.0547,5929.0547
4521,0.51,0.4319,-0.2046,-6.0352,6.4672,96.1584,-169.0292,5792.9863,5792.9863
4522,0.53,-0.4296,+0.1478,-6.0287,5.5990,25.3495,-169.8307,5799.8672,5799.8672
4523,0.53,-0.2300,+0.1192,-6.0356,5.8057,17.6094,-173.3416,6048.5830,6048.5830
4524,0.56,-0.5298,-0.2306,-6.0172,5.4874,7.6355,-173.5376,6047.2935,6047.2935
4525,0.52,0.0535,-0.1632,-6.0168,6.0704,44.8220,-174.2378,6113.4795,6113.4795
4526,0.52,0.0121,+0.3541,-6.0347,6.0468,67.8665,-173.2581,6057.4912,6057.4912
4527,0.51,-0.0416,-0.0969,-6.0187,5.9771,21.1478,-174.5759,6145.8325,6145.8325
4528,0.51,0.1571,-0.4228,-6.0045,6.1616,49.1025,-176.5681,6321.5317,6321.5317
4529,0.52,0.4919,+0.0819,-6.0113,6.5032,100.8214,-175.6232,6256.0200,6256.0200
4530,0.52,-0.1287,+0.3230,-6.0318,5.9031,52.2939,-175.5642,6231.6396,6231.6396
4531,0.52,0.5965,+0.0588,-6.0298,6.6263,400.0623,-175.0047,6248.0801,6248.0801
4532,0.51,0.4315,+0.1008,-6.0270,6.4585,151.2114,-173.5324,6126.2178,6126.2178
4533,0.52,0.0332,-0.1116,-6.0420,6.0752,39.8625,-174.0454,6135.1338,6135.1338
4534,0.53,-0.2506,+0.0056,-6.0256,5.7749,52.7021,-175.2735,6203.5596,6203.5596
4535,0.53,0.1152,-0.2034,-6.0306,6.1458,130.0294,-176.4245,6303.3213,6303.3213
4536,0.51,-0.2815,-0.2353,-6.0282,5.7468,15.0995,-177.1255,6339.6738,6339.6738
4537,0.52,0.0298,+0.3239,-6.0185,6.0483,80.3978,-174.5582,6162.7441,6162.7441
4538,0.51,-0.6591,+0.2929,-6.0168,5.3577,21.6789,-173.3414,6030.7920,6030.7920
4539,0.52,0.0358,-0.3386,-5.9919,6.0277,30.4834,-176.4954,6289.1021,6289.1021
4540,0.53,-0.0124,+0.1137,-6.0152,6.0028,61.4407,-176.2308,6269.7090,6269.7090
4541,0.51,-0.0768,+0.1151,-6.0198,5.9429,90.6293,-173.9262,6120.8208,6120.8208
4542,0.52,-0.0288,+0.1669,-6.0216,5.9928,35.8560,-175.0791,6228.4028,6228.4028
4543,0.51,-0.2698,-0.0220,-6.0191,5.7493,26.6873,-173.7025,6103.3242,6103.3242
4544,0.53,-0.2154,+0.1011,-6.0302,5.8148,30.1884,-171.5039,5945.8965,5945.8965
4545,0.54,-0.1729,-0.0922,-6.0237,5.8508,29.0992,-172.1162,5975.4980,5975.4980
4546,0.52,-0.1480,-0.1891,-6.0226,5.8747,53.0057,-171.0014,5872.6172,5872.6172
4547,0.52,-0.0663,+0.3934,-6.0260,5.9597,71.4156,-172.3763,5994.6475,5994.6475
4548,0.51,1.1769,-0.2194,-6.0309,7.2078,653.4404,-172.5983,6044.3726,6044.3726
4549,0.51,2.8071,-0.2822,-6.0467,8.8538,2327.8228,-174.4973,6179.4136,6179.4136
4550,0.52,0.3775,-0.1760,-6.0438,6.4213,40.2786,-174.6949,6154.1572,6154.1572
4551,0.52,0.4072,-0.1757,-6.0572,6.4644,248.2371,-173.4669,6037.0161,6037.0161
4552,0.54,-0.0544,-0.0294,-6.0349,5.9805,33.7718,-172.5413,6006.6904,6006.6904
4553,0.54,-0.1170,+0.1097,-6.0530,5.9360,25.3813,-174.7839,6150.2061,6150.2061
4554,0.53,-0.3604,-0.0479,-6.0625,5.7021,26.5636,-173.3637,6032.2256,6032.2256
4555,0.53,-0.3002,-0.2514,-6.0403,5.7402,15.2082,-174.5171,6082.0581,6082.0581
4556,0.53,0.0039,-0.1357,-6.0361,6.0400,29.1655,-173.7156,6056.1816,6056.1816
4557,0.52,-0.3417,-0.4047,-6.0319,5.6902,14.0562,-172.6884,5981.1362,5981.1362
4558,0.51,-0.0815,+0.1772,-6.0339,5.9524,6.2879,-177.2288,6317.6152,6317.6152
4559,0.54,-0.2787,+0.4280,-6.0392,5.7606,14.4939,-175.5655,6197.0566,6197.0566
4560,0.52,-0.4043,+0.1007,-6.0612,5.6569,12.5762,-173.2297,6014.8799,6014.8799
4561,0.53,-0.4954,+0.0394,-6.0726,5.5772,9.5897,-168.2331,5682.1392,5682.1392
4562,0.53,0.0948,-0.0876,-6.0619,6.1567,23.6659,-172.8526,6040.1562,6040.1562
4563,0.51,-0.0290,-0.1022,-6.0856,6.0566,19.1663,-171.1655,5920.8511,5920.8511
4564,0.52,0.9398,-0.0376,-6.0802,7.0200,321.2885,-170.3536,5902.3818,5902.3818
4565,0.53,1.5747,+0.7716,-6.0518,7.6264,640.0792,-170.2476,5933.9141,5933.9141
4566,0.50,0.1775,-0.3557,-6.0547,6.2322,91.1678,-169.7832,5858.2632,5858.2632
4567,0.52,0.3266,-0.1149,-6.0306,6.3572,74.2655,-169.1397,5801.6709,5801.6709
4568,0.51,0.0597,-0.0264,-6.0652,6.1249,56.4090,-168.7962,5782.3350,5782.3350
4569,0.51,0.3483,+0.1979,-6.0985,6.4468,79.1852,-167.4234,5715.1250,5715.1250
4570,0.51,1.2282,+0.5377,-6.0813,7.3095,352.1501,-166.4076,5711.0928,5711.0928
4571,0.53,3.8627,-1.3648,-6.0611,9.9238,3447.6926,-166.7242,5757.4971,5757.4971
4572,0.52,1.1782,-0.1070,-6.0877,7.2658,291.0741,-166.6831,5718.6880,5718.6880
4573,0.52,0.3156,-0.0275,-6.0979,6.4134,60.6823,-166.8751,5677.2983,5677.2983
4574,0.53,4.4489,+1.2527,-6.0978,10.5467,4345.1519,-168.6681,6073.1753,6073.1753
4575,0.54,1.2052,-0.0147,-6.0760,7.2813,309.6536,-168.8466,5844.7178,5844.7178
4576,0.50,15.1093,+10.4103,-6.0740,21.1833,35120.5664,-166.3933,6638.8008,6638.8008
4577,0.53,5.3804,-3.7466,-6.0955,11.4759,11442.9014,-167.3735,6038.7051,6038.7051
4578,0.53,18.5508,+20.6216,-6.0870,24.6378,84539.6172,-166.1854,7005.6709,7005.6709
4579,0.52,-0.4223,-1.8049,-6.0897,5.6675,1895.4156,-167.7614,5655.8560,5655.8560
4580,0.52,-12.7541,+4.0341,-6.0470,-6.7071,52434.5234,-170.2342,4840.4253,4840.4253
4581,0.52,9.9465,+3.4214,-6.0434,15.9899,23877.2246,-169.5349,6504.3652,6504.3652
4582,0.55,-5.0433,-0.9079,-6.0460,1.0028,6415.6147,-170.6098,5711.4868,5711.4868
4583,0.50,-0.8099,-0.7373,-6.0416,5.2317,554.4841,-169.9651,5818.8115,5818.8115
4584,0.53,0.8447,+0.0688,-6.0508,6.8954,140.8973,-169.0536,5800.2812,5800.2812
4585,0.53,2.9227,+0.1209,-6.0505,8.9732,1982.5680,-169.8371,5930.6348,5930.6348
4586,0.51,-0.2190,+0.2731,-6.0624,5.8434,255.4388,-170.9251,5893.9453,5893.9453
4587,0.52,0.2691,+0.4617,-6.0618,6.3309,50.3747,-170.7599,5936.0742,5936.0742
4588,0.52,0.8578,-1.6196,-6.0607,6.9185,170.1011,-171.9534,6020.6626,6020.6626
4589,0.53,-2.6488,+0.4866,-6.0641,3.4153,1829.8687,-170.9958,5869.6934,5869.6934
4590,0.51,1.4632,+1.7940,-6.0525,7.5157,385.9933,-169.5292,5896.5669,5896.5669
4591,0.51,0.6406,-0.0989,-6.0276,6.6682,222.6327,-170.2289,5887.5381,5887.5381
4592,0.53,0.3549,-0.0588,-6.0539,6.4088,83.5280,-170.9160,5929.5156,5929.5156
4593,0.51,0.2195,-0.0541,-6.0784,6.2979,63.6079,-169.7011,5841.8140,5841.8140
4594,0.51,-0.1312,-0.4341,-6.0875,5.9563,72.6823,-168.7600,5757.1230,5757.1230
4595,0.52,0.6276,+0.0709,-6.0871,6.7147,165.1275,-166.7867,5651.0684,5651.0684
4596,0.52,0.3170,-0.2354,-6.0596,6.3767,66.7475,-170.2352,5864.3877,5864.3877
4597,0.54,0.0104,+0.0588,-6.0937,6.1040,60.8531,-168.0871,5702.6782,5702.6782
4598,0.54,0.3406,+0.1110,-6.1003,6.4408,71.8191,-166.3067,5610.7720,5610.7720
4599,0.51,0.1292,-0.1936,-6.1065,6.2357,36.9628,-167.0757,5630.2324,5630.2324
4600,0.50,4.8602,-2.3229,-6.1004,10.9605,6416.3633,-169.3573,6035.8672,6035.8672
4601,0.51,-0.0005,-0.0930,-6.1014,6.1008,59.8234,-167.8263,5711.0044,5711.0044
4602,0.52,0.3943,-6.2060,-6.0972,6.4915,89.7108,-165.6403,5579.7783,5579.7783
4603,0.52,3.7127,-3.8616,-6.0949,9.8076,3786.6990,-166.3918,5902.5039,5902.5039
4604,0.52,14.5026,-2.2118,-6.0866,20.5892,55812.4219,-167.4120,6736.4766,6736.4766
4605,0.52,0.2394,+0.3297,-6.1047,6.3442,60.3478,-167.5125,5671.5547,5671.5547
4606,0.51,0.4264,-0.0139,-6.0919,6.5183,58.0154,-168.3279,5716.2217,5716.2217
4607,0.52,0.4261,-0.2667,-6.0685,6.4946,58.9328,-169.5040,5813.8638,5813.8638
4608,0.52,0.3483,-0.2032,-6.0492,6.3974,64.6458,-169.1036,5779.4897,5779.4897
4609,0.52,0.4965,-0.0111,-6.0423,6.5388,65.6259,-171.5911,5986.4170,5986.4170
4610,0.53,0.0737,+0.0053,-6.0456,6.1194,73.2231,-170.4576,5884.2686,5884.2686
4611,0.52,0.1399,-0.1052,-6.0608,6.2008,63.8597,-170.4005,5871.5200,5871.5200
4612,0.53,0.2243,+0.5015,-6.0415,6.2658,90.8436,-170.6059,5874.1284,5874.1284
4613,0.51,0.5473,-0.1440,-6.0534,6.6006,71.9703,-170.4948,5861.9805,5861.9805
4614,0.51,0.5747,+0.0234,-6.0774,6.6521,84.3628,-169.1471,5805.8057,5805.8057
4615,0.52,-3.8488,+11.9919,-6.0740,2.2252,3886.3682,-169.8473,5580.0420,5580.0420
4616,0.51,0.3096,-0.0076,-6.0495,6.3591,66.4590,-170.5113,5906.4961,5906.4961
4617,0.53,0.3465,-0.1108,-6.0645,6.4111,83.5372,-169.9494,5887.1533,5887.1533
4618,0.51,-0.0021,-0.4176,-6.0492,6.0471,35.8164,-170.8858,5910.3438,5910.3438
4619,0.53,-0.0775,+0.0269,-6.0613,5.9838,76.6528,-169.7675,5804.8569,5804.8569
4620,0.52,-0.6143,+0.4973,-6.0535,5.4392,116.4062,-170.2605,5808.7285,5808.7285
4621,0.53,6.1934,-15.9314,-6.0487,12.2421,10025.9072,-169.3845,6101.9331,6101.9331
4622,0.51,-0.1036,-0.9116,-6.0420,5.9384,41.9594,-171.0738,5923.7490,5923.7490
4623,0.53,-0.1202,-0.5950,-6.0401,5.9200,65.5905,-170.8766,5884.1841,5884.1841
4624,0.52,0.2979,-0.3482,-6.0357,6.3336,67.3793,-170.4257,5889.7012,5889.7012
4625,0.53,-2.6701,+14.1421,-6.0351,3.3649,1680.2550,-173.1227,5887.2598,5887.2598
4626,0.53,0.3703,+0.0561,-6.0482,6.4185,89.8627,-171.3233,5944.3071,5944.3071
4627,0.53,0.3122,-0.0500,-6.0192,6.3314,77.9903,-174.9397,6191.2104,6191.2104
4628,0.53,0.7547,-0.8020,-6.0351,6.7898,248.7803,-173.1181,6096.7988,6096.7988
4629,0.53,0.1933,+0.0547,-6.0243,6.2176,67.1224,-173.9036,6122.2617,6122.2617
4630,0.52,0.3023,+0.4267,-6.0119,6.3141,61.1318,-172.3600,6014.3579,6014.3579
4631,0.51,1.1600,+0.1573,-6.0287,7.1888,306.3582,-172.1103,6035.8994,6035.8994
4632,0.51,0.1166,+0.0497,-6.0590,6.1756,39.2371,-170.6607,5898.4668,5898.4668
4633,0.52,0.2839,-0.3826,-6.0310,6.3149,46.3979,-172.3834,5999.7871,5999.7871
4634,0.51,-0.8439,+0.0450,-6.0312,5.1873,199.0564,-173.5216,6040.0049,6040.0049
4635,0.53,-0.0817,-0.0801,-6.0632,5.9815,44.2510,-171.1335,5894.0112,5894.0112
4636,0.53,-0.1408,-0.0381,-6.0421,5.9014,36.9343,-171.8597,5947.5708,5947.5708
4637,0.52,-0.0406,-0.0545,-6.0284,5.9878,36.4407,-172.7475,6012.6538,6012.6538
4638,0.51,0.1112,-0.1653,-6.0407,6.1519,27.4771,-171.1945,5882.1045,5882.1045
4639,0.51,-0.0010,-0.3599,-6.0615,6.0605,34.4588,-170.4472,5855.7891,5855.7891
4640,0.53,0.2100,+0.0533,-6.0757,6.2857,35.9973,-169.5748,5791.7393,5791.7393
4641,0.52,-0.2108,-0.3665,-6.0672,5.8564,43.6908,-169.8850,5808.3379,5808.3379
4642,0.54,-0.2907,+0.0222,-6.0603,5.7696,36.6361,-170.4269,5851.1470,5851.1470
4643,0.54,-0.1323,-0.0713,-6.0498,5.9175,30.7437,-172.1478,5958.4336,5958.4336
4644,0.53,-0.1798,-0.2449,-6.0447,5.8649,34.4210,-172.2807,5971.7959,5971.7959
4645,0.53,-0.2272,+0.1699,-6.0351,5.8079,39.3920,-172.7829,5982.8618,5982.8618
4646,0.50,-0.3076,+0.1333,-6.0586,5.7510,34.3506,-173.7393,6086.3477,6086.3477
4647,0.52,-0.0465,-0.0910,-6.0669,6.0203,47.8123,-175.0802,6202.9277,6202.9277
4648,0.51,-0.1297,-0.2165,-6.0599,5.9302,27.6414,-173.5346,6084.4004,6084.4004
4649,0.52,-0.4265,-0.0380,-6.0668,5.6404,5.7747,-171.8539,5943.5444,5943.5444
4650,0.52,0.8537,-1.4000,-6.0901,6.9439,327.4600,-164.9907,5552.1328,5552.1328
4651,0.53,-1.8680,+1.3425,-6.0774,4.2095,654.0124,-167.2812,5609.7651,5609.7651
4652,0.53,-0.8735,-0.2268,-6.0767,5.2032,49.7400,-167.7653,5668.9658,5668.9658
4653,0.54,-0.6110,+0.2810,-6.0662,5.4551,26.1100,-169.1826,5778.3101,5778.3101
4654,0.52,-0.6124,+0.3980,-6.0678,5.4555,37.6984,-171.3825,5908.4331,5908.4331
4655,0.52,-0.1798,+0.1113,-6.0735,5.8937,32.0302,-169.1786,5780.0215,5780.0215
4656,0.51,-0.4170,+0.1054,-6.0474,5.6304,72.4102,-171.2361,5911.9248,5911.9248
4657,0.52,-0.1691,+0.2488,-6.0371,5.8680,16.9212,-172.4155,5984.7476,5984.7476
4658,0.52,0.3636,+0.0412,-6.0661,6.4297,51.6923,-173.1322,6065.0952,6065.0952
4659,0.52,6.5352,-0.0235,-6.0713,12.6065,11479.5439,-170.7474,6223.5361,6223.5361
4660,0.52,1.5902,+0.6375,-6.0640,7.6542,679.8110,-169.9396,5908.7451,5908.7451
4661,0.52,0.0094,-0.1512,-6.0434,6.0528,35.3838,-170.3453,5839.7520,5839.7520
4662,0.52,-0.1606,+0.0366,-6.0525,5.8919,300.2122,-171.6145,5957.4961,5957.4961
4663,0.53,0.2916,+0.0525,-6.0573,6.3489,71.0496,-169.5839,5835.2725,5835.2725
4664,0.51,2.0109,+0.0073,-6.0438,8.0547,773.5522,-168.2996,5882.1328,5882.1328
4665,0.51,0.8568,-0.3476,-6.0549,6.9118,68.0197,-169.2106,5854.2251,5854.2251
4666,0.53,0.5163,-0.0908,-6.0377,6.5541,51.6458,-169.1096,5813.8750,5813.8750
4667,0.53,1.1694,+1.3562,-6.0469,7.2163,541.6395,-171.1910,6016.3516,6016.3516
4668,0.54,0.6834,-0.1392,-6.0525,6.7359,339.8938,-172.4876,6083.5146,6083.5146
4669,0.52,-0.2275,-0.2305,-6.0543,5.8268,17.4846,-172.2572,5978.8892,5978.8892
4670,0.54,0.8354,-0.4908,-6.0366,6.8720,449.8436,-172.2224,6096.1943,6096.1943
4671,0.53,1.9576,-0.4012,-6.0436,8.0012,891.3456,-171.6645,6101.1953,6101.1953
4672,0.53,0.4395,-0.1317,-6.0443,6.4838,73.7844,-171.3836,5958.1597,5958.1597
4673,0.53,0.6059,-0.8217,-6.0543,6.6603,76.3619,-168.9147,5801.7788,5801.7788
4674,0.53,0.2854,-0.0629,-6.0520,6.3375,80.6671,-168.1340,5734.6304,5734.6304
4675,0.53,0.7297,-0.2883,-6.0462,6.7759,93.9583,-170.7250,5947.3389,5947.3389
4676,0.52,-0.1518,-0.2178,-6.0187,5.8669,70.3436,-171.6592,5955.4224,5955.4224
4677,0.51,0.6859,-0.3239,-6.0118,6.6976,70.9197,-169.3452,5853.0088,5853.0088
4678,0.51,1.0084,-0.7066,-6.0440,7.0524,99.3928,-168.4010,5791.2031,5791.2031
4679,0.53,0.8052,+0.2416,-6.0587,6.8639,127.1329,-168.0367,5777.9629,5777.9629
4680,0.51,1.1804,+0.0379,-6.0691,7.2496,137.7356,-168.8557,5815.5264,5815.5264
4681,0.52,1.1069,-0.2145,-6.0427,7.1496,134.1743,-169.0728,5807.4453,5807.4453
4682,0.52,1.0956,-0.5052,-6.0315,7.1271,118.3928,-169.3759,5813.5488,5813.5488
4683,0.52,1.4720,+0.1551,-6.0138,7.4857,181.4575,-169.8393,5865.1387,5865.1387
4684,0.52,2.1949,-0.2732,-6.0287,8.2236,611.3984,-169.4304,5920.8682,5920.8682
4685,0.53,1.3498,+0.2475,-6.0075,7.3573,137.8418,-169.6210,5866.5659,5866.5659
4686,0.50,1.0514,+0.0289,-5.9959,7.0473,115.5475,-169.3596,5817.8867,5817.8867
4687,0.52,1.1242,-2.9342,-6.0542,7.1784,181.7433,-167.3403,5709.7480,5709.7480
4688,0.50,1.1254,-0.1927,-6.0101,7.1354,142.9982,-169.4604,5842.9575,5842.9575
4689,0.50,0.7738,-0.0799,-6.0003,6.7741,85.6377,-170.4476,5899.5610,5899.5610
4690,0.52,1.3716,-0.0666,-5.9828,7.3544,183.5111,-170.3093,5907.8452,5907.8452
4691,0.53,0.9261,-0.8061,-6.0015,6.9276,89.3566,-171.2371,5952.0244,5952.0244
4692,0.52,2.0061,-0.4388,-6.0014,8.0074,375.6603,-169.9066,5916.9067,5916.9067
4693,0.51,2.3119,-0.6369,-6.0345,8.3464,558.2312,-168.8548,5905.6914,5905.6914
4694,0.51,3.7238,-0.4607,-6.0382,9.7620,1199.6105,-167.7001,5848.5435,5848.5435
4695,0.51,2.0262,+0.4213,-6.0176,8.0439,216.7185,-167.5286,5721.5576,5721.5576
4696,0.52,3.1062,-1.4801,-6.0023,9.1085,416.7203,-166.1415,5692.5483,5692.5483
4697,0.50,-12.8767,+0.4603,-6.0276,-6.8491,62339.4414,-165.7479,4404.3564,4404.3564
4698,0.53,-19.2041,+11.9144,-6.0229,-13.1812,106105.0938,-166.0099,4249.6548,4249.6548
4699,0.53,-2.3444,-3.9247,-6.0167,3.6723,5032.6768,-165.5328,5306.7998,5306.7998
4700,0.51,-17.7203,+72.0958,-6.0298,-11.6905,72245.2891,-165.1324,4445.9399,4445.9399
4701,0.51,46.9896,+44.0069,-6.0126,53.0022,260875.8125,-165.7701,7512.8530,7512.8530
4702,0.50,1.0598,+6.0861,-5.9937,7.0535,407.9655,-167.8569,5694.8857,5694.8857
4703,0.53,-38.4181,+15.6632,-5.9840,-32.4341,422166.1562,-167.8849,3487.3369,3487.3369
4704,0.50,3.0127,+3.2754,-6.0068,9.0195,5727.9141,-168.2463,5778.0723,5778.0723
4705,0.52,-2.7581,-5.4953,-6.0107,3.2526,11559.9922,-166.6428,5416.7710,5416.7710
4706,0.51,6.0373,+7.6801,-5.9861,12.0234,12400.8516,-166.2277,5740.0156,5740.0156
4707,0.52,-1.6154,+2.7212,-6.0026,4.3872,2518.0317,-165.4635,5353.9360,5353.9360
4708,0.51,-1.5246,+5.5836,-6.0138,4.4893,2031.3885,-166.7830,5542.0391,5542.0391
4709,0.51,40.9612,-19.9641,-6.0221,46.9833,167103.5781,-165.5090,7500.1230,7500.1230
4710,0.50,25.9629,+11.9255,-6.0245,31.9874,145943.6406,-165.8958,6894.6445,6894.6445
4711,0.51,1.4649,+0.9714,-6.0186,7.4835,3491.7358,-164.7783,5517.7222,5517.7222
4712,0.51,-2.2408,-2.2839,-6.0211,3.7803,24048.3398,-166.3714,5285.7256,5285.7256
4713,0.53,-25.0802,+39.6430,-6.0425,-19.0378,305660.0312,-165.0008,3967.1633,3967.1633
4714,0.51,-5.3555,-0.4730,-6.0233,0.6678,26715.3828,-164.3094,4576.5449,4576.5449
4715,0.52,-1.5680,-5.5267,-6.0229,4.4549,16648.0488,-164.3626,4779.4980,4779.4980
4716,0.51,-13.0655,-18.5065,-6.0273,-7.0382,29728.7070,-167.2173,4757.8447,4757.8447
4717,0.52,-14.4355,+2.8178,-6.0360,-8.3995,37232.8750,-165.0864,4098.9370,4098.9370
4718,0.52,-30.1525,-11.0378,-6.0159,-24.1366,185542.4531,-165.3020,2081.4512,2081.4512
4719,0.50,3.6432,+8.0030,-6.0211,9.6643,14978.1025,-167.2482,5857.5068,5857.5068
4720,0.52,7.7047,-1.1568,-6.0461,13.7508,6820.3027,-165.9482,6006.9160,6006.9160
4721,0.51,0.3257,-1.0015,-6.0321,6.3579,1025.3679,-165.9389,5522.5586,5522.5586
4722,0.51,10.1793,-1.5671,-6.0148,16.1940,8493.0957,-166.7781,6292.2002,6292.2002
4723,0.51,3.9522,-1.2967,-6.0187,9.9709,6290.0103,-165.2126,5632.1602,5632.1602
4724,0.50,1.5219,-0.3200,-6.0191,7.5409,480.1513,-166.7301,5675.3691,5675.3691
4725,0.53,1.3776,-0.4860,-6.0224,7.4000,285.9593,-165.7885,5584.9126,5584.9126
4726,0.51,0.8191,-1.0119,-6.0209,6.8400,276.6192,-165.9420,5603.5068,5603.5068
4727,0.50,4.4692,+1.4810,-6.0371,10.5063,2491.4446,-164.4832,5623.2822,5623.2822
4728,0.49,-0.2114,-0.9247,-6.0383,5.8269,2298.3425,-163.6077,5328.7715,5328.7715
4729,0.49,3.8960,+1.7774,-6.0554,9.9514,2660.0620,-164.3117,5755.6919,5755.6919
4730,0.52,22.6743,+0.6069,-6.0571,28.7314,105051.0156,-165.6128,7352.3369,7352.3369
4731,0.51,-0.0947,-1.0921,-6.0679,5.9731,816.9037,-165.5525,5576.5010,5576.5010
4732,0.51,-4.2827,+3.0941,-6.0248,1.7422,4932.9199,-166.4687,5413.4849,5413.4849
4733,0.50,0.5125,+0.4048,-6.0201,6.5326,655.3060,-166.9132,5603.3545,5603.3545
4734,0.49,2.0394,+0.4828,-6.0412,8.0807,244.5642,-167.3687,5777.7441,5777.7441
4735,0.50,2.8355,+0.2649,-6.0271,8.8626,1593.9712,-166.5580,5813.8071,5813.8071
4736,0.50,1.4732,+0.8257,-6.0342,7.5074,611.1339,-166.7544,5746.3340,5746.3340
4737,0.50,2.8591,+0.2345,-6.0509,8.9100,3774.1550,-167.7125,5945.0068,5945.0068
4738,0.51,1.5428,-0.1218,-6.0271,7.5699,259.0772,-169.0201,5887.8574,5887.8574
4739,0.50,0.7682,+0.2465,-6.0324,6.8006,211.0121,-170.2113,5901.5845,5901.5845
4740,0.50,1.2666,+1.3150,-6.0550,7.3217,431.0737,-167.4979,5760.2559,5760.2559
4741,0.50,17.8502,-7.9340,-6.0338,23.8839,66047.3281,-167.5724,6591.6333,6591.6333
4742,0.51,8.4870,-7.3274,-6.0591,14.5461,6583.5176,-166.1495,6076.8418,6076.8418
4743,0.50,13.7171,-3.4295,-6.0626,19.7796,32159.3262,-166.8231,6268.1875,6268.1875
4744,0.52,3.1060,+0.8547,-6.0774,9.1834,1090.5127,-166.5687,5811.4883,5811.4883
4745,0.50,2.0773,+0.1236,-6.0582,8.1355,294.3340,-166.4542,5716.6924,5716.6924
4746,0.52,-0.3114,+0.6388,-6.0507,5.7393,637.1883,-167.0665,5610.2427,5610.2427
4747,0.51,5.4549,+0.1891,-6.0394,11.4943,2532.6248,-167.8943,5975.6587,5975.6587
4748,0.52,4.1802,-0.9879,-6.0323,10.2124,1548.6633,-166.5348,5893.9150,5893.9150
4749,0.51,1.3541,+0.4704,-6.0219,7.3760,975.4388,-167.6362,5667.5757,5667.5757
4750,0.52,8.4779,+3.3086,-6.0288,14.5067,11671.6348,-167.6043,6272.3545,6272.3545
4751,0.51,1.2368,+0.9741,-6.0403,7.2770,145.7606,-167.5156,5737.2842,5737.2842
4752,0.51,2.2273,-0.4816,-6.0197,8.2470,235.0382,-168.5738,5823.4883,5823.4883
4753,0.50,-1.4090,-0.2286,-6.0195,4.6105,1542.2999,-168.6308,5598.0947,5598.0947
4754,0.53,-8.0330,+0.3380,-6.0224,-2.0105,18803.9766,-168.7556,5125.8145,5125.8145
4755,0.52,0.3530,+1.5065,-6.0035,6.3564,144.1254,-169.0346,5754.8628,5754.8628
4756,0.51,6.1937,+0.6088,-5.9682,12.1619,7098.5596,-172.1727,6361.1377,6361.1377
4757,0.51,1.8575,+0.3635,-5.9994,7.8569,181.7722,-169.9722,5910.1973,5910.1973
4758,0.50,4.9423,-0.0848,-6.0063,10.9486,2863.1355,-170.3338,6188.5464,6188.5464
4759,0.50,4.1231,+3.2221,-6.0319,10.1550,2046.6703,-169.5277,6070.7256,6070.7256
4760,0.52,8.2042,-0.7494,-6.0088,14.2130,10965.0020,-169.5828,6436.3721,6436.3721
4761,0.51,1.9379,-0.1410,-6.0356,7.9735,206.4867,-167.2218,5713.4521,5713.4521
4762,0.51,1.2321,+0.1584,-6.0562,7.2883,162.9835,-167.5853,5732.4561,5732.4561
4763,0.52,1.8484,-0.5590,-6.0505,7.8989,234.0724,-168.0982,5804.8223,5804.8223
4764,0.52,1.2377,-0.1653,-6.0720,7.3097,119.8173,-165.8774,5605.9434,5605.9434
4765,0.52,1.4113,+0.0443,-6.0171,7.4285,130.1269,-168.6129,5783.8369,5783.8369
4766,0.50,1.7601,-0.1562,-6.0366,7.7967,235.1881,-168.6459,5809.2051,5809.2051
4767,0.53,1.4456,+0.1203,-6.0202,7.4658,157.2096,-168.4993,5772.5435,5772.5435
4768,0.54,1.1919,+0.0691,-6.0337,7.2256,109.8562,-168.9474,5778.2441,5778.2441
4769,0.50,1.6375,-0.0473,-6.0544,7.6920,216.4404,-167.8271,5753.4126,5753.4126
4770,0.51,0.7477,+0.7583,-6.0462,6.7939,83.0301,-168.1710,5738.3174,5738.3174
4771,0.51,1.9246,+0.1938,-6.0293,7.9539,351.8508,-168.4226,5804.2842,5804.2842
4772,0.50,1.7692,-0.3960,-6.0310,7.8002,186.8009,-166.9099,5691.0977,5691.0977
4773,0.50,2.0982,-0.9319,-6.0043,8.1026,284.4424,-167.8844,5769.8955,5769.8955
4774,0.52,1.3672,-0.2339,-6.0114,7.3786,140.0112,-166.9621,5652.7461,5652.7461
4775,0.51,1.3882,+0.1465,-6.0012,7.3894,116.5235,-169.0571,5777.4009,5777.4009
4776,0.50,1.7266,+0.1473,-5.9922,7.7188,117.5178,-169.4640,5865.3511,5865.3511
4777,0.50,1.7421,-0.5556,-6.0036,7.7458,134.2077,-168.1210,5788.2974,5788.2974
4778,0.52,1.6947,+0.2025,-5.9970,7.6917,207.3979,-169.1877,5870.5059,5870.5059
4779,0.51,-0.2728,+1.7442,-5.9800,5.7072,652.1216,-171.5224,5906.3115,5906.3115
4780,0.52,12.0012,-1.2626,-5.9831,17.9843,52327.4961,-169.9438,6617.9619,6617.9619
4781,0.52,0.9730,+0.2895,-5.9618,6.9347,103.5176,-171.5580,5929.8652,5929.8652
4782,0.52,-3.9908,-5.4062,-5.9639,1.9731,11349.1006,-172.1006,5604.0894,5604.0894
4783,0.52,2.3119,+0.4519,-5.9714,8.2832,345.7336,-171.3433,6012.0278,6012.0278
4784,0.52,3.0490,+0.8752,-5.9859,9.0349,808.9455,-170.6244,6014.1582,6014.1582
4785,0.51,2.2577,+0.3123,-5.9704,8.2280,274.7422,-171.5852,6014.8628,6014.8628
4786,0.51,5.3659,+5.1438,-5.9525,11.3184,2739.9832,-172.3931,6294.9766,6294.9766
4787,0.51,-0.6632,-0.7331,-5.9684,5.3052,3023.1814,-170.0726,5806.7173,5806.7173
4788,0.51,2.8336,+0.8339,-5.9883,8.8219,1096.3619,-169.4525,5933.8804,5933.8804
4789,0.53,4.7205,-0.5647,-5.9780,10.6985,2684.5227,-167.8885,5906.4814,5906.4814
4790,0.52,6.2631,-0.2936,-6.0209,12.2840,7474.7939,-165.9398,5906.2422,5906.2422
4791,0.50,9.9174,+0.1056,-6.0143,15.9317,21483.7383,-169.2659,6361.3037,6361.3037
4792,0.50,3.4089,-0.1546,-6.0137,9.4226,2023.1782,-167.6944,5759.8916,5759.8916
4793,0.50,1.5806,-0.5662,-6.0239,7.6045,641.4459,-168.9577,5804.3203,5804.3203
4794,0.51,1.5023,+0.4886,-6.0002,7.5024,607.1239,-171.3178,5964.4561,5964.4561
4795,0.51,1.6074,-1.1664,-5.9900,7.5974,313.7492,-172.3950,6006.2461,6006.2461
4796,0.51,0.7576,+0.3648,-5.9917,6.7493,74.2027,-170.4869,5807.5957,5807.5957
4797,0.53,0.9729,-0.2961,-6.0246,6.9975,74.0479,-171.0684,5896.0996,5896.0996
4798,0.53,2.5885,+0.2221,-5.9985,8.5869,926.5122,-170.4998,5921.0635,5921.0635
4799,0.50,-0.8707,-3.9442,-5.9760,5.1054,538.1718,-171.5981,5755.3999,5755.3999
4800,0.51,10.7306,-3.9931,-5.9909,16.7215,33058.8750,-172.1559,6650.2280,6650.2280
4801,0.51,2.9313,+0.9458,-6.0053,8.9366,1414.5634,-171.4743,6001.1660,6001.1660
4802,0.51,1.9573,+1.0772,-5.9937,7.9510,384.3075,-170.9142,5926.6475,5926.6475
4803,0.52,1.3633,-0.6115,-6.0059,7.3692,117.6284,-168.5134,5711.1787,5711.1787
4804,0.52,2.1475,-0.6427,-6.0236,8.1711,334.4309,-168.3571,5747.6387,5747.6387
4805,0.50,6.0579,+0.5491,-6.0388,12.0967,7200.8804,-168.9086,6108.7080,6108.7080
4806,0.51,0.6991,-0.5766,-6.0137,6.7128,175.6742,-168.6512,5701.6104,5701.6104
4807,0.51,3.3829,+0.1848,-5.9977,9.3806,1516.4144,-170.0586,5993.9502,5993.9502
4808,0.50,16.0644,-18.7867,-6.0192,22.0836,56699.5508,-167.8762,6820.5625,6820.5625
4809,0.49,16.2068,-4.6490,-6.0312,22.2380,64551.5508,-168.4538,6941.4014,6941.4014
4810,0.50,0.1999,-1.6004,-6.0368,6.2367,152.3850,-167.6412,5550.1060,5550.1060
4811,0.50,3.6107,+0.0021,-6.0295,9.6402,1503.3379,-168.7742,5895.0430,5895.0430
4812,0.51,-1.8994,+8.6512,-6.0339,4.1345,2021.7664,-167.6798,5438.0200,5438.0200
4813,0.49,0.1313,-0.6628,-6.0188,6.1502,497.4814,-168.8275,5644.8276,5644.8276
4814,0.51,3.6755,+0.2476,-5.9923,9.6677,2047.9044,-169.5209,5913.4014,5913.4014
4815,0.52,7.9386,+0.5063,-5.9898,13.9284,14040.5469,-169.5703,6172.1694,6172.1694
4816,0.51,1.4623,+0.7808,-6.0088,7.4710,208.9690,-168.7991,5744.1606,5744.1606
4817,0.49,2.4386,+1.6710,-5.9943,8.4329,1572.5918,-166.6814,5677.1323,5677.1323
4818,0.51,1.2059,+0.5615,-5.9926,7.1986,120.5230,-168.8638,5730.6768,5730.6768
4819,0.52,1.0878,+0.2547,-6.0164,7.1042,76.6640,-168.5242,5683.6108,5683.6108
4820,0.51,2.2688,-0.4552,-6.0102,8.2791,207.2524,-167.0592,5654.4087,5654.4087
4821,0.52,2.7849,+0.0185,-6.0048,8.7897,343.4044,-167.7411,5724.9463,5724.9463
4822,0.51,6.2552,+5.2127,-5.9811,12.2363,4616.6636,-169.1924,6073.5830,6073.5830
4823,0.52,1.0763,+1.4166,-5.9621,7.0384,299.2862,-167.8463,5616.8740,5616.8740
4824,0.51,8.9723,+1.3451,-5.9894,14.9617,15850.5908,-168.0519,6089.1558,6089.1558
4825,0.51,3.1000,+0.2068,-6.0145,9.1145,1214.7390,-167.4702,5735.9102,5735.9102
4826,0.51,1.7024,+0.9506,-6.0151,7.7175,222.1474,-165.8790,5589.6230,5589.6230
4827,0.51,1.9932,+1.3862,-6.0201,8.0132,208.3609,-165.3961,5573.8320,5573.8320
4828,0.50,-0.1766,+0.4574,-5.9999,5.8233,450.1501,-167.2372,5490.7886,5490.7886
4829,0.50,1.9943,+0.9474,-6.0050,7.9994,225.9182,-166.9911,5667.5767,5667.5767
4830,0.50,31.9395,+36.8930,-6.0234,37.9629,236975.0625,-167.1303,7765.3569,7765.3569
4831,0.52,1.6552,-0.5194,-6.0251,7.6803,110.4077,-167.0186,5642.7656,5642.7656
4832,0.52,2.3016,+0.2069,-6.0095,8.3111,229.0839,-168.0690,5752.8701,5752.8701
4833,0.52,5.5617,-1.1431,-6.0030,11.5647,3309.4260,-169.1527,5983.8701,5983.8701
4834,0.52,2.9001,-0.8441,-6.0078,8.9079,1301.6486,-169.4087,5870.4819,5870.4819
4835,0.49,0.8216,+0.2365,-6.0394,6.8610,268.6473,-168.2591,5753.1953,5753.1953
4836,0.49,1.9466,+0.2686,-6.0184,7.9650,125.4209,-167.1107,5678.2236,5678.2236
4837,0.50,1.1897,-0.2283,-6.0237,7.2134,94.9379,-168.2615,5739.1152,5739.1152
4838,0.51,0.8732,-0.1158,-6.0473,6.9205,86.6285,-167.6705,5708.5352,5708.5352
4839,0.51,-0.3683,-0.0270,-6.0298,5.6615,256.4573,-170.0021,5825.2822,5825.2822
4840,0.51,-1.1125,+1.9047,-6.0119,4.8994,797.9749,-169.8746,5780.1592,5780.1592
4841,0.50,0.2773,-1.1502,-6.0131,6.2904,116.1419,-170.5121,5843.5361,5843.5361
4842,0.50,2.9032,-0.6898,-6.0216,8.9248,1231.1130,-170.9044,5905.4302,5905.4302
4843,0.52,0.7005,-1.1032,-6.0112,6.7117,72.7106,-171.7687,5944.3672,5944.3672
4844,0.51,1.4155,+0.1818,-6.0289,7.4444,171.4751,-171.7425,5947.5059,5947.5059
4845,0.51,1.5713,-1.0683,-6.0094,7.5807,228.4296,-173.3530,6036.8408,6036.8408
4846,0.50,0.0657,+0.3187,-6.0028,6.0686,48.2327,-172.6938,5939.0146,5939.0146
4847,0.51,0.3434,+0.0621,-6.0081,6.3514,43.3573,-172.0771,5932.3604,5932.3604
4848,0.50,0.6799,+0.0899,-6.0043,6.6842,41.5052,-171.2365,5868.3691,5868.3691
4849,0.51,1.3098,+0.1107,-5.9895,7.2993,241.9811,-171.6254,5912.0283,5912.0283
4850,0.52,1.1943,+0.0903,-5.9818,7.1761,166.7890,-171.6177,5899.2993,5899.2993
4851,0.51,1.4618,-0.1568,-5.9897,7.4516,143.7322,-170.4679,5852.9448,5852.9448
4852,0.50,1.0867,+0.5560,-5.9757,7.0624,167.1284,-171.1057,5906.8530,5906.8530
4853,0.50,0.7569,-0.1546,-5.9760,6.7328,75.8609,-171.6953,5904.5659,5904.5659
4854,0.52,0.7497,-0.0784,-5.9838,6.7335,50.9389,-172.0944,5921.2227,5921.2227
4855,0.51,0.4769,+0.3043,-5.9917,6.4686,45.6188,-171.8999,5940.6094,5940.6094
4856,0.51,0.8279,+0.2223,-6.0206,6.8485,91.6497,-169.2328,5767.9692,5767.9692
4857,0.50,1.3134,+0.4459,-5.9935,7.3070,128.4716,-170.0662,5881.8965,5881.8965
4858,0.51,1.1726,-0.0686,-5.9803,7.1530,93.6673,-169.5121,5828.2188,5828.2188
4859,0.50,0.8768,+0.0597,-5.9995,6.8762,130.4769,-168.2570,5701.4424,5701.4424
4860,0.52,14.8431,-4.5271,-6.0100,20.8530,51325.1328,-168.9136,6182.6289,6182.6289
4861,0.50,-0.2156,+0.6338,-6.0221,5.8065,181.4118,-169.0395,5701.0234,5701.0234
4862,0.49,2.8192,+1.2992,-6.0098,8.8290,839.5892,-168.2554,5756.6299,5756.6299
4863,0.49,1.3626,+0.5805,-6.0140,7.3765,104.2877,-167.2470,5606.7729,5606.7729
4864,0.51,1.2947,-0.1479,-5.9955,7.2902,140.0499,-168.4098,5681.9883,5681.9883
4865,0.50,1.7091,+0.4013,-6.0059,7.7151,201.5155,-169.3743,5768.8496,5768.8496
4866,0.49,1.3224,-0.2991,-6.0341,7.3566,146.5909,-169.2510,5766.9336,5766.9336
4867,0.53,1.0837,+0.1724,-6.0098,7.0935,99.5996,-169.8572,5779.5059,5779.5059
4868,0.50,1.4257,+0.2626,-5.9956,7.4213,100.4768,-168.9465,5728.2803,5728.2803
4869,0.49,0.7526,-0.2315,-5.9737,6.7263,66.9064,-170.3998,5791.1768,5791.1768
4870,0.50,1.3842,-0.1398,-5.9766,7.3608,123.6840,-170.2684,5802.2393,5802.2393
4871,0.49,1.7768,+0.1168,-5.9971,7.7739,157.8777,-169.3464,5763.3022,5763.3022
4872,0.51,1.3706,+0.1832,-5.9953,7.3659,139.7496,-168.5597,5711.6304,5711.6304
4873,0.50,1.4395,-0.5673,-5.9885,7.4280,410.3260,-167.9862,5709.6392,5709.6392
4874,0.52,0.9978,+0.2663,-6.0253,7.0231,115.2537,-166.7914,5606.8984,5606.8984
4875,0.54,1.4616,-0.3132,-6.0060,7.4676,123.5840,-167.8173,5721.2998,5721.2998
4876,0.50,1.0801,-0.0036,-6.0113,7.0914,78.3996,-170.3371,5869.1240,5869.1240
4877,0.50,0.3070,-0.0411,-5.9959,6.3029,95.4018,-170.8595,5850.2651,5850.2651
4878,0.52,9.7984,+0.4618,-6.0081,15.8065,22099.8711,-171.4579,5947.4570,5947.4570
4879,0.50,0.7195,-0.9571,-5.9997,6.7193,207.1435,-170.4721,5874.6968,5874.6968
4880,0.52,7.1452,-0.8505,-5.9809,13.1261,8818.9463,-172.2265,6006.6025,6006.6025
4881,0.51,1.5608,-0.2150,-5.9797,7.5405,106.6148,-173.3000,6089.6880,6089.6880
4882,0.50,1.4926,+0.0454,-5.9928,7.4854,166.1716,-171.2021,5933.9082,5933.9082
4883,0.50,1.3214,+0.2990,-6.0209,7.3423,125.4785,-168.9022,5767.7490,5767.7490
4884,0.50,0.7859,-0.4356,-6.0055,6.7914,121.5794,-169.7485,5801.3726,5801.3726
4885,0.51,1.3779,-0.1045,-5.9883,7.3661,70.5957,-170.2619,5858.7734,5858.7734
4886,0.51,1.2662,-0.1961,-5.9739,7.2401,61.2522,-170.1037,5839.9678,5839.9678
4887,0.50,1.4828,+0.2483,-5.9628,7.4456,172.7829,-171.7989,5923.5488,5923.5488
4888,0.51,1.8756,-0.2368,-5.9800,7.8555,102.4861,-169.7592,5803.7559,5803.7559
4889,0.50,1.5172,+0.3563,-5.9905,7.5077,158.2684,-167.7741,5650.9844,5650.9844
4890,0.49,1.8224,+0.0260,-6.0147,7.8371,106.2630,-168.1461,5690.6460,5690.6460
4891,0.52,0.5070,+1.1353,-6.0151,6.5221,400.9069,-169.3600,5697.0688,5697.0688
4892,0.50,2.4188,+0.0203,-5.9854,8.4042,290.2346,-168.1279,5738.4341,5738.4341
4893,0.51,2.0949,-0.4828,-5.9925,8.0874,195.0174,-170.0352,5867.6201,5867.6201
4894,0.51,1.6266,-0.3438,-6.0034,7.6299,106.9687,-169.0723,5768.7139,5768.7139
4895,0.49,0.0054,-0.6344,-5.9894,5.9948,329.9459,-170.0846,5798.7739,5798.7739
4896,0.51,1.7096,+0.3708,-5.9947,7.7043,111.8365,-170.8329,5909.8882,5909.8882
4897,0.50,-5.5822,+0.2742,-5.9781,0.3959,13251.8320,-170.5199,5628.8604,5628.8604
4898,0.50,3.0157,-2.2350,-6.0003,9.0160,1668.3843,-168.1743,5760.5732,5760.5732
4899,0.50,6.3378,+0.5390,-5.9858,12.3236,5621.5674,-168.2448,5842.5791,5842.5791
4900,0.51,5.2538,-3.3641,-6.0020,11.2558,2707.5999,-167.7110,5745.0205,5745.0205
4901,0.51,1.8819,-0.2179,-5.9645,7.8464,127.4529,-169.1469,5772.6494,5772.6494
4902,0.50,2.5817,-0.8170,-5.9368,8.5185,204.7842,-170.0247,5848.6050,5848.6050
4903,0.49,2.3489,+0.2871,-5.9438,8.2926,188.6934,-170.3192,5853.0537,5853.0537
4904,0.51,2.5754,+0.4113,-5.9733,8.5486,329.7019,-167.8748,5722.7559,5722.7559
4905,0.50,2.4475,-0.2327,-5.9518,8.3993,227.3276,-168.2748,5731.3877,5731.3877
4906,0.50,1.7620,-2.4890,-5.9678,7.7298,198.2288,-167.1049,5623.4297,5623.4297
4907,0.50,2.4486,+0.0776,-5.9687,8.4173,280.5872,-168.6732,5784.5674,5784.5674
4908,0.48,2.3224,+0.3497,-5.9754,8.2978,144.4950,-167.9259,5712.0811,5712.0811
4909,0.48,2.5874,-0.7114,-5.9856,8.5730,325.2100,-168.8162,5787.3965,5787.3965
4910,0.50,1.9735,-0.0410,-5.9944,7.9679,146.7133,-166.8271,5626.1738,5626.1738
4911,0.50,1.5849,-0.1097,-5.9933,7.5782,153.4045,-167.5950,5635.3398,5635.3398
4912,0.50,4.6339,-0.2680,-5.9870,10.6209,1531.6865,-167.6207,5770.6133,5770.6133
4913,0.49,2.1292,-0.1504,-5.9752,8.1044,174.7071,-169.2812,5781.9600,5781.9600
4914,0.51,2.9960,-0.4831,-5.9525,8.9485,839.8712,-168.8678,5760.2227,5760.2227
4915,0.51,3.8398,-1.3353,-5.9814,9.8213,1141.0100,-167.8672,5711.4160,5711.4160
4916,0.49,1.0326,-0.2329,-5.9841,7.0167,1215.0177,-167.5506,5584.0229,5584.0229
4917,0.50,4.1016,+2.1248,-5.9673,10.0689,1697.7870,-167.5341,5764.7266,5764.7266
4918,0.51,7.2925,+21.0310,-5.9934,13.2859,7253.0571,-168.8223,6051.7720,6051.7720
4919,0.50,3.0942,-0.6108,-6.0287,9.1229,836.2422,-166.8209,5678.8984,5678.8984
4920,0.49,2.5951,+0.1933,-5.9869,8.5820,334.5702,-167.6902,5699.9858,5699.9858
4921,0.49,3.7648,+1.1566,-5.9650,9.7298,1661.5393,-170.7306,5967.7593,5967.7593
4922,0.50,-3.2401,-5.7033,-5.9469,2.7068,5399.7417,-170.0808,5547.1826,5547.1826
4923,0.51,-0.0710,-4.4713,-5.9529,5.8819,605.9615,-169.6564,5714.4507,5714.4507
4924,0.50,9.0723,-0.4197,-5.9565,15.0288,11654.6309,-169.5571,6112.0371,6112.0371
4925,0.49,13.4065,-2.4194,-5.9358,19.3423,36285.0273,-171.7363,7139.9551,7139.9551
4926,0.52,11.4548,+2.2343,-5.9591,17.4139,19485.5762,-169.4980,6486.9829,6486.9829
4927,0.49,2.3392,-0.1137,-5.9447,8.2838,181.5355,-169.2180,5782.4390,5782.4390
4928,0.50,2.6728,-0.1431,-5.9731,8.6460,660.6620,-168.2395,5744.1128,5744.1128
4929,0.50,2.2121,-0.2227,-5.9591,8.1712,145.5963,-169.8714,5818.8530,5818.8530
4930,0.49,1.8880,+0.2376,-5.9665,7.8544,154.1756,-169.4403,5808.3926,5808.3926
4931,0.49,2.0867,-0.1630,-5.9690,8.0557,109.3459,-169.3033,5765.5635,5765.5635
4932,0.47,1.8537,-0.3901,-5.9446,7.7983,131.8064,-170.8592,5854.9385,5854.9385
4933,0.50,1.7245,-0.1499,-5.9367,7.6612,78.3003,-171.4941,5892.4775,5892.4775
4934,0.48,2.4588,+0.0688,-5.9607,8.4194,250.5396,-170.4536,5896.1123,5896.1123
4935,0.51,2.0167,-0.5266,-5.9459,7.9626,134.6764,-171.2771,5912.7803,5912.7803
4936,0.50,0.1489,+0.2425,-5.9785,6.1274,783.8809,-170.3246,5814.3594,5814.3594
4937,0.50,1.1968,+0.3455,-5.9539,7.1507,81.3628,-169.8469,5802.9468,5802.9468
4938,0.49,2.0279,+0.2981,-5.9563,7.9842,117.6279,-171.8817,5975.1958,5975.1958
4939,0.48,1.4533,+0.8965,-5.9762,7.4295,153.5215,-169.2902,5778.3286,5778.3286
4940,0.50,1.9209,+0.8016,-5.9671,7.8880,103.9710,-169.3730,5800.7217,5800.7217
4941,0.50,2.2258,-1.9254,-5.9682,8.1941,577.7379,-169.7455,5795.0615,5795.0615
4942,0.49,2.8396,-0.4629,-5.9483,8.7879,896.7449,-170.0002,5910.2197,5910.2197
4943,0.51,2.1859,-0.4508,-5.9614,8.1473,368.8171,-168.9664,5786.0996,5786.0996
4944,0.49,2.8143,-1.1135,-5.9910,8.8053,314.1259,-167.6575,5720.2812,5720.2812
4945,0.49,3.6523,+0.3045,-5.9615,9.6139,1638.1531,-167.7513,5782.3389,5782.3389
4946,0.48,4.0853,-0.5543,-5.9651,10.0504,658.9755,-168.1897,5815.7285,5815.7285
4947,0.50,7.4109,-2.6126,-5.9611,13.3720,4153.8169,-165.9213,5844.5059,5844.5059
4948,0.50,6.7181,-0.8665,-5.9283,12.6463,5110.5625,-168.3268,5938.7236,5938.7236
4949,0.50,3.9518,-0.4338,-5.9759,9.9277,1176.7012,-168.1783,5808.1782,5808.1782
4950,0.48,4.6816,-2.0062,-5.9784,10.6600,2620.4778,-167.3640,5799.2661,5799.2661
4951,0.49,6.7818,+3.1078,-5.9513,12.7331,5978.4585,-168.5123,6017.7842,6017.7842
4952,0.49,2.9166,-4.0618,-5.9260,8.8426,364.8367,-169.1848,5780.7695,5780.7695
4953,0.50,1.2229,+0.1342,-5.9406,7.1635,255.0659,-169.7131,5754.5410,5754.5410
4954,0.48,3.0040,-0.5525,-5.9476,8.9516,426.4374,-167.3588,5715.1675,5715.1675
4955,0.49,1.4833,-1.3471,-5.9361,7.4194,159.8532,-167.6837,5637.0044,5637.0044
4956,0.49,4.3531,+0.1044,-5.9288,10.2819,1080.6394,-168.3312,5844.6689,5844.6689
4957,0.51,9.2504,+6.6466,-5.9204,15.1708,8623.8564,-167.4824,6191.2949,6191.2949
4958,0.50,5.1237,+1.0199,-5.9528,11.0765,2248.6484,-167.3784,5842.9780,5842.9780
4959,0.50,6.6364,+0.2437,-5.9415,12.5779,5508.8770,-168.2074,5975.2148,5975.2148
4960,0.50,5.7891,-0.5030,-5.9406,11.7297,5100.5713,-167.3949,5800.9258,5800.9258
4961,0.50,5.3402,-0.1950,-5.9693,11.3095,4219.0435,-167.0342,5766.3457,5766.3457
4962,0.50,2.1060,-0.3978,-6.0029,8.1089,142.8660,-166.9303,5639.8320,5639.8320
4963,0.50,2.8378,+0.7193,-5.9888,8.8266,378.2300,-168.7195,5781.5376,5781.5376
4964,0.49,1.7698,+1.3640,-5.9925,7.7622,3247.6804,-168.8342,5735.6621,5735.6621
4965,0.50,-0.9353,+10.5314,-5.9771,5.0418,4544.6426,-167.7110,5424.0674,5424.0674
4966,0.49,2.4716,-0.0883,-5.9692,8.4408,500.0388,-169.0341,5783.5405,5783.5405
4967,0.50,2.7485,+0.1118,-5.9880,8.7365,674.2883,-169.0441,5730.4629,5730.4629
4968,0.49,2.6685,+0.3477,-5.9891,8.6577,465.7515,-167.5308,5742.3628,5742.3628
4969,0.49,4.6026,-0.6942,-5.9804,10.5830,2352.5806,-169.3992,6037.8032,6037.8032
4970,0.49,2.6898,-0.5041,-5.9875,8.6773,180.0844,-167.1688,5656.7983,5656.7983
4971,0.48,4.4402,-1.8015,-5.9863,10.4265,1097.8253,-168.3391,5786.4590,5786.4590
4972,0.48,2.4796,-0.1605,-5.9743,8.4538,293.8836,-168.8794,5769.9072,5769.9072
4973,0.50,1.5455,-0.2849,-5.9909,7.5364,71.6342,-169.2452,5756.3730,5756.3730
4974,0.49,2.1005,-0.0046,-5.9841,8.0846,126.3907,-169.5172,5798.9497,5798.9497
4975,0.48,1.5140,-0.0759,-5.9553,7.4693,124.7429,-170.8613,5857.0049,5857.0049
4976,0.50,2.0038,+3.0717,-5.9395,7.9433,171.0676,-170.0734,5815.2715,5815.2715
4977,0.49,-1.6930,+13.7440,-5.9565,4.2635,2866.1506,-173.1559,5797.5942,5797.5942
4978,0.49,0.3327,-0.2325,-5.9504,6.2832,350.5745,-172.1557,5898.2173,5898.2173
4979,0.50,2.7479,-0.1312,-5.9439,8.6918,313.2932,-172.1284,6013.4609,6013.4609
4980,0.48,3.6623,+0.1954,-5.9660,9.6283,1063.5173,-169.6018,5957.0625,5957.0625
4981,0.50,2.4964,-0.0341,-5.9591,8.4555,255.6101,-168.9287,5765.8369,5765.8369
4982,0.49,2.3170,+0.0666,-5.9562,8.2732,220.4759,-168.8651,5755.5283,5755.5283
4983,0.50,3.1211,+0.6389,-5.9374,9.0585,434.5721,-167.1490,5680.4985,5680.4985
4984,0.49,-0.0287,-0.0129,-5.9480,5.9193,1428.9445,-167.9137,5457.8027,5457.8027
4985,0.50,1.3083,-0.4022,-5.9513,7.2596,204.5665,-167.8431,5608.5635,5608.5635
4986,0.49,2.4213,+0.4599,-5.9536,8.3749,231.8879,-167.8310,5661.7148,5661.7148
4987,0.50,1.9287,-0.5964,-5.9653,7.8940,356.8659,-168.3749,5675.6289,5675.6289
4988,0.51,1.8336,-0.2719,-5.9831,7.8167,168.9414,-167.7019,5666.1196,5666.1196
4989,0.50,2.5462,+0.1122,-5.9656,8.5119,351.5763,-168.2578,5747.3789,5747.3789
4990,0.50,1.7714,+0.2154,-5.9966,7.7681,126.2043,-167.9560,5663.2344,5663.2344
4991,0.49,1.6179,-0.1062,-5.9930,7.6109,89.8595,-169.3121,5779.3774,5779.3774
4992,0.52,3.6985,-0.9790,-5.9723,9.6708,776.7957,-170.1054,5866.8892,5866.8892
4993,0.49,2.5680,+0.4404,-5.9701,8.5381,598.3784,-170.6775,5889.0312,5889.0312
4994,0.51,2.3694,+0.7775,-5.9512,8.3206,461.9971,-171.3870,5912.8428,5912.8428
4995,0.48,3.8744,+0.2392,-5.9443,9.8188,1707.0884,-172.6344,6096.8281,6096.8281
4996,0.51,1.6097,-0.3831,-5.8989,7.5086,91.2964,-172.6085,5947.4941,5947.4941
4997,0.47,1.6399,-0.1867,-5.9121,7.5520,109.4639,-173.2888,5982.5840,5982.5840
4998,0.48,1.8758,+0.2164,-5.9330,7.8087,132.9138,-172.0862,5928.7549,5928.7549
4999,0.49,1.5992,-0.3370,-5.9632,7.5624,85.5643,-172.1806,5913.5059,5913.5059
5000,0.50,1.3973,-0.0185,-5.9236,7.3209,103.2285,-171.1230,5841.3750,5841.3750
5001,0.56,1.6323,-0.1807,-5.9179,7.5502,100.7653,-171.0253,5849.8828,5849.8828
5002,0.54,1.2530,+0.1109,-5.9189,7.1719,163.1973,-171.1084,5830.3022,5830.3022
5003,0.54,1.0599,+0.4987,-5.9419,7.0018,183.4281,-170.3038,5798.3809,5798.3809
5004,0.54,0.2474,+1.1159,-5.9131,6.1605,602.8951,-170.3515,5725.0088,5725.0088
5005,0.54,0.5191,-0.0262,-5.9028,6.4219,194.0404,-170.9431,5780.0581,5780.0581
5006,0.55,1.2412,+0.0174,-5.9228,7.1640,74.5022,-170.3998,5766.8760,5766.8760
5007,0.53,1.8633,+0.4431,-5.9328,7.7960,245.9145,-171.2519,5863.4990,5863.4990
5008,0.54,1.0313,-0.2920,-5.9224,6.9537,56.0019,-171.6448,5852.7734,5852.7734
5009,0.53,0.8141,+0.3276,-5.9180,6.7321,63.6914,-170.7756,5791.4614,5791.4614
5010,0.53,0.8897,+0.1340,-5.9535,6.8433,119.9650,-170.8008,5775.8174,5775.8174
5011,0.52,1.1387,+0.2271,-5.9636,7.1023,116.7405,-173.6638,6004.0654,6004.0654
5012,0.53,2.4361,-1.0455,-5.9637,8.3998,924.7349,-172.6526,5963.7510,5963.7510
5013,0.54,1.3315,+0.1026,-5.9831,7.3147,138.2256,-171.6467,5883.6558,5883.6558
5014,0.53,1.1451,+0.1420,-5.9800,7.1250,135.0628,-171.4513,5858.0269,5858.0269
5015,0.53,0.7830,+0.1261,-5.9529,6.7358,62.0338,-173.2563,5945.3213,5945.3213
5016,0.55,1.6172,-0.6170,-5.9537,7.5708,402.3600,-172.0005,5924.6499,5924.6499
5017,0.55,1.0909,-0.4601,-5.9916,7.0825,75.6453,-171.4019,5862.1240,5862.1240
5018,0.54,0.7479,-1.4517,-5.9948,6.7427,80.7444,-171.5607,5862.3203,5862.3203
5019,0.55,0.5412,+0.2520,-5.9715,6.5127,63.9858,-172.0201,5895.6123,5895.6123
5020,0.53,1.0750,-0.1548,-5.9672,7.0422,62.9108,-171.8259,5887.4492,5887.4492
5021,0.54,0.8959,+0.1976,-5.9618,6.8577,97.5313,-170.3776,5758.3086,5758.3086
5022,0.54,1.3579,+0.0158,-5.9743,7.3322,101.0188,-171.9005,5894.3643,5894.3643
5023,0.55,1.2616,-0.3751,-5.9847,7.2463,117.3371,-171.5887,5866.9385,5866.9385
5024,0.54,0.8649,+0.2178,-5.9873,6.8522,47.9762,-172.4370,5902.2754,5902.2754
5025,0.53,1.2174,-0.3571,-5.9778,7.1951,100.8655,-170.2757,5795.0176,5795.0176
5026,0.54,1.5442,-0.8940,-5.9989,7.5432,307.0619,-169.9276,5780.7832,5780.7832
5027,0.53,0.9769,-0.5908,-5.9589,6.9358,51.5662,-171.0366,5788.2441,5788.2441
5028,0.53,1.3014,-0.0124,-5.9609,7.2624,76.3200,-170.1827,5756.9194,5756.9194
5029,0.55,3.8050,+1.0920,-5.9518,9.7568,2745.0684,-171.8363,6112.2847,6112.2847
5030,0.53,1.2403,+0.2225,-5.9945,7.2348,77.6820,-170.4913,5786.0420,5786.0420
5031,0.54,1.2587,+0.1703,-5.9754,7.2341,137.5647,-172.0614,5916.5635,5916.5635
5032,0.52,0.8831,+0.0270,-5.9931,6.8762,63.7322,-170.7960,5807.8262,5807.8262
5033,0.53,1.1232,-0.1950,-5.9869,7.1101,91.8098,-172.4070,5938.8154,5938.8154
5034,0.53,1.0098,-0.0064,-5.9672,6.9770,68.4305,-173.7176,6037.4619,6037.4619
5035,0.54,0.9813,-0.0332,-5.9661,6.9475,52.9947,-173.9550,6051.6079,6051.6079
5036,0.53,0.7588,+0.0758,-5.9361,6.6949,78.4171,-172.7658,5949.1475,5949.1475
5037,0.55,1.1405,+0.1637,-5.9366,7.0771,112.1965,-173.2236,5999.3877,5999.3877
5038,0.53,1.2269,+0.1349,-5.9144,7.1413,73.8793,-174.9955,6097.4854,6097.4854
5039,0.55,1.0860,-0.0900,-5.9132,6.9992,71.6385,-174.5529,6064.4355,6064.4355
5040,0.55,1.2903,-0.1051,-5.9201,7.2104,64.3340,-172.6474,5918.5869,5918.5869
5041,0.53,0.9413,-0.0711,-5.9556,6.8969,54.8786,-171.7252,5858.1094,5858.1094
5042,0.54,1.0397,-0.5204,-5.9420,6.9817,74.2713,-171.9384,5873.6479,5873.6479
5043,0.53,3.2379,+5.6622,-5.9744,9.2124,1410.7572,-171.6555,5932.9961,5932.9961
5044,0.54,0.8447,-0.1254,-5.9647,6.8093,65.9948,-169.6950,5706.3330,5706.3330
5045,0.52,10.5503,-1.1928,-5.9668,16.5171,24005.6738,-172.0174,6393.2783,6393.2783
5046,0.53,0.8172,+0.2271,-5.9532,6.7704,79.8959,-171.1237,5810.2515,5810.2515
5047,0.55,0.9040,+0.4885,-5.9361,6.8401,574.6530,-173.0517,5952.8638,5952.8638
5048,0.54,1.7515,+0.3654,-5.9422,7.6937,379.7047,-171.5586,5876.4424,5876.4424
5049,0.54,1.0860,-0.1143,-5.9394,7.0254,52.5950,-172.8619,5931.2656,5931.2656
5050,0.55,0.4836,+0.4340,-5.9515,6.4351,85.1215,-171.9444,5857.0137,5857.0137
5051,0.55,0.6653,+0.3075,-5.9457,6.6110,111.3728,-172.5180,5917.7764,5917.7764
5052,0.54,0.9766,-0.1380,-5.9403,6.9170,53.5638,-173.3328,5972.5571,5972.5571
5053,0.54,0.6919,+0.0504,-5.9330,6.6249,61.3915,-175.0914,6089.4004,6089.4004
5054,0.54,0.8793,+0.1214,-5.9551,6.8345,80.0144,-174.1181,6022.0752,6022.0752
5055,0.54,1.0023,-0.1419,-5.9412,6.9435,99.3180,-173.5526,5973.6211,5973.6211
5056,0.56,0.8847,-0.0069,-5.9220,6.8067,76.0179,-174.5385,6044.0151,6044.0151
5057,0.56,1.0297,+0.5585,-5.8995,6.9293,130.3020,-174.8863,6060.4238,6060.4238
5058,0.54,3.0005,-0.7937,-5.9044,8.9049,1610.3461,-174.8324,6236.2676,6236.2676
5059,0.55,1.3678,+2.3902,-5.9117,7.2795,384.8659,-174.7434,6086.9946,6086.9946
5060,0.54,1.5729,-1.8629,-5.9181,7.4910,203.1688,-174.5491,6083.0166,6083.0166
5061,0.53,0.8386,+0.2960,-5.9214,6.7600,71.1160,-172.9188,5940.1372,5940.1372
5062,0.55,1.1758,-0.0611,-5.9401,7.1159,91.6539,-174.0815,6028.3091,6028.3091
5063,0.54,0.7230,+0.1980,-5.9612,6.6841,69.0881,-173.8785,6006.7534,6006.7534
5064,0.56,0.8294,+0.2662,-5.9770,6.8063,66.2044,-173.0866,5971.9614,5971.9614
5065,0.54,1.1132,+0.1057,-5.9650,7.0782,76.4828,-173.7328,6023.3970,6023.3970
5066,0.55,0.6299,+0.5915,-5.9797,6.6097,281.8171,-172.5467,5884.4375,5884.4375
5067,0.54,1.4118,-0.3283,-5.9916,7.4034,226.9334,-170.6919,5811.2686,5811.2686
5068,0.54,0.3333,+0.1533,-5.9914,6.3247,17.8901,-171.0183,5768.7148,5768.7148
5069,0.52,1.1237,-0.1755,-5.9793,7.1031,101.8623,-173.9073,5995.2339,5995.2339
5070,0.53,0.5951,-0.1363,-5.9666,6.5617,46.5717,-173.5290,5964.4570,5964.4570
5071,0.54,1.6809,-0.1608,-5.9682,7.6491,204.0105,-175.4254,6119.6094,6119.6094
5072,0.52,0.9341,-0.0442,-5.9749,6.9089,65.1935,-174.4751,6040.6646,6040.6646
5073,0.54,0.8930,-0.3581,-5.9316,6.8246,63.9240,-174.2392,6011.5195,6011.5195
5074,0.55,0.8563,+0.2018,-5.9107,6.7670,166.2120,-176.4231,6176.8472,6176.8472
5075,0.54,0.7237,-0.1640,-5.9688,6.6925,75.6301,-175.0336,6098.5674,6098.5674
5076,0.55,0.8439,-0.1918,-5.9652,6.8091,39.1787,-175.0829,6072.9575,6072.9575
5077,0.53,0.8982,-0.1476,-5.9744,6.8726,81.3974,-174.8146,6058.6504,6058.6504
5078,0.52,1.3729,-0.2546,-5.9532,7.3262,152.8278,-173.8250,6020.9194,6020.9194
5079,0.54,0.8151,-0.2872,-5.9613,6.7763,63.2431,-173.2623,5970.0962,5970.0962
5080,0.55,1.2211,-0.4660,-5.9602,7.1813,197.7089,-172.9306,5959.0469,5959.0469
5081,0.54,0.9119,+0.3223,-5.9628,6.8747,54.4569,-173.2100,5976.2246,5976.2246
5082,0.54,0.7385,-0.0316,-5.9699,6.7084,39.0588,-173.1307,5928.0771,5928.0771
5083,0.55,0.6303,+0.3710,-5.9558,6.5861,38.7778,-172.6574,5901.4053,5901.4053
5084,0.56,0.4945,+0.0734,-5.9614,6.4558,62.5243,-174.9051,6076.3965,6076.3965
5085,0.56,0.8965,-0.0232,-5.9596,6.8561,83.6813,-176.1195,6148.0713,6148.0713
5086,0.55,0.8157,+0.3358,-5.9898,6.8055,93.8250,-173.6356,5958.8867,5958.8867
5087,0.56,0.3968,-0.3190,-5.9717,6.3685,95.7698,-173.1501,5918.0479,5918.0479
5088,0.53,0.8898,-0.0797,-5.9679,6.8577,95.5992,-173.1330,5946.4414,5946.4414
5089,0.55,0.7068,+0.2613,-5.9714,6.6783,88.1925,-173.3271,5961.9082,5961.9082
5090,0.55,0.9862,-0.0307,-5.9563,6.9425,113.2919,-172.5596,5889.0664,5889.0664
5091,0.54,2.0409,-0.3363,-5.9551,7.9960,763.6038,-173.5912,6028.8145,6028.8145
5092,0.55,0.8682,+0.0991,-5.9713,6.8394,78.8892,-173.4539,5919.6089,5919.6089
5093,0.53,1.0873,-0.5387,-5.9518,7.0391,126.5853,-172.0615,5852.5811,5852.5811
5094,0.56,0.5456,+0.1228,-5.9502,6.4958,90.4309,-173.1818,5908.8037,5908.8037
5095,0.56,1.0533,+0.6930,-5.9348,6.9882,98.5201,-174.3954,6040.2939,6040.2939
5096,0.55,0.4800,+0.0673,-5.9176,6.3976,79.9708,-175.1580,6043.9424,6043.9424
5097,0.56,1.4010,+0.1380,-5.9276,7.3286,175.2243,-176.2717,6197.2046,6197.2046
5098,0.56,0.9171,-0.2858,-5.9322,6.8492,90.4455,-176.3342,6164.4004,6164.4004
5099,0.54,0.6854,-0.0486,-5.9411,6.6265,86.9782,-175.3379,6090.1201,6090.1201
5100,0.55,-0.7220,+0.1364,-5.9652,5.2432,379.9668,-173.6747,5972.9663,5972.9663
5101,0.56,0.4085,-0.0201,-5.9799,6.3884,66.7248,-172.5371,5913.1016,5913.1016
5102,0.57,0.7987,+0.0599,-5.9849,6.7837,65.0188,-174.9329,6098.8555,6098.8555
5103,0.57,0.5657,+0.1742,-5.9742,6.5398,53.6516,-175.6115,6115.1680,6115.1680
5104,0.54,0.9108,+0.1345,-5.9505,6.8612,68.0587,-175.2697,6118.1494,6118.1494
5105,0.56,0.1105,-0.7587,-5.9628,6.0733,93.1137,-173.5690,5951.2402,5951.2402
5106,0.56,0.8683,+0.2713,-5.9715,6.8398,75.2715,-172.8592,5951.8442,5951.8442
5107,0.56,1.6136,+0.4822,-5.9609,7.5745,358.4607,-173.7375,6076.2319,6076.2319
5108,0.56,6.5509,+3.3612,-5.9235,12.4744,9565.7607,-175.6580,6518.6250,6518.6250
5109,0.57,2.2174,+0.7150,-5.9325,8.1500,912.4518,-176.0943,6242.8662,6242.8662
5110,0.55,0.4824,+0.0241,-5.9326,6.4149,31.3536,-175.4252,6105.6660,6105.6660
5111,0.57,0.8389,+0.0032,-5.9328,6.7716,51.7926,-175.2667,6086.8442,6086.8442
5112,0.55,0.5428,-0.1071,-5.9505,6.4933,37.7113,-175.6049,6111.7393,6111.7393
5113,0.55,0.8332,-0.0739,-5.9498,6.7830,72.5846,-174.7325,6060.6465,6060.6465
5114,0.55,1.2545,-0.2759,-5.9443,7.1988,293.5020,-174.2431,6045.2124,6045.2124
5115,0.56,0.6518,-0.1502,-5.9372,6.5890,65.7964,-174.7672,6051.4009,6051.4009
5116,0.54,0.7564,-0.1595,-5.9443,6.7007,60.2444,-174.3746,6023.8994,6023.8994
5117,0.53,0.9645,+0.0045,-5.9475,6.9120,126.8097,-174.2522,6024.0483,6024.0483
5118,0.56,0.6504,+0.0565,-5.9602,6.6105,56.2572,-173.9821,5981.0127,5981.0127
5119,0.55,0.6590,-0.0178,-5.9844,6.6434,67.8692,-172.4010,5891.5693,5891.5693
5120,0.54,0.6577,+0.0331,-5.9513,6.6089,79.2334,-174.2505,6015.7563,6015.7563
5121,0.55,0.5082,-0.1884,-5.9386,6.4468,53.9996,-174.3368,6027.9355,6027.9355
5122,0.54,0.5622,-0.0365,-5.9564,6.5186,40.3882,-173.5256,5983.8394,5983.8394
5123,0.55,0.6490,+0.1156,-5.9671,6.6161,44.9687,-175.3343,6100.9141,6100.9141
5124,0.53,0.4051,+0.2083,-5.9643,6.3694,36.2915,-173.2615,5945.9600,5945.9600
5125,0.55,1.1922,+0.3611,-5.9910,7.1831,138.5854,-173.4698,5986.7012,5986.7012
5126,0.57,0.7380,-0.2598,-5.9898,6.7279,64.6530,-173.5228,5967.2852,5967.2852
5127,0.57,0.7448,-0.0512,-5.9655,6.7102,66.7879,-172.9912,5927.2720,5927.2720
5128,0.56,0.7719,-0.8639,-5.9795,6.7514,99.9886,-173.7850,6003.4277,6003.4277
5129,0.55,0.7879,-0.1722,-5.9662,6.7541,66.9010,-174.2008,6016.6899,6016.6899
5130,0.55,2.0647,+0.3674,-5.9700,8.0347,747.2451,-172.7595,6001.9614,6001.9614
5131,0.54,0.0850,+0.1461,-5.9853,6.0702,34.6973,-171.8577,5816.3936,5816.3936
5132,0.55,0.0813,-0.2743,-5.9713,6.0527,38.9732,-171.3198,5781.0166,5781.0166
5133,0.55,1.0824,+1.2116,-5.9947,7.0771,173.8908,-171.1116,5855.4346,5855.4346
5134,0.56,2.2934,+0.3201,-5.9759,8.2693,1258.6733,-171.9778,5980.8965,5980.8965
5135,0.53,0.7293,-0.3855,-6.0034,6.7327,169.8354,-171.9455,5845.6533,5845.6533
5136,0.56,0.4829,-0.1175,-5.9688,6.4517,50.5784,-172.8405,5905.7207,5905.7207
5137,0.56,0.5746,-0.2469,-5.9753,6.5499,38.1783,-173.9261,5976.7178,5976.7178
5138,0.55,-0.1216,-2.0061,-5.9292,5.8075,70.3453,-173.7675,5936.1260,5936.1260
5139,0.55,0.2101,+1.1215,-5.9380,6.1481,26.6322,-174.8255,6026.3320,6026.3320
5140,0.54,0.4532,-0.2717,-5.9848,6.4380,61.5348,-173.4224,5947.0020,5947.0020
5141,0.55,0.9260,-0.1347,-6.0246,6.9506,99.7275,-171.2744,5814.6855,5814.6855
5142,0.54,2.8227,-1.9672,-6.0323,8.8550,1678.9675,-171.2487,5887.2061,5887.2061
5143,0.55,0.6423,-0.0284,-6.0440,6.6863,51.9682,-170.4886,5781.0864,5781.0864
5144,0.55,-0.2714,+2.3745,-6.0331,5.7617,84.2808,-171.1387,5781.5430,5781.5430
5145,0.56,3.9964,+0.5672,-5.9964,9.9928,4486.7095,-172.8086,6106.6177,6106.6177
5146,0.55,0.5186,+0.2011,-5.9970,6.5155,76.9815,-172.4445,5898.3071,5898.3071
5147,0.54,0.5371,-0.0225,-5.9985,6.5357,45.7528,-173.0235,5925.4810,5925.4810
5148,0.56,0.7008,-0.0097,-6.0076,6.7084,75.8942,-174.7490,6033.3491,6033.3491
5149,0.57,0.6847,-0.5004,-5.9967,6.6814,63.2066,-173.2603,5927.6602,5927.6602
5150,0.53,0.9805,-0.7487,-6.0268,7.0073,182.4985,-171.8200,5850.3887,5850.3887
5151,0.55,-0.0987,+0.2865,-6.0309,5.9321,7.9491,-170.5790,5725.3735,5725.3735
5152,0.53,1.1537,+0.1058,-6.0164,7.1701,208.4599,-171.0562,5825.6875,5825.6875
5153,0.54,2.0709,+1.2886,-6.0374,8.1083,957.0146,-169.7770,5795.8960,5795.8960
5154,0.54,0.4073,+0.1297,-6.0154,6.4227,64.6171,-169.5821,5681.4019,5681.4019
5155,0.56,0.0827,-0.0859,-6.0280,6.1107,123.1870,-170.6982,5736.6479,5736.6479
5156,0.53,1.5719,+0.3982,-6.0336,7.6056,701.9478,-169.5569,5737.2490,5737.2490
5157,0.56,0.5764,-0.0714,-5.9904,6.5669,65.5471,-171.0641,5785.0137,5785.0137
5158,0.53,0.7860,+0.4472,-6.0183,6.8043,84.9167,-171.9650,5866.1328,5866.1328
5159,0.57,0.8185,+0.2420,-6.0211,6.8396,71.9119,-172.8156,5919.5493,5919.5493
5160,0.54,1.1150,+0.3727,-5.9941,7.1091,101.7881,-172.4670,5916.3970,5916.3970
5161,0.55,0.6587,-0.1909,-6.0067,6.6653,73.9003,-171.4684,5848.9609,5848.9609
5162,0.55,0.6403,+0.1865,-6.0176,6.6580,41.4486,-171.4187,5827.8125,5827.8125
5163,0.55,3.2311,-0.7716,-5.9920,9.2231,1470.3757,-171.8332,5958.4258,5958.4258
5164,0.53,1.7243,-0.4849,-5.9873,7.7116,469.2650,-170.5017,5802.6592,5802.6592
5165,0.54,4.4795,-4.8219,-6.0112,10.4907,4635.8242,-170.3301,5918.4385,5918.4385
5166,0.55,0.6339,+0.0972,-6.0040,6.6379,81.8435,-171.3112,5815.9639,5815.9639
5167,0.54,10.4178,-6.7485,-6.0055,16.4233,24870.6133,-168.4810,5951.0254,5951.0254
5168,0.53,1.9433,-0.0834,-6.0424,7.9857,444.1730,-167.4821,5624.2998,5624.2998
5169,0.56,0.3995,+0.0820,-6.0533,6.4528,37.9597,-168.5579,5620.7666,5620.7666
5170,0.54,-0.2463,-0.1661,-6.0361,5.7899,76.1995,-168.8167,5626.6636,5626.6636
5171,0.56,0.6822,-0.2914,-6.0496,6.7318,137.8018,-171.3583,5834.7490,5834.7490
5172,0.55,0.5874,-0.0885,-6.0311,6.6185,93.5103,-170.9518,5815.1543,5815.1543
5173,0.56,0.0569,-0.0266,-6.0204,6.0773,37.8686,-171.5068,5815.0850,5815.0850
5174,0.54,0.4702,+0.0149,-6.0278,6.4980,53.5873,-171.1218,5798.3438,5798.3438
5175,0.52,0.4754,+0.2569,-6.0115,6.4869,49.1542,-171.3508,5796.2686,5796.2686
5176,0.54,0.0224,+0.4946,-6.0031,6.0255,43.6154,-172.4036,5856.3086,5856.3086
5177,0.54,0.4375,+0.3535,-6.0290,6.4665,114.9299,-172.8915,5914.4404,5914.4404
5178,0.54,0.0219,+0.0528,-6.0206,6.0425,27.8524,-171.7015,5816.6768,5816.6768
5179,0.54,0.3176,-0.0384,-5.9864,6.3040,64.2083,-173.9059,5950.5654,5950.5654
5180,0.53,0.2528,+0.3437,-5.9885,6.2413,29.9805,-176.1550,6089.8369,6089.8369
5181,0.53,0.2336,+0.0137,-5.9910,6.2246,67.8123,-175.9673,6103.2153,6103.2153
5182,0.54,0.2369,+0.0053,-5.9947,6.2315,86.8466,-175.0902,6052.1885,6052.1885
5183,0.56,0.2728,+0.1170,-5.9902,6.2630,46.9062,-174.9256,6016.1587,6016.1587
5184,0.55,0.3927,-0.2298,-5.9840,6.3767,58.4225,-175.1615,6014.1699,6014.1699
5185,0.55,0.4718,+0.1240,-5.9890,6.4608,85.0810,-171.7821,5792.9326,5792.9326
5186,0.55,0.7262,-0.4355,-5.9659,6.6922,141.3392,-173.1811,5911.9258,5911.9258
5187,0.55,0.5302,-0.2517,-5.9578,6.4880,187.9335,-174.9181,6038.8115,6038.8115
5188,0.55,0.8423,+0.5113,-5.9903,6.8325,318.9293,-173.3768,5940.8271,5940.8271
5189,0.53,0.2872,-0.1302,-5.9846,6.2718,53.1174,-172.9571,5878.3267,5878.3267
5190,0.55,1.1076,-0.4409,-5.9821,7.0897,221.0151,-174.0168,5992.3350,5992.3350
5191,0.55,0.3299,+0.1544,-5.9934,6.3233,36.2280,-174.7019,6001.1396,6001.1396
5192,0.56,-0.1891,-0.7181,-5.9876,5.7985,3.9414,-173.0087,5883.0898,5883.0898
5193,0.55,-0.0091,-0.0146,-5.9880,5.9789,22.6474,-173.8125,5937.1172,5937.1172
5194,0.56,-1.0623,+0.3648,-6.0007,4.9384,121.0148,-173.7844,5885.5542,5885.5542
5195,0.54,1.0208,-0.5359,-5.9948,7.0156,299.3391,-172.1904,5874.5459,5874.5459
5196,0.54,0.2713,-0.4045,-6.0051,6.2764,44.7928,-173.2583,5911.2065,5911.2065
5197,0.54,0.2090,-0.1396,-6.0132,6.2222,33.2873,-174.0254,5990.6748,5990.6748
5198,0.55,0.0904,+0.0459,-6.0063,6.0967,32.3841,-174.2128,5980.6675,5980.6675
5199,0.57,0.1731,-0.0338,-6.0057,6.1787,43.9590,-172.9559,5895.9946,5895.9946
5200,0.56,0.3603,-0.0226,-6.0021,6.3623,39.8740,-172.3541,5870.1025,5870.1025
5201,0.55,1.1338,+0.0637,-5.9804,7.1142,552.7839,-173.8098,6004.7646,6004.7646
5202,0.56,1.7378,+0.0974,-5.9811,7.7188,768.6453,-174.4268,6062.8994,6062.8994
5203,0.56,0.5551,-0.1259,-5.9771,6.5322,146.7424,-173.8488,5970.8037,5970.8037
5204,0.56,0.5469,-0.0334,-5.9718,6.5187,44.7889,-172.3889,5851.0938,5851.0938
5205,0.53,0.6893,+0.3986,-5.9712,6.6605,52.5942,-175.3391,6033.8413,6033.8413
5206,0.55,0.0827,+0.2873,-5.9402,6.0228,55.7066,-176.8184,6113.5215,6113.5215
5207,0.57,1.5320,-0.8015,-5.9488,7.4808,596.4125,-177.1415,6245.2803,6245.2803
5208,0.54,0.2731,+0.2264,-5.9567,6.2298,62.4317,-177.0250,6145.0503,6145.0503
5209,0.54,0.0827,-0.0465,-5.9385,6.0212,29.5232,-177.1150,6164.6855,6164.6855
5210,0.55,0.1420,-0.1787,-5.9651,6.1071,40.2714,-172.9762,5883.8335,5883.8335
5211,0.57,0.3015,-0.5773,-5.9921,6.2935,95.4915,-172.2005,5854.9658,5854.9658
5212,0.55,0.3566,-0.0139,-5.9728,6.3294,46.7596,-173.9081,5965.6963,5965.6963
5213,0.55,0.1209,-0.1113,-6.0017,6.1226,26.5251,-171.3904,5773.7930,5773.7930
5214,0.56,-0.0265,+0.2456,-5.9992,5.9727,17.5728,-174.5193,6017.7949,6017.7949
5215,0.57,-0.2263,+0.1019,-5.9911,5.7649,32.8118,-175.8602,6097.6035,6097.6035
5216,0.56,0.3566,+0.0790,-5.9866,6.3432,46.6745,-175.0842,6059.6567,6059.6567
5217,0.55,0.3387,-0.1544,-5.9713,6.3100,50.8205,-174.0964,6007.3667,6007.3667
5218,0.54,0.1602,-0.0656,-5.9903,6.1505,36.0828,-173.8569,5969.7031,5969.7031
5219,0.54,0.0081,+0.0978,-5.9823,5.9904,29.5951,-174.2065,6012.8560,6012.8560
5220,0.55,0.1116,+0.0677,-5.9522,6.0638,36.5953,-175.9630,6115.7021,6115.7021
5221,0.56,-0.0883,-0.1480,-5.9269,5.8386,22.6936,-176.0209,6105.2891,6105.2891
5222,0.55,0.3453,+0.2422,-5.9371,6.2824,53.8746,-176.1918,6128.4424,6128.4424
5223,0.54,0.2088,-0.0804,-5.9438,6.1526,37.2031,-176.6325,6155.2480,6155.2480
5224,0.55,0.0058,+0.0536,-5.9499,5.9557,46.0602,-174.8076,6023.5771,6023.5771
5225,0.58,-0.2985,-0.0491,-5.9563,5.6578,40.5856,-174.7879,6003.0889,6003.0889
5226,0.55,-0.1024,-0.0767,-5.9594,5.8570,21.8080,-173.9200,5965.9180,5965.9180
5227,0.56,-0.1184,+0.0645,-5.9731,5.8547,22.3646,-174.7044,5996.7246,5996.7246
5228,0.57,0.1331,-0.1630,-5.9811,6.1142,20.3862,-172.5635,5875.0264,5875.0264
5229,0.56,-0.2101,-0.0180,-5.9630,5.7529,43.9017,-177.2929,6195.3184,6195.3184
5230,0.57,0.1611,-0.0662,-5.9689,6.1300,32.1684,-177.5213,6215.6382,6215.6382
5231,0.55,-0.1812,+0.0930,-6.0176,5.8364,56.8874,-172.2951,5854.6074,5854.6074
5232,0.54,0.2009,-0.1422,-6.0187,6.2196,36.9060,-173.9573,5997.9551,5997.9551
5233,0.55,0.2279,-0.0802,-6.0091,6.2370,54.0935,-173.9800,5996.8340,5996.8340
5234,0.56,0.0689,+0.0783,-5.9980,6.0669,41.1902,-171.1369,5764.9131,5764.9131
5235,0.57,0.2421,-0.0695,-5.9883,6.2304,49.3823,-173.9725,5956.0439,5956.0439
5236,0.56,0.2789,-0.0375,-5.9652,6.2441,59.2919,-174.0012,5957.6338,5957.6338
5237,0.55,0.2713,+0.0092,-5.9683,6.2396,47.8005,-174.4733,5979.3613,5979.3613
5238,0.55,0.4401,-0.1912,-5.9604,6.4005,58.8498,-172.2940,5833.0908,5833.0908
5239,0.57,-0.0070,-0.1188,-5.9422,5.9352,22.1778,-173.2553,5889.0703,5889.0703
5240,0.57,0.0454,-0.0455,-6.0007,6.0461,18.7524,-170.5041,5717.5688,5717.5688
5241,0.57,0.1762,-0.1131,-5.9953,6.1715,35.0623,-171.1758,5796.8838,5796.8838
5242,0.56,-0.1409,-0.0493,-6.0000,5.8591,35.4344,-174.0053,5958.3237,5958.3237
5243,0.55,-0.0183,-0.0542,-6.0160,5.9977,23.5152,-171.7357,5819.6846,5819.6846
5244,0.54,-0.1536,+0.0893,-6.0272,5.8736,52.5724,-170.6659,5738.8706,5738.8706
5245,0.53,0.1657,+0.0043,-6.0250,6.1908,33.0306,-171.9756,5852.2383,5852.2383
5246,0.55,0.1931,-0.0432,-6.0182,6.2113,52.7415,-171.9611,5876.4346,5876.4346
5247,0.55,-0.0692,-0.1082,-5.9911,5.9219,8.0618,-173.3242,5967.4893,5967.4893
5248,0.56,-0.0481,-0.0400,-6.0019,5.9538,59.5383,-174.4277,6015.5410,6015.5410
5249,0.53,-0.0821,-0.0191,-6.0139,5.9318,22.0654,-171.7936,5821.0811,5821.0811
5250,0.56,-0.1970,+0.0010,-6.0149,5.8179,34.9755,-176.0836,6117.0981,6117.0981
5251,0.53,-0.2073,-0.0817,-6.0111,5.8038,47.3065,-172.8214,5912.9873,5912.9873
5252,0.56,-0.5570,+0.1974,-6.0099,5.4528,50.0300,-173.4019,5940.4956,5940.4956
5253,0.55,-0.3338,+0.1547,-5.9653,5.6315,36.1622,-173.9914,5990.0928,5990.0928
5254,0.56,0.1453,+0.0882,-5.9818,6.1270,75.2568,-171.0249,5820.5156,5820.5156
5255,0.56,-0.4398,+0.1916,-5.9712,5.5314,24.9041,-172.9358,5883.2935,5883.2935
5256,0.55,-0.1668,-0.0977,-5.9675,5.8008,46.0648,-176.3629,6141.0391,6141.0391
5257,0.56,0.1144,+0.2447,-5.9680,6.0824,57.9140,-172.7211,5889.1113,5889.1113
5258,0.56,0.4089,+0.1615,-5.9857,6.3945,71.1206,-173.7899,5985.1123,5985.1123
5259,0.56,0.0482,+0.2092,-5.9651,6.0133,22.4828,-174.4773,5993.1694,5993.1694
5260,0.55,-0.0657,+0.1908,-5.9919,5.9262,50.7318,-175.6447,6090.5449,6090.5449
5261,0.56,0.4713,+0.8023,-5.9940,6.4653,288.8225,-171.8868,5848.6279,5848.6279
5262,0.56,-0.0180,+0.0177,-6.0171,5.9992,50.6370,-171.8461,5839.1128,5839.1128
5263,0.57,-0.1159,+0.1523,-6.0097,5.8938,41.2847,-172.9342,5877.1602,5877.1602
5264,0.56,0.2915,-0.2679,-5.9873,6.2788,148.1952,-174.2393,5999.4648,5999.4648
5265,0.55,0.3192,+0.0548,-5.9998,6.3190,89.9793,-173.5827,5962.9287,5962.9287
5266,0.54,0.0658,+0.1340,-5.9994,6.0652,53.5741,-175.7027,6098.5127,6098.5127
5267,0.55,-0.1482,-0.0614,-5.9999,5.8517,74.1474,-173.1530,5927.1738,5927.1738
5268,0.55,0.0746,-0.1057,-5.9831,6.0577,34.0479,-173.6851,5959.6567,5959.6567
5269,0.56,0.1625,-0.0457,-5.9721,6.1346,52.1522,-174.0624,6006.0332,6006.0332
5270,0.57,0.0017,-0.1588,-5.9940,5.9957,54.3022,-171.8401,5829.8882,5829.8882
5271,0.55,0.0374,-0.0149,-6.0132,6.0506,41.1360,-171.8935,5844.3901,5844.3901
5272,0.54,-0.2734,-0.0422,-6.0255,5.7521,40.2635,-172.0019,5848.7803,5848.7803
5273,0.57,-0.1664,+0.1890,-6.0091,5.8427,25.7965,-173.1244,5937.4824,5937.4824
5274,0.58,-0.2676,+0.0828,-5.9990,5.7314,34.3198,-173.9565,6003.0059,6003.0059
5275,0.56,-0.1651,-0.0935,-5.9859,5.8208,60.2694,-171.4474,5827.7646,5827.7646
5276,0.55,-0.2418,+0.0619,-5.9976,5.7559,38.7785,-174.0560,6001.8652,6001.8652
5277,0.56,0.4169,-0.1687,-5.9759,6.3927,180.1457,-172.6681,5931.8999,5931.8999
5278,0.53,0.2024,+0.0626,-5.9954,6.1979,56.6218,-172.9133,5929.8560,5929.8560
5279,0.55,0.0938,-0.0937,-6.0075,6.1013,100.7689,-172.7642,5898.2129,5898.2129
5280,0.57,0.0364,-0.2163,-6.0068,6.0432,59.8501,-171.7748,5829.9048,5829.9048
5281,0.57,0.0899,-0.2289,-6.0146,6.1045,63.6198,-172.7841,5905.3809,5905.3809
5282,0.59,0.6377,-0.1359,-5.9927,6.6303,192.5999,-173.2660,5964.4775,5964.4775
5283,0.59,-0.3616,-0.0843,-5.9999,5.6383,25.3102,-172.8557,5892.9492,5892.9492
5284,0.56,0.1912,+0.0235,-5.9848,6.1760,57.8753,-173.2877,5963.9551,5963.9551
5285,0.55,0.2291,-0.1224,-6.0008,6.2299,55.3877,-173.4621,5953.3877,5953.3877
5286,0.53,-0.1304,+0.1368,-5.9887,5.8583,40.8512,-174.8578,6042.7510,6042.7510
5287,0.57,-0.0136,-0.0050,-5.9860,5.9724,38.1421,-174.0050,5996.8457,5996.8457
5288,0.55,-0.1888,+0.1990,-5.9965,5.8077,36.5854,-172.7634,5934.1738,5934.1738
5289,0.58,-0.3531,+0.3006,-5.9961,5.6431,17.3671,-172.7956,5907.6201,5907.6201
5290,0.57,-0.1623,+0.0746,-5.9955,5.8332,30.8303,-178.8330,6316.7241,6316.7241
5291,0.56,-0.1369,+0.2042,-6.0049,5.8681,31.7471,-174.6628,6035.0156,6035.0156
5292,0.54,-0.0546,+0.3917,-5.9897,5.9351,39.7207,-173.4326,5939.9165,5939.9165
5293,0.57,-0.4256,+0.3332,-5.9882,5.5626,7.8917,-174.7979,6084.2056,6084.2056
5294,0.56,0.2252,-0.0574,-6.0159,6.2412,65.4819,-171.1853,5872.7979,5872.7979
5295,0.55,0.0133,-0.3095,-6.0172,6.0305,34.9903,-171.0784,5844.0322,5844.0322
5296,0.55,0.0880,-0.2039,-6.0145,6.1024,41.9576,-176.0094,6176.4131,6176.4131
5297,0.57,0.2384,-0.0126,-5.9970,6.2354,35.7407,-178.0239,6317.9751,6317.9751
5298,0.57,0.1014,+0.3131,-5.9945,6.0960,33.9056,-176.0386,6161.2529,6161.2529
5299,0.56,0.0189,+0.0578,-6.0057,6.0246,39.6607,-177.0662,6215.3267,6215.3267
5300,0.55,-0.1103,-0.1429,-6.0054,5.8951,35.1745,-174.0789,5986.9648,5986.9648
5301,0.49,-0.0208,+0.0951,-6.0308,6.0100,30.9614,-174.4271,6019.8003,6019.8003
5302,0.53,-0.2930,+0.1392,-6.0010,5.7081,43.7356,-174.0387,5972.3706,5972.3706
5303,0.55,-0.2573,+0.0486,-5.9931,5.7358,33.3866,-173.9186,5960.7832,5960.7832
5304,0.55,0.1142,+0.1809,-5.9996,6.1138,42.8965,-172.7545,5903.7529,5903.7529
5305,0.53,-0.1229,+0.0509,-5.9910,5.8681,39.9539,-173.4047,5942.0146,5942.0146
5306,0.52,-1.1161,-0.0345,-6.0006,4.8845,264.0823,-174.4341,5980.7676,5980.7676
5307,0.51,-1.2131,-0.3100,-5.9736,4.7605,95.8028,-174.7498,5980.9878,5980.9878
5308,0.53,-0.5859,+0.0401,-5.9893,5.4034,34.3573,-174.3186,5975.6348,5975.6348
5309,0.52,-0.2603,-0.4796,-6.0010,5.7407,52.3857,-174.2236,5990.8579,5990.8579
5310,0.53,-0.2131,+0.0054,-5.9966,5.7835,52.8288,-176.0183,6111.8379,6111.8379
5311,0.52,-0.0987,-0.0808,-6.0051,5.9064,42.9434,-172.2365,5841.7617,5841.7617
5312,0.56,-0.0990,-0.4031,-6.0288,5.9299,39.8917,-170.7284,5776.0503,5776.0503
5313,0.52,-0.5163,+0.1142,-6.0197,5.5034,30.9499,-174.6028,6004.7358,6004.7358
5314,0.53,-0.3480,-0.0183,-5.9754,5.6274,47.0580,-174.1972,5993.3252,5993.3252
5315,0.54,1.0103,-0.8352,-5.9924,7.0026,333.4271,-173.9052,6023.3188,6023.3188
5316,0.53,0.4822,+0.4853,-6.0019,6.4841,357.5712,-173.6392,6004.2510,6004.2510
5317,0.52,0.0818,+0.3818,-6.0168,6.0985,85.0523,-172.3157,5887.2461,5887.2461
5318,0.52,-0.9563,+1.0680,-6.0010,5.0447,65.8648,-172.3785,5795.9072,5795.9072
5319,0.53,-0.3960,-0.0107,-5.9933,5.5973,14.8921,-174.1515,5953.7954,5953.7954
5320,0.52,-1.6311,-1.8037,-6.0047,4.3736,451.3374,-171.9537,5706.8462,5706.8462
5321,0.52,0.8373,-0.2120,-6.0006,6.8378,336.1072,-171.1929,5824.4385,5824.4385
5322,0.53,0.1982,-0.2020,-6.0089,6.2071,43.5932,-176.8481,6163.6875,6163.6875
5323,0.52,-0.0114,-0.2385,-6.0263,6.0149,30.0056,-175.2645,6065.1860,6065.1860
5324,0.53,0.0623,-0.1554,-5.9941,6.0565,38.2826,-177.0206,6170.3223,6170.3223
5325,0.54,0.0937,-0.0146,-5.9953,6.0891,31.9752,-176.0120,6109.8613,6109.8613
5326,0.52,0.0356,-0.2835,-6.0228,6.0584,78.1421,-175.7566,6111.6348,6111.6348
5327,0.53,-0.1678,+0.2202,-6.0134,5.8456,154.6893,-175.2923,6112.8506,6112.8506
5328,0.53,0.4718,-0.3506,-6.0096,6.4814,171.0096,-176.4971,6214.6001,6214.6001
5329,0.52,0.5499,-0.0260,-5.9789,6.5289,140.7401,-178.1190,6330.7080,6330.7080
5330,0.52,0.7260,-0.4033,-5.9833,6.7094,333.7012,-175.3293,6156.3013,6156.3013
5331,0.52,-0.1104,-0.2719,-5.9838,5.8734,13.8170,-175.8924,6130.6240,6130.6240
5332,0.50,-0.2726,+0.3243,-5.9844,5.7118,10.0122,-174.5524,6038.0176,6038.0176
5333,0.51,-0.1017,+0.3014,-5.9811,5.8794,47.0549,-178.7772,6331.4443,6331.4443
5334,0.52,-2.1369,+0.9935,-5.9845,3.8476,991.7857,-176.6521,6119.8345,6119.8345
5335,0.53,0.7263,-0.3788,-5.9975,6.7239,342.5264,-177.3841,6287.4683,6287.4683
5336,0.52,1.5587,-0.7721,-6.0012,7.5599,872.9188,-176.9536,6233.3921,6233.3921
5337,0.51,0.0148,+0.2203,-6.0008,6.0156,48.6031,-177.7330,6251.4932,6251.4932
5338,0.51,-0.2332,+0.0714,-6.0079,5.7746,9.1266,-174.7702,6047.6484,6047.6484
5339,0.52,0.7234,-0.0822,-6.0174,6.7408,319.0830,-173.5151,5984.0381,5984.0381
5340,0.50,0.6365,+0.0745,-6.0394,6.6759,222.8893,-173.3127,5952.0703,5952.0703
5341,0.52,0.1763,+0.4649,-6.0425,6.2188,38.7511,-172.3890,5884.8828,5884.8828
5342,0.51,0.6865,+0.0176,-6.0354,6.7219,303.0367,-172.8401,5931.3271,5931.3271
5343,0.52,-1.0341,-0.3316,-6.0160,4.9819,105.3837,-175.7577,6046.6323,6046.6323
5344,0.52,-0.5617,+0.0273,-5.9967,5.4350,8.3738,-177.7068,6205.2666,6205.2666
5345,0.52,-0.2066,-0.0048,-6.0319,5.8252,5.3377,-168.2151,5602.8535,5602.8535
5346,0.53,-0.5009,+0.0134,-6.0259,5.5250,4.5820,-177.6408,6237.4297,6237.4297
5347,0.54,-0.6194,-0.0868,-6.0521,5.4327,4.2675,-170.3637,5758.1748,5758.1748
5348,0.51,-0.2297,-0.2795,-6.0597,5.8299,7.7665,-178.1119,6377.1855,6377.1855
5349,0.52,-0.6411,+1.2465,-6.0567,5.4156,72.1871,-161.4918,5211.5166,5211.5166
5350,0.53,-0.1231,+0.0535,-6.0561,5.9329,9.1574,-163.5843,5391.8960,5391.8960
5351,0.52,-1.6170,+0.6020,-6.0622,4.4452,199.9030,-183.9270,6755.2559,6755.2559
5352,0.52,-0.5378,-0.0570,-6.0375,5.4997,12.6666,-182.4656,6723.4521,6723.4521
5353,0.53,0.1249,-0.1122,-6.0196,6.1445,4.1205,-160.6820,5223.0410,5223.0410
5354,0.53,0.0501,+0.1210,-6.0439,6.0939,4.4796,-187.9198,7029.6406,7029.6406
5355,0.53,-0.1901,-0.0912,-6.0558,5.8657,4.2277,-159.5143,5071.1899,5071.1899
5356,0.53,0.0877,-0.0841,-6.0113,6.0990,4.6049,-189.3262,7131.3877,7131.3877
5357,0.54,-0.3343,+0.0474,-5.9977,5.6634,3.0748,-166.1028,5519.6304,5519.6304
5358,0.53,0.1041,+0.1693,-5.9924,6.0965,5.2312,-191.0277,7255.7773,7255.7773
5359,0.54,-0.4104,+0.0305,-5.9979,5.5875,5.3809,-166.5752,5523.2754,5523.2754
5360,0.54,0.0585,-0.1703,-6.0011,6.0596,11.4807,-189.1982,7172.9575,7172.9575
5361,0.53,-0.4839,-0.3904,-5.9951,5.5113,8.4558,-166.2342,5499.6943,5499.6943
5362,0.53,-0.1538,-0.0146,-6.0123,5.8585,3.4599,-190.0273,7178.2476,7178.2476
5363,0.54,-0.1751,-0.1709,-6.0276,5.8526,2.8992,-163.0301,5303.0391,5303.0391
5364,0.53,-0.1317,+0.0985,-6.0208,5.8891,3.9818,-185.4318,6840.5762,6840.5762
5365,0.54,0.0013,-0.0119,-6.0716,6.0729,3.9567,-159.0901,5081.2393,5081.2393
5366,0.52,-0.3356,+0.1973,-6.0795,5.7439,7.0233,-183.8294,6783.6890,6783.6890
5367,0.56,-0.5029,+0.1396,-6.0425,5.5397,2.4708,-163.8036,5352.6665,5352.6665
5368,0.52,-0.2126,+0.1022,-6.0391,5.8265,3.5290,-184.6658,6800.2661,6800.2661
5369,0.55,-0.3731,-0.2182,-6.0232,5.6502,3.1200,-160.5525,5133.7905,5133.7905
5370,0.54,-0.4612,+0.1729,-6.0239,5.5628,4.0511,-187.3293,6992.4189,6992.4189
5371,0.55,-0.1310,-0.2978,-6.0221,5.8911,7.5966,-161.5716,5262.4668,5262.4668
5372,0.54,-0.9604,+0.1968,-6.0450,5.0846,5.8615,-181.9494,6625.7363,6625.7363
5373,0.53,-0.5066,-0.0502,-6.0317,5.5251,2.3255,-165.3041,5484.5034,5484.5034
5374,0.53,-0.1149,+0.1584,-6.0352,5.9203,5.2697,-190.0729,7253.8755,7253.8755
5375,0.54,-0.5969,-0.0371,-6.0413,5.4444,3.5463,-163.4527,5388.2900,5388.2900
5376,0.51,-0.3522,+0.1037,-6.0530,5.7007,4.6343,-186.8050,7043.3145,7043.3145
5377,0.54,-0.5121,-0.1141,-6.0799,5.5678,5.2897,-160.5557,5191.3330,5191.3330
5378,0.53,-0.5907,-0.1983,-6.1025,5.5118,9.8300,-180.4539,6551.0762,6551.0762
5379,0.51,-0.5122,-0.0527,-6.0684,5.5562,4.5516,-159.3214,5100.8398,5100.8398
5380,0.55,-0.6804,+0.3322,-6.0740,5.3936,5.6599,-183.4434,6752.7324,6752.7324
5381,0.53,-0.8978,+0.2289,-6.0632,5.1654,5.3447,-165.2562,5444.1680,5444.1680
5382,0.54,-0.8121,-0.2654,-6.0489,5.2368,7.3095,-179.0046,6397.0557,6397.0557
5383,0.55,-0.5486,-0.0807,-6.0509,5.5022,4.4697,-162.4944,5254.3594,5254.3594
5384,0.55,-0.4393,-0.1125,-6.0477,5.6085,6.7903,-187.6158,7035.2686,7035.2686
5385,0.56,-0.7183,-0.0891,-6.0675,5.3492,4.7574,-162.9346,5299.7344,5299.7344
5386,0.53,-0.5412,+0.1840,-6.0761,5.5348,3.2452,-185.3465,6857.9854,6857.9854
5387,0.57,-0.2187,+0.0712,-6.0507,5.8319,2.2952,-160.5245,5158.6348,5158.6348
5388,0.54,-0.4062,+0.1394,-6.0666,5.6604,3.8234,-183.8390,6764.2739,6764.2739
5389,0.56,-0.4261,+0.2655,-6.0574,5.6313,2.3308,-161.1010,5191.6235,5191.6235
5390,0.54,-0.4476,+0.0133,-6.0408,5.5932,2.7323,-186.1271,6948.5093,6948.5093
5391,0.53,-0.3713,+0.1916,-6.0370,5.6657,3.1359,-161.9386,5266.6606,5266.6606
5392,0.54,-0.3483,+0.0783,-6.0414,5.6932,4.9742,-184.6343,6844.3232,6844.3232
5393,0.54,-0.4801,+0.1398,-6.0472,5.5671,10.0963,-162.0959,5276.4639,5276.4639
5394,0.55,-0.6857,+0.0767,-6.0646,5.3789,3.6343,-182.3095,6650.0703,6650.0703
5395,0.54,-0.4985,+0.0039,-6.0380,5.5395,13.8017,-158.8666,5022.1685,5022.1685
5396,0.55,-1.2109,-0.1446,-6.0385,4.8276,3.8647,-178.7076,6331.0420,6331.0420
5397,0.55,-0.1845,-0.1197,-6.0196,5.8351,3.4723,-159.8081,5084.7783,5084.7783
5398,0.54,-0.7893,-0.1263,-6.0421,5.2528,2.2596,-182.5528,6652.4209,6652.4209
5399,0.57,-0.1764,+0.1118,-6.0427,5.8663,4.1066,-158.4675,4997.3330,4997.3330
5400,0.53,-0.5710,-0.0139,-6.0555,5.4845,7.5905,-184.0739,6764.8604,6764.8604
5401,0.54,-1.0242,+0.0183,-6.0724,5.0482,8.4423,-162.9201,5290.3027,5290.3027
5402,0.55,-1.1595,-0.1265,-6.0729,4.9134,2.1367,-172.8127,5979.0371,5979.0371
5403,0.54,-0.9802,-0.0932,-6.0872,5.1071,5.9591,-164.9525,5503.2666,5503.2666
5404,0.55,-0.9184,+0.1348,-6.0972,5.1788,5.7008,-179.0363,6460.9771,6460.9771
5405,0.54,-0.8875,+0.0510,-6.0961,5.2085,4.2757,-163.3299,5359.5898,5359.5898
5406,0.53,-0.4396,-0.3318,-6.0571,5.6175,27.5679,-183.0887,6759.2524,6759.2524
5407,0.54,-0.8504,-0.3115,-6.0582,5.2078,4.2118,-167.4176,5654.0029,5654.0029
5408,0.56,-0.8131,-0.1166,-6.0718,5.2587,3.2873,-183.1666,6744.6914,6744.6914
5409,0.55,-0.1820,+0.0793,-6.0819,5.9000,2.8164,-158.2910,5057.3945,5057.3945
5410,0.53,-1.1393,+0.0322,-6.0784,4.9392,8.8713,-181.5839,6651.7285,6651.7285
5411,0.56,-0.9901,-0.2746,-6.1021,5.1121,5.9127,-160.6678,5238.5396,5238.5396
5412,0.54,-1.0610,-0.0775,-6.0993,5.0383,19.4111,-180.5433,6602.7231,6602.7231
5413,0.58,-1.0012,-0.1509,-6.0788,5.0776,3.9738,-165.4961,5501.3257,5501.3257
5414,0.55,-0.9542,-0.1128,-6.0813,5.1271,4.1666,-179.1714,6471.5625,6471.5625
5415,0.54,-1.2265,+0.2533,-6.0795,4.8530,25.3075,-161.9831,5320.6465,5320.6465
5416,0.55,-1.0533,+0.0112,-6.0898,5.0365,3.9685,-173.2767,6091.6870,6091.6870
5417,0.55,-0.6617,-0.0499,-6.0883,5.4266,6.0729,-164.1828,5463.5430,5463.5430
5418,0.54,-0.7023,-0.0260,-6.0864,5.3840,5.3476,-183.4787,6818.9932,6818.9932
5419,0.55,-0.9643,+0.0763,-6.0976,5.1334,2.9265,-162.9384,5321.6470,5321.6470
5420,0.54,-0.5963,-0.0058,-6.0883,5.4920,3.6180,-184.1987,6819.2178,6819.2178
5421,0.54,-1.0769,-0.0212,-6.0802,5.0033,2.3882,-162.4384,5282.2314,5282.2314
5422,0.55,-0.4563,-0.0346,-6.0671,5.6109,12.2856,-180.7220,6580.3818,6580.3818
5423,0.55,-1.2046,+0.0619,-6.0615,4.8569,5.0054,-168.8606,5728.0503,5728.0503
5424,0.56,-0.9461,-0.0401,-6.0984,5.1523,3.6231,-177.5927,6381.7134,6381.7134
5425,0.55,-0.5888,-0.0305,-6.0775,5.4888,3.8066,-160.8527,5213.0410,5213.0410
5426,0.55,-1.0147,-0.3056,-6.0648,5.0501,6.4561,-176.6209,6285.6089,6285.6089
5427,0.54,-1.0758,+0.0938,-6.0559,4.9802,3.6269,-171.9380,5940.6265,5940.6265
5428,0.54,-0.9483,-0.0173,-6.0807,5.1324,2.9637,-180.4023,6590.7861,6590.7861
5429,0.56,-0.6246,+0.1206,-6.0880,5.4634,2.6761,-157.8893,5067.1113,5067.1113
5430,0.53,-1.0193,-0.0073,-6.0751,5.0558,2.9971,-182.9815,6811.7051,6811.7051
5431,0.56,-0.4473,-0.0416,-6.0666,5.6193,4.3263,-157.8307,5052.8086,5052.8086
5432,0.54,-0.9266,-0.1064,-6.0621,5.1355,3.1011,-184.6590,6914.2861,6914.2861
5433,0.53,-0.8873,-0.2031,-6.0594,5.1721,4.3385,-161.0792,5271.4731,5271.4731
5434,0.54,-0.8341,-0.0122,-6.0900,5.2559,6.7975,-181.7889,6699.2256,6699.2256
5435,0.56,-1.1560,+0.1162,-6.1140,4.9581,3.9846,-165.0850,5539.5293,5539.5293
5436,0.55,-0.9052,-0.0497,-6.0993,5.1940,3.3179,-184.7869,6904.9629,6904.9629
5437,0.56,-1.1051,-0.0306,-6.0998,4.9947,2.6680,-163.6456,5418.3262,5418.3262
5438,0.55,-0.3803,-0.2734,-6.0939,5.7136,5.2354,-187.8422,7167.4414,7167.4414
5439,0.54,-0.9411,-0.0661,-6.0841,5.1429,2.0282,-165.6670,5542.7656,5542.7656
5440,0.56,-0.7184,-0.1303,-6.0890,5.3706,3.7650,-187.6317,7096.6533,7096.6533
5441,0.56,-0.9230,+0.1523,-6.1119,5.1888,3.0268,-161.4684,5252.1558,5252.1558
5442,0.55,-1.3583,-0.0574,-6.0769,4.7186,7.5086,-181.8490,6698.3750,6698.3750
5443,0.56,-0.8930,-0.1385,-6.0887,5.1956,2.3933,-161.8295,5357.6665,5357.6665
5444,0.54,-0.9694,+0.2857,-6.0924,5.1230,5.6219,-183.1704,6822.4717,6822.4717
5445,0.55,-1.1066,-0.1212,-6.1107,5.0041,5.8243,-159.3159,5150.2900,5150.2900
5446,0.53,-1.2633,-0.0559,-6.1364,4.8731,20.3750,-178.4825,6474.2261,6474.2261
5447,0.58,-1.4560,+0.0470,-6.1127,4.6567,2.2542,-166.0876,5597.5303,5597.5303
5448,0.56,-1.1201,+0.0375,-6.1183,4.9981,5.9903,-169.1342,5853.5410,5853.5410
5449,0.55,-1.2040,-0.0778,-6.1324,4.9285,3.3769,-164.6118,5526.0874,5526.0874
5450,0.55,-0.6175,-0.0828,-6.1587,5.5413,3.7753,-181.2525,6732.5229,6732.5229
5451,0.57,-0.7909,+0.0425,-6.1352,5.3443,3.4450,-160.1642,5261.6172,5261.6172
5452,0.53,-0.5925,+0.3009,-6.1139,5.5214,24.3707,-182.4798,6790.2070,6790.2070
5453,0.53,-0.8804,-0.3205,-6.1053,5.2249,12.7224,-169.6608,5876.9658,5876.9658
5454,0.56,-0.7456,+0.3026,-6.1097,5.3641,14.0708,-162.7648,5407.3965,5407.3965
5455,0.54,-1.1373,+0.1465,-6.0754,4.9380,9.5094,-170.4340,5910.6406,5910.6406
5456,0.54,-1.1062,-0.1809,-6.0756,4.9694,18.2329,-173.8680,6161.1729,6161.1729
5457,0.55,-1.0602,-0.0022,-6.0864,5.0261,2.8004,-168.0015,5776.3604,5776.3604
5458,0.53,-0.4858,-0.1154,-6.1397,5.6539,4.8444,-186.0282,7143.6943,7143.6943
5459,0.54,-0.8238,+0.0414,-6.1245,5.3007,1.7118,-162.1150,5418.7949,5418.7949
5460,0.55,-0.7865,-0.0754,-6.1210,5.3345,2.1325,-183.3450,6894.0957,6894.0957
5461,0.54,-0.8076,-0.0368,-6.1497,5.3421,1.9136,-160.6268,5330.6104,5330.6104
5462,0.55,-0.7383,-0.0929,-6.1438,5.4055,2.4101,-182.7126,6814.3638,6814.3638
5463,0.55,-0.7913,-0.0130,-6.1368,5.3455,1.5504,-159.3086,5228.7437,5228.7437
5464,0.54,-0.7802,+0.1257,-6.1454,5.3652,3.8195,-180.0786,6630.2129,6630.2129
5465,0.56,-1.0563,+0.2450,-6.1129,5.0566,5.4161,-162.3172,5384.9917,5384.9917
5466,0.54,-0.6606,-0.0080,-6.1337,5.4731,14.4066,-180.3567,6672.1196,6672.1196
5467,0.54,-1.0340,-0.0302,-6.1306,5.0966,2.0289,-162.6144,5396.6362,5396.6362
5468,0.54,-0.4466,-0.1389,-6.1197,5.6731,8.2024,-183.3687,6852.4937,6852.4937
5469,0.54,-1.0350,-0.1400,-6.1245,5.0895,1.9685,-162.9369,5427.0234,5427.0234
5470,0.55,-0.4690,+0.0805,-6.1463,5.6773,3.1924,-184.3669,6992.2451,6992.2451
5471,0.55,-1.0173,-0.3196,-6.1456,5.1283,21.0463,-159.4552,5245.5513,5245.5513
5472,0.53,-1.2515,+0.0078,-6.1484,4.8969,1.8396,-173.1869,6171.1924,6171.1924
5473,0.53,-0.9904,-0.0948,-6.1455,5.1551,4.1466,-161.4608,5365.2305,5365.2305
5474,0.53,-0.5177,-0.2287,-6.1080,5.5903,8.4015,-184.2544,7037.9033,7037.9033
5475,0.55,-1.2623,-0.1394,-6.1297,4.8674,8.5539,-163.9284,5540.7681,5540.7681
5476,0.56,-0.5821,+0.0927,-6.1386,5.5565,3.3185,-182.7972,6898.8770,6898.8770
5477,0.55,-1.3719,-0.2034,-6.1454,4.7735,2.8362,-162.3596,5442.5024,5442.5024
5478,0.56,-0.8825,-0.2447,-6.1463,5.2637,10.1029,-181.8796,6808.9907,6808.9907
5479,0.55,-1.1440,-0.0736,-6.1321,4.9881,7.7475,-169.1868,5891.6309,5891.6309
5480,0.57,-1.1520,-0.0675,-6.1488,4.9968,3.3393,-174.4232,6242.2812,6242.2812
5481,0.56,-1.0916,-0.1438,-6.1609,5.0693,2.0690,-168.7444,5833.9111,5833.9111
5482,0.56,-1.0145,+0.1137,-6.1489,5.1344,2.7510,-176.8268,6466.1729,6466.1729
5483,0.55,-1.1400,-0.1434,-6.1436,5.0035,2.3759,-163.0230,5464.8184,5464.8184
5484,0.56,-0.6184,-0.1620,-6.1391,5.5206,7.7392,-180.5470,6705.5479,6705.5479
5485,0.55,-1.1859,+0.0063,-6.1384,4.9524,3.7424,-169.2097,5923.8564,5923.8564
5486,0.54,-1.4089,-0.1549,-6.1478,4.7389,3.7799,-172.9824,6162.9629,6162.9629
5487,0.57,-1.3950,-0.2039,-6.1422,4.7472,5.6127,-168.3594,5836.8271,5836.8271
5488,0.56,-1.1915,-0.0548,-6.1811,4.9897,4.4892,-166.3818,5691.5029,5691.5029
5489,0.55,-1.6396,+0.4231,-6.1653,4.5257,19.9258,-174.1017,6174.1572,6174.1572
5490,0.57,-1.1364,-0.1885,-6.1791,5.0428,3.8187,-171.6665,6020.6387,6020.6387
5491,0.53,-1.3456,+0.0044,-6.1590,4.8134,2.4924,-164.8744,5546.3511,5546.3511
5492,0.57,-1.0625,+0.0207,-6.1874,5.1250,5.5392,-180.1045,6664.0107,6664.0107
5493,0.56,-1.2573,+0.1625,-6.2036,4.9462,3.1411,-158.0454,5151.5894,5151.5894
5494,0.55,-1.3892,+0.0098,-6.1799,4.7907,8.0090,-177.2926,6420.7998,6420.7998
5495,0.56,-1.2618,-0.0170,-6.1854,4.9236,5.3969,-162.5070,5397.5767,5397.5767
5496,0.55,-1.4455,+0.0304,-6.1806,4.7351,3.3699,-172.0536,6046.7998,6046.7998
5497,0.57,-1.4181,+0.0920,-6.1799,4.7618,3.7325,-166.1953,5637.3491,5637.3491
5498,0.57,-1.3136,-0.0012,-6.1945,4.8809,12.7027,-161.4637,5350.4424,5350.4424
5499,0.55,-1.5130,+0.1351,-6.1827,4.6697,26.4828,-173.7103,6196.5210,6196.5210
5500,0.56,-1.0618,-0.0076,-6.1846,5.1228,9.2215,-173.7190,6200.2222,6200.2222
5501,0.55,-1.1549,-0.0357,-6.1620,5.0072,7.7130,-165.2699,5611.9351,5611.9351
5502,0.57,-1.1537,-0.1173,-6.1466,4.9929,3.6233,-169.2608,5914.2461,5914.2461
5503,0.55,-1.7908,+0.5657,-6.1342,4.3434,64.2387,-175.7240,6297.9810,6297.9810
5504,0.56,-1.1717,-0.1239,-6.1278,4.9561,2.0661,-172.6277,6095.4736,6095.4736
5505,0.54,-1.0926,-0.2372,-6.1285,5.0359,3.3426,-176.4292,6398.4824,6398.4824
5506,0.56,-1.2428,-0.0823,-6.1068,4.8640,4.7213,-167.8764,5736.0430,5736.0430
5507,0.56,-1.1058,-0.1213,-6.1264,5.0206,7.0249,-184.9137,6962.1001,6962.1001
5508,0.56,-0.8987,-0.1353,-6.1131,5.2144,2.9825,-161.0170,5315.6685,5315.6685
5509,0.55,-0.6934,-0.0458,-6.1248,5.4314,7.7633,-182.0738,6817.8555,6817.8555
5510,0.57,-0.8422,-0.3227,-6.1484,5.3062,17.2921,-165.1606,5645.3711,5645.3711
5511,0.55,-1.5682,+0.5892,-6.1605,4.5923,63.1364,-174.7195,6299.6328,6299.6328
5512,0.57,-1.0504,+0.1891,-6.1961,5.1457,15.0842,-169.5317,5951.8267,5951.8267
5513,0.54,-0.8544,-0.0851,-6.1837,5.3293,29.5154,-168.8909,5918.4048,5918.4048
5514,0.58,-1.6088,-0.0990,-6.1492,4.5404,12.6101,-165.2640,5633.7769,5633.7769
5515,0.56,-1.0661,+0.0197,-6.1637,5.0976,27.0153,-166.9237,5784.6597,5784.6597
5516,0.54,-1.1271,-0.0726,-6.1768,5.0497,3.0867,-165.3928,5662.1968,5662.1968
5517,0.55,-1.3319,+0.0693,-6.1623,4.8304,3.2718,-169.5026,5906.6978,5906.6978
5518,0.55,-1.3520,+0.0135,-6.1513,4.7994,4.5615,-171.3459,6074.4834,6074.4834
5519,0.57,-1.0395,+0.1906,-6.1704,5.1309,3.1587,-166.7451,5764.1475,5764.1475
5520,0.53,-0.7220,+0.0849,-6.1542,5.4322,7.3495,-179.4136,6663.3340,6663.3340
5521,0.53,-1.1634,-0.0799,-6.1514,4.9880,4.3019,-160.0177,5276.8828,5276.8828
5522,0.55,-1.1090,+0.0109,-6.1295,5.0205,3.4224,-179.7601,6614.1924,6614.1924
5523,0.54,-0.8026,-0.1581,-6.1519,5.3493,3.6309,-156.8136,5068.4805,5068.4805
5524,0.56,-1.2935,-0.0316,-6.1701,4.8766,12.9242,-176.6771,6455.5312,6455.5312
5525,0.55,-1.4659,+0.0026,-6.1994,4.7336,3.0034,-166.1938,5694.7939,5694.7939
5526,0.53,-0.9157,-0.2321,-6.1846,5.2689,4.2135,-178.1393,6569.2422,6569.2422
5527,0.56,-1.2399,-0.0882,-6.1990,4.9591,2.4561,-161.1278,5395.4497,5395.4497
5528,0.54,-0.8333,-0.0444,-6.1961,5.3628,7.3637,-180.1384,6691.8604,6691.8604
5529,0.54,-1.1585,-0.0410,-6.1785,5.0199,4.1309,-162.2104,5443.0093,5443.0093
5530,0.54,-1.0004,-0.2419,-6.1721,5.1716,2.8014,-179.8972,6644.8711,6644.8711
5531,0.56,-1.1539,-0.0875,-6.1724,5.0185,1.8176,-158.1555,5176.8291,5176.8291
5532,0.54,-0.9496,+0.2805,-6.1604,5.2108,4.4370,-182.9449,6923.9541,6923.9541
5533,0.56,-1.3786,+0.0298,-6.1643,4.7857,2.3881,-167.3821,5821.0723,5821.0723
5534,0.56,-1.1230,-0.0143,-6.1522,5.0293,6.9132,-166.5816,5710.1997,5710.1997
5535,0.55,-1.4175,-0.0708,-6.1494,4.7319,3.0451,-171.7128,6069.8252,6069.8252
5536,0.55,-0.9312,+0.2708,-6.1516,5.2204,5.4148,-160.0910,5274.1841,5274.1841
5537,0.54,-1.2964,-0.0584,-6.1804,4.8840,33.0937,-173.6548,6243.8604,6243.8604
5538,0.55,-1.3740,+0.0446,-6.1977,4.8237,8.9381,-164.9445,5609.3789,5609.3789
5539,0.56,-1.1064,+0.1815,-6.2054,5.0990,3.8544,-170.4987,6036.5708,6036.5708
5540,0.55,-1.2122,+0.2590,-6.1811,4.9690,24.5388,-158.2992,5187.4424,5187.4424
5541,0.53,-1.4234,-0.0967,-6.1692,4.7458,3.9218,-170.7721,6062.2969,6062.2969
5542,0.57,-1.0191,+0.0187,-6.1905,5.1714,2.3835,-158.6566,5192.6030,5192.6030
5543,0.56,-1.6626,+0.2692,-6.1773,4.5148,42.2030,-176.5910,6424.8477,6424.8477
5544,0.55,-1.2449,+0.2820,-6.2003,4.9554,6.9422,-169.9536,5994.4707,5994.4707
5545,0.55,-1.3353,-0.0752,-6.1703,4.8350,2.6665,-164.4531,5564.0137,5564.0137
5546,0.55,-1.4816,-0.2346,-6.1545,4.6729,17.3499,-173.9162,6243.7119,6243.7119
5547,0.56,-1.1371,-0.1436,-6.1628,5.0257,5.1569,-174.8270,6295.8330,6295.8330
5548,0.56,-1.3406,+0.1016,-6.1502,4.8096,3.1477,-163.5280,5492.7305,5492.7305
5549,0.57,-1.5291,-0.2453,-6.1578,4.6287,19.6092,-174.9091,6308.8145,6308.8145
5550,0.57,-1.0854,+0.1013,-6.1753,5.0899,11.2114,-165.8335,5711.0571,5711.0571
5551,0.56,-1.4249,+0.1144,-6.1851,4.7602,5.3843,-168.5566,5879.5176,5879.5176
5552,0.55,-1.4747,+0.5143,-6.2029,4.7282,7.4985,-164.0727,5570.8398,5570.8398
5553,0.56,-1.1636,-0.1114,-6.1763,5.0127,4.5306,-165.6756,5673.5830,5673.5830
5554,0.55,-1.3233,-0.1011,-6.2200,4.8967,20.2371,-170.2683,6010.9961,6010.9961
5555,0.53,-1.0798,+0.3883,-6.1699,5.0901,21.8107,-172.7161,6177.3154,6177.3154
5556,0.55,-0.9604,+0.1074,-6.1687,5.2083,18.1917,-168.1551,5907.4751,5907.4751
5557,0.55,-1.2681,-0.0820,-6.1495,4.8814,7.0414,-168.1595,5902.1230,5902.1230
5558,0.56,-1.1803,+0.0165,-6.1702,4.9899,4.6120,-169.6491,5986.7207,5986.7207
5559,0.55,-1.0368,-0.0317,-6.1735,5.1367,7.4800,-167.8317,5901.6279,5901.6279
5560,0.54,-0.5548,+0.3564,-6.1873,5.6325,54.5201,-175.4286,6425.1953,6425.1953
5561,0.56,-1.0591,+0.1525,-6.1832,5.1242,3.5948,-171.5849,6125.8945,6125.8945
5562,0.55,-1.0058,-0.0752,-6.1947,5.1889,4.2609,-160.3515,5374.5312,5374.5312
5563,0.54,-1.3522,-0.0431,-6.2007,4.8485,8.8210,-176.2429,6445.2090,6445.2090
5564,0.56,-1.1455,-0.0537,-6.1832,5.0377,2.2693,-163.0359,5519.2139,5519.2139
5565,0.55,-0.5347,+0.9983,-6.1802,5.6454,30.4242,-179.1616,6645.2568,6645.2568
5566,0.55,-0.9609,-0.0591,-6.1975,5.2366,7.4440,-176.2367,6431.9912,6431.9912
5567,0.57,-1.1583,-0.0054,-6.1940,5.0357,3.8677,-164.6787,5604.5469,5604.5469
5568,0.54,-1.0561,-0.0172,-6.1961,5.1400,14.4735,-168.5469,5851.9863,5851.9863
5569,0.55,-1.1279,-0.0439,-6.2008,5.0729,11.5911,-167.0874,5730.1138,5730.1138
5570,0.55,-1.4351,+0.1686,-6.2034,4.7683,3.8861,-164.6691,5599.5928,5599.5928
5571,0.55,-1.1464,+0.1560,-6.1902,5.0437,6.8860,-169.7766,5925.4199,5925.4199
5572,0.55,-1.0607,-0.0456,-6.1749,5.1142,2.2219,-168.3314,5860.6689,5860.6689
5573,0.55,-1.0920,-0.0749,-6.2089,5.1168,6.8973,-164.0995,5558.1318,5558.1318
5574,0.55,-1.3314,+0.0892,-6.1838,4.8524,5.7436,-169.4867,5914.1387,5914.1387
5575,0.56,-1.2092,+0.3074,-6.1821,4.9728,6.8519,-163.7761,5505.8701,5505.8701
5576,0.55,-0.8700,+0.2317,-6.2156,5.3457,30.0864,-169.3213,5942.4805,5942.4805
5577,0.55,-0.7603,+0.2653,-6.2082,5.4479,24.6807,-165.6282,5708.9541,5708.9541
5578,0.55,-0.6971,+0.2475,-6.2076,5.5105,32.0476,-165.1000,5669.4473,5669.4473
5579,0.53,-0.8392,-0.0330,-6.2037,5.3646,41.3062,-165.1651,5690.1060,5690.1060
5580,0.55,-1.0926,+0.0590,-6.2100,5.1174,6.8567,-166.5986,5763.0908,5763.0908
5581,0.53,-1.2212,-0.1526,-6.1818,4.9606,2.6151,-163.4910,5553.5444,5553.5444
5582,0.52,-0.7478,+0.1302,-6.1910,5.4432,3.2743,-177.4641,6571.9033,6571.9033
5583,0.55,-0.6235,-0.0434,-6.2031,5.5797,5.0855,-156.3291,5084.7705,5084.7705
5584,0.54,-1.0122,-0.3793,-6.2229,5.2106,4.4246,-172.5630,6233.5947,6233.5947
5585,0.54,-1.2384,-0.1356,-6.2126,4.9742,2.6959,-161.7909,5459.9673,5459.9673
5586,0.56,-1.0554,+0.0440,-6.2111,5.1557,5.3607,-169.8795,6003.9873,6003.9873
5587,0.53,-1.3483,-0.0602,-6.2045,4.8562,10.6137,-162.3515,5472.7168,5472.7168
5588,0.55,-1.2211,+0.0697,-6.2025,4.9814,3.4918,-164.9941,5676.0049,5676.0049
5589,0.55,-0.9327,-0.0909,-6.2141,5.2815,15.3083,-173.2433,6254.5811,6254.5811
5590,0.55,-1.2082,+0.3430,-6.2101,5.0020,20.8047,-163.9909,5622.7227,5622.7227
5591,0.53,-0.9283,+0.1947,-6.2002,5.2718,20.4724,-164.6491,5670.1909,5670.1909
5592,0.53,-0.8822,+0.1409,-6.1895,5.3073,60.3206,-163.5490,5590.5762,5590.5762
5593,0.55,-0.8644,+0.1826,-6.2054,5.3409,41.0747,-164.0816,5635.9844,5635.9844
5594,0.54,-1.0066,-0.1107,-6.1888,5.1821,25.5286,-164.3032,5627.9775,5627.9775
5595,0.56,-0.7399,-0.0140,-6.1634,5.4235,66.7979,-165.8403,5730.3105,5730.3105
5596,0.55,-0.8909,+0.1114,-6.2008,5.3099,43.5249,-166.0461,5734.3945,5734.3945
5597,0.54,-0.7175,-0.1162,-6.1950,5.4774,28.1907,-165.9758,5716.6782,5716.6782
5598,0.54,-0.7763,+0.1826,-6.1922,5.4160,27.9550,-164.1167,5622.6099,5622.6099
5599,0.54,-0.6096,-0.0147,-6.1993,5.5897,51.1635,-163.9044,5608.7261,5608.7261
5600,0.54,-0.7492,-0.0312,-6.2182,5.4690,77.9149,-162.2055,5501.3760,5501.3760
5601,0.50,-0.7985,+0.0413,-6.2278,5.4293,27.7532,-162.8975,5557.6611,5557.6611
5602,0.50,-1.4548,-0.7480,-6.2016,4.7469,27.7539,-164.7207,5646.9409,5646.9409
5603,0.50,-1.1898,-0.1405,-6.2072,5.0173,7.3312,-165.2037,5724.9131,5724.9131
5604,0.49,-0.9451,+0.0835,-6.1942,5.2491,4.0955,-163.3546,5567.9663,5567.9663
5605,0.51,-0.8035,-0.2091,-6.1666,5.3631,30.1204,-169.5077,5979.1875,5979.1875
5606,0.49,-0.9494,-0.1970,-6.1856,5.2362,16.0115,-167.1396,5804.3921,5804.3921
5607,0.49,-0.5530,-0.1985,-6.1561,5.6031,48.6751,-167.3843,5820.6973,5820.6973
5608,0.49,-0.8893,-0.1046,-6.1585,5.2692,35.1871,-168.1272,5872.9238,5872.9238
5609,0.48,-0.8296,-0.1000,-6.1979,5.3683,8.6248,-170.6549,6049.3301,6049.3301
5610,0.50,-0.4997,-0.0514,-6.1843,5.6846,48.6313,-167.1819,5841.3115,5841.3115
5611,0.50,-0.9674,-0.3457,-6.1656,5.1982,15.3843,-168.1981,5881.4966,5881.4966
5612,0.49,-1.0424,+0.4031,-6.1561,5.1137,8.5747,-171.1062,6081.4287,6081.4287
5613,0.49,-0.3773,+0.0466,-6.1555,5.7781,25.6276,-159.8942,5315.2168,5315.2168
5614,0.50,-0.8510,-0.2107,-6.1448,5.2938,13.0127,-164.9524,5644.1362,5644.1362
5615,0.51,-1.2780,+0.1244,-6.1808,4.9028,23.3744,-168.2835,5894.7412,5894.7412
5616,0.51,-3.3827,-0.1314,-6.1707,2.7880,1576.9131,-164.4363,5592.9756,5592.9756
5617,0.51,-0.8466,-0.1352,-6.1858,5.3392,8.7675,-165.6838,5734.9995,5734.9995
5618,0.51,-0.8480,-0.0791,-6.1809,5.3329,16.7656,-165.5793,5740.3311,5740.3311
5619,0.50,-0.7862,+0.1676,-6.2242,5.4380,26.8842,-165.6428,5747.7271,5747.7271
5620,0.50,-0.8773,+0.1725,-6.1786,5.3013,162.2738,-169.7702,6003.0308,6003.0308
5621,0.50,0.3376,+2.0354,-6.2054,6.5430,285.7650,-166.3993,5868.1113,5868.1113
5622,0.49,0.3303,+0.0626,-6.2020,6.5324,317.6514,-166.7719,5887.8408,5887.8408
5623,0.51,-0.1289,-0.1976,-6.2042,6.0752,177.3072,-167.6876,5903.2656,5903.2656
5624,0.50,-0.1991,-0.0476,-6.2131,6.0140,123.6352,-166.4365,5798.8887,5798.8887
5625,0.48,-0.8488,+0.2283,-6.2344,5.3857,47.3955,-165.1476,5675.8125,5675.8125
5626,0.52,-0.6059,-0.1101,-6.2432,5.6373,49.8153,-163.0420,5582.1992,5582.1992
5627,0.50,-0.4860,-0.1858,-6.2212,5.7352,54.5000,-165.8390,5743.7793,5743.7793
5628,0.49,-0.2211,+0.4486,-6.1917,5.9706,116.9872,-168.0994,5921.0977,5921.0977
5629,0.49,-0.1387,+0.1152,-6.1967,6.0581,107.3022,-166.4889,5810.4834,5810.4834
5630,0.51,-0.5641,-0.0285,-6.1746,5.6105,38.7092,-168.8250,5955.0786,5955.0786
5631,0.50,-0.7546,+0.1564,-6.1672,5.4126,39.7969,-168.7263,5958.5728,5958.5728
5632,0.50,-0.2556,+0.2980,-6.1824,5.9268,43.2847,-166.1928,5824.9224,5824.9224
5633,0.50,-0.4194,-0.1661,-6.1828,5.7634,72.0122,-166.3927,5861.9658,5861.9658
5634,0.51,-0.4708,-0.0318,-6.1727,5.7019,45.9872,-167.8148,5912.0244,5912.0244
5635,0.49,-0.3996,+0.1623,-6.2000,5.8003,41.8427,-167.5757,5914.3486,5914.3486
5636,0.47,-0.2348,+0.1815,-6.1756,5.9409,67.2316,-165.1884,5727.7744,5727.7744
5637,0.49,-0.7182,-0.2237,-6.1655,5.4473,74.5016,-164.5375,5668.0454,5668.0454
5638,0.49,-0.3385,+0.1808,-6.1862,5.8477,77.2047,-164.6623,5690.6631,5690.6631
5639,0.50,-0.1467,+0.4865,-6.1832,6.0365,80.3510,-164.2202,5659.5273,5659.5273
5640,0.51,-1.0409,-0.1345,-6.1632,5.1223,109.7295,-165.4802,5695.6880,5695.6880
5641,0.50,-0.3958,-0.1455,-6.1724,5.7766,54.8013,-164.3302,5624.7998,5624.7998
5642,0.48,-8.2493,-50.8798,-6.1878,-2.0615,14977.8965,-164.5447,5486.2798,5486.2798
5643,0.49,-0.0220,-0.0162,-6.1865,6.1645,121.8467,-165.9153,5779.1924,5779.1924
5644,0.48,1.3376,-0.9751,-6.1967,7.5343,1164.0872,-165.1382,5770.2544,5770.2544
5645,0.50,0.0085,-0.0362,-6.2160,6.2245,68.3347,-163.3924,5585.0596,5585.0596
5646,0.50,0.0702,-0.2224,-6.1861,6.2563,97.5262,-163.8957,5605.5391,5605.5391
5647,0.50,-0.0261,-0.4612,-6.2020,6.1759,82.0513,-165.0087,5676.3545,5676.3545
5648,0.47,-0.1294,+0.0678,-6.2134,6.0841,66.5969,-164.4751,5658.5591,5658.5591
5649,0.48,-0.6246,-0.2188,-6.2049,5.5803,38.1954,-166.0864,5770.7075,5770.7075
5650,0.50,-0.6060,-0.1919,-6.1755,5.5695,58.1397,-165.4530,5713.1094,5713.1094
5651,0.48,-0.3677,-0.1371,-6.1901,5.8224,50.2964,-165.8712,5758.3296,5758.3296
5652,0.51,-0.7926,-0.1000,-6.1744,5.3818,49.7466,-166.4699,5793.3584,5793.3584
5653,0.48,-0.5774,-0.1794,-6.1653,5.5879,35.1369,-168.5781,5951.5029,5951.5029
5654,0.51,-0.3041,-0.1039,-6.1738,5.8697,51.8109,-169.6287,6002.7866,6002.7866
5655,0.51,-0.2557,-0.0189,-6.1612,5.9055,55.9155,-170.4973,6087.6313,6087.6313
5656,0.49,-0.3909,-0.0558,-6.1554,5.7645,61.5981,-170.2764,6050.2812,6050.2812
5657,0.51,-0.3703,+0.1917,-6.1620,5.7917,54.3588,-170.7900,6092.7354,6092.7354
5658,0.48,0.1505,-0.2559,-6.1629,6.3134,179.9434,-171.2583,6115.6191,6115.6191
5659,0.49,-0.5908,+0.0424,-6.1439,5.5531,45.7224,-170.7009,6056.5610,6056.5610
5660,0.50,-0.6195,-0.0832,-6.1479,5.5284,42.0781,-168.2756,5892.3384,5892.3384
5661,0.49,-0.4065,-0.2972,-6.1380,5.7315,30.1316,-166.6342,5778.8428,5778.8428
5662,0.48,-0.4539,-0.3122,-6.1426,5.6886,45.4488,-168.7242,5894.3857,5894.3857
5663,0.50,-0.1792,+0.2969,-6.1566,5.9774,78.9002,-168.1402,5864.8955,5864.8955
5664,0.49,-0.6741,+0.5479,-6.1554,5.4813,54.7116,-168.8583,5895.0557,5895.0557
5665,0.50,-0.2096,+0.1322,-6.1442,5.9346,70.0524,-169.2791,5926.2793,5926.2793
5666,0.48,-0.4147,-0.2213,-6.1746,5.7600,42.0120,-168.2181,5872.3286,5872.3286
5667,0.48,-0.2819,-0.2740,-6.1542,5.8723,62.7956,-167.5186,5828.9404,5828.9404
5668,0.48,-0.5259,+0.7321,-6.1658,5.6399,48.8222,-167.4595,5835.9648,5835.9648
5669,0.47,-1.5472,+0.6178,-6.1566,4.6093,256.3077,-168.4098,5859.0381,5859.0381
5670,0.49,-0.4024,-0.2184,-6.1466,5.7442,61.2069,-169.0555,5947.0098,5947.0098
5671,0.49,-0.4706,+0.0143,-6.1597,5.6891,42.9945,-165.8754,5722.3887,5722.3887
5672,0.49,-0.0362,+0.2127,-6.1717,6.1355,61.1091,-166.5213,5795.7251,5795.7251
5673,0.49,-0.1692,-0.2600,-6.1764,6.0072,62.6870,-165.3023,5713.4702,5713.4702
5674,0.50,-0.1507,-0.1015,-6.1519,6.0012,50.3672,-166.3907,5741.9902,5741.9902
5675,0.49,-0.2160,-0.0059,-6.1360,5.9200,57.7051,-167.4138,5840.7129,5840.7129
5676,0.52,-0.1893,+0.0865,-6.1354,5.9461,85.1179,-167.7747,5843.3501,5843.3501
5677,0.50,-0.3132,+0.0192,-6.1515,5.8383,67.6448,-166.9402,5789.0312,5789.0312
5678,0.50,-0.2364,-0.7196,-6.1514,5.9150,72.3527,-167.3387,5833.0791,5833.0791
5679,0.50,-0.4237,-0.2874,-6.1600,5.7364,53.9614,-166.8798,5782.8906,5782.8906
5680,0.48,-0.0814,-0.0478,-6.1483,6.0668,68.4110,-168.9915,5931.8711,5931.8711
5681,0.49,-0.6473,-0.2656,-6.1427,5.4955,54.2183,-168.0555,5888.6772,5888.6772
5682,0.49,-0.3440,-0.1708,-6.1758,5.8318,67.0856,-167.4214,5849.2207,5849.2207
5683,0.50,-0.3340,-0.0444,-6.1559,5.8219,52.5908,-168.5334,5933.2476,5933.2476
5684,0.50,-0.2386,+0.1360,-6.1252,5.8866,65.3000,-169.7619,6037.4966,6037.4966
5685,0.49,0.0171,+0.1513,-6.1369,6.1541,109.9686,-168.1769,5934.6426,5934.6426
5686,0.50,-0.3710,-0.2793,-6.1497,5.7787,39.0762,-167.0345,5825.1558,5825.1558
5687,0.47,-0.1067,+0.0437,-6.1414,6.0347,79.7667,-166.8895,5790.2109,5790.2109
5688,0.49,-0.0500,+0.1118,-6.1484,6.0983,50.3908,-165.3626,5711.0063,5711.0063
5689,0.47,5.5930,-6.1395,-6.1529,11.7460,11545.5547,-166.3664,5767.2305,5767.2305
5690,0.50,1.4390,-0.8957,-6.1640,7.6030,1082.2308,-166.5597,5816.1338,5816.1338
5691,0.48,0.0687,+0.7239,-6.1535,6.2222,185.2046,-167.2338,5851.8076,5851.8076
5692,0.47,0.1215,+0.3993,-6.1726,6.2941,183.3745,-165.2951,5720.8887,5720.8887
5693,0.49,-0.3645,-0.1364,-6.1739,5.8094,87.6065,-165.1426,5678.9985,5678.9985
5694,0.50,10.8621,-7.0642,-6.1600,17.0221,35973.4961,-165.7602,6086.7974,6086.7974
5695,0.49,-0.5014,+0.0294,-6.1313,5.6299,43.8262,-167.4677,5810.9351,5810.9351
5696,0.49,-0.0735,-0.2718,-6.1415,6.0680,107.0623,-166.8860,5815.3774,5815.3774
5697,0.48,-0.7162,-0.3856,-6.1578,5.4416,48.7851,-166.5220,5755.2178,5755.2178
5698,0.50,-0.5123,-0.0376,-6.1439,5.6317,71.7951,-166.3697,5753.1924,5753.1924
5699,0.51,-0.6767,+0.1307,-6.1555,5.4788,25.4397,-167.1206,5782.4375,5782.4375
5700,0.49,-0.6949,+0.0327,-6.1764,5.4815,34.6044,-166.0588,5731.5239,5731.5239
5701,0.54,-0.4396,+0.4667,-6.1809,5.7413,79.7953,-164.9415,5635.2397,5635.2397
5702,0.54,-0.7099,+0.1415,-6.1810,5.4711,34.9502,-165.9579,5701.6304,5701.6304
5703,0.53,-1.2036,-0.0377,-6.1578,4.9541,4.9702,-168.9655,5921.8350,5921.8350
5704,0.54,-0.4119,+0.2042,-6.1752,5.7633,66.4237,-169.2001,5958.0562,5958.0562
5705,0.53,-0.1281,-0.3135,-6.1525,6.0244,138.9041,-169.8958,6018.4180,6018.4180
5706,0.53,-0.7516,-0.1076,-6.1238,5.3721,18.6656,-169.9404,5983.7319,5983.7319
5707,0.53,-0.6399,+0.0041,-6.1239,5.4840,37.3772,-169.5866,5977.1807,5977.1807
5708,0.55,-0.6058,-0.1500,-6.1241,5.5183,35.4351,-169.9847,6006.5938,6006.5938
5709,0.54,-0.2070,-0.1939,-6.1130,5.9060,77.2057,-169.6711,5959.0645,5959.0645
5710,0.53,-0.8436,-0.0051,-6.1247,5.2811,34.6289,-169.7515,5945.1558,5945.1558
5711,0.55,-0.7367,-0.1540,-6.1004,5.3637,30.5337,-169.7961,5939.5332,5939.5332
5712,0.54,-0.6500,-0.1430,-6.0867,5.4368,31.6631,-171.2564,6056.3589,6056.3589
5713,0.55,-0.6888,-0.1037,-6.0969,5.4081,27.7155,-171.8033,6073.7275,6073.7275
5714,0.54,-1.0777,+0.4712,-6.0812,5.0036,61.0527,-172.7168,6134.4531,6134.4531
5715,0.55,-0.4908,-0.2055,-6.0855,5.5947,35.4343,-172.2369,6112.2480,6112.2480
5716,0.51,-0.8240,-0.1589,-6.1044,5.2803,39.1600,-171.7542,6048.0830,6048.0830
5717,0.54,-1.5808,-0.5990,-6.0967,4.5159,181.6346,-170.9746,5981.3887,5981.3887
5718,0.54,-0.6244,+0.1059,-6.1374,5.5131,38.9584,-170.4387,5981.5537,5981.5537
5719,0.54,-0.6904,-0.2725,-6.1265,5.4361,34.1207,-172.8098,6140.3525,6140.3525
5720,0.54,-0.8484,+0.0122,-6.1237,5.2753,33.1619,-171.6021,6047.7036,6047.7036
5721,0.56,-0.4928,-0.0286,-6.1198,5.6269,35.4607,-169.5150,5911.3223,5911.3223
5722,0.54,-0.4691,-0.1424,-6.1378,5.6687,38.5035,-168.4698,5852.1353,5852.1353
5723,0.54,-0.8181,+0.0934,-6.1517,5.3337,29.8985,-167.3679,5749.0518,5749.0518
5724,0.53,-0.8444,-0.0624,-6.1528,5.3083,37.0070,-168.0711,5807.0737,5807.0737
5725,0.54,-0.5359,-0.1168,-6.1481,5.6122,31.8109,-168.2485,5841.5264,5841.5264
5726,0.53,-0.8684,-0.0381,-6.1201,5.2517,34.6743,-168.8331,5839.3560,5839.3560
5727,0.54,-0.8613,+0.2919,-6.1302,5.2689,32.9031,-168.4082,5810.4536,5810.4536
5728,0.54,-0.6416,+0.1099,-6.1225,5.4810,36.1511,-170.5782,5984.5430,5984.5430
5729,0.54,-0.7583,-0.1803,-6.1220,5.3637,31.4636,-170.2891,5958.1650,5958.1650
5730,0.53,-0.8172,+0.1257,-6.1484,5.3312,22.7611,-171.3809,6045.9678,6045.9678
5731,0.55,-0.7062,-0.0607,-6.1459,5.4397,25.6440,-171.5233,6064.2217,6064.2217
5732,0.54,-0.5346,-0.0333,-6.1419,5.6073,23.1068,-167.9395,5817.4438,5817.4438
5733,0.54,-1.0834,-0.0509,-6.1404,5.0569,35.0382,-168.9445,5841.8447,5841.8447
5734,0.55,0.1699,+0.7078,-6.1190,6.2889,193.5591,-169.9803,5957.2217,5957.2217
5735,0.54,-0.7858,+0.0086,-6.1126,5.3268,46.9324,-169.5783,5888.4883,5888.4883
5736,0.55,-0.5286,+0.2054,-6.1156,5.5870,43.3767,-169.8948,5920.4863,5920.4863
5737,0.54,-0.6270,-0.0334,-6.1356,5.5086,28.9609,-168.4281,5834.1650,5834.1650
5738,0.56,-2.1601,-1.4186,-6.1267,3.9666,317.5896,-170.7662,5898.6182,5898.6182
5739,0.53,-1.1230,-0.1135,-6.1347,5.0117,178.6091,-169.2044,5837.9229,5837.9229
5740,0.54,-0.8918,-0.1885,-6.1605,5.2687,39.6555,-169.0550,5860.3662,5860.3662
5741,0.55,-0.7218,-0.0942,-6.1544,5.4326,38.2827,-167.5206,5759.1338,5759.1338
5742,0.53,-0.8348,-1.0166,-6.1690,5.3342,8.0189,-167.9237,5773.4443,5773.4443
5743,0.53,-0.9303,-0.0836,-6.1501,5.2197,18.1857,-168.6971,5826.1016,5826.1016
5744,0.54,-0.9317,-0.2586,-6.1202,5.1885,11.6259,-169.8792,5924.7954,5924.7954
5745,0.54,0.0975,-0.1747,-6.1143,6.2118,172.0013,-168.2338,5838.3145,5838.3145
5746,0.55,-0.8294,-0.0933,-6.1057,5.2764,29.4914,-170.3583,5962.4214,5962.4214
5747,0.57,-0.7175,+0.0956,-6.1255,5.4080,35.3845,-167.3737,5767.7441,5767.7441
5748,0.56,-0.4610,-0.2522,-6.1125,5.6515,111.3309,-167.9808,5822.9629,5822.9629
5749,0.54,-0.7258,-0.6762,-6.1470,5.4212,32.4369,-167.3590,5766.0674,5766.0674
5750,0.54,-0.9968,+0.0807,-6.1434,5.1465,41.0436,-167.3799,5736.0244,5736.0244
5751,0.54,-0.2112,+0.1541,-6.1784,5.9673,193.8617,-167.2339,5778.6440,5778.6440
5752,0.56,-0.4761,+0.1131,-6.1566,5.6805,92.5536,-167.5674,5801.8159,5801.8159
5753,0.55,-0.4764,-0.3240,-6.1777,5.7014,64.7726,-167.1208,5757.8516,5757.8516
5754,0.53,189.7289,+111.8387,-6.1716,195.9004,9285444.0000,-164.7623,18194.7754,18194.7754
5755,0.55,-0.6259,+0.2108,-6.1789,5.5530,41.9796,-166.4466,5702.0630,5702.0630
5756,0.54,-1.4221,+2.8304,-6.1608,4.7388,65.0432,-167.1349,5724.9565,5724.9565
5757,0.53,11.8821,+1.4694,-6.1321,18.0142,43566.1914,-167.8270,6394.6157,6394.6157
5758,0.51,-0.7349,-0.2993,-6.1590,5.4240,26.6714,-167.9327,5804.9736,5804.9736
5759,0.53,-0.6280,-0.0058,-6.1449,5.5168,29.1770,-169.3138,5914.1172,5914.1172
5760,0.54,-1.1933,-0.7740,-6.1527,4.9595,36.3562,-169.5197,5903.0786,5903.0786
5761,0.54,-1.4841,+0.4313,-6.1378,4.6537,102.4124,-169.2990,5861.7666,5861.7666
5762,0.53,-0.9511,-0.0682,-6.1501,5.1990,28.1784,-167.2173,5783.6191,5783.6191
5763,0.54,-1.8134,-0.2047,-6.1560,4.3426,16.8345,-169.8584,5928.2866,5928.2866
5764,0.54,-1.2058,-0.6226,-6.1647,4.9588,5.6494,-170.0641,5967.7314,5967.7314
5765,0.54,-0.7305,+0.3613,-6.1373,5.4068,27.2072,-172.2130,6103.7021,6103.7021
5766,0.54,-0.7615,-0.0694,-6.1423,5.3808,44.0174,-171.2018,6042.0049,6042.0049
5767,0.54,-0.7028,-0.0044,-6.1305,5.4278,64.9256,-169.6906,5899.6455,5899.6455
5768,0.54,-0.8277,-0.1055,-6.1490,5.3213,28.9440,-170.4541,5981.3618,5981.3618
5769,0.53,-1.7082,+0.5163,-6.1451,4.4369,190.5428,-170.6593,5958.1953,5958.1953
5770,0.52,-0.2590,+0.4500,-6.1271,5.8681,216.1893,-170.2096,5998.5620,5998.5620
5771,0.53,0.2751,-1.7465,-6.1283,6.4034,670.0640,-170.0074,5985.5894,5985.5894
5772,0.55,-0.8673,+0.1709,-6.1402,5.2729,31.6896,-168.9096,5883.8555,5883.8555
5773,0.54,-0.6747,-0.0403,-6.1364,5.4617,37.0938,-168.6053,5866.6660,5866.6660
5774,0.54,-0.6835,-0.1047,-6.1392,5.4557,49.0591,-169.7793,5937.2070,5937.2070
5775,0.54,-1.1368,-0.2498,-6.1432,5.0064,34.4753,-170.7117,5958.6143,5958.6143
5776,0.53,-0.7462,-0.0416,-6.1218,5.3756,40.9462,-172.0580,6089.7607,6089.7607
5777,0.54,-0.9071,-0.1707,-6.1334,5.2263,28.2666,-170.6246,5988.9580,5988.9580
5778,0.55,-1.0242,+0.4358,-6.1147,5.0906,78.7391,-171.9976,6081.4165,6081.4165
5779,0.54,-0.6773,+0.0345,-6.0990,5.4217,39.5264,-173.1273,6143.5767,6143.5767
5780,0.54,-1.0783,-0.0290,-6.0970,5.0187,51.4759,-172.0543,6059.1250,6059.1250
5781,0.56,-0.5505,+0.1853,-6.1175,5.5670,35.4972,-170.8528,5999.3711,5999.3711
5782,0.54,-0.6687,+0.1171,-6.1359,5.4672,33.9501,-168.9817,5859.6025,5859.6025
5783,0.54,-0.8219,-0.1582,-6.1291,5.3072,29.5610,-171.8238,6066.3379,6066.3379
5784,0.54,-0.6371,-0.0544,-6.1391,5.5019,37.1680,-169.4048,5874.2461,5874.2461
5785,0.53,-0.9354,-0.0189,-6.1556,5.2201,30.9111,-169.2093,5870.8506,5870.8506
5786,0.54,-0.8528,-0.1091,-6.1520,5.2992,24.0315,-168.3826,5807.7432,5807.7432
5787,0.56,-0.7398,+0.1592,-6.1581,5.4183,28.7678,-169.3979,5873.5435,5873.5435
5788,0.54,-0.5859,+0.0341,-6.1284,5.5425,34.1712,-169.7784,5941.0879,5941.0879
5789,0.56,-0.6706,+0.0082,-6.1112,5.4407,35.0881,-170.4911,5971.9219,5971.9219
5790,0.56,-0.4780,-0.1445,-6.1228,5.6449,81.0420,-169.5496,5891.0039,5891.0039
5791,0.55,-0.9237,-0.1371,-6.1359,5.2122,29.5690,-167.8798,5763.0430,5763.0430
5792,0.53,-0.8091,+0.0940,-6.1598,5.3507,31.6110,-171.4507,6039.1807,6039.1807
5793,0.53,-0.9284,-0.1628,-6.1705,5.2420,36.4746,-169.9956,5928.1738,5928.1738
5794,0.54,-1.0154,-0.0575,-6.1577,5.1424,31.1553,-168.6387,5820.4243,5820.4243
5795,0.54,-0.9893,+0.0503,-6.1628,5.1735,37.5228,-169.9642,5923.7280,5923.7280
5796,0.52,-0.9719,+0.0606,-6.1558,5.1838,36.2072,-168.6060,5841.9443,5841.9443
5797,0.54,-1.0691,+0.0689,-6.1568,5.0877,38.9133,-169.8388,5946.3740,5946.3740
5798,0.53,-0.9779,-0.0399,-6.1417,5.1638,33.7201,-171.0577,6031.3213,6031.3213
5799,0.52,-0.6909,-0.1680,-6.1216,5.4307,29.8342,-171.0820,6007.0947,6007.0947
5800,0.54,-0.7548,-0.1700,-6.1332,5.3784,33.7119,-169.7252,5902.9771,5902.9771
5801,0.56,-0.7496,-0.1194,-6.1481,5.3985,30.3007,-168.7802,5824.6660,5824.6660
5802,0.55,-1.3577,+0.1793,-6.1531,4.7954,174.0997,-169.0404,5823.6289,5823.6289
5803,0.55,-1.0761,-0.3836,-6.1549,5.0788,43.4564,-168.9407,5810.6748,5810.6748
5804,0.54,-0.8771,+0.2232,-6.1588,5.2817,31.4257,-166.4879,5662.5166,5662.5166
5805,0.55,-0.6964,-0.0267,-6.1453,5.4489,48.8468,-169.4210,5904.4160,5904.4160
5806,0.54,-0.8202,+0.0226,-6.1390,5.3188,42.8714,-169.9813,5924.6943,5924.6943
5807,0.54,-0.8258,+0.1576,-6.1332,5.3074,37.1178,-169.5896,5897.4170,5897.4170
5808,0.56,-0.6996,-0.2136,-6.1330,5.4334,39.3766,-168.5280,5831.6787,5831.6787
5809,0.54,-0.8473,+0.1345,-6.1203,5.2730,11.2391,-169.3571,5874.7158,5874.7158
5810,0.55,-0.9077,-0.0539,-6.1152,5.2076,64.8630,-177.5918,6465.9961,6465.9961
5811,0.53,-0.8500,+0.0351,-6.1206,5.2707,28.7999,-173.1238,6121.7349,6121.7349
5812,0.53,-0.9097,-0.1438,-6.1141,5.2043,65.1568,-169.9261,5889.6738,5889.6738
5813,0.54,-0.7962,+0.0391,-6.1361,5.3399,44.6519,-168.3414,5768.7505,5768.7505
5814,0.54,-0.7937,-0.0397,-6.1202,5.3265,67.0364,-168.4911,5780.9375,5780.9375
5815,0.55,-0.9830,-0.0964,-6.1423,5.1593,32.1481,-167.9497,5754.0400,5754.0400
5816,0.56,-0.5488,+0.2723,-6.1315,5.5827,17.5634,-169.9963,5919.9551,5919.9551
5817,0.54,-1.1832,+0.0415,-6.1471,4.9639,5.9917,-169.5166,5857.6006,5857.6006
5818,0.55,-1.0509,-0.1781,-6.1189,5.0680,9.8811,-173.3692,6107.5156,6107.5156
5819,0.55,-1.0824,-0.2727,-6.1443,5.0619,6.4247,-169.2980,5855.0332,5855.0332
5820,0.54,-0.9494,-0.3032,-6.1416,5.1922,9.9846,-169.7200,5865.9502,5865.9502
5821,0.54,-0.5363,-0.2087,-6.1358,5.5995,40.8372,-170.0892,5895.3862,5895.3862
5822,0.53,-3.4315,+1.2993,-6.1427,2.7112,1923.4955,-170.3801,5737.0684,5737.0684
5823,0.54,-0.6027,+0.1649,-6.1385,5.5357,47.5829,-172.0632,6057.1807,6057.1807
5824,0.53,-0.5758,+0.1442,-6.1244,5.5486,42.9141,-170.6460,5963.1533,5963.1533
5825,0.55,-0.7191,+0.1607,-6.1205,5.4014,41.8350,-172.4665,6077.6836,6077.6836
5826,0.53,-0.4497,-0.1896,-6.1136,5.6639,44.4623,-172.4876,6074.0171,6074.0171
5827,0.56,-0.5815,-0.0849,-6.1050,5.5235,45.3177,-172.3070,6063.8506,6063.8506
5828,0.55,-0.6514,-0.0089,-6.0881,5.4367,47.1075,-171.3337,5982.3496,5982.3496
5829,0.53,-0.4106,+0.0272,-6.0944,5.6838,44.9312,-171.1973,5976.2500,5976.2500
5830,0.54,-0.7641,+0.1045,-6.1026,5.3385,31.1042,-169.9326,5868.5000,5868.5000
5831,0.53,-0.8741,-0.0340,-6.1146,5.2405,31.4718,-168.4240,5766.0361,5766.0361
5832,0.55,-0.6911,-0.0029,-6.1171,5.4260,38.1889,-169.5365,5837.3945,5837.3945
5833,0.53,-1.4125,-0.1471,-6.0962,4.6837,15.2747,-170.9229,5924.0278,5924.0278
5834,0.55,-1.1953,+0.1850,-6.1089,4.9135,6.2656,-171.5790,5978.9453,5978.9453
5835,0.54,-1.0497,-0.1616,-6.1096,5.0599,3.3088,-167.7672,5738.8623,5738.8623
5836,0.55,-0.8747,-0.1125,-6.1040,5.2293,3.9994,-176.4580,6349.2295,6349.2295
5837,0.54,-1.2742,+0.1100,-6.1082,4.8340,3.6000,-170.9164,5980.4004,5980.4004
5838,0.55,-0.9495,+0.0062,-6.1151,5.1656,3.4702,-166.0367,5647.6016,5647.6016
5839,0.55,-0.8086,+0.1907,-6.1417,5.3331,5.1225,-169.5764,5832.6152,5832.6152
5840,0.54,-1.0702,-0.0591,-6.1125,5.0422,2.0303,-164.5458,5520.7188,5520.7188
5841,0.53,-0.7101,-0.1156,-6.0997,5.3896,4.1864,-181.7552,6718.7871,6718.7871
5842,0.55,-0.9843,-0.0101,-6.1241,5.1398,2.8869,-165.9219,5632.6118,5632.6118
5843,0.56,-0.7639,-0.1927,-6.1308,5.3669,20.5660,-178.1001,6520.5654,6520.5654
5844,0.54,-0.8225,-0.0450,-6.1424,5.3199,20.6415,-170.3475,5956.7856,5956.7856
5845,0.55,-0.9936,-0.3265,-6.1587,5.1650,20.6872,-167.7730,5784.1689,5784.1689
5846,0.55,-1.1187,-0.0601,-6.1674,5.0486,6.3627,-168.7413,5831.4668,5831.4668
5847,0.54,-1.2415,+0.4775,-6.1437,4.9022,12.9301,-166.1152,5635.5381,5635.5381
5848,0.53,-1.0550,+0.1310,-6.1362,5.0812,3.3282,-165.8940,5655.2183,5655.2183
5849,0.55,-1.2118,+0.1691,-6.1530,4.9411,4.1661,-175.7330,6295.0625,6295.0625
5850,0.54,-1.3097,+0.0386,-6.1557,4.8460,2.4670,-165.5827,5623.1909,5623.1909
5851,0.54,-1.1197,+0.0505,-6.1507,5.0310,3.5827,-174.8518,6280.2920,6280.2920
5852,0.54,-1.3763,-0.0092,-6.1604,4.7841,12.8167,-170.4780,5940.7930,5940.7930
5853,0.56,-0.8480,-0.1427,-6.1443,5.2963,2.0114,-161.4505,5405.0015,5405.0015
5854,0.55,-0.5794,+0.1926,-6.1497,5.5703,4.2096,-181.4710,6799.8940,6799.8940
5855,0.54,-1.3622,+0.1165,-6.1339,4.7718,3.4966,-165.3238,5626.0410,5626.0410
5856,0.54,-0.9213,+0.0484,-6.1543,5.2330,27.5046,-168.6905,5887.2085,5887.2085
5857,0.55,-1.0208,-0.0037,-6.1349,5.1141,23.3433,-168.7637,5891.7612,5891.7612
5858,0.56,-0.7448,-0.2449,-6.1313,5.3865,43.0412,-168.0097,5872.3428,5872.3428
5859,0.56,-1.3347,-0.2323,-6.1246,4.7899,2.7449,-168.7387,5854.6553,5854.6553
5860,0.54,-0.9146,+0.1234,-6.1052,5.1905,6.4613,-172.4289,6070.4463,6070.4463
5861,0.55,-0.7399,+0.0938,-6.1377,5.3978,35.9744,-176.2177,6357.1680,6357.1680
5862,0.55,-0.7774,+0.0550,-6.1690,5.3915,25.3632,-171.4156,6032.1060,6032.1060
5863,0.55,-0.3697,-0.3145,-6.1585,5.7887,70.3467,-171.2342,6070.8970,6070.8970
5864,0.54,-0.9723,+0.1230,-6.1722,5.2000,34.3771,-169.4522,5886.0068,5886.0068
5865,0.55,-0.7700,+0.1844,-6.1524,5.3824,29.2736,-168.3737,5832.6924,5832.6924
5866,0.55,-0.7668,-0.4032,-6.1516,5.3848,54.6444,-168.8053,5904.8223,5904.8223
5867,0.54,-0.6775,+0.2655,-6.1386,5.4611,33.0464,-169.4119,5915.1035,5915.1035
5868,0.52,-0.8069,-0.1576,-6.1550,5.3481,26.0273,-167.1352,5757.1304,5757.1304
5869,0.57,-1.0001,-0.2223,-6.1509,5.1509,14.8278,-167.8162,5793.2729,5793.2729
5870,0.54,-0.8972,-0.1414,-6.1518,5.2546,20.5590,-166.2587,5687.5469,5687.5469
5871,0.55,-0.5958,-0.0377,-6.1815,5.5857,48.2680,-163.8998,5561.3018,5561.3018
5872,0.54,-1.0579,-0.1009,-6.1626,5.1047,16.5395,-165.5952,5624.0068,5624.0068
5873,0.55,-0.9808,-0.0721,-6.1363,5.1555,19.4067,-165.9945,5655.3369,5655.3369
5874,0.53,-0.6671,-0.3372,-6.1363,5.4692,41.2573,-167.9761,5848.8071,5848.8071
5875,0.52,-0.9258,+0.0214,-6.1498,5.2240,26.4205,-169.1511,5890.3779,5890.3779
5876,0.53,-0.7788,-0.0688,-6.1636,5.3848,52.6755,-167.1205,5784.6611,5784.6611
5877,0.53,-0.5232,-0.2046,-6.1588,5.6356,97.2585,-167.0699,5795.6538,5795.6538
5878,0.56,-1.0909,-0.1492,-6.1244,5.0335,16.3823,-168.5307,5852.5645,5852.5645
5879,0.53,-1.1044,-0.2446,-6.1434,5.0389,13.1578,-167.4678,5781.1133,5781.1133
5880,0.52,-0.8075,-0.1105,-6.1246,5.3171,29.5461,-173.8173,6242.0244,6242.0244
5881,0.53,-0.9995,+0.0008,-6.1416,5.1421,3.3895,-170.1728,5945.7114,5945.7114
5882,0.54,-0.6972,+0.2303,-6.1507,5.4535,18.6474,-172.1041,6083.2295,6083.2295
5883,0.52,-1.0852,-0.1411,-6.1477,5.0624,3.9752,-172.5937,6143.4971,6143.4971
5884,0.57,-1.1254,-0.0099,-6.1483,5.0228,4.2517,-171.0418,5931.3359,5931.3359
5885,0.53,-0.7762,-0.1000,-6.1472,5.3709,3.8611,-171.1393,6022.8169,6022.8169
5886,0.54,-1.0390,+0.0186,-6.1236,5.0846,4.3257,-164.3246,5567.1406,5567.1406
5887,0.52,-1.0417,+0.1794,-6.1267,5.0849,7.3749,-178.4294,6534.8677,6534.8677
5888,0.56,-0.7234,-0.0479,-6.1265,5.4031,4.5127,-164.4296,5547.9912,5547.9912
5889,0.54,-1.0672,-0.1052,-6.1331,5.0659,6.0734,-171.5016,6043.3647,6043.3647
5890,0.55,-0.8156,-0.2832,-6.1465,5.3309,4.9804,-174.1511,6244.9980,6244.9980
5891,0.57,-1.0811,+0.0890,-6.1506,5.0695,3.2825,-165.4942,5639.4429,5639.4429
5892,0.54,-0.7203,+0.2100,-6.1550,5.4347,34.2355,-173.6843,6197.6055,6197.6055
5893,0.57,-0.2391,-0.0331,-6.1416,5.9024,105.8716,-168.2991,5862.2490,5862.2490
5894,0.55,-2.6492,-0.7169,-6.1594,3.5102,967.9666,-168.9391,5739.3750,5739.3750
5895,0.55,-0.5680,+0.0561,-6.1576,5.5896,30.5379,-170.0288,5966.1968,5966.1968
5896,0.55,-0.7194,-0.2414,-6.1562,5.4368,23.5402,-168.3989,5847.8042,5847.8042
5897,0.55,-0.6222,-0.2691,-6.1575,5.5353,46.4871,-166.1959,5691.4844,5691.4844
5898,0.54,-1.0683,-0.0566,-6.1588,5.0905,7.9544,-168.4460,5792.4604,5792.4604
5899,0.53,-0.7150,+0.1172,-6.1635,5.4485,46.3218,-165.4654,5617.0391,5617.0391
5900,0.54,-0.5288,-0.0340,-6.1875,5.6587,41.4452,-165.1108,5615.3027,5615.3027
5901,0.53,-0.9759,+0.0090,-6.1805,5.2046,22.0501,-166.3920,5683.9932,5683.9932
5902,0.53,-0.8426,-0.2605,-6.1780,5.3353,28.1641,-164.3091,5528.2622,5528.2622
5903,0.54,-0.6234,+0.0471,-6.1787,5.5553,48.1205,-166.8607,5702.5693,5702.5693
5904,0.53,-0.8129,-0.1293,-6.1816,5.3688,30.8719,-168.2672,5785.5869,5785.5869
5905,0.54,-0.6214,+0.0494,-6.1659,5.5446,44.2812,-166.6555,5668.4639,5668.4639
5906,0.56,-0.8106,+0.0358,-6.1597,5.3491,33.1077,-166.9958,5695.6328,5695.6328
5907,0.56,-0.7085,+0.1928,-6.1600,5.4515,51.6961,-166.6098,5694.1240,5694.1240
5908,0.53,-0.6214,+0.1812,-6.1369,5.5154,38.3512,-168.3175,5788.9570,5788.9570
5909,0.55,-0.7456,+0.2248,-6.1468,5.4011,51.0040,-168.7546,5841.0459,5841.0459
5910,0.54,-0.7032,-0.2250,-6.1615,5.4582,61.4921,-167.5220,5773.7075,5773.7075
5911,0.57,-0.9246,-0.0117,-6.1662,5.2416,36.8181,-166.5826,5710.9585,5710.9585
5912,0.54,-0.8288,-0.0803,-6.1418,5.3130,28.2614,-169.6323,5919.4521,5919.4521
5913,0.55,-0.6994,-0.3356,-6.1446,5.4453,82.4381,-168.2396,5828.3452,5828.3452
5914,0.55,-1.0887,-0.2003,-6.1460,5.0573,12.0280,-168.6910,5840.2578,5840.2578
5915,0.55,-0.3475,+0.4774,-6.1498,5.8023,276.5280,-168.8283,5899.0376,5899.0376
5916,0.54,-1.0451,+0.1479,-6.1545,5.1094,19.3990,-169.1398,5882.7842,5882.7842
5917,0.55,-0.9849,-0.2980,-6.1585,5.1736,8.0995,-170.2622,5943.0293,5943.0293
5918,0.53,-1.0803,+0.2693,-6.1541,5.0737,107.6946,-166.4419,5669.2402,5669.2402
5919,0.53,-0.9193,+0.0634,-6.1648,5.2455,9.5059,-163.9697,5526.4116,5526.4116
5920,0.53,-0.8210,-0.2096,-6.1332,5.3122,11.8931,-166.5276,5692.0547,5692.0547
5921,0.54,-1.4824,-0.1608,-6.1242,4.6419,59.1903,-172.9362,6098.4614,6098.4614
5922,0.52,0.3381,-0.1431,-6.1271,6.4652,268.3530,-170.7526,6061.3813,6061.3813
5923,0.54,-0.5343,+0.1210,-6.1488,5.6145,88.8233,-170.3611,6002.2583,6002.2583
5924,0.56,-0.6625,-0.2461,-6.1567,5.4943,38.0761,-168.5421,5846.5796,5846.5796
5925,0.54,-0.7150,+0.0288,-6.1368,5.4218,38.6874,-168.4193,5829.3965,5829.3965
5926,0.53,-0.6425,-0.1370,-6.1391,5.4966,67.8723,-169.2092,5878.9033,5878.9033
5927,0.55,-0.1038,-0.0914,-6.1355,6.0316,250.4221,-169.8157,5970.6074,5970.6074
5928,0.54,-0.7244,+0.1638,-6.1113,5.3869,28.8813,-170.6231,5972.6621,5972.6621
5929,0.53,-0.6409,+0.2183,-6.1075,5.4666,49.4881,-170.1155,5975.8765,5975.8765
5930,0.54,-0.3556,+0.1160,-6.1195,5.7639,56.9703,-170.1308,5975.2065,5975.2065
5931,0.52,-0.4256,+0.2204,-6.1140,5.6884,90.4626,-171.1541,6050.7432,6050.7432
5932,0.53,1.9646,+0.2280,-6.0970,8.0617,2594.7864,-172.1618,6224.5752,6224.5752
5933,0.52,-0.7163,-0.1783,-6.0882,5.3718,49.0771,-173.1440,6150.0898,6150.0898
5934,0.53,-0.2738,-0.0676,-6.1172,5.8434,118.2372,-172.5962,6166.5752,6166.5752
5935,0.52,-0.6277,-0.3383,-6.1151,5.4875,43.4853,-170.9432,6039.5112,6039.5112
5936,0.55,-0.6717,+0.2386,-6.1225,5.4508,44.0287,-172.6392,6134.6323,6134.6323
5937,0.55,-1.3281,+0.1471,-6.1276,4.7995,4.3178,-172.6225,6083.1143,6083.1143
5938,0.55,-1.4507,+0.1025,-6.1308,4.6801,11.9333,-166.6243,5662.2441,5662.2441
5939,0.54,-0.7638,+0.4168,-6.1310,5.3672,19.2050,-171.2670,6005.1992,6005.1992
5940,0.54,-0.7128,-0.2028,-6.1024,5.3896,12.5296,-168.7653,5819.4087,5819.4087
5941,0.56,-0.9986,+0.0025,-6.1009,5.1023,4.2176,-171.8753,6050.6392,6050.6392
5942,0.55,-0.9171,+0.0089,-6.1051,5.1880,9.3500,-168.2410,5835.7646,5835.7646
5943,0.53,-0.8493,+0.1004,-6.1233,5.2739,11.1150,-174.7480,6314.0605,6314.0605
5944,0.52,-1.0104,+0.0841,-6.1313,5.1209,7.2524,-170.4382,6012.6567,6012.6567
5945,0.53,-0.9865,-0.0593,-6.1467,5.1602,12.6680,-168.8461,5898.7783,5898.7783
5946,0.52,-0.7407,+0.0930,-6.1391,5.3985,5.5256,-167.5237,5804.6650,5804.6650
5947,0.54,-0.9676,+0.1376,-6.1371,5.1695,6.4565,-173.3491,6169.5669,6169.5669
5948,0.55,-0.6319,+0.1400,-6.1222,5.4904,9.6576,-163.6674,5545.0103,5545.0103
5949,0.55,-1.0739,-0.0683,-6.1359,5.0620,8.1175,-173.5567,6235.6753,6235.6753
5950,0.53,-0.5964,-0.2202,-6.1732,5.5768,6.5237,-161.9635,5467.9883,5467.9883
5951,0.52,-0.4654,-0.0423,-6.1525,5.6871,28.2289,-168.9347,5960.5977,5960.5977
5952,0.54,-0.5202,-0.0935,-6.1460,5.6258,19.8510,-168.9091,5921.9575,5921.9575
5953,0.54,-0.6462,-0.0366,-6.1495,5.5033,5.8905,-166.1112,5740.4697,5740.4697
5954,0.56,-0.8416,+0.2218,-6.1325,5.2909,13.6058,-171.4904,6048.0625,6048.0625
5955,0.52,0.1543,-0.1277,-6.1352,6.2895,80.9627,-169.9262,5949.0835,5949.0835
5956,0.52,0.3367,-0.3145,-6.1390,6.4757,104.9820,-169.8461,5959.2520,5959.2520
5957,0.55,0.1109,-0.4509,-6.1332,6.2441,74.4148,-169.8361,5954.3843,5954.3843
5958,0.53,-0.0582,+0.0940,-6.1513,6.0930,94.0532,-166.9174,5769.1426,5769.1426
5959,0.53,0.4986,+0.0918,-6.1181,6.6167,192.1874,-169.1034,5936.2861,5936.2861
5960,0.52,0.2199,-0.1777,-6.0996,6.3195,121.8043,-169.1080,5947.5059,5947.5059
5961,0.51,0.1882,+0.0765,-6.0977,6.2859,94.2346,-169.1762,5932.8135,5932.8135
5962,0.54,0.0553,-0.2156,-6.1207,6.1760,72.6481,-169.0968,5914.9033,5914.9033
5963,0.53,0.6580,-0.5233,-6.1213,6.7793,162.4330,-168.1223,5907.7988,5907.7988
5964,0.52,0.0629,+0.3965,-6.0963,6.1592,66.3264,-168.3926,5868.1255,5868.1255
5965,0.53,0.7035,-0.5610,-6.1181,6.8216,256.3488,-166.9273,5798.4561,5798.4561
5966,0.52,0.5997,-0.1866,-6.1291,6.7288,130.4329,-166.5214,5775.4888,5775.4888
5967,0.55,0.2766,-0.0744,-6.1339,6.4105,84.5426,-166.2800,5729.2427,5729.2427
5968,0.53,0.3345,-0.1362,-6.1687,6.5032,101.5473,-163.9828,5606.4072,5606.4072
5969,0.54,0.7722,+0.0200,-6.1700,6.9422,157.6016,-163.2350,5593.6738,5593.6738
5970,0.52,0.3520,+0.4231,-6.1524,6.5044,118.5519,-164.0618,5601.1943,5601.1943
5971,0.54,0.1258,+0.3651,-6.1471,6.2730,126.9851,-165.5611,5673.3149,5673.3149
5972,0.53,0.4809,-0.0082,-6.1572,6.6381,142.9776,-163.8985,5586.2656,5586.2656
5973,0.53,0.6637,-0.0553,-6.1292,6.7928,149.1856,-165.5904,5693.2515,5693.2515
5974,0.53,0.1247,-0.3359,-6.1386,6.2633,69.7292,-164.9416,5635.2729,5635.2729
5975,0.53,0.4734,+0.3479,-6.1256,6.5990,166.8350,-165.1565,5667.5215,5667.5215
5976,0.52,1.0920,+0.1135,-6.1271,7.2190,228.8130,-164.6860,5663.2061,5663.2061
5977,0.53,0.4481,+0.0355,-6.1237,6.5718,99.5118,-165.4769,5687.2334,5687.2334
5978,0.52,0.3458,-0.0909,-6.1344,6.4802,143.7515,-165.3885,5673.9980,5673.9980
5979,0.53,0.5907,-0.1457,-6.0965,6.6872,116.6157,-168.2905,5879.0479,5879.0479
5980,0.52,0.1382,+0.1081,-6.0984,6.2367,187.7546,-168.1340,5865.4072,5865.4072
5981,0.52,0.5358,+0.0424,-6.1073,6.6431,91.5911,-167.1803,5843.0869,5843.0869
5982,0.53,0.7655,+0.4691,-6.1340,6.8996,212.8078,-166.7301,5797.2026,5797.2026
5983,0.54,0.4704,+0.1072,-6.1315,6.6019,111.6080,-166.5676,5767.4980,5767.4980
5984,0.52,0.3438,-0.1008,-6.1294,6.4732,118.2737,-165.5298,5710.0234,5710.0234
5985,0.54,0.3612,-0.0431,-6.1206,6.4818,97.4184,-165.7888,5704.1973,5704.1973
5986,0.53,0.4939,+0.0676,-6.0968,6.5908,191.4641,-167.4591,5835.7583,5835.7583
5987,0.52,0.6354,-0.1631,-6.1057,6.7412,145.3546,-165.9001,5737.2705,5737.2705
5988,0.52,0.5638,+0.1301,-6.0918,6.6556,180.4381,-167.6130,5852.3252,5852.3252
5989,0.52,0.0946,+0.0174,-6.0752,6.1697,102.9010,-168.0839,5859.9551,5859.9551
5990,0.53,-0.0013,+0.1444,-6.1056,6.1044,124.2217,-166.6360,5751.8184,5751.8184
5991,0.51,0.2951,-0.2591,-6.1164,6.4115,84.9941,-166.1798,5756.3154,5756.3154
5992,0.51,0.2621,-0.1319,-6.1022,6.3642,173.8948,-168.2168,5862.9902,5862.9902
5993,0.51,0.5819,-0.0904,-6.0945,6.6765,203.9461,-167.8618,5870.4116,5870.4116
5994,0.52,1.0953,-0.4031,-6.0696,7.1649,292.7769,-168.5714,5923.8701,5923.8701
5995,0.51,0.3497,-0.1829,-6.0574,6.4072,123.0759,-169.1586,5931.3330,5931.3330
5996,0.52,0.5154,-0.0193,-6.0823,6.5977,128.9735,-169.9453,5985.8535,5985.8535
5997,0.51,0.2928,-0.5713,-6.0779,6.3707,153.8611,-169.4938,5924.8945,5924.8945
5998,0.52,0.2010,+0.0149,-6.0663,6.2673,124.0523,-169.5539,5963.9902,5963.9902
5999,0.56,0.8250,-0.0786,-6.0795,6.9045,201.2619,-168.5009,5908.3848,5908.3848
6000,0.53,1.3562,-0.4308,-6.0542,7.4104,570.6416,-169.4988,6006.1699,6006.1699
6001,0.53,0.9357,-0.0082,-6.0480,6.9838,166.3628,-169.7905,6016.7539,6016.7539
6002,0.51,0.0825,+0.3132,-6.0681,6.1507,101.4100,-169.2746,5927.9858,5927.9858
6003,0.53,-0.0534,+0.0037,-6.0535,6.0000,81.3981,-169.2296,5907.0596,5907.0596
6004,0.54,0.2844,-0.1899,-6.0514,6.3358,86.6282,-169.4513,5927.9805,5927.9805
6005,0.53,0.3085,+0.2222,-6.0578,6.3662,126.3771,-168.8692,5864.8901,5864.8901
6006,0.53,0.3934,-0.0695,-6.0671,6.4605,102.1393,-169.7055,5928.9883,5928.9883
6007,0.52,-0.0809,-0.2420,-6.0698,5.9889,81.9148,-170.2875,5950.5571,5950.5571
6008,0.53,-0.0610,-0.2737,-6.0723,6.0113,79.4713,-172.1491,6095.8579,6095.8579
6009,0.53,0.2227,+0.0614,-6.0899,6.3126,112.7519,-171.0234,6022.1318,6022.1318
6010,0.53,0.3417,+1.1723,-6.0719,6.4136,114.7133,-172.3911,6133.1484,6133.1484
6011,0.55,0.0387,-0.0091,-6.0703,6.1090,52.0806,-172.2426,6106.7305,6106.7305
6012,0.53,-0.2448,+0.2605,-6.0851,5.8403,68.8026,-171.8318,6056.7773,6056.7773
6013,0.53,-0.0456,-0.1734,-6.1154,6.0698,56.7348,-169.3327,5914.9238,5914.9238
6014,0.55,0.2137,-0.5107,-6.1316,6.3452,53.2628,-168.2264,5858.5776,5858.5776
6015,0.55,16.2796,+15.9196,-6.1181,22.3977,67858.8125,-169.0169,7013.5298,7013.5298
6016,0.53,-0.9910,+0.3607,-6.1364,5.1454,294.5552,-168.3035,5770.2632,5770.2632
6017,0.52,2.8221,-0.5807,-6.1202,8.9423,2304.3713,-168.5284,6035.9009,6035.9009
6018,0.53,0.7295,-0.9038,-6.1334,6.8629,782.1289,-169.7242,5992.1440,5992.1440
6019,0.53,2.2481,-0.2488,-6.1006,8.3488,1501.3347,-168.0091,5926.2510,5926.2510
6020,0.52,3.0121,-3.3761,-6.1150,9.1272,2364.4070,-168.7773,6103.2407,6103.2407
6021,0.52,-3.3701,+2.3139,-6.1353,2.7651,2816.7510,-169.4157,5673.8379,5673.8379
6022,0.51,3.5551,+6.4108,-6.1222,9.6772,7725.8232,-170.0158,6149.2681,6149.2681
6023,0.53,1.1604,+0.2142,-6.1167,7.2771,517.4677,-169.7630,6011.8691,6011.8691
6024,0.52,0.6202,+0.5417,-6.1129,6.7331,386.9382,-169.8672,6000.3779,6000.3779
6025,0.53,-0.3084,+0.0241,-6.1011,5.7927,45.7943,-171.8692,6058.2539,6058.2539
6026,0.51,0.2822,-0.0074,-6.0944,6.3766,124.6776,-170.6184,6002.6582,6002.6582
6027,0.53,-0.3698,+0.0576,-6.0714,5.7016,276.4926,-171.2512,5984.8311,5984.8311
6028,0.51,-0.7125,-0.7563,-6.0850,5.3726,149.2482,-169.7091,5894.7358,5894.7358
6029,0.52,0.9061,+0.6110,-6.0956,7.0017,573.8643,-169.9044,5992.1035,5992.1035
6030,0.52,-0.5247,-0.2086,-6.0900,5.5653,74.7293,-169.9570,5907.5430,5907.5430
6031,0.54,-0.1196,-0.5538,-6.0837,5.9641,113.4787,-171.8393,6043.4517,6043.4517
6032,0.53,-0.6163,+0.4036,-6.0641,5.4478,17.4394,-171.3904,6002.6958,6002.6958
6033,0.53,-0.6747,+0.0558,-6.1125,5.4378,30.2212,-171.4592,5993.6270,5993.6270
6034,0.54,-0.3186,-0.1005,-6.1143,5.7957,40.8705,-170.6850,5961.2393,5961.2393
6035,0.54,-0.7532,-0.3666,-6.1316,5.3784,6.7194,-169.0309,5834.6748,5834.6748
6036,0.54,-0.7189,+0.2465,-6.1222,5.4033,4.2686,-169.5033,5846.5430,5846.5430
6037,0.52,-0.5079,+0.0168,-6.1135,5.6055,31.9396,-170.7909,5962.0630,5962.0630
6038,0.55,-0.5832,+0.0936,-6.0908,5.5076,35.3048,-171.7285,6002.0098,6002.0098
6039,0.52,-0.3537,-0.0118,-6.1018,5.7481,37.7764,-170.2632,5919.7539,5919.7539
6040,0.54,-0.4634,-0.2681,-6.1041,5.6407,42.2776,-170.1977,5880.6582,5880.6582
6041,0.54,-0.7344,+0.2464,-6.0997,5.3653,28.3581,-173.2032,6091.1572,6091.1572
6042,0.53,-0.3735,-0.0510,-6.0794,5.7059,66.5598,-172.8452,6097.7002,6097.7002
6043,0.53,-0.6949,+0.1499,-6.0830,5.3881,32.5409,-172.8423,6074.8110,6074.8110
6044,0.53,-0.3073,+0.0434,-6.1041,5.7967,59.3747,-170.6387,5941.4595,5941.4595
6045,0.52,-0.4845,-0.1295,-6.0979,5.6134,37.6714,-170.9849,5921.2676,5921.2676
6046,0.53,-0.4200,-0.2246,-6.1065,5.6865,33.2116,-170.2203,5904.8247,5904.8247
6047,0.53,-0.5652,-0.2085,-6.1114,5.5461,35.3489,-171.9543,6027.7432,6027.7432
6048,0.55,-0.4882,-0.0257,-6.1129,5.6247,35.3115,-170.4184,5933.2393,5933.2393
6049,0.54,-0.1876,+0.0979,-6.0904,5.9028,66.7076,-172.3774,6069.2617,6069.2617
6050,0.53,-0.8748,+0.6889,-6.1014,5.2266,3.1299,-170.5158,5949.7085,5949.7085
6051,0.53,-0.6988,-0.1746,-6.0782,5.3794,34.9980,-171.6900,5988.9736,5988.9736
6052,0.54,-0.6374,-0.1734,-6.0997,5.4624,33.8093,-172.7751,6059.9072,6059.9072
6053,0.54,-0.8038,+0.3832,-6.1040,5.3002,61.6060,-170.4766,5902.5801,5902.5801
6054,0.54,-0.5873,+0.2902,-6.0950,5.5077,25.9797,-172.0234,6043.3047,6043.3047
6055,0.54,-0.7814,-0.0297,-6.0956,5.3142,33.7756,-171.9051,6014.9648,6014.9648
6056,0.54,-0.7322,+0.9220,-6.0818,5.3496,6.2931,-172.2440,6044.0845,6044.0845
6057,0.53,-0.5079,+0.5137,-6.0700,5.5621,47.4512,-172.3976,6058.8115,6058.8115
6058,0.55,-0.3131,+0.2512,-6.0712,5.7581,93.7529,-172.0958,6035.1396,6035.1396
6059,0.53,-1.3480,+0.2990,-6.0769,4.7288,53.5126,-170.3417,5854.0752,5854.0752
6060,0.54,-0.6268,+0.0033,-6.0749,5.4480,30.0645,-171.5534,5996.7485,5996.7485
6061,0.56,-0.5313,-0.2535,-6.0868,5.5555,34.5436,-173.0460,6107.6113,6107.6113
6062,0.53,-1.0365,-0.0216,-6.0891,5.0527,17.4426,-172.6431,6026.4580,6026.4580
6063,0.53,-0.2495,-0.5269,-6.0832,5.8337,136.0977,-171.1304,5978.3188,5978.3188
6064,0.54,-0.3104,+0.2455,-6.0777,5.7673,69.7600,-173.4223,6148.3262,6148.3262
6065,0.52,4.5936,-0.3219,-6.0549,10.6485,7779.1221,-172.2332,6534.8975,6534.8975
6066,0.52,-0.5471,-0.0436,-6.0887,5.5415,33.2392,-172.2683,6010.5068,6010.5068
6067,0.56,-1.0177,-0.3579,-6.0975,5.0798,39.5170,-171.4783,5970.1475,5970.1475
6068,0.55,-0.5556,+0.0447,-6.1049,5.5493,35.7227,-168.6429,5771.7090,5771.7090
6069,0.54,-0.2423,+0.0960,-6.0889,5.8466,44.5093,-169.4539,5847.9053,5847.9053
6070,0.53,-0.2810,-0.1665,-6.0686,5.7876,35.9305,-172.6530,6062.1982,6062.1982
6071,0.53,-0.4779,+0.1372,-6.0673,5.5894,32.9758,-171.9066,6021.7305,6021.7305
6072,0.53,-1.1325,-0.2088,-6.0750,4.9426,71.9187,-171.8704,5992.3125,5992.3125
6073,0.54,-0.5490,+0.1689,-6.0702,5.5212,46.6577,-170.2724,5874.7539,5874.7539
6074,0.54,-0.9207,+0.1040,-6.0490,5.1283,43.1992,-173.7888,6118.2529,6118.2529
6075,0.55,-0.6758,-0.0804,-6.0360,5.3602,41.4312,-173.7160,6146.6387,6146.6387
6076,0.53,-0.7363,+0.1830,-6.0554,5.3191,35.2239,-171.9985,6007.4604,6007.4604
6077,0.57,-0.7578,-0.0870,-6.0827,5.3249,29.4423,-172.5095,6017.8721,6017.8721
6078,0.53,-0.5399,+0.0214,-6.0672,5.5273,38.3356,-171.8201,5979.6318,5979.6318
6079,0.54,-0.7627,+0.0409,-6.1157,5.3529,26.2670,-169.5676,5841.1416,5841.1416
6080,0.53,-0.2746,+0.0159,-6.1066,5.8320,47.2119,-171.2148,5992.2246,5992.2246
6081,0.54,0.3158,+0.3337,-6.1230,6.4388,204.7262,-168.5923,5846.4023,5846.4023
6082,0.54,-0.6006,-0.2167,-6.1148,5.5142,57.8513,-167.0332,5709.2417,5709.2417
6083,0.55,-0.1805,+0.1662,-6.1139,5.9334,56.1923,-165.9133,5649.7881,5649.7881
6084,0.54,-0.3060,+0.1637,-6.1092,5.8032,79.4414,-167.0472,5722.1768,5722.1768
6085,0.53,-0.4921,+0.0130,-6.0958,5.6037,61.9427,-168.6188,5822.8789,5822.8789
6086,0.53,-0.1649,+0.1894,-6.0627,5.8978,63.1927,-170.1506,5930.7207,5930.7207
6087,0.54,-0.1740,-1.2033,-6.0695,5.8955,59.9722,-170.7425,5988.5146,5988.5146
6088,0.54,-0.3223,+0.1179,-6.0847,5.7624,49.8079,-170.3379,5936.5068,5936.5068
6089,0.54,0.3679,-0.0797,-6.0809,6.4488,225.4504,-170.3135,5984.9746,5984.9746
6090,0.54,-0.5553,-0.3664,-6.0926,5.5374,60.6761,-168.8529,5837.2754,5837.2754
6091,0.54,-0.2873,+0.3144,-6.0909,5.8036,64.7948,-168.2731,5811.4761,5811.4761
6092,0.54,-0.1328,+0.1502,-6.0802,5.9474,79.7017,-172.3254,6093.3721,6093.3721
6093,0.53,0.0140,+0.2524,-6.0910,6.1050,84.2284,-171.5368,6038.2993,6038.2993
6094,0.54,-0.4142,-0.0990,-6.0959,5.6817,42.4386,-170.0888,5940.0029,5940.0029
6095,0.53,0.2017,-0.1246,-6.1084,6.3101,247.9674,-170.1390,5964.9717,5964.9717
6096,0.53,0.0773,+0.0626,-6.1122,6.1895,87.8229,-169.5240,5878.4561,5878.4561
6097,0.52,-0.5515,+0.2006,-6.1235,5.5720,113.0593,-167.3884,5706.1729,5706.1729
6098,0.54,-0.3595,+0.1181,-6.1040,5.7445,70.5070,-167.6705,5705.0693,5705.0693
6099,0.52,0.1605,-0.0453,-6.0996,6.2601,131.6051,-169.0421,5859.6875,5859.6875
6100,0.53,-0.1343,+0.2979,-6.1159,5.9816,90.8034,-169.0570,5803.7070,5803.7070
6101,0.52,-0.4966,+0.3972,-6.0973,5.6007,71.3567,-168.1262,5691.9062,5691.9062
6102,0.54,-0.4358,-0.1930,-6.0974,5.6616,44.1186,-168.6983,5797.7090,5797.7090
6103,0.54,-0.0642,-0.2630,-6.1020,6.0378,67.7887,-167.3854,5755.2393,5755.2393
6104,0.54,-0.0923,+0.2964,-6.1161,6.0238,53.8738,-168.3330,5815.9551,5815.9551
6105,0.54,0.0338,+0.4060,-6.1163,6.1500,76.3346,-167.9256,5784.8853,5784.8853
6106,0.52,0.0329,-0.4961,-6.1009,6.1339,102.7823,-168.0726,5800.2300,5800.2300
6107,0.53,0.0932,-0.1276,-6.0907,6.1839,71.0231,-170.1472,5972.8813,5972.8813
6108,0.52,0.2276,+0.6988,-6.0697,6.2972,128.2778,-171.2037,6030.5938,6030.5938
6109,0.53,-0.3105,+0.0207,-6.0745,5.7639,71.8386,-172.1219,6064.9189,6064.9189
6110,0.54,0.0143,+0.1981,-6.0925,6.1069,72.8884,-169.0370,5859.7158,5859.7158
6111,0.53,-0.0183,+0.0064,-6.1129,6.0946,88.5991,-167.9321,5766.7910,5766.7910
6112,0.51,0.0206,-0.2814,-6.0824,6.1030,72.2441,-170.0909,5897.2041,5897.2041
6113,0.53,-0.0888,-0.1706,-6.0656,5.9768,54.6536,-170.7462,5961.2080,5961.2080
6114,0.52,0.1527,+0.0298,-6.0414,6.1941,89.7559,-173.5962,6147.8213,6147.8213
6115,0.52,0.0287,+0.2347,-6.0647,6.0934,110.3800,-172.0078,6025.9126,6025.9126
6116,0.52,-0.6300,+0.1940,-6.0709,5.4409,45.8549,-170.9758,5910.4038,5910.4038
6117,0.53,0.3165,-0.1163,-6.0577,6.3741,105.5401,-170.8548,5954.5566,5954.5566
6118,0.51,-0.3312,+0.3140,-6.0655,5.7343,81.2462,-169.3127,5819.7896,5819.7896
6119,0.53,-0.0644,-0.1453,-6.0861,6.0218,69.6395,-168.7755,5797.3618,5797.3618
6120,0.53,-0.1030,-0.0857,-6.0789,5.9758,136.8974,-168.3261,5783.3667,5783.3667
6121,0.53,-0.0262,+0.1996,-6.0701,6.0439,82.8703,-168.0495,5760.4824,5760.4824
6122,0.51,-0.1516,+0.1251,-6.0502,5.8986,64.8960,-170.0835,5880.7817,5880.7817
6123,0.54,-0.1242,-0.1205,-6.0652,5.9410,51.7885,-168.7041,5796.6914,5796.6914
6124,0.52,-0.1763,+0.8445,-6.0447,5.8684,55.7654,-169.9718,5870.6895,5870.6895
6125,0.53,0.3020,+0.2825,-6.0619,6.3639,85.4688,-171.4769,6030.4214,6030.4214
6126,0.54,0.8117,+0.3899,-6.0802,6.8920,265.6056,-169.6735,5947.9648,5947.9648
6127,0.53,-0.4092,-0.1217,-6.0702,5.6610,33.5398,-170.6253,5962.0244,5962.0244
6128,0.52,-0.0886,-0.0508,-6.0852,5.9966,49.2543,-170.0250,5934.4678,5934.4678
6129,0.51,0.0592,+0.4992,-6.0779,6.1371,130.7313,-170.3056,5966.4116,5966.4116
6130,0.52,-0.0147,-0.1822,-6.0842,6.0695,67.9134,-169.2471,5888.7988,5888.7988
6131,0.53,-0.4685,+0.2765,-6.1054,5.6370,142.7403,-170.1947,5954.6841,5954.6841
6132,0.53,0.0351,+0.4126,-6.0811,6.1162,91.0513,-170.9973,6007.7773,6007.7773
6133,0.53,-0.2300,+0.0558,-6.0774,5.8474,61.6398,-169.5521,5887.6670,5887.6670
6134,0.52,0.0987,+0.2194,-6.0556,6.1544,117.6532,-170.5144,5966.4121,5966.4121
6135,0.52,0.0767,-0.3503,-6.0696,6.1463,103.3282,-170.8256,5981.0000,5981.0000
6136,0.53,-0.9783,+0.2031,-6.0788,5.1006,182.2179,-171.0312,5898.5898,5898.5898
6137,0.53,-1320.1252,-349.6530,-6.0694,-1314.0560,443876960.0000,-176.9607,-107208.4922,-107208.4922
6138,0.54,-0.4476,-0.2818,-6.0599,5.6123,33.8938,-170.7872,5936.1113,5936.1113
6139,0.53,-0.9536,+0.1964,-6.0785,5.1249,202.0668,-170.1485,5889.8042,5889.8042
6140,0.51,-0.1278,+0.1536,-6.1107,5.9829,52.8431,-167.3020,5730.2544,5730.2544
6141,0.53,-0.0097,-0.0642,-6.1058,6.0961,79.6419,-167.2915,5718.2969,5718.2969
6142,0.53,3.0297,+0.0063,-6.1093,9.1390,2870.1836,-167.8337,6095.1914,6095.1914
6143,0.53,-0.1605,+0.2473,-6.0775,5.9170,68.0689,-168.9505,5851.4111,5851.4111
6144,0.53,-6.4403,-4.4626,-6.0745,-0.3658,9286.9570,-170.4822,5424.5371,5424.5371
6145,0.54,112.3326,+131.5405,-6.0601,118.3927,3249038.7500,-171.9054,15437.4717,15437.4717
6146,0.55,-3.0807,+33.5847,-6.0717,2.9910,1970.4496,-170.2384,5600.6758,5600.6758
6147,0.55,-0.3377,+0.0883,-6.0651,5.7274,62.7018,-171.4457,5995.0332,5995.0332
6148,0.53,-0.0810,+0.1226,-6.0648,5.9837,74.0722,-170.6116,5947.2422,5947.2422
6149,0.51,-0.6481,-0.8363,-6.0763,5.4282,10.5418,-170.6468,5923.9512,5923.9512
6150,0.52,1.1629,-0.5731,-6.0873,7.2503,521.2773,-170.4886,5985.6162,5985.6162
6151,0.54,0.7182,+0.3128,-6.0603,6.7785,285.7786,-169.7220,5870.3677,5870.3677
6152,0.52,-0.1159,-0.0382,-6.0901,5.9742,73.1777,-170.6010,5925.1450,5925.1450
6153,0.54,0.1568,-0.3363,-6.0782,6.2350,165.8693,-169.1160,5836.5020,5836.5020
6154,0.53,-0.2876,-0.0465,-6.0977,5.8101,108.1577,-169.5269,5847.4399,5847.4399
6155,0.55,-0.1595,-0.3862,-6.1018,5.9423,72.9276,-169.3091,5835.3545,5835.3545
6156,0.53,1.0511,+0.2308,-6.0771,7.1282,571.9233,-171.3436,6035.4883,6035.4883
6157,0.54,0.0584,+0.5233,-6.0891,6.1475,94.2190,-170.6301,5949.1157,5949.1157
6158,0.54,-0.0986,+0.7110,-6.0793,5.9807,40.2700,-170.8370,5936.9453,5936.9453
6159,0.53,-0.1598,-0.2630,-6.0724,5.9126,77.1416,-170.7322,5952.0903,5952.0903
6160,0.52,0.2223,-0.0618,-6.0699,6.2922,243.7363,-170.2526,5915.6626,5915.6626
6161,0.52,-0.3417,-0.2246,-6.0699,5.7283,24.4062,-173.0400,6078.5723,6078.5723
6162,0.55,0.0907,-0.1777,-6.0463,6.1370,54.4794,-172.4868,6049.2100,6049.2100
6163,0.54,-0.0481,+0.1139,-6.0443,5.9963,39.5289,-173.2615,6085.9966,6085.9966
6164,0.53,0.5062,+0.0008,-6.0609,6.5671,284.0360,-170.3401,5934.9170,5934.9170
6165,0.51,-0.2546,+0.1813,-6.0775,5.8230,70.2040,-170.2536,5923.1191,5923.1191
6166,0.54,1.9779,-3.5355,-6.0842,8.0621,1665.2843,-170.1379,6004.0034,6004.0034
6167,0.53,2.4059,+1.7719,-6.1014,8.5073,2337.4023,-170.0513,6023.9766,6023.9766
6168,0.52,-0.4556,-0.0041,-6.1095,5.6539,57.3063,-170.4435,5886.2656,5886.2656
6169,0.54,-0.0122,+0.1261,-6.0645,6.0523,108.2217,-172.0959,6001.7676,6001.7676
6170,0.54,0.3797,+2.8131,-6.0469,6.4266,281.4727,-171.0089,5953.3750,5953.3750
6171,0.53,2.5790,-0.8679,-6.0642,8.6431,2146.2451,-170.4914,6090.7246,6090.7246
6172,0.51,-0.0149,+0.0814,-6.0422,6.0273,64.6018,-172.0652,6024.5518,6024.5518
6173,0.53,0.3380,+0.0659,-6.0418,6.3798,112.7065,-171.6961,5998.0933,5998.0933
6174,0.52,-1.7903,-7.7683,-6.0384,4.2481,329.8010,-173.7264,6041.6880,6041.6880
6175,0.54,-3.0133,+1.5993,-6.0546,3.0413,1879.0122,-169.8081,5687.7739,5687.7739
6176,0.52,-24.2307,-12.1248,-6.0898,-18.1409,158243.9375,-167.9674,4286.7676,4286.7676
6177,0.53,-0.2382,-0.0861,-6.0802,5.8420,79.5279,-171.0372,5947.7930,5947.7930
6178,0.52,-3.7136,-1.6802,-6.0818,2.3682,2571.1340,-170.5344,5701.4590,5701.4590
6179,0.53,-0.2673,-0.7440,-6.0701,5.8028,51.2967,-170.9530,5927.2188,5927.2188
6180,0.54,0.7425,+0.2888,-6.0852,6.8278,426.9324,-170.1142,5946.7510,5946.7510
6181,0.54,-0.2938,+0.9184,-6.0700,5.7762,46.2649,-168.8685,5770.0996,5770.0996
6182,0.52,-0.0302,+0.0191,-6.0665,6.0362,58.0885,-170.1883,5889.7256,5889.7256
6183,0.53,0.1472,-0.3192,-6.0785,6.2257,67.4106,-171.0688,5930.1475,5930.1475
6184,0.53,2.7277,+3.3366,-6.0913,8.8190,2349.2346,-170.0033,6008.5859,6008.5859
6185,0.52,-1.0912,+0.5918,-6.0743,4.9830,154.0687,-170.9684,5850.2964,5850.2964
6186,0.52,-0.6097,+0.4035,-6.0515,5.4418,60.9533,-171.8241,5956.7769,5956.7769
6187,0.56,-0.5256,-0.0411,-6.0756,5.5500,106.2861,-168.3025,5727.3633,5727.3633
6188,0.53,-0.2372,+0.3584,-6.0806,5.8434,48.8059,-168.9373,5770.2803,5770.2803
6189,0.52,1.6122,+2.4461,-6.0710,7.6832,669.0669,-168.9171,5864.0088,5864.0088
6190,0.53,0.0760,+0.2125,-6.0732,6.1492,64.2215,-167.6253,5696.3408,5696.3408
6191,0.53,0.7864,+0.3554,-6.1007,6.8871,271.5083,-167.1494,5720.1230,5720.1230
6192,0.52,-0.1438,-0.0364,-6.1128,5.9690,53.9001,-167.1401,5668.3442,5668.3442
6193,0.54,1.1584,-0.1544,-6.0896,7.2480,694.3076,-167.7552,5770.9277,5770.9277
6194,0.53,-1.3061,+0.1813,-6.0613,4.7552,231.3351,-169.8690,5789.9482,5789.9482
6195,0.51,-0.1621,-0.0208,-6.0749,5.9128,58.7234,-169.8081,5862.6357,5862.6357
6196,0.53,0.0674,-0.0540,-6.0765,6.1439,92.8967,-170.1924,5921.7656,5921.7656
6197,0.54,-0.2438,-0.0074,-6.0910,5.8473,56.6502,-169.1044,5815.7979,5815.7979
6198,0.54,-0.2509,-0.2347,-6.0686,5.8177,42.7640,-169.0849,5803.1777,5803.1777
6199,0.52,-0.2481,-0.3355,-6.0697,5.8216,66.4838,-168.4815,5763.7886,5763.7886
6200,0.53,-0.4047,+0.0017,-6.0569,5.6523,38.4889,-168.7714,5794.4600,5794.4600
6201,0.54,0.0500,-0.2869,-6.0683,6.1183,134.3284,-169.1276,5823.3296,5823.3296
6202,0.53,0.4977,-0.4216,-6.0893,6.5870,226.1788,-169.9911,5901.9473,5901.9473
6203,0.54,3.5671,-0.3660,-6.0661,9.6332,3743.0098,-169.5549,6006.6348,6006.6348
6204,0.54,1.3422,+6.6773,-6.0760,7.4182,733.7024,-169.3633,5893.6533,5893.6533
6205,0.54,0.2496,-0.5531,-6.0805,6.3300,217.7202,-169.1733,5849.3618,5849.3618
6206,0.56,-0.2275,-0.1847,-6.1078,5.8803,90.5539,-166.2930,5623.4697,5623.4697
6207,0.54,1.3557,+0.6403,-6.0897,7.4454,442.5771,-167.3814,5763.1206,5763.1206
6208,0.54,0.1191,+0.6552,-6.0489,6.1680,101.8626,-168.3422,5770.1484,5770.1484
6209,0.54,-0.3840,+0.1049,-6.0585,5.6745,37.8332,-169.8127,5838.1357,5838.1357
6210,0.54,-0.0545,-0.0831,-6.0742,6.0197,74.3919,-169.2460,5836.9512,5836.9512
6211,0.54,0.6271,-0.4059,-6.0418,6.6689,409.3638,-171.0882,5988.6279,5988.6279
6212,0.52,-1.2945,+6.4353,-6.0633,4.7687,238.8377,-170.7657,5828.0327,5828.0327
6213,0.52,0.6287,+0.0434,-6.0790,6.7077,321.4458,-170.4716,5951.9053,5951.9053
6214,0.53,0.0524,-0.1154,-6.1040,6.1564,91.3065,-170.7549,5946.2227,5946.2227
6215,0.52,-0.2547,+0.0898,-6.0822,5.8275,38.3411,-170.4021,5884.4800,5884.4800
6216,0.54,-0.1932,-0.0670,-6.1037,5.9105,49.0987,-169.9392,5884.2139,5884.2139
6217,0.53,6.7370,+10.3133,-6.0665,12.8035,13112.6318,-168.4452,5908.5586,5908.5586
6218,0.53,-0.1716,+0.2577,-6.0714,5.8998,46.2478,-170.8041,5925.4932,5925.4932
6219,0.52,0.3295,+0.2633,-6.0674,6.3970,251.8998,-171.6497,6007.4019,6007.4019
6220,0.53,-0.2797,-0.1382,-6.0963,5.8166,27.8637,-170.5900,5916.0410,5916.0410
6221,0.52,-0.3374,+0.0707,-6.0662,5.7288,21.5719,-171.5973,5975.1860,5975.1860
6222,0.52,-0.1796,+0.0903,-6.0577,5.8781,36.3907,-171.9779,5998.0327,5998.0327
6223,0.54,-0.2687,+0.2466,-6.0755,5.8069,29.5235,-171.5236,5972.5542,5972.5542
6224,0.53,-0.5164,+0.0033,-6.0745,5.5582,33.4756,-170.0867,5849.3882,5849.3882
6225,0.53,0.5771,+0.2909,-6.0768,6.6539,297.4405,-172.7625,6092.4536,6092.4536
6226,0.53,-0.4623,-1.2790,-6.0806,5.6183,8.7529,-172.8697,6018.0059,6018.0059
6227,0.54,-0.3190,+0.0602,-6.0867,5.7677,31.7901,-170.6193,5874.6650,5874.6650
6228,0.51,-0.6494,-0.0680,-6.0939,5.4445,29.2307,-175.0934,6179.0522,6179.0522
6229,0.53,-0.3812,-0.0630,-6.0957,5.7145,22.9380,-171.8129,5977.6250,5977.6250
6230,0.53,-0.5028,+0.1159,-6.0639,5.5611,6.0675,-173.1644,6048.8848,6048.8848
6231,0.53,-0.2727,-0.0179,-6.0610,5.7883,29.4427,-170.8563,5896.4541,5896.4541
6232,0.52,-0.4801,-0.0253,-6.0470,5.5669,38.1883,-173.2454,6043.5625,6043.5625
6233,0.54,14.8209,+6.1710,-6.0610,20.8819,64129.9609,-172.8120,6599.1602,6599.1602
6234,0.52,-0.5704,+0.8900,-6.0468,5.4764,189.0837,-172.9600,6016.0518,6016.0518
6235,0.54,14.4133,+19.2524,-6.0568,20.4700,59078.7734,-173.8144,6850.3359,6850.3359
6236,0.53,-0.3062,-0.3334,-6.0563,5.7501,70.9268,-172.9348,6047.1484,6047.1484
6237,0.52,-0.6558,-0.2537,-6.0702,5.4144,22.7324,-172.7289,6021.3311,6021.3311
6238,0.53,-1.2127,-1.1869,-6.0669,4.8542,60.5253,-171.2654,5910.8984,5910.8984
6239,0.52,-0.2861,-0.1721,-6.0899,5.8038,108.6377,-172.4641,6016.8540,6016.8540
6240,0.53,0.1251,-0.3732,-6.0759,6.2010,231.7407,-171.7241,6002.3379,6002.3379
6241,0.54,-1.1293,-0.2901,-6.0877,4.9584,25.1038,-171.9555,5962.9604,5962.9604
6242,0.53,-0.2802,-0.2044,-6.1161,5.8359,61.6896,-171.0310,5924.2812,5924.2812
6243,0.54,-0.7706,-0.1615,-6.1266,5.3559,5.0607,-168.3651,5733.9482,5733.9482
6244,0.54,-0.2163,+0.1525,-6.1174,5.9011,76.5455,-167.3111,5690.3467,5690.3467
6245,0.54,0.0216,+0.5925,-6.1017,6.1233,200.3683,-169.1996,5818.6299,5818.6299
6246,0.53,-0.5026,-0.0561,-6.0982,5.5956,30.8884,-170.2320,5865.9131,5865.9131
6247,0.53,-0.7477,-0.0995,-6.0780,5.3302,3.7322,-170.1605,5840.6904,5840.6904
6248,0.52,-0.6675,+0.3297,-6.0829,5.4154,39.2320,-172.3470,6010.2363,6010.2363
6249,0.54,-0.7040,+0.0314,-6.0942,5.3902,50.7833,-172.7430,6023.3633,6023.3633
6250,0.53,-0.3792,-0.1814,-6.1338,5.7547,31.8131,-168.3515,5736.8452,5736.8452
6251,0.54,-0.7606,+0.1600,-6.1482,5.3876,35.9851,-169.6296,5826.0747,5826.0747
6252,0.53,7.4736,-5.0509,-6.1523,13.6259,18641.2168,-169.2745,6111.3115,6111.3115
6253,0.54,-5.9994,+10.7262,-6.1287,0.1293,6368.7871,-169.7511,5628.8193,5628.8193
6254,0.53,0.0655,+0.1148,-6.1067,6.1721,535.5723,-170.0813,5860.7520,5860.7520
6255,0.53,5.7276,-2.3136,-6.0779,11.8055,12081.5488,-171.8355,6173.9307,6173.9307
6256,0.53,-0.4135,-0.1121,-6.1060,5.6925,35.2986,-170.1669,5854.4546,5854.4546
6257,0.53,-0.6669,-0.4069,-6.0983,5.4315,46.5296,-172.0880,5963.7705,5963.7705
6258,0.54,-0.2476,-0.6788,-6.1039,5.8562,451.5846,-171.8222,5960.0723,5960.0723
6259,0.53,-0.0554,+0.7798,-6.0900,6.0345,162.4333,-172.1653,5974.5166,5974.5166
6260,0.53,-0.2362,+0.2238,-6.1057,5.8695,62.5602,-170.6369,5881.9824,5881.9824
6261,0.55,-0.0653,+0.3775,-6.0788,6.0135,186.4792,-171.9904,5958.4268,5958.4268
6262,0.52,-0.0008,+0.5755,-6.0795,6.0787,309.3354,-171.0106,5911.8711,5911.8711
6263,0.52,1.6323,+1.4243,-6.0912,7.7235,1728.4983,-171.4173,6025.3799,6025.3799
6264,0.53,-0.5757,-0.0397,-6.1001,5.5244,43.2730,-171.9625,5963.5176,5963.5176
6265,0.54,1.0272,-0.0110,-6.0945,7.1217,1051.5210,-171.0440,5954.8115,5954.8115
6266,0.54,-2.2371,+2.3419,-6.1077,3.8706,381.7797,-170.4287,5799.8838,5799.8838
6267,0.53,-1.0952,-0.4479,-6.0962,5.0010,31.7968,-170.9992,5849.3438,5849.3438
6268,0.53,0.1938,+0.2869,-6.0957,6.2894,288.4437,-170.2044,5868.2021,5868.2021
6269,0.55,-0.6982,+0.1500,-6.0968,5.3986,94.0470,-170.9923,5880.8936,5880.8936
6270,0.56,-0.4204,-0.1490,-6.0839,5.6635,83.0879,-171.5314,5925.8643,5925.8643
6271,0.54,-0.3887,+0.2894,-6.0758,5.6871,62.1308,-170.1724,5821.1299,5821.1299
6272,0.54,-0.3007,+0.3499,-6.0623,5.7616,106.6914,-172.0161,5973.5000,5973.5000
6273,0.54,-0.0539,-0.0655,-6.0739,6.0199,168.9787,-171.9835,5993.9785,5993.9785
6274,0.54,-0.6227,-0.0143,-6.0695,5.4468,24.5438,-172.4426,5978.1416,5978.1416
6275,0.53,-0.7493,+0.0734,-6.0798,5.3305,33.8274,-172.9171,6004.4858,6004.4858
6276,0.54,-0.4005,+0.0296,-6.0938,5.6933,112.5706,-172.2371,5993.5684,5993.5684
6277,0.54,-0.7114,+0.0862,-6.0560,5.3446,32.5612,-173.2712,6071.5732,6071.5732
6278,0.54,-0.5225,-0.0684,-6.0768,5.5543,41.7232,-172.1175,6009.2700,6009.2700
6279,0.54,-0.6121,-0.1926,-6.0768,5.4646,22.8950,-172.5117,6035.5215,6035.5215
6280,0.55,-0.5334,+0.0491,-6.1041,5.5708,28.5889,-169.7949,5842.8955,5842.8955
6281,0.54,-0.4690,-0.2376,-6.0840,5.6150,50.0110,-169.5238,5838.1318,5838.1318
6282,0.54,-0.5138,-0.1961,-6.0728,5.5591,44.2815,-170.3866,5870.7739,5870.7739
6283,0.54,-0.7701,-0.0950,-6.0821,5.3120,40.5548,-170.9049,5918.2480,5918.2480
6284,0.53,0.4355,-2.1009,-6.0647,6.5002,422.3995,-171.7488,6008.9268,6008.9268
6285,0.54,-0.6529,+0.2600,-6.0589,5.4060,20.5156,-172.3760,5990.3535,5990.3535
6286,0.52,0.1726,+0.7829,-6.0809,6.2534,217.9402,-172.3506,6041.2100,6041.2100
6287,0.52,-0.0871,+0.5826,-6.0887,6.0016,182.8544,-172.3669,6030.0986,6030.0986
6288,0.54,-0.3240,+0.0034,-6.0642,5.7403,50.4093,-171.6043,5935.6680,5935.6680
6289,0.54,-0.9955,+0.1102,-6.0879,5.0924,5.5831,-169.9312,5801.4819,5801.4819
6290,0.53,0.2144,+0.5378,-6.0713,6.2857,355.3888,-171.2748,5948.1675,5948.1675
6291,0.53,-0.8667,+0.1451,-6.0758,5.2091,8.6487,-171.6384,5916.1553,5916.1553
6292,0.55,5.4718,-0.5117,-6.0696,11.5414,9048.7412,-165.5080,5843.3379,5843.3379
6293,0.54,-0.6603,-0.0937,-6.0724,5.4121,67.1381,-165.1731,5509.6221,5509.6221
6294,0.52,-0.5180,+0.1615,-6.0869,5.5689,16.7908,-166.9782,5624.4673,5624.4673
6295,0.53,-0.4866,-0.0257,-6.1043,5.6177,37.7708,-168.8571,5762.2520,5762.2520
6296,0.54,-183.2130,-208.8566,-6.0921,-177.1209,8475068.0000,-171.2971,-2218.6714,-2218.6714
6297,0.56,-0.4741,-0.0472,-6.0774,5.6033,44.2596,-169.9567,5833.6865,5833.6865
6298,0.54,1.0628,+4.0407,-6.0883,7.1511,1323.7701,-169.5469,5881.8462,5881.8462
6299,0.54,-0.6667,-0.2680,-6.0770,5.4104,26.8411,-168.3722,5735.6460,5735.6460
6300,0.54,-0.7549,+0.0948,-6.0618,5.3069,33.8233,-172.5526,6006.1484,6006.1484
6301,0.54,0.5886,+1.2208,-6.0505,6.6391,488.1464,-173.5425,6119.5137,6119.5137
6302,0.53,-0.0921,+0.1910,-6.0746,5.9825,229.2649,-172.4243,6029.7480,6029.7480
6303,0.55,-0.2106,+0.0891,-6.0873,5.8767,161.6197,-171.7399,5987.5957,5987.5957
6304,0.55,-0.5666,-0.0509,-6.1119,5.5453,46.7578,-170.3107,5864.2666,5864.2666
6305,0.55,-0.6656,-0.0211,-6.1012,5.4356,35.4351,-169.1205,5779.5420,5779.5420
6306,0.54,-0.7127,-0.0414,-6.1022,5.3895,36.1775,-169.0623,5775.7637,5775.7637
6307,0.55,-0.6853,-0.0008,-6.0965,5.4111,33.0626,-169.6637,5823.8228,5823.8228
6308,0.54,-0.3525,+0.1627,-6.0880,5.7355,34.6741,-168.7480,5743.0918,5743.0918
6309,0.55,-0.5383,-0.2674,-6.0759,5.5376,43.3403,-169.7076,5819.0713,5819.0713
6310,0.54,-0.4930,+0.3769,-6.0721,5.5791,47.7744,-170.7478,5891.6855,5891.6855
6311,0.54,-0.2022,-2.4280,-6.0478,5.8456,187.7059,-171.7912,5955.4053,5955.4053
6312,0.54,-0.5844,-0.0457,-6.0474,5.4631,39.2700,-171.9854,5945.7588,5945.7588
6313,0.54,1.1795,-0.2602,-6.0464,7.2259,1049.3931,-171.7038,6006.4795,6006.4795
6314,0.54,-0.9599,-0.1022,-6.0442,5.0843,24.7264,-172.8845,5997.0498,5997.0498
6315,0.54,-0.7505,-0.5268,-6.0534,5.3030,37.3623,-171.8213,5943.9268,5943.9268
6316,0.53,-0.6757,-0.3494,-6.0551,5.3794,43.6451,-170.9250,5912.0898,5912.0898
6317,0.55,-0.5269,+0.0263,-6.0695,5.5426,47.1980,-172.2141,6015.7271,6015.7271
6318,0.55,-0.5267,-0.0032,-6.0735,5.5468,33.4670,-171.6271,5970.0449,5970.0449
6319,0.56,-0.5577,+0.1334,-6.0478,5.4901,37.2837,-171.6219,5926.7959,5926.7959
6320,0.53,-0.7227,-0.1407,-6.0326,5.3099,32.8608,-172.7008,6020.6816,6020.6816
6321,0.55,-0.5215,-0.0937,-6.0095,5.4880,45.2154,-172.8134,6028.9575,6028.9575
6322,0.55,-0.5769,-0.0587,-6.0574,5.4804,33.2659,-171.8044,6004.1875,6004.1875
6323,0.55,-0.5274,-0.1074,-6.0760,5.5486,42.2741,-171.4750,5977.9097,5977.9097
6324,0.54,-0.6767,-0.0876,-6.0555,5.3788,41.3839,-171.3825,5936.4873,5936.4873
6325,0.53,-0.4955,+0.2564,-6.0699,5.5744,49.4224,-171.7421,5979.3843,5979.3843
6326,0.54,-0.5891,+0.0327,-6.0675,5.4783,35.9600,-171.2687,5935.8955,5935.8955
6327,0.56,-0.5689,+0.0357,-6.0564,5.4875,44.3220,-169.9982,5858.7773,5858.7773
6328,0.54,-0.2030,-1.4492,-6.0806,5.8776,167.0532,-168.7718,5807.7812,5807.7812
6329,0.55,0.1095,+0.3419,-6.0572,6.1667,374.7920,-169.7267,5886.0010,5886.0010
6330,0.55,-0.6241,-0.1497,-6.0674,5.4433,52.4714,-169.6336,5817.1709,5817.1709
6331,0.55,1.7959,-1.2088,-6.0840,7.8799,1845.5065,-167.9655,5804.6621,5804.6621
6332,0.55,-0.5199,-1.4677,-6.0637,5.5438,165.8505,-168.6946,5775.6870,5775.6870
6333,0.56,-0.7711,+0.0004,-6.0728,5.3017,30.6679,-169.3849,5813.9854,5813.9854
6334,0.54,5.3678,-0.8814,-6.0620,11.4298,10654.9619,-173.8081,6678.4131,6678.4131
6335,0.55,-0.2850,-0.6025,-6.0581,5.7731,93.5511,-173.2015,6099.1396,6099.1396
6336,0.54,-0.6646,-0.0381,-6.0684,5.4039,52.0024,-172.3551,6030.1792,6030.1792
6337,0.54,-0.7382,-0.0800,-6.0613,5.3231,54.1109,-170.0847,5865.3359,5865.3359
6338,0.57,-0.4961,-0.0310,-6.0672,5.5712,34.2930,-171.8633,5966.6875,5966.6875
6339,0.56,-0.5123,-0.0625,-6.0799,5.5675,29.0359,-170.8655,5889.6274,5889.6274
6340,0.53,-0.4751,-0.0103,-6.0848,5.6096,39.7084,-169.4701,5791.3037,5791.3037
6341,0.56,0.0018,-0.4533,-6.0950,6.0967,249.2091,-171.8449,5978.5244,5978.5244
6342,0.56,-1.5837,-3.7111,-6.1067,4.5230,61.6411,-171.6251,5898.6255,5898.6255
6343,0.55,-1.0824,+0.0444,-6.1093,5.0269,15.6968,-170.2996,5826.7324,5826.7324
6344,0.54,-0.7630,-0.1395,-6.0933,5.3304,39.4944,-170.4917,5857.1265,5857.1265
6345,0.55,-0.5891,-0.1207,-6.0954,5.5063,37.0131,-169.3932,5764.5894,5764.5894
6346,0.54,-0.9891,-0.1322,-6.1083,5.1193,2.3268,-170.5822,5858.0981,5858.0981
6347,0.54,-0.1305,+0.6677,-6.1135,5.9830,230.6748,-168.9751,5753.7725,5753.7725
6348,0.54,-0.1865,-0.0949,-6.0977,5.9112,297.2797,-170.0561,5835.2979,5835.2979
6349,0.54,-0.4472,+0.0987,-6.0934,5.6462,74.0706,-169.2114,5742.6289,5742.6289
6350,0.56,-0.6829,+0.2283,-6.0928,5.4099,4.4396,-169.4184,5766.1416,5766.1416
6351,0.53,-8.5702,+5.7874,-6.0982,-2.4720,13661.1426,-170.1306,5512.1318,5512.1318
6352,0.53,-0.6046,+0.0581,-6.0693,5.4647,49.5514,-169.6558,5781.2246,5781.2246
6353,0.53,-1.4306,+1.3643,-6.0494,4.6188,29.3456,-171.3958,5860.5117,5860.5117
6354,0.53,-2.4892,+0.2669,-6.0529,3.5637,505.6992,-171.5254,5840.0137,5840.0137
6355,0.53,-0.6436,-0.1849,-6.0368,5.3932,61.5921,-171.3551,5889.0537,5889.0537
6356,0.55,-0.9022,-0.1916,-6.0602,5.1580,37.5071,-171.2109,5896.6748,5896.6748
6357,0.57,-0.7774,-0.4831,-6.0682,5.2908,3.5134,-171.3672,5895.1348,5895.1348
6358,0.54,-0.9372,+0.1312,-6.0838,5.1465,63.6751,-169.8542,5794.6567,5794.6567
6359,0.56,-0.7093,-0.1154,-6.0736,5.3643,40.2091,-172.1437,5962.2383,5962.2383
6360,0.55,-0.9120,-0.1032,-6.0460,5.1340,38.1052,-173.0949,6006.4829,6006.4829
6361,0.56,-0.7531,-0.0383,-6.0666,5.3135,31.6863,-170.7813,5869.7129,5869.7129
6362,0.54,-0.6849,-0.0518,-6.0788,5.3938,44.9986,-171.3316,5939.0244,5939.0244
6363,0.54,-0.9557,-0.0075,-6.0844,5.1287,32.0760,-170.2757,5851.2373,5851.2373
6364,0.56,-0.8619,+0.0643,-6.1005,5.2386,29.9120,-170.3663,5852.8330,5852.8330
6365,0.55,-0.7879,+0.1173,-6.0815,5.2936,31.3981,-169.7554,5836.4829,5836.4829
6366,0.56,-2.9038,-0.1008,-6.0846,3.1807,768.7238,-171.0103,5791.9385,5791.9385
6367,0.54,-0.7160,-0.0109,-6.0828,5.3669,36.1956,-170.0700,5843.1016,5843.1016
6368,0.53,-0.7993,+0.2149,-6.0772,5.2780,36.6715,-171.5515,5942.2217,5942.2217
6369,0.53,-0.8649,+0.1523,-6.0981,5.2332,33.8907,-172.1488,5997.1929,5997.1929
6370,0.57,-0.8427,-0.0903,-6.0827,5.2400,38.9190,-172.2280,5965.6416,5965.6416
6371,0.56,-0.2517,-0.0962,-6.0571,5.8054,58.9309,-170.5539,5860.1099,5860.1099
6372,0.54,0.0502,+0.0178,-6.0602,6.1104,170.0511,-170.9310,5887.3794,5887.3794
6373,0.53,-0.9030,+0.2717,-6.0769,5.1739,6.3529,-171.7220,5915.6572,5915.6572
6374,0.54,-0.8439,-0.1642,-6.0917,5.2478,11.1009,-171.4166,5926.4004,5926.4004
6375,0.55,-0.3012,-0.0373,-6.1193,5.8181,106.0690,-169.6090,5855.6162,5855.6162
6376,0.53,-0.7201,+0.1207,-6.1066,5.3866,51.6784,-170.5471,5873.4258,5873.4258
6377,0.55,-0.5824,-0.0525,-6.1075,5.5251,23.8369,-171.7065,5966.8560,5966.8560
6378,0.54,-0.8910,-0.2928,-6.1047,5.2137,17.4355,-172.3532,6006.9834,6006.9834
6379,0.56,-0.4295,+0.0607,-6.0872,5.6576,41.8819,-171.0770,5944.9316,5944.9316
6380,0.52,-0.5829,-0.0575,-6.0617,5.4787,55.2796,-173.6479,6122.2363,6122.2363
6381,0.54,-0.6160,+0.1094,-6.0488,5.4328,27.1661,-174.3645,6147.7920,6147.7920
6382,0.54,-0.8288,-0.0727,-6.0863,5.2575,15.0509,-171.4909,5921.0156,5921.0156
6383,0.54,-0.5426,-0.2186,-6.0571,5.5145,29.1114,-169.0526,5739.7861,5739.7861
6384,0.54,-0.4775,+0.1784,-6.0976,5.6202,25.7355,-169.8395,5804.6235,5804.6235
6385,0.54,-0.7050,+0.0720,-6.0997,5.3947,29.1344,-168.7296,5713.2402,5713.2402
6386,0.55,-0.7197,-0.0469,-6.0787,5.3590,33.4538,-168.1460,5686.5918,5686.5918
6387,0.54,-0.3211,+0.1872,-6.0642,5.7430,35.6155,-170.5684,5859.0654,5859.0654
6388,0.53,-0.3885,-0.1734,-6.0611,5.6727,26.5411,-170.5546,5840.2925,5840.2925
6389,0.55,-0.2592,+0.2518,-6.0538,5.7946,93.5632,-173.5062,6032.3799,6032.3799
6390,0.53,-0.6042,+0.1814,-6.0589,5.4547,9.1428,-172.5414,5951.4502,5951.4502
6391,0.55,-0.9952,-0.0368,-6.0821,5.0868,32.8568,-173.7078,6013.3872,6013.3872
6392,0.52,-0.6929,-0.0773,-6.0643,5.3715,14.3852,-174.2838,6104.6772,6104.6772
6393,0.54,-0.3853,+0.2419,-6.0468,5.6615,63.3891,-172.7234,6017.2607,6017.2607
6394,0.53,-0.4087,+0.1536,-6.0561,5.6474,117.2228,-172.8956,6026.9893,6026.9893
6395,0.55,-0.5286,-0.3950,-6.0402,5.5115,62.9127,-173.1315,6020.1592,6020.1592
6396,0.54,-0.4995,+0.1911,-6.0613,5.5618,39.5409,-171.0735,5891.1123,5891.1123
6397,0.54,-1.2015,+0.3607,-6.0579,4.8564,164.1692,-171.5371,5905.8115,5905.8115
6398,0.56,-0.6147,+0.5672,-6.0457,5.4310,91.0016,-171.2517,5917.6240,5917.6240
6399,0.53,-0.3696,+0.0482,-6.0827,5.7131,68.1308,-168.9471,5750.3867,5750.3867
6400,0.54,-0.5496,+0.4801,-6.1020,5.5524,36.6740,-168.6420,5718.8740,5718.8740
6401,0.55,-0.5637,+0.1919,-6.0619,5.4982,46.1406,-171.4102,5913.6846,5913.6846
6402,0.54,-0.6795,+0.0983,-6.0382,5.3587,106.6529,-173.5806,6073.7559,6073.7559
6403,0.54,-0.7067,+0.1596,-6.0380,5.3312,32.3066,-173.9852,6105.5522,6105.5522
6404,0.53,-0.5282,-0.1056,-6.0313,5.5030,53.8819,-175.0528,6166.6035,6166.6035
6405,0.54,-0.8766,-0.2302,-6.0367,5.1601,3.6945,-173.4972,6055.8950,6055.8950
6406,0.54,-0.6089,+0.1073,-6.0668,5.4580,59.0734,-171.0412,5911.7383,5911.7383
6407,0.54,-0.0093,-0.1908,-6.0501,6.0408,154.8759,-173.0867,6074.0737,6074.0737
6408,0.54,-0.6442,-0.1139,-6.0730,5.4288,26.0353,-172.4740,6025.0479,6025.0479
6409,0.54,-0.4443,-0.0632,-6.0830,5.6387,52.5091,-172.7313,6034.9131,6034.9131
6410,0.55,-0.6580,-0.1931,-6.0746,5.4167,54.7986,-172.9197,6030.2690,6030.2690
6411,0.53,-0.2653,+0.0680,-6.0575,5.7922,103.5018,-172.5366,6003.3081,6003.3081
6412,0.55,-0.7158,-0.0711,-6.0629,5.3472,10.4729,-172.0652,5946.3120,5946.3120
6413,0.54,-0.4332,-0.1956,-6.0615,5.6283,60.3818,-174.6502,6160.2480,6160.2480
6414,0.53,-0.5386,-0.0498,-6.0831,5.5445,56.2000,-172.1552,5966.2803,5966.2803
6415,0.56,-0.5318,-0.2201,-6.1063,5.5744,24.3020,-171.3578,5939.7646,5939.7646
6416,0.53,-0.4451,-0.3377,-6.0985,5.6534,49.0246,-169.8317,5856.9941,5856.9941
6417,0.53,-0.8326,+0.0319,-6.0917,5.2592,26.2583,-169.1121,5785.9688,5785.9688
6418,0.54,-0.8795,-0.0934,-6.0807,5.2012,30.8887,-171.1918,5916.5537,5916.5537
6419,0.54,-0.4585,-0.2671,-6.0890,5.6305,67.9085,-171.4260,5959.0942,5959.0942
6420,0.53,-0.7779,+0.0914,-6.0922,5.3143,65.7832,-171.5873,5945.9893,5945.9893
6421,0.56,-1.7058,-0.5491,-6.0880,4.3821,129.6575,-172.7605,5992.0713,5992.0713
6422,0.53,-0.5841,+0.1411,-6.1200,5.5359,38.2688,-171.2022,5941.6445,5941.6445
6423,0.55,-0.6471,-0.0604,-6.1179,5.4708,44.8099,-167.4931,5688.6338,5688.6338
6424,0.55,-0.5178,+0.0618,-6.1103,5.5925,46.7758,-166.0278,5590.8208,5590.8208
6425,0.52,-0.5040,+0.0318,-6.0816,5.5777,42.1503,-167.8792,5710.2817,5710.2817
6426,0.54,-0.7391,+0.0224,-6.0781,5.3389,32.7620,-168.8237,5733.6592,5733.6592
6427,0.55,-0.4350,+0.1481,-6.0642,5.6292,109.9064,-169.2274,5780.3545,5780.3545
6428,0.53,-0.6937,-0.0137,-6.0767,5.3831,14.0876,-171.0407,5895.6104,5895.6104
6429,0.53,-0.4282,+0.0152,-6.0614,5.6333,43.1707,-171.2229,5900.6519,5900.6519
6430,0.57,-0.7247,+0.0126,-6.0694,5.3447,17.9389,-170.0604,5818.7891,5818.7891
6431,0.56,-0.9443,+0.2049,-6.0675,5.1233,7.4899,-171.3487,5909.2246,5909.2246
6432,0.54,-0.4169,+0.2200,-6.0712,5.6543,78.3650,-171.4793,5935.2646,5935.2646
6433,0.53,-0.3110,+0.2417,-6.0502,5.7392,69.5891,-174.1329,6132.9727,6132.9727
6434,0.54,-0.3139,-0.0562,-6.0543,5.7405,120.1086,-173.5829,6096.1919,6096.1919
6435,0.53,-0.2237,+0.3626,-6.0723,5.8485,537.9465,-172.8370,6063.3501,6063.3501
6436,0.54,-0.7821,+0.2288,-6.0647,5.2826,57.0981,-173.8215,6047.7803,6047.7803
6437,0.55,-0.6989,+0.0332,-6.0698,5.3709,31.8916,-173.0605,6021.0049,6021.0049
6438,0.53,-0.5692,-0.1653,-6.0513,5.4821,50.7674,-172.1198,5943.4277,5943.4277
6439,0.54,-0.5516,+0.0176,-6.0269,5.4753,64.8896,-171.7495,5923.6475,5923.6475
6440,0.54,-0.6636,+0.2359,-6.0546,5.3910,41.1982,-172.1386,5960.9771,5960.9771
6441,0.54,-0.5763,+0.0635,-6.0474,5.4711,36.4112,-171.1269,5884.7588,5884.7588
6442,0.55,-0.5410,-0.0581,-6.0490,5.5080,30.3126,-172.5258,6002.5908,6002.5908
6443,0.51,-0.5423,+0.1261,-6.0469,5.5046,44.4782,-175.2042,6208.6182,6208.6182
6444,0.55,-0.6384,+0.0303,-6.0339,5.3955,29.6164,-174.5344,6148.6494,6148.6494
6445,0.56,-0.5093,+0.1544,-6.0529,5.5436,42.1531,-175.5531,6250.6577,6250.6577
6446,0.54,-0.7963,+0.0426,-6.0346,5.2383,29.7403,-174.0753,6117.3628,6117.3628
6447,0.54,-0.7200,-0.1746,-6.0288,5.3088,32.7495,-173.1385,6010.6270,6010.6270
6448,0.54,-18.7943,-5.1151,-6.0151,-12.7792,80662.6953,-171.4589,4589.8276,4589.8276
6449,0.54,-0.3806,-1.4847,-6.0510,5.6704,140.4670,-173.2332,6053.7075,6053.7075
6450,0.53,-5.4849,+0.3084,-6.0492,0.5644,4940.3604,-172.5591,5681.8564,5681.8564
6451,0.53,-0.4872,+0.0831,-6.0731,5.5859,47.8572,-172.2052,6018.9980,6018.9980
6452,0.54,-0.5170,+0.0335,-6.0721,5.5551,67.4814,-172.2697,6024.8447,6024.8447
6453,0.53,-0.6659,-0.1712,-6.0856,5.4198,37.6900,-174.1702,6154.9653,6154.9653
6454,0.52,-0.5822,+0.0380,-6.1040,5.5217,40.9228,-171.8951,5985.5908,5985.5908
6455,0.54,-0.8613,+0.3386,-6.0831,5.2219,37.0674,-171.4900,5929.5029,5929.5029
6456,0.54,-0.6692,+0.2421,-6.0707,5.4016,31.8089,-171.8292,5957.7139,5957.7139
6457,0.54,-0.5653,+0.2403,-6.0700,5.5047,39.4582,-170.2918,5852.1533,5852.1533
6458,0.53,-0.5150,-0.0595,-6.0828,5.5678,45.9306,-173.6565,6104.5928,6104.5928
6459,0.54,-0.8087,-0.0667,-6.0875,5.2789,43.8743,-172.4549,6019.8965,6019.8965
6460,0.53,-0.7481,-0.0134,-6.0849,5.3367,34.2826,-170.1807,5844.0830,5844.0830
6461,0.56,-0.8063,+0.1050,-6.0850,5.2787,36.9877,-170.4223,5869.1519,5869.1519
6462,0.53,-0.5543,-0.1017,-6.0727,5.5184,35.7047,-171.4011,5951.4014,5951.4014
6463,0.54,-0.5192,+0.0568,-6.0747,5.5555,32.0558,-171.4968,5937.6587,5937.6587
6464,0.54,-0.5684,+0.1019,-6.0796,5.5112,36.1930,-171.1974,5918.5518,5918.5518
6465,0.55,-0.8382,-0.0025,-6.0488,5.2106,33.3618,-172.2255,5971.4531,5971.4531
6466,0.53,-0.8223,-0.1047,-6.0502,5.2278,31.6953,-172.2888,5975.8828,5975.8828
6467,0.53,4.4990,-0.8246,-6.0428,10.5419,8048.4058,-173.0317,6118.7871,6118.7871
6468,0.53,-0.7402,-0.2761,-6.0502,5.3100,29.8335,-172.6414,6005.4697,6005.4697
6469,0.55,-0.9100,-0.1843,-6.0692,5.1593,25.8196,-172.3099,5958.0576,5958.0576
6470,0.54,-0.4683,-0.0692,-6.0664,5.5981,31.6868,-172.7659,6002.5605,6002.5605
6471,0.53,-0.5544,-0.2158,-6.0723,5.5180,31.1998,-172.4627,5993.3486,5993.3486
6472,0.54,-0.6320,-0.1319,-6.0339,5.4019,38.8066,-175.0285,6141.7412,6141.7412
6473,0.55,-0.6616,-0.0378,-6.0697,5.4081,40.5118,-173.7217,6083.2886,6083.2886
6474,0.54,-0.6815,-0.1179,-6.0782,5.3968,34.9673,-173.2119,6032.9014,6032.9014
6475,0.56,-0.8892,+0.2605,-6.0680,5.1788,33.7443,-173.1986,6014.6523,6014.6523
6476,0.55,-0.6630,-0.0155,-6.0425,5.3794,43.3792,-173.9516,6063.1201,6063.1201
6477,0.54,-0.5969,-0.1068,-6.0699,5.4730,36.3267,-170.7681,5856.5547,5856.5547
6478,0.56,-0.6099,+0.0027,-6.0829,5.4730,37.9738,-170.3292,5838.5820,5838.5820
6479,0.54,-0.8217,-0.0366,-6.0763,5.2546,30.7868,-172.3215,5962.9077,5962.9077
6480,0.55,-0.7634,-0.1737,-6.0639,5.3005,38.2799,-170.9993,5869.2495,5869.2495
6481,0.55,-0.6634,-0.1151,-6.0598,5.3964,36.5688,-168.3940,5697.9238,5697.9238
6482,0.55,-0.8428,+0.2626,-6.0694,5.2266,33.5595,-169.0639,5762.3618,5762.3618
6483,0.54,-0.7547,+0.0001,-6.0565,5.3018,33.0919,-171.9008,5944.1865,5944.1865
6484,0.55,-0.4066,-0.6107,-6.0433,5.6367,79.6793,-172.5759,6001.8320,6001.8320
6485,0.52,-0.7215,+0.1879,-6.0693,5.3478,40.1521,-172.0667,5945.0791,5945.0791
6486,0.53,-0.4922,-0.0233,-6.0639,5.5717,57.9096,-172.8481,6031.6680,6031.6680
6487,0.54,-0.5879,-0.0791,-6.0548,5.4668,54.6358,-173.3666,6049.0962,6049.0962
6488,0.56,-0.4674,-0.1384,-6.0678,5.6004,45.8247,-172.2245,5977.6582,5977.6582
6489,0.54,-1.1624,+0.1888,-6.0797,4.9173,3.2428,-171.5805,5930.5225,5930.5225
6490,0.54,0.9606,-0.6545,-6.0722,7.0328,894.1284,-172.2641,6090.5615,6090.5615
6491,0.54,-0.7000,-0.0046,-6.0776,5.3776,14.6800,-170.7679,5868.1851,5868.1851
6492,0.54,-0.5486,+0.0657,-6.1000,5.5515,41.0307,-167.6586,5662.5396,5662.5396
6493,0.56,-0.6635,-0.0119,-6.0800,5.4165,31.5404,-169.4682,5766.3945,5766.3945
6494,0.53,-0.5774,-0.1813,-6.0879,5.5104,41.3775,-169.6704,5785.5674,5785.5674
6495,0.55,-0.4226,-0.1976,-6.0902,5.6676,41.7523,-171.1073,5899.1807,5899.1807
6496,0.55,-0.6813,+0.0842,-6.0583,5.3771,34.8839,-172.0774,5974.5635,5974.5635
6497,0.53,-0.6954,-0.0299,-6.0550,5.3596,46.1896,-173.6394,6065.6597,6065.6597
6498,0.54,-0.6204,-0.1513,-6.0601,5.4397,48.3833,-172.1973,5966.9609,5966.9609
6499,0.54,-0.6243,-0.2916,-6.0467,5.4224,70.7274,-171.6154,5928.3550,5928.3550
6500,0.55,-0.6372,-0.0557,-6.0480,5.4108,51.4732,-171.1560,5884.2744,5884.2744
6501,0.55,-0.6640,-0.0941,-6.0678,5.4038,37.6193,-172.9775,6041.4917,6041.4917
6502,0.53,-0.7812,+0.0117,-6.0736,5.2924,25.0649,-172.1589,5987.5396,5987.5396
6503,0.54,-0.5840,-0.4723,-6.0567,5.4727,40.2503,-171.8098,5968.0918,5968.0918
6504,0.56,0.0056,+0.2499,-6.0733,6.0789,181.5221,-174.3200,6174.4160,6174.4160
6505,0.54,-0.7553,-0.1593,-6.0455,5.2902,19.0635,-173.1565,6069.2866,6069.2866
6506,0.54,-0.5855,-0.3285,-6.0588,5.4734,59.7669,-170.5707,5883.7871,5883.7871
6507,0.53,-0.9595,+0.2959,-6.0457,5.0863,29.2977,-172.3320,5970.3892,5970.3892
6508,0.54,-0.8558,+0.1892,-6.0396,5.1839,19.5476,-173.3033,6025.2070,6025.2070
6509,0.55,-1.1965,-0.1881,-6.0503,4.8538,9.2046,-174.6744,6108.1475,6108.1475
6510,0.55,-0.6331,-0.1935,-6.0335,5.4004,43.2568,-175.4246,6169.5728,6169.5728
6511,0.54,-0.6153,+0.0135,-6.0719,5.4566,71.8565,-174.5656,6137.1465,6137.1465
6512,0.53,-0.9308,+0.2458,-6.0551,5.1243,31.0118,-174.8101,6145.1255,6145.1255
6513,0.54,-0.9433,-0.2411,-6.0563,5.1130,26.5310,-174.9368,6163.4600,6163.4600
6514,0.55,-0.9111,+0.1907,-6.0711,5.1600,12.9441,-174.0952,6102.3003,6102.3003
6515,0.54,-0.6006,+0.0993,-6.0744,5.4738,56.3228,-171.5394,5970.6719,5970.6719
6516,0.54,-0.9961,-0.1994,-6.0736,5.0775,6.2009,-172.7480,6036.9893,6036.9893
6517,0.54,-0.8341,-0.2364,-6.0908,5.2567,23.4118,-169.0088,5787.3091,5787.3091
6518,0.54,-0.7207,+0.0009,-6.1014,5.3807,61.7730,-168.2541,5734.6729,5734.6729
6519,0.54,-0.4578,-0.1582,-6.0914,5.6336,71.7458,-168.8532,5771.2231,5771.2231
6520,0.55,-0.6284,-0.2247,-6.1051,5.4767,23.9967,-168.1089,5720.8135,5720.8135
6521,0.53,-1.0767,+0.2502,-6.0873,5.0105,12.5212,-172.4831,5970.0674,5970.0674
6522,0.53,-0.5911,-0.2913,-6.0557,5.4647,13.1793,-174.5753,6150.2515,6150.2515
6523,0.56,-0.5187,+0.3705,-6.0758,5.5571,42.4436,-176.3897,6284.0264,6284.0264
6524,0.54,-0.6618,-0.1810,-6.0799,5.4181,32.3462,-172.9911,6035.7905,6035.7905
6525,0.54,-0.5692,+0.0743,-6.0563,5.4871,25.6309,-174.0809,6114.6880,6114.6880
6526,0.55,-0.9128,+0.8814,-6.1057,5.1930,251.3666,-169.2074,5819.6304,5819.6304
6527,0.56,-0.7551,+0.1765,-6.1076,5.3525,56.6248,-168.2974,5741.4111,5741.4111
6528,0.54,-0.8527,-0.1802,-6.0949,5.2422,17.2488,-168.9027,5763.9878,5763.9878
6529,0.53,-0.7417,-0.2067,-6.0856,5.3438,52.7856,-172.5383,6012.6152,6012.6152
6530,0.53,-0.7454,-0.2404,-6.0770,5.3316,36.7729,-170.2854,5865.4561,5865.4561
6531,0.56,-0.9179,-0.1885,-6.1045,5.1866,52.0735,-170.5761,5906.5840,5906.5840
6532,0.54,-0.7110,-0.1872,-6.1106,5.3996,50.2951,-169.3779,5814.0527,5814.0527
6533,0.54,-0.8287,+0.2814,-6.1091,5.2804,65.6793,-170.5688,5892.1875,5892.1875
6534,0.55,-0.0572,-0.4135,-6.1178,6.0606,302.6374,-169.4218,5863.0576,5863.0576
6535,0.55,-0.6475,-0.0210,-6.1073,5.4598,29.5736,-169.2850,5812.8613,5812.8613
6536,0.54,-0.8930,+0.0145,-6.0992,5.2062,14.5065,-171.8178,5952.4785,5952.4785
6537,0.56,-0.2673,+0.2245,-6.0848,5.8175,177.3268,-170.8880,5873.6636,5873.6636
6538,0.56,-0.8921,-0.0477,-6.0615,5.1694,18.7622,-171.8012,5891.4062,5891.4062
6539,0.54,-0.6103,-0.1158,-6.0459,5.4356,55.6393,-170.6143,5852.2788,5852.2788
6540,0.54,-0.5946,+0.0163,-6.0582,5.4635,51.6969,-172.8816,5996.9624,5996.9624
6541,0.54,13.7519,-3.6505,-6.0647,19.8166,55411.4805,-172.1110,6638.8428,6638.8428
6542,0.54,6.2443,+3.6317,-6.0488,12.2932,15323.8877,-172.7846,6356.2036,6356.2036
6543,0.55,-0.4044,-0.0704,-6.0508,5.6463,54.1599,-172.0558,5960.8916,5960.8916
6544,0.55,-0.6920,+0.0229,-6.0414,5.3494,35.8938,-172.7179,5982.0952,5982.0952
6545,0.55,-0.6193,-0.0909,-6.0245,5.4052,33.2754,-174.2879,6096.3838,6096.3838
6546,0.56,-0.6224,-0.1076,-6.0585,5.4361,36.6764,-172.9476,6022.8726,6022.8726
6547,0.55,-0.6188,-0.0568,-6.0527,5.4339,30.5494,-175.4647,6195.5488,6195.5488
6548,0.55,-0.8306,+0.1350,-6.0529,5.2223,29.1531,-175.5281,6204.3145,6204.3145
6549,0.54,-0.6875,+0.0956,-6.0519,5.3644,32.0139,-173.4273,6032.6187,6032.6187
6550,0.55,-0.4683,-0.0790,-6.0605,5.5922,32.0268,-173.6144,6064.8140,6064.8140
6551,0.53,-0.9362,+0.2537,-6.0353,5.0991,29.4259,-173.0570,5973.8438,5973.8438
6552,0.54,-0.8482,+0.2483,-6.0271,5.1789,32.4986,-173.2141,5988.0938,5988.0938
6553,0.55,-0.8664,+0.0845,-6.0154,5.1490,27.9010,-175.8854,6215.3262,6215.3262
6554,0.52,-0.9820,-0.0136,-6.0318,5.0497,35.4763,-174.9655,6175.1426,6175.1426
6555,0.54,-0.8292,-0.2886,-6.0129,5.1837,32.0955,-174.9302,6150.7266,6150.7266
6556,0.55,-0.6822,+0.0481,-6.0037,5.3215,38.2737,-177.7964,6387.5259,6387.5259
6557,0.55,-0.7609,+0.0241,-6.0251,5.2642,35.9551,-176.7063,6316.4180,6316.4180
6558,0.54,-0.4826,-0.0754,-6.0224,5.5398,39.0078,-176.4734,6307.3057,6307.3057
6559,0.55,-0.4992,-0.1055,-6.0423,5.5431,31.6272,-173.6372,6114.3975,6114.3975
6560,0.56,-0.8726,-0.0608,-6.0418,5.1693,29.8656,-174.1360,6131.9146,6131.9146
6561,0.54,-0.7391,-0.1320,-6.0054,5.2662,32.8423,-175.6532,6223.9854,6223.9854
6562,0.54,-0.7972,-0.0397,-5.9831,5.1858,23.2457,-177.9566,6350.2183,6350.2183
6563,0.54,-0.8967,-0.0671,-6.0117,5.1151,32.6729,-175.2866,6150.4546,6150.4546
6564,0.58,-0.5955,+0.0892,-6.0055,5.4099,33.0867,-174.9891,6158.5127,6158.5127
6565,0.53,0.8112,-0.0729,-6.0211,6.8322,912.8393,-174.6674,6260.5068,6260.5068
6566,0.55,-0.7249,-0.1967,-6.0107,5.2857,36.6961,-175.2711,6189.1719,6189.1719
6567,0.54,-0.7174,+0.0784,-6.0199,5.3026,40.8737,-175.9373,6247.2314,6247.2314
6568,0.53,-0.8443,+0.0308,-6.0109,5.1666,43.3876,-176.1753,6252.0986,6252.0986
6569,0.54,-0.8213,-0.0006,-6.0273,5.2060,39.9423,-175.1015,6200.8975,6200.8975
6570,0.55,-0.9486,+0.2127,-6.0140,5.0654,55.8796,-176.1944,6276.9048,6276.9048
6571,0.54,-0.7008,+0.0935,-5.9857,5.2849,30.8118,-175.3540,6177.3813,6177.3813
6572,0.54,1.3118,+2.1657,-6.0137,7.3255,1530.8608,-173.3576,6181.6943,6181.6943
6573,0.54,-0.6055,+0.0643,-6.0192,5.4138,35.8474,-173.3885,6040.0205,6040.0205
6574,0.55,-0.7417,-0.0698,-6.0348,5.2931,36.6063,-174.6534,6128.9141,6128.9141
6575,0.56,-0.6171,+0.3648,-6.0251,5.4081,37.9243,-172.5127,5961.4756,5961.4756
6576,0.55,-0.5388,+0.1488,-6.0346,5.4958,29.8192,-172.2540,5959.8804,5959.8804
6577,0.54,-0.5852,+0.0725,-6.0240,5.4388,40.9868,-171.5666,5914.3843,5914.3843
6578,0.55,-0.8947,+0.2780,-6.0599,5.1651,38.7699,-173.0798,6023.2769,6023.2769
6579,0.55,-0.4200,-0.0006,-6.0729,5.6529,170.3255,-172.2926,5995.5195,5995.5195
6580,0.55,-0.5806,-0.1401,-6.0935,5.5129,72.4338,-170.5324,5872.1445,5872.1445
6581,0.53,-0.4856,+0.0508,-6.0708,5.5852,58.0536,-171.5815,5921.1987,5921.1987
6582,0.54,-0.8823,-0.1551,-6.0701,5.1878,48.4614,-171.3368,5897.1748,5897.1748
6583,0.55,-0.8749,+0.1983,-6.0713,5.1963,41.5491,-172.1097,5956.2017,5956.2017
6584,0.56,-0.6567,+0.1305,-6.0429,5.3863,56.1082,-173.5891,6051.9043,6051.9043
6585,0.54,-0.7549,-0.1822,-6.0601,5.3051,41.3383,-173.9008,6073.3794,6073.3794
6586,0.54,-0.3014,+0.1253,-6.0533,5.7519,96.8875,-173.6721,6079.9834,6079.9834
6587,0.55,-0.3289,-0.0138,-6.0706,5.7417,50.7358,-172.2312,5965.3906,5965.3906
6588,0.53,-0.0907,-0.8811,-6.0739,5.9832,279.5484,-171.0190,5936.2715,5936.2715
6589,0.54,-0.5968,-0.4141,-6.0586,5.4617,49.6178,-171.8985,5952.7783,5952.7783
6590,0.55,14.0585,-0.8576,-6.0813,20.1398,57321.2891,-172.5158,6794.8584,6794.8584
6591,0.56,-2.6373,-0.8499,-6.0322,3.3949,626.5345,-171.9383,5817.2227,5817.2227
6592,0.53,0.4716,-0.2900,-6.0272,6.4988,628.9156,-173.0813,6117.0269,6117.0269
6593,0.56,-0.6295,-0.0901,-6.0375,5.4080,25.9216,-171.8721,5953.0225,5953.0225
6594,0.53,-1.0282,+3.4245,-6.0036,4.9754,3.1519,-174.7359,6107.7080,6107.7080
6595,0.54,-0.4418,+0.0512,-6.0140,5.5722,43.0259,-174.3235,6088.9355,6088.9355
6596,0.55,-0.7976,+0.1379,-6.0352,5.2376,55.7954,-175.1983,6126.8564,6126.8564
6597,0.55,-0.7037,+0.4913,-6.0460,5.3423,7.8147,-172.7253,5967.3428,5967.3428
6598,0.54,-1.3115,+0.0763,-6.0471,4.7356,9.0627,-174.8632,6103.8701,6103.8701
6599,0.55,0.7219,+0.1066,-6.0399,6.7617,673.0663,-170.5441,5958.6123,5958.6123
6600,0.53,1.4992,-1.4909,-6.0387,7.5379,1612.3303,-172.3640,6157.8804,6157.8804
6601,0.55,-0.8863,-0.6914,-6.0229,5.1366,22.3800,-173.9077,6100.9482,6100.9482
6602,0.55,1.1505,-1.0522,-6.0493,7.1998,1314.4761,-171.1933,6029.3193,6029.3193
6603,0.55,1.4532,-1.0589,-6.0480,7.5012,1709.3027,-171.9148,6102.1123,6102.1123
6604,0.54,0.0545,+0.2958,-6.0385,6.0930,359.3379,-173.5822,6132.8330,6132.8330
6605,0.55,-0.9217,+0.1444,-6.0332,5.1115,20.2650,-174.1915,6139.8818,6139.8818
6606,0.55,-1.5978,-2.7366,-6.0304,4.4326,54.6392,-171.8557,5931.8730,5931.8730
6607,0.56,0.8352,-0.0625,-6.0686,6.9038,931.9597,-171.0779,6061.3242,6061.3242
6608,0.54,-2.1534,-2.6188,-6.0703,3.9169,299.4804,-169.1742,5734.9512,5734.9512
6609,0.56,1.9130,+0.8320,-6.0487,7.9617,2065.6816,-171.1068,6091.4146,6091.4146
6610,0.54,0.5992,+0.1166,-6.0375,6.6367,624.6796,-174.7033,6257.6963,6257.6963
6611,0.55,0.0223,-1.0551,-6.0135,6.0358,312.9249,-178.7752,6527.9253,6527.9253
6612,0.55,0.3430,-0.7400,-6.0110,6.3541,448.2984,-176.2047,6369.7534,6369.7534
6613,0.55,-3.1953,-2.9949,-6.0128,2.8175,1217.6831,-175.6846,6090.3760,6090.3760
6614,0.55,1.0855,-1.2285,-6.0317,7.1172,1413.1847,-174.6625,6308.5654,6308.5654
6615,0.55,-0.5081,-0.1910,-6.0192,5.5111,54.0949,-174.6794,6187.2451,6187.2451
6616,0.54,-0.4674,-0.5855,-6.0592,5.5917,132.4629,-173.8721,6122.9702,6122.9702
6617,0.55,-0.6532,-0.0508,-6.0538,5.4007,23.8408,-173.5087,6076.2607,6076.2607
6618,0.55,-0.5759,-0.3065,-6.0864,5.5106,78.5720,-171.4746,5944.5093,5944.5093
6619,0.55,-0.2226,-0.5090,-6.0903,5.8678,123.0219,-171.6913,5985.2373,5985.2373
6620,0.53,1.1268,-0.6864,-6.0838,7.2106,1045.5638,-171.3472,6060.0859,6060.0859
6621,0.55,-1.1396,-0.7144,-6.0700,4.9304,16.4712,-172.8632,5993.4121,5993.4121
6622,0.54,-0.2678,-0.1417,-6.0721,5.8043,16.9685,-172.7165,6026.7109,6026.7109
6623,0.54,-0.8655,+0.3384,-6.0629,5.1973,2.8244,-172.9368,6015.9639,6015.9639
6624,0.53,-0.7367,-0.0298,-6.0530,5.3162,20.4581,-173.2569,6034.7803,6034.7803
6625,0.53,0.0931,+0.1663,-6.0472,6.1403,286.0411,-171.5518,5956.6094,5956.6094
6626,0.55,-0.3350,+0.0420,-6.0779,5.7429,77.4136,-170.7269,5873.6069,5873.6069
6627,0.54,-0.5525,-0.0914,-6.0593,5.5068,65.2016,-171.4688,5888.6450,5888.6450
6628,0.53,-0.4775,-0.1775,-6.0345,5.5570,37.2347,-173.6047,6039.5459,6039.5459
6629,0.54,-0.3423,+0.2174,-6.0403,5.6980,40.7531,-170.8575,5868.1772,5868.1772
6630,0.54,-0.7079,-0.2201,-6.0622,5.3543,26.2143,-172.5676,5961.5078,5961.5078
6631,0.54,-0.5105,+0.0428,-6.0352,5.5247,53.3589,-172.9430,6006.7305,6006.7305
6632,0.56,-0.4357,-0.3415,-6.0459,5.6103,33.8900,-172.2934,5975.3848,5975.3848
6633,0.54,-0.5116,+0.1641,-6.0546,5.5430,25.3416,-171.2758,5902.7461,5902.7461
6634,0.52,-0.3043,+1.0894,-6.0601,5.7558,95.4339,-174.7964,6155.6094,6155.6094
6635,0.53,-0.4503,-0.0964,-6.0643,5.6140,50.1357,-171.9993,5966.6191,5966.6191
6636,0.53,-0.7011,+0.3191,-6.0607,5.3596,38.9797,-172.8176,5999.0146,5999.0146
6637,0.54,-0.3427,+0.2464,-6.0586,5.7159,35.9038,-173.6846,6076.6553,6076.6553
6638,0.54,0.2213,+0.7030,-6.0699,6.2911,268.3371,-172.7545,6041.9697,6041.9697
6639,0.54,-0.9098,+0.6850,-6.0807,5.1708,72.3917,-172.8768,6007.3779,6007.3779
6640,0.54,-0.2433,+0.3168,-6.0661,5.8229,104.6392,-169.5456,5795.2344,5795.2344
6641,0.54,-1.2414,+0.2692,-6.0935,4.8521,63.1992,-169.7182,5711.3306,5711.3306
6642,0.55,-0.5200,+0.4299,-6.0783,5.5582,56.2014,-172.6203,5987.3174,5987.3174
6643,0.54,-0.2788,+0.0554,-6.0991,5.8202,68.2130,-171.3946,5927.0122,5927.0122
6644,0.54,-0.5930,+0.0862,-6.0663,5.4732,7.5556,-170.4431,5847.9199,5847.9199
6645,0.53,-0.3249,-0.0639,-6.0639,5.7390,47.0284,-175.6278,6216.6719,6216.6719
6646,0.54,-0.1819,-0.8282,-6.0650,5.8832,128.0522,-173.9957,6142.9009,6142.9009
6647,0.55,-0.3790,+0.1456,-6.0526,5.6737,78.1874,-172.9738,6051.5146,6051.5146
6648,0.55,-0.6238,-0.0495,-6.0499,5.4261,85.0434,-173.1010,6065.6182,6065.6182
6649,0.56,0.2417,+0.2764,-6.0441,6.2857,341.9669,-174.7965,6252.1924,6252.1924
6650,0.54,-0.4574,+0.3623,-6.0410,5.5837,159.9785,-174.4039,6151.3193,6151.3193
6651,0.54,-1.2633,+0.1973,-6.0383,4.7750,61.4265,-174.3507,6104.5566,6104.5566
6652,0.54,-0.5366,+0.0546,-6.0403,5.5037,45.6814,-173.4479,6093.7578,6093.7578
6653,0.54,-0.4863,-0.1551,-6.0371,5.5508,57.9364,-172.2172,5980.9556,5980.9556
6654,0.54,-0.4035,-0.2075,-6.0067,5.6032,38.3206,-173.1528,6024.7686,6024.7686
6655,0.56,-0.7657,-0.3665,-6.0165,5.2508,59.4965,-175.2507,6163.7798,6163.7798
6656,0.54,-0.7483,-0.1493,-6.0275,5.2792,28.3832,-175.3122,6181.6865,6181.6865
6657,0.54,-0.4440,+0.0635,-6.0242,5.5802,48.3276,-174.4624,6124.8896,6124.8896
6658,0.53,-0.4171,+0.2212,-6.0147,5.5976,79.1552,-174.7089,6122.2212,6122.2212
6659,0.54,-0.6390,-0.3565,-6.0206,5.3816,31.0920,-173.1158,6008.5088,6008.5088
6660,0.54,-0.1908,-0.0001,-6.0410,5.8502,69.5463,-173.7605,6084.2334,6084.2334
6661,0.53,-0.4132,-0.1909,-6.0439,5.6307,17.8795,-173.9159,6081.9272,6081.9272
6662,0.55,-0.7016,+0.0419,-6.0385,5.3369,22.2530,-176.4211,6256.2749,6256.2749
6663,0.54,-0.5784,+0.0036,-6.0320,5.4536,15.2413,-172.4540,5998.8262,5998.8262
6664,0.54,-0.2646,+0.1074,-6.0496,5.7850,56.7436,-172.3263,5966.4077,5966.4077
6665,0.54,-0.0988,-0.1800,-6.0664,5.9676,67.8119,-172.5315,6023.3423,6023.3423
6666,0.54,-0.5484,-1.5473,-6.0671,5.5187,116.2216,-172.8131,6042.7954,6042.7954
6667,0.53,-0.3179,-0.3057,-6.0509,5.7331,153.3064,-172.2985,5996.1816,5996.1816
6668,0.53,-0.6759,-0.1977,-6.0624,5.3865,40.3159,-174.1074,6105.3853,6105.3853
6669,0.53,-0.5303,-0.1592,-6.0511,5.5208,61.5602,-172.4089,5996.2822,5996.2822
6670,0.53,-0.6527,-0.1444,-6.0448,5.3921,26.0588,-174.1671,6107.2603,6107.2603
6671,0.55,-0.6527,-0.2649,-6.0307,5.3781,47.0624,-175.1569,6161.1133,6161.1133
6672,0.53,-0.4994,-0.1490,-6.0182,5.5189,46.7118,-174.2889,6106.5142,6106.5142
6673,0.53,-0.2461,-0.1552,-6.0571,5.8110,96.5567,-171.3211,5934.0503,5934.0503
6674,0.54,-0.6717,+0.0299,-6.0653,5.3936,30.6478,-172.3567,6007.2612,6007.2612
6675,0.54,-0.4189,-0.1580,-6.0600,5.6411,28.6995,-173.9098,6122.4453,6122.4453
6676,0.52,-0.3312,-0.0979,-6.0470,5.7158,106.7719,-172.8724,6026.3760,6026.3760
6677,0.52,-0.5814,-0.1438,-6.0458,5.4645,23.0150,-173.5300,6056.9229,6056.9229
6678,0.55,0.1042,+0.3324,-6.0588,6.1629,329.1168,-172.6208,6055.3223,6055.3223
6679,0.53,-0.3287,+0.0856,-6.0379,5.7092,50.1806,-172.4349,5970.2261,5970.2261
6680,0.53,-0.4981,-0.1388,-6.0329,5.5348,53.6467,-175.0009,6150.2422,6150.2422
6681,0.54,-0.8575,+0.1643,-6.0037,5.1462,39.5581,-174.0417,6063.5435,6063.5435
6682,0.53,-4.0607,-0.2067,-6.0282,1.9676,2838.8738,-174.6692,5929.9976,5929.9976
6683,0.55,-0.6247,-0.0160,-6.0120,5.3873,32.6584,-176.4202,6234.5547,6234.5547
6684,0.54,-2.1585,+1.1433,-6.0275,3.8691,431.9022,-174.6813,6025.7070,6025.7070
6685,0.53,-0.5722,+0.4212,-6.0211,5.4490,84.6525,-174.9412,6139.0166,6139.0166
6686,0.53,-0.7728,-0.2805,-6.0082,5.2355,27.4838,-176.6318,6229.7051,6229.7051
6687,0.54,-0.8382,+0.5402,-6.0010,5.1629,19.6259,-175.5786,6163.7158,6163.7158
6688,0.55,-0.5640,-0.2564,-6.0156,5.4517,47.8532,-174.1156,6080.7456,6080.7456
6689,0.55,-2.3236,-8.4814,-6.0266,3.7030,410.8234,-175.3862,6006.6528,6006.6528
6690,0.55,16.3747,+3.5187,-6.0064,22.3811,76833.2656,-175.2460,7391.5591,7391.5591
6691,0.56,-2.6737,+0.7837,-6.0068,3.3331,682.8520,-175.4932,5979.3706,5979.3706
6692,0.56,-0.7040,-0.5281,-6.0065,5.3025,31.1591,-174.6420,6085.4907,6085.4907
6693,0.55,-0.6864,-0.1004,-5.9922,5.3058,36.6393,-175.7142,6145.2490,6145.2490
6694,0.54,-0.7069,+0.0425,-6.0140,5.3071,33.8196,-175.7934,6185.3379,6185.3379
6695,0.55,-0.8121,+0.3312,-6.0406,5.2285,80.0830,-172.7618,6012.9224,6012.9224
6696,0.54,-3.5396,+1.3070,-6.0412,2.5015,1617.5538,-174.4897,5937.0923,5937.0923
6697,0.53,-0.9558,+0.3849,-6.0353,5.0795,21.7357,-174.7003,6115.3076,6115.3076
6698,0.53,-0.8538,-0.2294,-6.0419,5.1881,8.1006,-173.2540,6031.6978,6031.6978
6699,0.53,-0.6708,-0.0102,-6.0417,5.3709,43.4209,-170.0210,5819.8159,5819.8159
6700,0.52,0.4917,-1.7097,-6.0552,6.5468,494.5661,-173.1169,6116.5098,6116.5098
6701,0.55,-0.4949,-0.1314,-6.0659,5.5710,75.1297,-173.3464,6091.6406,6091.6406
6702,0.55,-0.6700,-0.1853,-6.0708,5.4008,28.0097,-173.6923,6103.5034,6103.5034
6703,0.54,-0.1758,+0.3356,-6.0681,5.8923,158.8565,-172.0646,6005.1509,6005.1509
6704,0.55,-0.7938,+0.0747,-6.0515,5.2576,10.0278,-172.9601,6011.4399,6011.4399
6705,0.54,-0.6983,+0.1445,-6.0431,5.3447,28.6208,-174.3988,6143.1289,6143.1289
6706,0.54,-0.9107,+0.0592,-6.0112,5.1005,30.0202,-176.1608,6224.6963,6224.6963
6707,0.52,0.2790,+0.0046,-6.0016,6.2806,304.9961,-173.9584,6144.3862,6144.3862
6708,0.54,-0.5684,-0.0029,-6.0054,5.4370,36.7857,-174.9056,6160.7295,6160.7295
6709,0.56,-0.2630,-0.2502,-6.0507,5.7877,182.8288,-172.0354,5996.9307,5996.9307
6710,0.55,-0.6907,-0.3804,-6.0528,5.3621,34.4481,-174.2357,6119.7705,6119.7705
6711,0.56,-0.7509,-0.1519,-6.0273,5.2765,65.3182,-173.3017,6035.9316,6035.9316
6712,0.55,-0.5815,+0.0458,-6.0206,5.4391,37.0785,-174.2953,6099.2373,6099.2373
6713,0.56,0.1398,+2.9435,-6.0312,6.1711,424.8008,-174.6922,6188.0771,6188.0771
6714,0.54,-0.7834,-0.0243,-6.0292,5.2458,31.5071,-174.9778,6152.5820,6152.5820
6715,0.53,-0.7134,+0.0668,-6.0179,5.3044,34.2334,-174.0591,6085.5713,6085.5713
6716,0.54,-0.6701,+0.0692,-6.0338,5.3638,30.0102,-173.4775,6040.2334,6040.2334
6717,0.55,1.5416,-0.5158,-6.0341,7.5756,1662.2930,-174.8427,6247.1465,6247.1465
6718,0.54,0.0947,-0.2557,-6.0498,6.1445,300.5456,-172.3577,6003.2900,6003.2900
6719,0.53,-0.5735,+0.0088,-6.0369,5.4634,22.0264,-172.7874,6014.1650,6014.1650
6720,0.54,3.0260,+0.2848,-6.0504,9.0764,4081.6831,-173.6979,6170.6934,6170.6934
6721,0.54,-0.0951,-0.0817,-6.0637,5.9686,181.1297,-174.4758,6142.3892,6142.3892
6722,0.55,-0.2462,+0.3036,-6.0761,5.8300,179.6137,-172.0591,5975.8750,5975.8750
6723,0.54,-0.6061,+0.0077,-6.0691,5.4630,30.7154,-172.9238,6027.5908,6027.5908
6724,0.54,-0.8297,+0.0426,-6.0803,5.2506,29.7474,-172.9115,6041.7070,6041.7070
6725,0.54,-0.8284,+0.2539,-6.0976,5.2692,64.1683,-170.8232,5883.2720,5883.2720
6726,0.54,-0.6566,+0.0752,-6.1170,5.4605,29.6522,-170.2999,5856.2153,5856.2153
6727,0.53,-0.4710,+0.0279,-6.1090,5.6380,32.6965,-171.5262,5904.4453,5904.4453
6728,0.54,-0.6720,+0.1198,-6.0666,5.3946,41.5955,-171.8263,5918.6279,5918.6279
6729,0.54,-0.7775,-0.0999,-6.0616,5.2841,27.1856,-172.0985,5937.0581,5937.0581
6730,0.57,-0.5056,+0.2130,-6.0569,5.5513,61.9862,-172.0519,5935.2646,5935.2646
6731,0.54,-0.7115,-0.1065,-6.0459,5.3344,31.0292,-172.8168,6000.8525,6000.8525
6732,0.56,-0.5673,+0.0157,-6.0747,5.5074,41.5773,-174.1010,6106.0049,6106.0049
6733,0.54,-0.5463,+0.0668,-6.0546,5.5083,36.1326,-173.5325,6054.1143,6054.1143
6734,0.54,-0.6517,-0.0489,-6.0401,5.3884,32.5112,-173.3562,6031.8877,6031.8877
6735,0.54,-0.6899,-0.1925,-6.0573,5.3674,46.6513,-174.7630,6145.0220,6145.0220
6736,0.54,-0.7167,-0.0470,-6.0374,5.3207,36.2881,-174.8041,6128.4863,6128.4863
6737,0.54,-0.8305,+0.0467,-6.0699,5.2394,7.0037,-174.5562,6098.8677,6098.8677
6738,0.55,-0.1482,-1.5683,-6.0786,5.9304,136.8662,-173.4111,6070.9834,6070.9834
6739,0.53,2.7314,+5.0256,-6.0591,8.7905,3796.0605,-174.0501,6304.3584,6304.3584
6740,0.55,1.2807,-0.3953,-6.0358,7.3166,1518.6722,-174.3773,6232.9404,6232.9404
6741,0.54,-0.8397,-0.0518,-6.0589,5.2192,24.8843,-173.6032,6054.1221,6054.1221
6742,0.52,0.3524,-1.7710,-6.0701,6.4225,635.7743,-173.5167,6081.4551,6081.4551
6743,0.55,-0.5512,+0.1385,-6.0610,5.5098,36.6703,-173.0137,6026.0557,6026.0557
6744,0.56,-0.9527,+0.0496,-6.0425,5.0898,15.1039,-174.2226,6092.4741,6092.4741
6745,0.55,-0.6631,+0.0115,-6.0398,5.3767,36.3386,-174.4119,6111.1587,6111.1587
6746,0.54,0.2678,-0.1217,-6.0715,6.3393,488.4212,-173.3166,6075.9863,6075.9863
6747,0.55,-0.7477,-0.3577,-6.0532,5.3055,26.0953,-174.4901,6124.5127,6124.5127
6748,0.53,9.7156,-0.4123,-6.0475,15.7631,29236.4727,-174.2630,6562.6372,6562.6372
6749,0.56,-1.2608,-0.3621,-6.0540,4.7933,3.0258,-173.4014,6027.8994,6027.8994
6750,0.54,1.7847,+2.2328,-6.0622,7.8469,2242.8818,-173.2972,6139.9155,6139.9155
6751,0.55,-0.7638,+0.0579,-6.0839,5.3200,20.5066,-173.1389,6012.9258,6012.9258
6752,0.55,-0.7804,-0.0681,-6.0705,5.2901,21.0943,-174.6387,6123.3887,6123.3887
6753,0.55,-1.3347,+1.5870,-6.0626,4.7279,11.2679,-174.1977,6067.7148,6067.7148
6754,0.53,2.9499,+4.4663,-6.0605,9.0103,4113.0581,-173.5045,6255.7188,6255.7188
6755,0.54,-0.6572,-0.0088,-6.0708,5.4136,29.1700,-172.7644,5996.2217,5996.2217
6756,0.53,-0.8968,-0.1696,-6.0631,5.1663,28.0775,-172.2975,5980.1226,5980.1226
6757,0.53,-0.7747,+0.0968,-6.0820,5.3074,47.6555,-170.9519,5918.4419,5918.4419
6758,0.53,-0.7123,+0.2121,-6.0672,5.3548,34.7911,-171.9761,5965.4902,5965.4902
6759,0.54,-0.9986,+0.2203,-6.0494,5.0508,33.6382,-172.7621,5990.2891,5990.2891
6760,0.55,-0.7908,-0.0445,-6.0846,5.2939,35.9936,-172.3174,5977.9443,5977.9443
6761,0.53,-0.2517,+0.7814,-6.0919,5.8402,176.1257,-173.1626,6057.8701,6057.8701
6762,0.54,-0.9262,-0.2697,-6.0716,5.1454,39.4972,-174.3836,6116.8721,6116.8721
6763,0.54,-0.4415,-0.0826,-6.0750,5.6335,147.7596,-172.4275,5993.1494,5993.1494
6764,0.54,-0.3264,+0.0855,-6.0646,5.7382,168.4525,-172.1803,5963.5190,5963.5190
6765,0.55,-0.8519,+0.0678,-6.0438,5.1919,35.1087,-173.9051,6065.6621,6065.6621
6766,0.56,-0.8184,+0.0682,-6.0449,5.2265,29.0829,-172.7338,5980.9043,5980.9043
6767,0.55,-0.7631,+0.4408,-6.0760,5.3129,26.3056,-172.9048,6029.9995,6029.9995
6768,0.55,-0.9781,-0.0637,-6.0466,5.0684,26.8348,-172.7067,6004.1558,6004.1558
6769,0.55,-0.8699,+0.1530,-6.0518,5.1819,29.9828,-173.2760,6055.4258,6055.4258
6770,0.54,-0.1081,-0.0164,-6.0500,5.9419,271.7910,-173.0724,6061.6572,6061.6572
6771,0.56,-0.7053,+0.1121,-6.0491,5.3437,97.2513,-173.4418,6017.3721,6017.3721
6772,0.55,-0.4922,+0.0016,-6.0477,5.5556,44.4381,-174.2520,6109.3682,6109.3682
6773,0.54,-0.6433,-0.1839,-6.0273,5.3840,28.0013,-172.9885,6033.3164,6033.3164
6774,0.53,-0.7381,+0.3639,-6.0748,5.3367,22.3607,-172.0671,5963.7568,5963.7568
6775,0.53,-0.4828,-0.0173,-6.0673,5.5845,95.5019,-172.3845,6000.0186,6000.0186
6776,0.54,-0.7379,+0.0944,-6.0456,5.3077,19.6169,-173.7643,6054.8730,6054.8730
6777,0.56,-0.7393,+0.0094,-6.0294,5.2901,40.6146,-173.0264,5992.6431,5992.6431
6778,0.54,0.8987,-1.1921,-6.0573,6.9561,938.8852,-173.7491,6103.9268,6103.9268
6779,0.53,-0.6222,+0.1016,-6.0612,5.4390,64.9451,-171.6525,5891.9307,5891.9307
6780,0.53,-0.5623,+0.0302,-6.0490,5.4867,41.1957,-172.9173,5978.9883,5978.9883
6781,0.55,-0.9126,+0.1880,-6.0376,5.1250,54.7468,-172.1333,5873.3447,5873.3447
6782,0.56,-0.8769,-0.0988,-6.0542,5.1773,17.3222,-175.2223,6161.6777,6161.6777
6783,0.55,-0.5760,-0.0000,-6.0471,5.4711,52.3857,-171.0879,5879.8784,5879.8784
6784,0.57,-0.7377,-0.0430,-6.0224,5.2846,11.9039,-172.1966,5941.7949,5941.7949
6785,0.55,-0.3395,-0.4871,-6.0342,5.6946,106.0332,-172.7731,5988.0908,5988.0908
6786,0.54,-0.7731,-0.0399,-6.0402,5.2672,24.9305,-172.7769,5961.8975,5961.8975
6787,0.52,-0.6142,+0.0036,-6.0410,5.4267,33.7461,-173.0709,5965.8218,5965.8218
6788,0.54,-0.6209,-0.0464,-6.0723,5.4514,40.1234,-173.5300,5995.5859,5995.5859
6789,0.54,-0.6645,-0.1649,-6.0503,5.3858,73.3580,-174.1188,6061.1758,6061.1758
6790,0.55,-0.6074,+0.4501,-6.0364,5.4290,69.4440,-174.3108,6075.3262,6075.3262
6791,0.53,-0.7966,+0.0329,-6.0414,5.2448,43.0862,-176.5777,6233.0176,6233.0176
6792,0.55,-0.7815,-0.0121,-6.0455,5.2640,29.2415,-174.7246,6106.6636,6106.6636
6793,0.56,-0.8575,-0.1387,-6.0333,5.1758,24.6064,-176.2987,6244.8110,6244.8110
6794,0.54,-0.8175,-0.1684,-6.0630,5.2454,26.0062,-174.2820,6103.5518,6103.5518
6795,0.55,-0.8175,-0.2131,-6.0490,5.2314,40.8053,-174.2665,6114.9458,6114.9458
6796,0.53,-0.6002,-0.0410,-6.0226,5.4224,34.3453,-174.8944,6135.1162,6135.1162
6797,0.54,-0.6889,+0.2497,-6.0297,5.3408,41.3757,-174.4287,6103.8818,6103.8818
6798,0.54,-0.5052,+0.2054,-5.9925,5.4873,35.3249,-175.6992,6177.9600,6177.9600
6799,0.54,-0.7264,+0.0847,-5.9995,5.2731,43.8282,-174.0630,6064.8076,6064.8076
6800,0.54,-1.1796,+1.4939,-6.0301,4.8504,2.4845,-174.9824,6110.1943,6110.1943
6801,0.54,-0.6636,+0.3230,-6.0261,5.3625,56.3051,-176.6065,6252.7480,6252.7480
6802,0.54,-0.8290,-0.1116,-6.0320,5.2030,43.0492,-172.0003,5906.8276,5906.8276
6803,0.54,-0.4463,-0.3325,-6.0287,5.5824,82.2520,-171.2347,5865.2783,5865.2783
6804,0.53,-0.7036,-0.0984,-6.0529,5.3493,31.3868,-171.4400,5873.4209,5873.4209
6805,0.55,-0.5158,-0.0618,-6.0557,5.5400,60.7959,-169.6959,5770.7363,5770.7363
6806,0.54,-0.5632,+0.1534,-6.0811,5.5179,51.9917,-171.4670,5904.5039,5904.5039
6807,0.57,-0.8194,-0.0969,-6.0880,5.2687,30.4806,-171.2933,5886.9238,5886.9238
6808,0.54,-0.5735,+0.0313,-6.0939,5.5204,42.4533,-170.4433,5835.0801,5835.0801
6809,0.53,-0.8436,+0.0500,-6.0770,5.2334,24.8230,-170.4937,5806.8164,5806.8164
6810,0.54,-0.7506,+0.0075,-6.0772,5.3266,33.0806,-169.1116,5740.2744,5740.2744
6811,0.53,-0.8092,+0.1423,-6.0899,5.2807,39.0068,-169.3969,5754.7295,5754.7295
6812,0.54,-1.0411,+0.0553,-6.0599,5.0187,47.7910,-171.1905,5884.5254,5884.5254
6813,0.53,-0.5396,+0.1871,-6.0401,5.5006,26.3473,-169.9361,5796.8364,5796.8364
6814,0.53,-0.4388,-0.2352,-6.0390,5.6002,40.6779,-171.3571,5902.6318,5902.6318
6815,0.53,-0.5611,+0.2031,-6.0367,5.4756,41.9268,-171.7324,5924.2114,5924.2114
6816,0.54,-0.8263,+0.1363,-6.0313,5.2050,15.4330,-173.2582,6001.3135,6001.3135
6817,0.55,-1.0444,-0.1761,-6.0130,4.9687,45.2179,-173.4420,6025.2930,6025.2930
6818,0.52,-1.1573,-0.0056,-6.0152,4.8579,187.1857,-175.4196,6123.6221,6123.6221
6819,0.56,-0.6233,+0.5668,-6.0288,5.4055,53.0282,-173.5950,6053.8022,6053.8022
6820,0.53,-0.5709,-0.0887,-6.0409,5.4700,55.6034,-174.5448,6136.1680,6136.1680
6821,0.56,-0.1070,+0.0997,-6.0216,5.9145,117.7857,-174.5418,6148.2207,6148.2207
6822,0.55,-0.0514,-0.4361,-6.0241,5.9727,206.6909,-174.6669,6180.6416,6180.6416
6823,0.55,0.2842,+0.1520,-6.0378,6.3220,318.8460,-174.6980,6197.5903,6197.5903
6824,0.54,-0.3880,+0.0533,-6.0514,5.6634,101.9278,-173.2798,6054.4092,6054.4092
6825,0.55,-0.6459,-0.0889,-6.0735,5.4276,31.2330,-172.1197,5988.3350,5988.3350
6826,0.54,-0.7364,-0.0702,-6.0749,5.3384,37.1976,-170.2321,5865.2222,5865.2222
6827,0.54,1.8498,+2.0012,-6.0674,7.9172,2143.9192,-171.8532,6113.1240,6113.1240
6828,0.53,-0.3439,+0.2848,-6.0405,5.6966,151.2162,-173.6426,6103.6963,6103.6963
6829,0.56,-0.5989,+0.1295,-6.0626,5.4637,39.8512,-174.2598,6125.0088,6125.0088
6830,0.54,-0.6941,+0.2107,-6.0515,5.3574,61.1497,-174.3395,6150.5542,6150.5542
6831,0.55,-0.5024,+0.6174,-6.0539,5.5515,123.5361,-172.7866,6067.4131,6067.4131
6832,0.53,-0.5432,-0.2764,-6.0315,5.4884,38.2583,-171.6396,5942.7227,5942.7227
6833,0.55,-0.9276,+0.1409,-6.0278,5.1002,48.2329,-172.8737,6017.2686,6017.2686
6834,0.53,-0.8101,-0.1473,-6.0298,5.2197,22.2520,-172.5764,6018.6035,6018.6035
6835,0.55,-0.9090,+0.3253,-6.0408,5.1318,23.4914,-172.1092,5980.0977,5980.0977
6836,0.54,0.0505,-0.3232,-6.0214,6.0719,204.1469,-172.2246,6037.4238,6037.4238
6837,0.56,-0.6405,+0.0036,-6.0410,5.4005,29.3284,-174.0016,6096.7783,6096.7783
6838,0.56,-0.7786,+0.5850,-6.0502,5.2716,16.6640,-171.2187,5900.2275,5900.2275
6839,0.55,-0.8163,-0.2855,-6.0683,5.2520,15.9181,-170.6602,5861.5889,5861.5889
6840,0.55,-0.5431,-0.0571,-6.0533,5.5102,45.4351,-173.2281,6061.0459,6061.0459
6841,0.56,-0.9547,+0.1207,-6.0316,5.0769,16.6067,-175.3647,6192.1753,6192.1753
6842,0.56,8.6566,-0.4303,-6.0428,14.6993,23435.2461,-170.4824,6209.9521,6209.9521
6843,0.53,-0.4949,-0.1678,-6.0457,5.5508,38.6674,-170.5164,5859.8555,5859.8555
6844,0.54,-0.4001,+0.0669,-6.0493,5.6492,38.4114,-171.9064,5957.8242,5957.8242
6845,0.54,-0.7374,-0.0984,-6.0110,5.2735,38.5702,-172.2129,5959.1860,5959.1860
6846,0.53,-0.7057,-0.0300,-6.0067,5.3010,18.1425,-176.1513,6268.6221,6268.6221
6847,0.54,-0.4738,+0.1592,-6.0013,5.5275,76.0363,-176.5008,6293.9868,6293.9868
6848,0.56,-1.0317,+0.2458,-5.9956,4.9639,8.3802,-176.8540,6291.6025,6291.6025
6849,0.53,-0.6103,-0.1692,-5.9742,5.3638,30.4372,-177.1124,6349.4316,6349.4316
6850,0.55,-1.0408,-0.2572,-5.9952,4.9544,47.3261,-175.5019,6190.0459,6190.0459
6851,0.54,-1.1490,+0.0154,-5.9786,4.8297,25.9104,-177.8329,6333.9248,6333.9248
6852,0.56,-0.6785,+0.1030,-6.0118,5.3333,53.6367,-174.5807,6143.2783,6143.2783
6853,0.53,-0.6609,-0.0776,-6.0382,5.3774,54.3319,-173.7040,6089.8564,6089.8564
6854,0.55,-0.7517,-0.0562,-6.0625,5.3108,39.8529,-173.5394,6056.3589,6056.3589
6855,0.56,-0.5624,+0.3444,-6.0366,5.4742,50.1505,-174.2512,6117.0703,6117.0703
6856,0.56,-0.7498,-0.1543,-6.0440,5.2941,32.0433,-173.1757,6032.8237,6032.8237
6857,0.53,-0.2382,+6.2958,-6.0317,5.7935,301.3900,-172.9028,6059.9941,6059.9941
6858,0.54,-0.6907,-0.2172,-6.0523,5.3616,36.0160,-172.7248,6017.1309,6017.1309
6859,0.54,-0.6489,-0.0830,-6.0441,5.3951,30.3594,-173.1590,6050.2822,6050.2822
6860,0.54,-0.8133,-0.0142,-6.0466,5.2333,45.3110,-173.2554,6063.4536,6063.4536
6861,0.56,-0.9167,-0.0477,-6.0446,5.1278,43.3504,-172.5299,5996.6865,5996.6865
6862,0.55,-1.0947,-0.0266,-6.0348,4.9400,32.3310,-171.1950,5899.5781,5899.5781
6863,0.55,-0.6723,+0.0652,-6.0302,5.3579,38.8329,-174.0242,6096.0073,6096.0073
6864,0.55,-0.7099,-0.0931,-6.0345,5.3246,35.3834,-174.6440,6158.8706,6158.8706
6865,0.56,-0.7408,-0.0931,-6.0386,5.2978,33.2307,-174.1583,6125.8438,6125.8438
6866,0.56,-0.6668,-0.0320,-6.0156,5.3488,213.8027,-175.6148,6239.6846,6239.6846
6867,0.55,-1.0407,-0.1574,-6.0390,4.9984,32.5884,-174.1133,6079.8242,6079.8242
6868,0.52,-0.7714,-0.1949,-6.0186,5.2472,44.1022,-171.8790,5922.2266,5922.2266
6869,0.56,0.5913,-1.2721,-6.0279,6.6192,391.4790,-172.6837,6020.7949,6020.7949
6870,0.54,-0.7104,+0.1173,-6.0116,5.3011,36.9395,-172.6166,5993.2080,5993.2080
6871,0.54,-0.6515,+0.2292,-6.0181,5.3666,26.2895,-173.6765,6097.3979,6097.3979
6872,0.54,-0.7614,+0.0441,-6.0203,5.2589,37.3448,-174.8927,6160.5981,6160.5981
6873,0.55,-0.4594,+0.0310,-6.0453,5.5859,105.1700,-172.3725,6008.5063,6008.5063
6874,0.55,-0.1387,-0.3382,-6.0035,5.8648,141.7541,-172.9596,6053.4434,6053.4434
6875,0.56,-0.6923,-0.0797,-6.0230,5.3307,42.7465,-174.3549,6147.4092,6147.4092
6876,0.53,-0.8911,+0.1708,-5.9985,5.1074,36.3411,-174.2280,6105.3384,6105.3384
6877,0.55,-0.8160,-0.1651,-6.0282,5.2122,32.5106,-172.6125,5999.6230,5999.6230
6878,0.55,-0.4567,+0.2265,-6.0201,5.5634,46.5597,-173.6185,6087.9473,6087.9473
6879,0.55,-0.7942,-0.0712,-6.0056,5.2114,29.8770,-174.2077,6120.5103,6120.5103
6880,0.56,-0.8801,+0.1509,-6.0263,5.1462,32.9629,-173.0603,6036.6782,6036.6782
6881,0.54,-0.8956,-0.1008,-6.0393,5.1436,29.7318,-171.9023,5963.2051,5963.2051
6882,0.54,-0.7786,-0.1879,-6.0378,5.2592,40.9340,-172.2073,5970.6895,5970.6895
6883,0.56,-0.4991,+0.4660,-6.0508,5.5517,41.7321,-171.0881,5906.8457,5906.8457
6884,0.54,-0.4627,+0.1701,-6.0562,5.5934,39.1140,-171.6020,5926.6299,5926.6299
6885,0.55,-0.2979,+0.1252,-6.0590,5.7611,54.5501,-174.7008,6152.2656,6152.2656
6886,0.55,-0.7707,+0.0374,-6.0908,5.3202,33.5102,-171.4441,5920.8774,5920.8774
6887,0.52,-0.9151,-0.0638,-6.1006,5.1855,18.1447,-172.2693,5988.4297,5988.4297
6888,0.52,-0.7230,-0.0293,-6.0812,5.3581,36.6325,-172.5228,5996.7598,5996.7598
6889,0.56,-0.7549,+0.1254,-6.0967,5.3418,28.7021,-171.3993,5924.5488,5924.5488
6890,0.54,-0.6523,-0.1669,-6.0769,5.4246,36.7861,-171.2338,5901.3955,5901.3955
6891,0.55,-0.6135,-0.1502,-6.0785,5.4650,33.0449,-173.3357,6061.0132,6061.0132
6892,0.55,-1.0679,-0.1422,-6.0615,4.9936,28.9014,-172.3216,5972.6836,5972.6836
6893,0.56,-0.7784,+0.0589,-6.0481,5.2697,26.6493,-172.5042,5998.3896,5998.3896
6894,0.56,-0.7128,+0.0714,-6.0431,5.3303,38.9575,-173.8146,6070.6221,6070.6221
6895,0.53,-0.6658,+0.0564,-6.0513,5.3855,29.1779,-173.2931,6063.0264,6063.0264
6896,0.55,-0.6004,-0.0556,-6.0505,5.4501,35.8431,-175.2195,6189.0771,6189.0771
6897,0.54,-0.9111,-0.2582,-6.0522,5.1411,61.4461,-174.3172,6104.9453,6104.9453
6898,0.54,-0.7582,-0.0941,-6.0480,5.2898,43.1211,-172.5233,6005.2520,6005.2520
6899,0.54,-0.6991,+0.0516,-6.0458,5.3467,27.2902,-173.3528,6060.8135,6060.8135
6900,0.55,-0.8090,-0.0549,-6.0550,5.2460,30.3475,-175.1408,6182.7246,6182.7246
6901,0.55,-0.7344,-0.1378,-6.0559,5.3215,35.4527,-174.7872,6179.1978,6179.1978
6902,0.54,-0.5259,-0.1918,-6.0698,5.5440,30.1273,-174.1067,6099.3618,6099.3618
6903,0.55,-0.6151,-0.1257,-6.0552,5.4401,33.2423,-174.0754,6115.5479,6115.5479
6904,0.55,-0.5503,-0.1390,-6.0482,5.4980,36.2492,-174.8165,6131.8525,6131.8525
6905,0.55,-0.7095,+0.0230,-6.0214,5.3119,37.4921,-174.4101,6097.6558,6097.6558
6906,0.56,-0.7018,-0.0877,-6.0302,5.3284,36.7135,-174.4203,6121.9521,6121.9521
6907,0.54,-0.8538,-0.0628,-6.0387,5.1848,39.4895,-173.0777,6015.5215,6015.5215
6908,0.54,-0.7942,-0.1550,-6.0337,5.2395,31.7660,-173.7013,6037.0869,6037.0869
6909,0.55,-0.7330,-0.2342,-6.0261,5.2931,35.1841,-173.6041,6044.7461,6044.7461
6910,0.55,-0.9034,-0.0334,-6.0184,5.1150,28.3267,-173.7680,6056.9365,6056.9365
6911,0.54,-0.6669,-0.0786,-6.0161,5.3492,35.9017,-175.8990,6200.6748,6200.6748
6912,0.56,-0.3648,-0.1489,-6.0169,5.6521,109.0614,-173.5802,6035.7969,6035.7969
6913,0.55,-0.3956,+0.0158,-6.0151,5.6195,39.0068,-174.0831,6079.6904,6079.6904
6914,0.55,-0.7676,+0.2047,-6.0054,5.2378,22.8312,-174.1753,6065.4502,6065.4502
6915,0.53,-0.6141,-0.0969,-6.0145,5.4004,19.8058,-176.5815,6259.2031,6259.2031
6916,0.55,-0.9895,-0.1281,-6.0328,5.0433,5.5174,-173.1419,6005.2632,6005.2632
6917,0.55,-0.9661,-0.0022,-6.0204,5.0544,4.6471,-177.3316,6303.8525,6303.8525
6918,0.55,-0.3910,-0.2530,-6.0351,5.6441,3.0915,-163.4474,5378.0923,5378.0923
6919,0.55,-0.7396,+0.0292,-6.0153,5.2757,3.1234,-185.5477,6888.1650,6888.1650
6920,0.54,-0.3675,-0.0376,-6.0247,5.6572,2.4501,-162.3268,5283.9336,5283.9336
6921,0.56,-0.5954,-0.0612,-6.0233,5.4278,3.8403,-185.0215,6853.8291,6853.8291
6922,0.55,-0.3795,-0.0752,-6.0123,5.6328,3.8711,-163.1468,5404.8965,5404.8965
6923,0.54,-0.7374,-0.1833,-6.0176,5.2802,7.5421,-184.8051,6905.0312,6905.0312
6924,0.55,-0.7093,-0.1599,-6.0205,5.3112,2.8794,-168.0337,5682.2471,5682.2471
6925,0.55,-0.5414,+0.0315,-6.0305,5.4890,3.1043,-189.3515,7159.9351,7159.9351
6926,0.55,-0.6841,+0.0208,-6.0069,5.3228,2.0904,-164.5361,5433.3594,5433.3594
6927,0.54,-0.9260,+0.1360,-6.0026,5.0767,2.8535,-186.6016,6965.6230,6965.6230
6928,0.57,-0.7082,-0.0498,-6.0270,5.3188,2.5260,-163.5286,5392.6934,5392.6934
6929,0.54,-0.6708,+0.2588,-6.0409,5.3700,3.1434,-187.8919,7072.6094,7072.6094
6930,0.55,-0.8216,+0.0865,-6.0275,5.2059,2.3142,-169.3548,5725.2275,5725.2275
6931,0.54,-0.7766,-0.0987,-6.0340,5.2575,2.1750,-187.0666,7049.9941,7049.9941
6932,0.55,-0.4346,-0.1468,-6.0200,5.5854,3.7728,-162.4630,5291.7446,5291.7446
6933,0.56,-0.8546,-0.2102,-6.0402,5.1856,4.6223,-187.8365,7035.9937,7035.9937
6934,0.56,-0.6981,-0.0802,-6.0221,5.3240,4.2607,-164.4827,5418.8896,5418.8896
6935,0.56,-0.8936,-0.0710,-6.0226,5.1291,2.8444,-182.9936,6688.1133,6688.1133
6936,0.55,-0.5839,-0.0600,-6.0210,5.4371,1.7868,-163.8423,5402.5361,5402.5361
6937,0.54,-0.7362,-0.0867,-6.0464,5.3102,4.3077,-182.4071,6708.2832,6708.2832
6938,0.56,-0.9042,+0.0645,-6.0468,5.1426,5.3129,-162.8171,5331.3105,5331.3105
6939,0.56,-0.9907,-0.1093,-6.0305,5.0399,4.1313,-178.5384,6423.4014,6423.4014
6940,0.54,-1.1118,+0.0768,-6.0445,4.9327,4.6165,-170.4660,5817.0498,5817.0498
6941,0.52,-0.6839,+0.1108,-6.0417,5.3578,3.8510,-186.5925,7001.0728,7001.0728
6942,0.57,-0.4035,+0.5307,-6.0441,5.6406,71.7482,-165.9518,5550.4707,5550.4707
6943,0.56,-0.8792,-0.1454,-6.0568,5.1776,6.0444,-165.5663,5477.4771,5477.4771
6944,0.54,-1.2861,-0.0487,-6.0514,4.7653,2.0853,-173.3129,6024.4062,6024.4062
6945,0.55,-0.4551,-0.0829,-6.0300,5.5749,3.4656,-190.3306,7256.1953,7256.1953
6946,0.54,-0.8521,+0.0746,-6.0357,5.1836,3.0842,-167.2047,5599.8076,5599.8076
6947,0.53,-0.6516,+0.2544,-6.0436,5.3920,3.7947,-188.2756,7080.3418,7080.3418
6948,0.56,-1.0693,+0.2345,-6.0362,4.9669,10.2750,-167.7509,5655.7891,5655.7891
6949,0.57,-0.9502,-0.0204,-6.0524,5.1022,7.4297,-175.9579,6258.7510,6258.7510
6950,0.54,-0.9345,+0.1076,-6.0696,5.1351,11.7058,-174.8543,6177.9653,6177.9653
6951,0.54,-1.1714,-0.1252,-6.0636,4.8922,2.7288,-169.8406,5838.9854,5838.9854
6952,0.55,-0.6845,-0.0880,-6.0416,5.3572,5.4468,-185.0646,6948.0884,6948.0884
6953,0.55,-0.6441,-0.1746,-6.0867,5.4426,2.1562,-162.7156,5361.2705,5361.2705
6954,0.55,-0.8416,+0.0361,-6.0840,5.2424,3.9879,-186.2007,6994.4844,6994.4844
6955,0.54,-0.9574,+0.0019,-6.0904,5.1330,1.7650,-163.1067,5402.9570,5402.9570
6956,0.57,-1.0535,-0.2171,-6.0914,5.0379,7.3514,-184.3134,6866.2959,6866.2959
6957,0.54,-1.0684,-0.2367,-6.0785,5.0101,2.1181,-168.5931,5744.2500,5744.2500
6958,0.54,-0.8381,+0.1192,-6.0762,5.2381,3.4777,-183.8757,6806.8848,6806.8848
6959,0.55,-0.9264,-0.1780,-6.0753,5.1488,1.4148,-163.0082,5375.6992,5375.6992
6960,0.57,-1.0322,-0.1670,-6.0678,5.0356,3.3640,-186.2199,7010.3867,7010.3867
6961,0.56,-1.2001,-0.1661,-6.0849,4.8848,2.9109,-163.3239,5327.1045,5327.1045
6962,0.57,-0.9084,+0.2113,-6.0827,5.1742,3.9962,-184.1096,6844.5366,6844.5366
6963,0.56,-1.2965,+0.1582,-6.0908,4.7942,2.2839,-164.6844,5487.3633,5487.3633
6964,0.55,-0.9794,-0.1601,-6.1242,5.1448,3.8096,-183.0412,6758.1768,6758.1768
6965,0.57,-1.1740,-0.2374,-6.0870,4.9130,2.3714,-164.9390,5467.0483,5467.0483
6966,0.56,-1.3221,+0.0576,-6.0616,4.7395,18.0162,-183.9586,6831.1841,6831.1841
6967,0.56,-1.0418,-0.0954,-6.0729,5.0311,4.7346,-169.4010,5807.3130,5807.3130
6968,0.57,-0.9267,-0.0428,-6.0611,5.1343,3.9823,-185.2007,6926.8662,6926.8662
6969,0.56,-1.0216,+0.0986,-6.0487,5.0272,4.2925,-167.5010,5644.0537,5644.0537
6970,0.55,-1.2136,+0.1479,-6.0719,4.8583,3.7027,-180.6584,6563.2109,6563.2109
6971,0.57,-0.9081,-0.1584,-6.0752,5.1671,2.1281,-163.5623,5395.0244,5395.0244
6972,0.56,-1.0642,+0.3223,-6.0547,4.9905,2.9378,-187.0186,7065.2563,7065.2563
6973,0.55,-1.1095,-0.0158,-6.0912,4.9817,1.9857,-164.5096,5468.3477,5468.3477
6974,0.57,-1.0629,-0.0952,-6.1094,5.0465,2.7386,-183.0168,6771.7285,6771.7285
6975,0.57,-1.1817,-0.0554,-6.1218,4.9401,1.7742,-164.8368,5455.4229,5455.4229
6976,0.56,-0.9624,+0.0115,-6.0921,5.1297,6.0018,-184.9333,6900.6538,6900.6538
6977,0.56,-1.2438,+0.0539,-6.0933,4.8495,3.8993,-165.0877,5546.8301,5546.8301
6978,0.57,-1.1293,+0.1797,-6.1011,4.9718,2.3722,-183.5379,6777.3457,6777.3457
6979,0.57,-0.8127,+0.0090,-6.0982,5.2855,2.0601,-160.5735,5200.7349,5200.7349
6980,0.55,-1.2937,-0.1139,-6.0986,4.8049,3.1360,-182.5464,6723.8755,6723.8755
6981,0.56,-1.0499,-0.0322,-6.0925,5.0427,1.8212,-162.6895,5385.3091,5385.3091
6982,0.55,-1.0481,+0.1202,-6.1093,5.0612,1.8535,-185.0109,6949.7012,6949.7012
6983,0.55,-1.1262,-0.0217,-6.1260,4.9999,2.3920,-161.1109,5278.4849,5278.4849
6984,0.57,-1.2230,+0.0158,-6.1163,4.8933,2.5299,-180.2365,6583.7573,6583.7573
6985,0.56,-1.3161,-0.2861,-6.1231,4.8070,5.4163,-162.7450,5380.5884,5380.5884
6986,0.57,-1.0825,-0.1729,-6.1353,5.0527,1.6401,-181.0355,6639.0947,6639.0947
6987,0.54,-0.8496,+0.2066,-6.1131,5.2635,2.5696,-157.8144,5077.6577,5077.6577
6988,0.55,-1.2426,+0.2075,-6.0910,4.8484,1.7021,-176.8685,6389.1758,6389.1758
6989,0.57,-1.3647,+0.0800,-6.0941,4.7294,2.2939,-166.2563,5616.3545,5616.3545
6990,0.58,-1.1789,-0.1173,-6.1031,4.9242,5.6449,-174.4526,6165.4106,6165.4106
6991,0.56,-1.5446,-0.0806,-6.1153,4.5707,2.5602,-169.8305,5870.6719,5870.6719
6992,0.55,-0.9566,-0.1025,-6.0978,5.1412,5.3097,-184.9549,6934.7422,6934.7422
6993,0.56,0.0219,-0.8937,-6.0670,6.0889,397.6865,-166.3525,5637.3779,5637.3779
6994,0.57,-1.2616,+0.1778,-6.1074,4.8458,7.3506,-173.4931,6142.2021,6142.2021
6995,0.53,-0.9676,+0.2250,-6.0991,5.1315,8.0039,-169.3665,5882.5537,5882.5537
6996,0.56,-1.3601,+0.1630,-6.1050,4.7449,4.8739,-172.4833,6075.5322,6075.5322
6997,0.54,-1.5437,-0.2024,-6.0915,4.5478,4.8581,-176.7088,6327.9258,6327.9258
6998,0.56,-1.1870,-0.1814,-6.1197,4.9326,4.4493,-166.0673,5594.4697,5594.4697
6999,0.57,-1.2493,-0.0243,-6.1421,4.8928,3.8602,-172.9495,6093.1484,6093.1484
7000,0.55,-1.2001,-0.0352,-6.1272,4.9271,3.8738,-166.3515,5671.4160,5671.4160
7001,0.53,-1.1732,+0.0316,-6.1232,4.9499,2.8650,-180.3245,6633.8164,6633.8164
7002,0.52,-0.9012,+0.0772,-6.1208,5.2196,3.9825,-159.5141,5191.6182,5191.6182
7003,0.52,-1.1754,-0.1242,-6.1146,4.9392,5.6781,-179.5819,6588.3428,6588.3428
7004,0.53,-1.3556,+0.0783,-6.1009,4.7454,4.1180,-164.8717,5529.2915,5529.2915
7005,0.52,-1.3151,-0.0875,-6.1228,4.8077,3.1148,-179.0672,6578.7700,6578.7700
7006,0.55,-0.8918,-0.2527,-6.0825,5.1907,4.2583,-160.9588,5313.6060,5313.6060
7007,0.52,-1.2996,+0.1260,-6.0849,4.7853,3.2569,-178.4324,6508.3477,6508.3477
7008,0.53,-0.9850,+0.0494,-6.1235,5.1385,1.9815,-162.1799,5382.3462,5382.3462
7009,0.52,-0.9298,+0.1415,-6.1074,5.1777,4.1019,-185.3244,7003.0273,7003.0273
7010,0.52,-1.1460,+0.0255,-6.1312,4.9851,5.2988,-163.0962,5461.3135,5461.3135
7011,0.53,-1.1886,+0.1215,-6.1149,4.9262,2.5442,-182.6449,6806.9243,6806.9243
7012,0.52,-1.0064,+0.1224,-6.1167,5.1103,1.0047,-162.3748,5383.8218,5383.8218
7013,0.52,-1.0748,-0.1055,-6.1139,5.0391,3.3955,-185.3337,7025.8257,7025.8257
7014,0.51,-1.1379,+0.1631,-6.1024,4.9645,2.3295,-163.4240,5453.5132,5453.5132
7015,0.50,-1.1303,-0.0240,-6.0911,4.9608,4.1589,-184.3795,6912.6348,6912.6348
7016,0.52,-1.8798,+0.2355,-6.1075,4.2277,67.5697,-167.6198,5750.0366,5750.0366
7017,0.53,-1.5372,+0.0244,-6.1056,4.5684,2.2244,-170.0320,5921.7539,5921.7539
7018,0.53,-1.1586,+0.1681,-6.0814,4.9227,2.4780,-177.2773,6436.7319,6436.7319
7019,0.53,-0.9109,-0.1062,-6.1111,5.2002,5.5860,-160.9443,5308.5039,5308.5039
7020,0.52,-1.1696,-0.0069,-6.1162,4.9466,11.4847,-174.3505,6244.5586,6244.5586
7021,0.53,-1.2346,+0.0555,-6.1416,4.9070,14.3405,-172.5424,6120.1904,6120.1904
7022,0.53,-1.2161,-0.1307,-6.1457,4.9295,25.8590,-172.8763,6163.5161,6163.5161
7023,0.51,-0.9371,+0.0620,-6.1385,5.2013,61.0137,-169.4815,5929.9946,5929.9946
7024,0.51,-1.3225,+0.0220,-6.1160,4.7936,43.4493,-171.4112,6020.9292,6020.9292
7025,0.53,-1.4538,+0.2764,-6.1325,4.6787,71.4836,-170.1931,5931.3169,5931.3169
7026,0.52,-0.7375,-0.1122,-6.1195,5.3820,48.3638,-168.5780,5856.0918,5856.0918
7027,0.53,1.4784,+1.3394,-6.1222,7.6006,1832.2155,-166.4242,5781.8770,5781.8770
7028,0.52,-0.9633,+0.1546,-6.0987,5.1354,25.6539,-168.2854,5834.9229,5834.9229
7029,0.52,-0.7860,-0.1756,-6.1174,5.3314,48.0976,-169.7964,5930.9048,5930.9048
7030,0.49,-1.1936,+0.0878,-6.1411,4.9475,24.3338,-169.3857,5877.3691,5877.3691
7031,0.51,-1.0722,-0.0653,-6.1376,5.0654,35.4963,-169.6064,5892.8252,5892.8252
7032,0.52,-0.9860,+0.1184,-6.1182,5.1322,35.1063,-173.4537,6186.8354,6186.8354
7033,0.50,-1.0227,+0.2091,-6.1256,5.1030,28.8563,-171.9315,6064.1221,6064.1221
7034,0.52,-1.1059,+0.0514,-6.0974,4.9915,34.0442,-171.8663,6065.8716,6065.8716
7035,0.52,-1.0027,-0.1126,-6.1178,5.1152,49.0796,-170.1625,5936.8750,5936.8750
7036,0.51,-1.4175,+0.1934,-6.1018,4.6843,9.6350,-171.4973,6006.2856,6006.2856
7037,0.51,-1.0865,-0.2164,-6.1393,5.0528,6.1945,-169.5607,5936.4126,5936.4126
7038,0.52,-1.1112,-0.0440,-6.1231,5.0119,13.3199,-176.2552,6408.9648,6408.9648
7039,0.52,-1.3110,+0.0853,-6.0947,4.7836,3.8235,-170.3230,5990.9951,5990.9951
7040,0.52,-1.3035,-0.0703,-6.1047,4.8013,10.3690,-179.9879,6666.9321,6666.9321
7041,0.50,-1.3155,+0.0039,-6.1302,4.8148,2.8253,-165.8384,5637.5586,5637.5586
7042,0.49,-0.8846,+0.1813,-6.1140,5.2294,3.0663,-184.6118,7024.6201,7024.6201
7043,0.53,-1.1129,+0.0914,-6.1208,5.0079,2.2518,-162.7080,5434.7676,5434.7676
7044,0.52,-1.2416,-0.0227,-6.1418,4.9002,3.7726,-180.2595,6623.0596,6623.0596
7045,0.53,-1.2633,+0.0640,-6.1288,4.8655,3.4172,-163.9617,5472.0342,5472.0342
7046,0.50,-1.2387,+0.2621,-6.1086,4.8699,2.3479,-175.4383,6278.5024,6278.5024
7047,0.50,-1.0776,+0.0022,-6.0972,5.0196,1.8461,-173.8452,6227.4121,6227.4121
7048,0.51,-1.1017,-0.1082,-6.0986,4.9969,2.1906,-174.4734,6177.7861,6177.7861
7049,0.53,-1.4204,+0.1459,-6.1331,4.7128,2.5790,-177.2787,6466.1328,6466.1328
7050,0.55,-1.3533,-0.2042,-6.1182,4.7649,4.3437,-165.1935,5627.3413,5627.3413
7051,0.52,-1.3634,+0.1790,-6.1197,4.7563,2.6776,-178.5154,6503.2354,6503.2354
7052,0.52,-0.9348,+0.0037,-6.1397,5.2050,1.7517,-159.5118,5217.8247,5217.8247
7053,0.52,-1.0176,-0.1092,-6.1602,5.1425,3.3237,-179.0400,6585.2124,6585.2124
7054,0.54,-1.3622,-0.3405,-6.1535,4.7912,2.4350,-164.3098,5550.2329,5550.2329
7055,0.52,-1.3899,-0.1980,-6.1351,4.7451,2.2895,-171.1331,5986.0869,5986.0869
7056,0.52,-1.3585,+0.0588,-6.1327,4.7742,1.8738,-170.1150,5877.0708,5877.0708
7057,0.53,-1.3366,+0.0932,-6.1510,4.8144,3.2885,-175.3057,6297.7188,6297.7188
7058,0.54,-1.2190,+0.0498,-6.1207,4.9017,3.0714,-169.5759,5911.7520,5911.7520
7059,0.51,-1.2086,+0.0384,-6.1434,4.9348,5.4320,-173.6970,6178.6279,6178.6279
7060,0.53,-0.9580,+0.0433,-6.1538,5.1958,6.3453,-162.8350,5491.0322,5491.0322
7061,0.52,-1.2264,-0.0094,-6.1818,4.9554,4.0252,-173.2444,6201.4883,6201.4883
7062,0.51,-1.0332,-0.0464,-6.1765,5.1433,3.6466,-162.3531,5426.5518,5426.5518
7063,0.52,-0.9956,+0.0085,-6.1676,5.1720,5.6811,-180.4586,6729.3584,6729.3584
7064,0.53,-1.0891,-0.0298,-6.1444,5.0553,2.0849,-162.0023,5423.6113,5423.6113
7065,0.50,-1.0628,-0.2042,-6.1505,5.0877,7.3321,-179.7226,6681.7383,6681.7383
7066,0.50,-1.0785,-0.1260,-6.1650,5.0864,18.8601,-165.9070,5699.4795,5699.4795
7067,0.53,-1.1894,-0.1443,-6.1469,4.9575,9.2223,-165.8850,5699.8149,5699.8149
7068,0.50,-0.9177,+0.1908,-6.1390,5.2214,15.6890,-174.1889,6314.3433,6314.3433
7069,0.51,-1.2371,+0.2393,-6.1416,4.9045,25.5738,-172.9388,6196.9854,6196.9854
7070,0.50,-1.2821,-0.1150,-6.1340,4.8519,7.5534,-171.1803,6119.4678,6119.4678
7071,0.49,-0.9082,-0.0228,-6.1395,5.2314,26.0863,-170.0496,6011.1143,6011.1143
7072,0.51,-1.2010,-0.3060,-6.1492,4.9482,5.9250,-169.1350,5925.0811,5925.0811
7073,0.51,-1.0670,+0.0620,-6.1285,5.0615,4.7883,-176.3305,6404.5156,6404.5156
7074,0.52,-1.2286,+0.0956,-6.1402,4.9116,5.3355,-172.0619,6143.8848,6143.8848
7075,0.51,-0.9798,-0.1967,-6.1356,5.1558,4.7251,-164.8253,5643.4404,5643.4404
7076,0.50,-0.8367,-0.0918,-6.1359,5.2992,7.0695,-173.1637,6211.3018,6211.3018
7077,0.51,-0.9995,+0.2072,-6.1370,5.1376,3.8328,-171.0983,6051.0625,6051.0625
7078,0.49,-0.5970,-0.2960,-6.1332,5.5362,14.8705,-166.5915,5789.5791,5789.5791
7079,0.50,-1.1529,+0.2116,-6.1369,4.9840,4.3179,-173.2701,6212.4375,6212.4375
7080,0.52,-1.1173,-0.2784,-6.1601,5.0428,5.1095,-170.1265,6017.5527,6017.5527
7081,0.50,-1.2040,-0.1108,-6.1637,4.9597,5.3370,-172.7305,6177.8140,6177.8140
7082,0.51,-0.6771,+0.2079,-6.1618,5.4847,29.0096,-166.5091,5787.9727,5787.9727
7083,0.51,-0.8470,-0.0919,-6.1668,5.3198,32.7746,-168.0550,5875.6548,5875.6548
7084,0.49,-0.7904,-0.2211,-6.1524,5.3620,27.4013,-169.3116,5947.9697,5947.9697
7085,0.51,-1.3619,-0.1804,-6.1659,4.8040,6.3285,-170.4225,6008.8442,6008.8442
7086,0.51,-0.8154,-0.1146,-6.1339,5.3185,17.2075,-169.7125,5944.6309,5944.6309
7087,0.51,-0.6215,-0.1690,-6.1469,5.5254,12.1461,-171.8500,6094.9912,6094.9912
7088,0.52,-0.3106,-0.1291,-6.1489,5.8383,37.4030,-170.8059,6052.2407,6052.2407
7089,0.50,-0.3369,+0.2257,-6.1451,5.8081,38.0614,-166.9463,5785.4336,5785.4336
7090,0.49,-0.5417,+0.0948,-6.1256,5.5839,62.6777,-168.1083,5864.6611,5864.6611
7091,0.51,-0.1424,-0.1322,-6.1299,5.9875,64.6409,-168.8571,5915.2451,5915.2451
7092,0.49,-0.1534,+0.1874,-6.0998,5.9464,77.0734,-170.3185,5994.5713,5994.5713
7093,0.49,-0.2080,+0.1651,-6.1206,5.9125,77.1352,-170.1032,5997.1802,5997.1802
7094,0.49,0.3232,-0.3806,-6.1051,6.4283,124.3637,-170.9896,6088.8926,6088.8926
7095,0.49,-0.2443,+0.1367,-6.1127,5.8685,82.2197,-170.3478,6015.8574,6015.8574
7096,0.52,-0.0899,-0.0700,-6.0863,5.9964,99.4570,-170.3748,6039.7407,6039.7407
7097,0.50,0.1909,+0.0853,-6.0995,6.2904,131.1210,-168.9451,5953.7529,5953.7529
7098,0.50,0.1921,+0.2918,-6.1148,6.3069,169.2785,-168.8429,5933.0137,5933.0137
7099,0.49,0.0834,-0.1535,-6.0866,6.1699,74.2483,-169.3115,5952.5176,5952.5176
7100,0.48,0.7916,-0.8650,-6.1071,6.8988,432.3107,-168.9714,5918.3994,5918.3994
7101,0.51,-2.8787,-1.1536,-6.1433,3.2646,1961.3378,-166.6259,5577.0620,5577.0620
7102,0.51,-1.3769,+2.2604,-6.1327,4.7558,477.3582,-167.2392,5773.0938,5773.0938
7103,0.49,1.1134,+1.4398,-6.1084,7.2218,595.4188,-170.3419,6124.4873,6124.4873
7104,0.50,0.0638,-0.0746,-6.1003,6.1641,83.3207,-170.1247,6016.4531,6016.4531
7105,0.51,1.2009,-0.4775,-6.0930,7.2939,795.4203,-169.0177,6023.3877,6023.3877
7106,0.52,0.2142,+0.1086,-6.0784,6.2926,104.1735,-169.3952,5983.9912,5983.9912
7107,0.50,0.2371,-0.4258,-6.0832,6.3203,173.3600,-170.6826,6069.1338,6069.1338
7108,0.50,0.2121,-0.0389,-6.0883,6.3004,160.2720,-170.0586,6046.6489,6046.6489
7109,0.51,3.8521,+1.9478,-6.0928,9.9448,4771.7856,-169.4174,6250.4307,6250.4307
7110,0.50,-0.0512,+0.0011,-6.1031,6.0520,113.9776,-170.7480,6047.3340,6047.3340
7111,0.50,-0.3191,-0.2865,-6.0999,5.7808,69.3663,-171.1775,6066.7280,6066.7280
7112,0.49,0.0135,-0.3057,-6.0936,6.1071,58.5021,-171.1130,6062.1040,6062.1040
7113,0.49,-0.2300,-0.1408,-6.1077,5.8778,62.6348,-170.3843,6002.6411,6002.6411
7114,0.50,-0.1540,-0.2578,-6.0899,5.9359,66.9010,-172.0255,6106.9668,6106.9668
7115,0.50,-0.3004,+0.1213,-6.1026,5.8022,78.5497,-170.5796,6033.5498,6033.5498
7116,0.49,-0.1560,+0.0562,-6.1008,5.9448,85.6999,-171.5284,6133.8350,6133.8350
7117,0.51,0.0068,-0.1695,-6.0851,6.0919,95.4027,-171.9911,6155.2998,6155.2998
7118,0.50,-0.2428,-0.2497,-6.0869,5.8440,84.1143,-171.7404,6149.8301,6149.8301
7119,0.49,-0.4646,+0.0542,-6.0724,5.6078,48.0561,-171.8434,6124.9673,6124.9673
7120,0.49,-0.1976,-0.4465,-6.0759,5.8783,101.0036,-170.8028,6068.2607,6068.2607
7121,0.50,-0.3136,+0.1697,-6.1013,5.7877,52.8353,-170.1035,6028.5518,6028.5518
7122,0.51,-0.1334,-0.3560,-6.0945,5.9611,107.4650,-171.6516,6128.1484,6128.1484
7123,0.50,-0.5352,-0.1001,-6.1091,5.5739,38.4015,-171.8165,6111.9736,6111.9736
7124,0.51,-0.6529,+0.2296,-6.1407,5.4877,48.1355,-169.8070,5992.5000,5992.5000
7125,0.49,-0.2651,+0.2202,-6.1435,5.8784,58.5877,-168.1938,5867.5889,5867.5889
7126,0.49,-0.9428,+1.7105,-6.1406,5.1978,69.0357,-170.4767,6013.1074,6013.1074
7127,0.50,-0.6239,+0.0376,-6.1282,5.5043,30.7306,-170.6181,6015.0195,6015.0195
7128,0.51,-0.3333,-0.3538,-6.1244,5.7910,75.5452,-170.2768,6006.8452,6006.8452
7129,0.50,0.5554,-0.4585,-6.1308,6.6862,437.5316,-168.0342,5907.7866,5907.7866
7130,0.48,-0.6080,-0.1029,-6.1305,5.5225,53.4434,-167.9459,5812.3174,5812.3174
7131,0.50,-0.0789,-0.0102,-6.1427,6.0637,72.6999,-166.6862,5776.6865,5776.6865
7132,0.51,-2.1698,-0.6166,-6.1368,3.9670,1260.1017,-168.3445,5874.6387,5874.6387
7133,0.51,-0.6676,+0.2336,-6.1347,5.4671,41.9296,-167.3800,5820.0781,5820.0781
7134,0.50,-0.4540,-0.1083,-6.1234,5.6694,58.4302,-169.2940,5947.7280,5947.7280
7135,0.49,-0.8117,-0.1176,-6.1506,5.3389,31.2062,-168.3273,5875.2207,5875.2207
7136,0.50,-0.0905,-1.1485,-6.1515,6.0610,270.1085,-168.7527,5908.5430,5908.5430
7137,0.50,-0.2496,+0.2922,-6.1695,5.9199,135.8896,-165.7461,5708.4785,5708.4785
7138,0.51,-0.2727,-0.1508,-6.1731,5.9004,126.3529,-165.9476,5691.6484,5691.6484
7139,0.50,-0.3156,-0.3496,-6.1459,5.8303,111.7384,-168.6936,5878.3638,5878.3638
7140,0.51,-0.4358,+0.0470,-6.1236,5.6878,64.6706,-170.3462,5983.7832,5983.7832
7141,0.49,-0.2493,-0.3913,-6.1248,5.8755,152.5936,-170.8669,6041.2446,6041.2446
7142,0.51,0.3093,+0.1322,-6.0878,6.3972,389.3961,-172.7056,6173.1064,6173.1064
7143,0.50,0.2751,+0.7197,-6.1128,6.3879,282.9001,-171.6718,6100.6987,6100.6987
7144,0.49,-1.3369,+1.6026,-6.1251,4.7882,185.9334,-172.1277,6039.4551,6039.4551
7145,0.49,-1.0446,-2.5426,-6.0931,5.0485,86.9891,-172.6496,6105.5840,6105.5840
7146,0.49,0.7408,-0.1023,-6.0936,6.8344,524.1904,-173.0665,6243.5635,6243.5635
7147,0.49,0.2627,+0.0128,-6.1003,6.3630,343.3503,-173.5086,6259.7271,6259.7271
7148,0.50,-0.5318,+0.1933,-6.1065,5.5748,48.9233,-172.8080,6159.8516,6159.8516
7149,0.50,0.0004,-0.0253,-6.1040,6.1044,245.5249,-171.3051,6069.3892,6069.3892
7150,0.49,-0.4628,-0.5617,-6.0893,5.6265,247.6111,-171.8847,6084.5034,6084.5034
7151,0.51,-0.2331,-0.2326,-6.0609,5.8278,76.7303,-171.1556,6005.0479,6005.0479
7152,0.50,-0.4800,-0.2941,-6.0704,5.5904,56.7571,-170.5092,5966.8916,5966.8916
7153,0.51,0.5112,+0.2874,-6.0685,6.5796,499.8266,-171.6003,6076.6631,6076.6631
7154,0.49,0.0025,-0.0239,-6.0790,6.0816,2365.8555,-171.2245,6019.7803,6019.7803
7155,0.50,-0.2609,-0.4919,-6.0771,5.8162,70.2547,-172.2237,6084.1787,6084.1787
7156,0.50,-0.4697,+0.0633,-6.0819,5.6121,88.6791,-170.5753,5957.2520,5957.2520
7157,0.50,0.4250,+3.3154,-6.0666,6.4916,224.1130,-169.3896,5926.6064,5926.6064
7158,0.48,0.0714,+0.4918,-6.0518,6.1232,216.1514,-171.3424,6043.5210,6043.5210
7159,0.48,0.1541,+0.7788,-6.0536,6.2077,189.3790,-170.4696,5957.5459,5957.5459
7160,0.48,-0.6183,-0.2996,-6.0619,5.4437,48.1115,-171.0706,5939.2451,5939.2451
7161,0.50,-0.4645,-0.0765,-6.0539,5.5894,53.0100,-171.0793,5955.5391,5955.5391
7162,0.48,-5.6692,-0.6943,-6.0544,0.3852,6818.1133,-173.1138,5648.9170,5648.9170
7163,0.49,-0.2974,+0.1448,-6.0487,5.7513,54.8303,-171.5406,5971.7539,5971.7539
7164,0.50,1.6893,+0.6680,-6.0345,7.7238,1580.1624,-172.5166,6275.0903,6275.0903
7165,0.50,1.7107,-0.9010,-6.0526,7.7633,1504.3958,-170.8925,6163.2246,6163.2246
7166,0.51,3.7927,-1.5363,-6.0724,9.8650,4261.8745,-170.9401,6200.9971,6200.9971
7167,0.50,-0.6647,-0.0110,-6.0885,5.4238,108.8645,-170.0999,5868.3740,5868.3740
7168,0.51,0.9080,-1.1218,-6.0941,7.0021,689.2286,-169.2234,5943.8486,5943.8486
7169,0.50,0.2575,-0.0327,-6.0623,6.3198,133.8314,-170.7044,5986.9062,5986.9062
7170,0.50,-0.0010,-0.2669,-6.0598,6.0588,68.4908,-170.7904,5959.0210,5959.0210
7171,0.51,0.5410,+0.1079,-6.0648,6.6059,174.4140,-167.7859,5780.9248,5780.9248
7172,0.50,0.6889,+0.0810,-6.0750,6.7639,305.0788,-168.9508,5826.3721,5826.3721
7173,0.48,3.9880,+1.2534,-6.0967,10.0847,4003.7576,-168.7554,6114.3574,6114.3574
7174,0.50,0.3884,+0.5298,-6.1229,6.5113,224.4571,-167.8129,5816.0884,5816.0884
7175,0.49,0.2259,-0.3170,-6.1122,6.3381,128.7267,-168.9762,5870.3232,5870.3232
7176,0.49,0.2867,+0.0384,-6.0909,6.3776,128.8772,-169.5205,5917.9805,5917.9805
7177,0.49,0.2010,-0.5141,-6.1046,6.3055,98.4819,-168.9485,5906.3330,5906.3330
7178,0.50,-0.1064,+0.0399,-6.0880,5.9816,82.6335,-171.9996,6083.4805,6083.4805
7179,0.48,-0.3718,-0.1405,-6.0868,5.7149,83.1397,-171.1168,6010.9355,6010.9355
7180,0.50,-0.6318,-0.0793,-6.0752,5.4434,49.5177,-169.5737,5849.3447,5849.3447
7181,0.50,0.2245,-0.0523,-6.0811,6.3056,95.2805,-169.1058,5894.9102,5894.9102
7182,0.48,0.0090,-0.1419,-6.0835,6.0924,69.1948,-170.6960,6004.7773,6004.7773
7183,0.49,0.3879,-0.0314,-6.0350,6.4229,157.2390,-169.5007,5931.2388,5931.2388
7184,0.50,0.1520,+0.1705,-6.0477,6.1998,115.9109,-169.0792,5869.4263,5869.4263
7185,0.51,0.1059,-0.1487,-6.0327,6.1386,121.3847,-171.2274,6016.1387,6016.1387
7186,0.48,0.0860,-0.0504,-6.0210,6.1070,74.0534,-171.7858,6047.0010,6047.0010
7187,0.49,0.5322,-0.2080,-6.0405,6.5726,179.4787,-171.2631,6023.1265,6023.1265
7188,0.50,0.4410,-0.0626,-6.0792,6.5202,296.9113,-170.3099,5954.5562,5954.5562
7189,0.48,0.5120,+0.3031,-6.0802,6.5923,231.6645,-171.2188,6018.7178,6018.7178
7190,0.49,-0.3154,+0.0805,-6.0710,5.7556,75.8791,-172.1339,6037.5098,6037.5098
7191,0.51,-0.0033,+0.1101,-6.0616,6.0583,128.1271,-171.9471,6061.2197,6061.2197
7192,0.49,0.6614,-0.5435,-6.0422,6.7037,300.3205,-173.2000,6174.1299,6174.1299
7193,0.49,0.0003,+0.4655,-6.0638,6.0641,101.9090,-172.3655,6090.8296,6090.8296
7194,0.50,-0.1374,+0.0482,-6.0480,5.9106,53.8103,-172.2469,6072.1694,6072.1694
7195,0.50,-0.5379,-0.1342,-6.0361,5.4982,36.6729,-173.2643,6123.6143,6123.6143
7196,0.50,-0.0060,-0.0551,-6.0406,6.0346,114.1325,-174.1209,6240.6411,6240.6411
7197,0.51,0.3446,-0.7827,-6.0334,6.3780,299.2397,-174.5310,6281.3408,6281.3408
7198,0.50,-0.2286,+0.0406,-6.0493,5.8207,68.7407,-173.3753,6160.2329,6160.2329
7199,0.49,-0.2678,+0.1779,-6.0568,5.7889,95.4207,-174.4630,6239.4644,6239.4644
7200,0.50,-0.2426,-0.2366,-6.0502,5.8076,47.9894,-174.7432,6249.6616,6249.6616
7201,0.53,0.1708,-0.0280,-6.0469,6.2178,207.3234,-175.8972,6353.5410,6353.5410
7202,0.54,-0.5573,+0.6018,-6.0394,5.4821,13.9550,-174.6690,6214.7881,6214.7881
7203,0.52,-0.3756,-0.3091,-6.0551,5.6795,54.8413,-174.9036,6245.2979,6245.2979
7204,0.52,-0.5394,-0.2507,-6.0818,5.5424,45.5277,-172.0013,6019.9204,6019.9204
7205,0.52,1.6101,-1.1407,-6.0733,7.6835,1576.6510,-173.1839,6240.5840,6240.5840
7206,0.52,-0.3872,-0.0452,-6.0804,5.6932,44.4545,-172.2508,6014.2324,6014.2324
7207,0.54,-1.4156,-0.3360,-6.1002,4.6846,160.9773,-172.2605,5988.1855,5988.1855
7208,0.54,-0.2436,+0.2861,-6.1153,5.8717,82.0647,-171.5480,6029.8613,6029.8613
7209,0.52,-0.1729,-0.2426,-6.0890,5.9160,66.9176,-173.6454,6183.4844,6183.4844
7210,0.53,-0.5943,+0.1637,-6.0777,5.4834,37.6599,-172.8784,6124.3755,6124.3755
7211,0.54,-0.5140,-0.0659,-6.0515,5.5375,62.7944,-173.7824,6187.8740,6187.8740
7212,0.53,0.0007,-0.1869,-6.0373,6.0380,189.3936,-174.0012,6222.3037,6222.3037
7213,0.54,-0.5402,+0.4608,-6.0488,5.5086,50.5044,-173.4651,6148.7207,6148.7207
7214,0.53,-0.3258,+6.4609,-6.0415,5.7156,55.5477,-173.9277,6205.8042,6205.8042
7215,0.55,1.1780,-0.6446,-6.0211,7.1991,1150.4952,-174.5699,6328.0508,6328.0508
7216,0.53,-0.2587,+0.0064,-6.0489,5.7902,53.4479,-173.0685,6128.4961,6128.4961
7217,0.54,-0.4090,-0.0340,-6.0548,5.6458,60.1379,-173.3839,6144.0244,6144.0244
7218,0.53,28.2501,+45.2383,-6.0624,34.3125,209622.3281,-166.2517,7603.3691,7603.3691
7219,0.54,0.0280,+0.2347,-6.0794,6.1074,100.6937,-171.8792,6067.0254,6067.0254
7220,0.54,-0.1726,-0.0417,-6.0746,5.9020,52.6739,-173.0414,6107.2266,6107.2266
7221,0.53,2.6823,+0.4131,-6.0642,8.7466,1713.1838,-171.2083,6157.0293,6157.0293
7222,0.55,-0.3007,-0.3015,-6.0733,5.7726,90.1717,-172.2735,6044.2573,6044.2573
7223,0.53,0.1885,+0.5287,-6.0999,6.2884,151.7838,-171.1297,5996.5439,5996.5439
7224,0.54,-0.4294,-0.1430,-6.1002,5.6707,76.2446,-171.1256,5977.7974,5977.7974
7225,0.55,-8.2635,+7.3586,-6.0927,-2.1708,15643.8408,-171.6193,5505.8096,5505.8096
7226,0.52,-0.4020,-0.0921,-6.0809,5.6790,66.6091,-171.8037,6031.2026,6031.2026
7227,0.54,-0.3889,-0.2013,-6.0826,5.6937,59.4737,-173.4648,6159.3408,6159.3408
7228,0.53,-0.3493,+0.0237,-6.0576,5.7084,57.1174,-173.6054,6174.7520,6174.7520
7229,0.53,-0.4069,-0.2987,-6.0676,5.6606,61.6882,-173.2999,6147.1274,6147.1274
7230,0.55,20.2473,+33.6811,-6.0504,26.2977,112645.4297,-172.3058,7086.4062,7086.4062
7231,0.55,-1.0539,-0.2183,-6.0784,5.0245,34.8798,-173.4790,6115.4434,6115.4434
7232,0.54,0.2634,-0.0142,-6.0657,6.3291,171.1425,-172.4272,6107.8096,6107.8096
7233,0.55,-1.6782,+0.1361,-6.0561,4.3779,201.9486,-174.2934,6128.3755,6128.3755
7234,0.53,-0.4312,-0.0702,-6.0456,5.6144,52.1730,-174.0381,6182.3662,6182.3662
7235,0.55,-0.5141,+0.0314,-6.0438,5.5297,47.3833,-173.6370,6187.8667,6187.8667
7236,0.53,-1.3726,+1.5169,-6.0366,4.6641,117.3135,-174.7140,6211.9590,6211.9590
7237,0.53,-3.9707,+0.0980,-6.0725,2.1018,2391.5144,-173.6969,6031.4307,6031.4307
7238,0.55,-0.4650,-0.0429,-6.0409,5.5760,49.9244,-175.1532,6265.2773,6265.2773
7239,0.53,2.5458,-0.3664,-6.0581,8.6039,2804.8691,-174.3929,6446.2021,6446.2021
7240,0.54,-0.3185,-0.2444,-6.0224,5.7040,117.1696,-175.8561,6318.5732,6318.5732
7241,0.55,-1.0820,+0.3317,-6.0119,4.9298,84.9557,-176.4534,6287.2520,6287.2520
7242,0.54,6.0251,+1.8416,-6.0329,12.0580,11078.6758,-177.1833,6828.5830,6828.5830
7243,0.55,-0.3015,-0.1099,-6.0478,5.7464,79.0097,-176.2935,6340.0303,6340.0303
7244,0.54,-0.3003,-0.1918,-6.0275,5.7272,64.2495,-176.0647,6298.9653,6298.9653
7245,0.54,-0.2851,-0.0296,-6.0144,5.7293,76.6782,-175.1151,6261.0654,6261.0654
7246,0.53,-0.2612,-0.3943,-6.0286,5.7674,66.3368,-173.3437,6125.3428,6125.3428
7247,0.55,-0.9624,-0.5160,-6.0324,5.0700,61.8095,-174.7052,6215.0469,6215.0469
7248,0.53,-0.4458,+0.0590,-6.0336,5.5877,77.6365,-175.1130,6244.2524,6244.2524
7249,0.55,-1.7611,+2.3178,-6.0417,4.2806,252.7714,-173.7731,6082.1133,6082.1133
7250,0.54,-0.3140,+0.1241,-6.0373,5.7233,79.4602,-173.8286,6150.5288,6150.5288
7251,0.54,-0.2576,-0.1655,-6.0321,5.7745,62.9904,-173.3059,6123.6909,6123.6909
7252,0.56,-0.8781,+5.7103,-6.0167,5.1387,69.4580,-174.4624,6171.8135,6171.8135
7253,0.53,-1.4041,-0.3427,-6.0216,4.6175,15.5177,-173.8798,6094.7129,6094.7129
7254,0.55,-0.6610,-0.3163,-6.0324,5.3714,26.1997,-170.7345,5914.3701,5914.3701
7255,0.55,-0.5657,-4.3552,-6.0324,5.4667,31.9955,-173.5906,6115.5103,6115.5103
7256,0.55,0.2190,+0.3210,-6.0274,6.2464,144.6265,-172.2744,6064.4126,6064.4126
7257,0.52,1.7949,+0.0732,-6.0227,7.8176,1066.5697,-172.8694,6105.2852,6105.2852
7258,0.55,-0.1728,-0.2330,-6.0357,5.8630,62.1371,-173.1833,6101.3350,6101.3350
7259,0.53,-0.2130,+0.1948,-6.0299,5.8169,58.7816,-173.7276,6109.9268,6109.9268
7260,0.54,-0.2913,-0.0206,-6.0272,5.7359,161.3355,-172.5402,6037.8140,6037.8140
7261,0.53,0.5201,-0.5976,-6.0252,6.5453,176.7135,-173.7658,6193.1616,6193.1616
7262,0.55,0.1795,+0.2631,-6.0386,6.2181,222.8894,-172.1310,6086.1304,6086.1304
7263,0.56,7.7754,+15.1503,-6.0111,13.7865,12912.7900,-175.0359,6641.0098,6641.0098
7264,0.54,7.1161,+3.0896,-6.0288,13.1449,14109.2451,-173.6608,6508.5244,6508.5244
7265,0.55,1.1901,-1.8164,-6.0391,7.2291,661.4280,-173.7548,6249.0322,6249.0322
7266,0.55,-1.1114,-3.2614,-6.0497,4.9383,285.8959,-174.2653,6136.9404,6136.9404
7267,0.56,5.2810,-0.7528,-6.0520,11.3330,8737.2695,-173.0864,6594.4297,6594.4297
7268,0.54,-1.9810,+1.1631,-6.0605,4.0795,584.9762,-171.5424,5898.0518,5898.0518
7269,0.54,-0.6433,-0.2662,-6.0583,5.4150,40.2519,-171.1706,5935.7080,5935.7080
7270,0.53,7.9463,+2.7168,-6.0381,13.9844,14689.1992,-171.7687,6510.5283,6510.5283
7271,0.53,0.7750,-4.2122,-6.0355,6.8106,499.5962,-171.6992,6083.6299,6083.6299
7272,0.53,2.3417,-6.4783,-6.0409,8.3827,1894.9438,-171.1052,6162.6987,6162.6987
7273,0.55,-0.1584,+0.1825,-6.0295,5.8711,64.7874,-171.3629,5971.8774,5971.8774
7274,0.52,7.1150,-6.6519,-6.0429,13.1579,14116.7451,-170.2217,6332.8140,6332.8140
7275,0.53,-0.2882,+0.2469,-6.0516,5.7633,105.8035,-170.8273,5936.8623,5936.8623
7276,0.54,-2.1722,-4.0492,-6.0607,3.8885,662.1411,-172.5974,5924.9077,5924.9077
7277,0.53,-0.0842,+0.0231,-6.0423,5.9580,83.6198,-171.9832,6034.3311,6034.3311
7278,0.53,0.1014,-0.0724,-6.0323,6.1337,119.9458,-173.4335,6153.5732,6153.5732
7279,0.53,-0.1964,+0.5338,-6.0571,5.8607,320.9231,-170.5346,5949.8535,5949.8535
7280,0.52,2.3584,-0.6997,-6.0444,8.4027,1916.8896,-171.3183,6135.3994,6135.3994
7281,0.55,13.9320,+5.4101,-6.0405,19.9725,54194.9961,-171.1084,6486.1646,6486.1646
7282,0.55,-0.8331,+0.7399,-6.0389,5.2058,133.6424,-173.0179,6052.4521,6052.4521
7283,0.53,0.3453,-0.6178,-6.0374,6.3828,256.9090,-172.3612,6091.9365,6091.9365
7284,0.54,-0.4933,+0.0482,-6.0274,5.5341,36.2860,-172.7876,6059.9614,6059.9614
7285,0.55,7.9750,+2.4400,-6.0240,13.9990,18054.5996,-173.9385,6398.3926,6398.3926
7286,0.54,20.8606,-7.1440,-6.0277,26.8883,68899.9219,-173.7587,7412.7852,7412.7852
7287,0.52,-5.3910,+2.4464,-6.0101,0.6191,6619.8066,-175.1312,5858.9492,5858.9492
7288,0.54,-0.1593,-0.1003,-6.0128,5.8535,66.8774,-174.8153,6204.3896,6204.3896
7289,0.55,-0.1658,-1.3636,-6.0489,5.8831,116.1271,-172.5382,6075.4199,6075.4199
7290,0.52,-0.3387,+0.0047,-6.0302,5.6915,53.0259,-174.0515,6186.7412,6186.7412
7291,0.54,-0.5989,+0.0008,-6.0500,5.4511,42.4516,-173.0501,6104.4453,6104.4453
7292,0.54,-0.5225,+0.1461,-6.0291,5.5065,51.3683,-173.3645,6118.2314,6118.2314
7293,0.54,-0.3838,+0.1942,-6.0385,5.6547,31.7872,-173.5672,6130.1934,6130.1934
7294,0.53,-0.6357,+0.1562,-6.0556,5.4198,71.2504,-172.4500,6004.3882,6004.3882
7295,0.54,-0.3719,-0.0489,-6.0463,5.6744,58.1613,-172.6680,6041.9390,6041.9390
7296,0.55,-0.2440,+0.2026,-6.0227,5.7788,70.0014,-174.7751,6184.6079,6184.6079
7297,0.54,-0.8886,-0.1182,-6.0518,5.1632,81.4855,-173.0660,6045.1396,6045.1396
7298,0.53,-1.5130,-0.1234,-6.0321,4.5191,246.2327,-173.0530,6023.5239,6023.5239
7299,0.53,-0.5001,-0.2680,-6.0429,5.5428,37.3777,-172.9319,6064.3589,6064.3589
7300,0.55,-0.5684,+0.4154,-6.0730,5.5047,37.9815,-171.0304,5923.8301,5923.8301
7301,0.56,-0.3371,+0.0386,-6.0616,5.7245,55.7076,-173.3325,6122.0137,6122.0137
7302,0.55,1.1590,-0.2340,-6.0680,7.2270,791.6467,-171.4914,6027.6357,6027.6357
7303,0.53,-0.6592,+0.2015,-6.0268,5.3676,48.1618,-172.9042,6041.9902,6041.9902
7304,0.55,-0.4416,+0.0599,-6.0237,5.5821,58.5490,-174.0237,6145.5859,6145.5859
7305,0.55,-0.0625,+0.1095,-6.0280,5.9655,82.6705,-172.9377,6081.3555,6081.3555
7306,0.55,-0.2049,-0.0111,-6.0585,5.8536,71.3945,-171.9315,6023.8750,6023.8750
7307,0.55,-0.7661,-0.4471,-6.0443,5.2782,32.2647,-172.3834,6016.8379,6016.8379
7308,0.55,0.8702,-0.4352,-6.0397,6.9099,647.9254,-172.4538,6087.4956,6087.4956
7309,0.53,-0.4446,+0.1257,-6.0339,5.5894,57.4723,-172.0110,5979.8066,5979.8066
7310,0.54,0.4380,+2.0436,-6.0430,6.4810,293.9162,-171.9904,6041.9102,6041.9102
7311,0.54,5.7548,+0.4625,-6.0493,11.8041,11061.0762,-171.6454,6367.3594,6367.3594
7312,0.54,5.1010,-1.8376,-6.0408,11.1418,8558.7393,-171.9302,6421.8755,6421.8755
7313,0.54,2.7160,+1.0087,-6.0325,8.7485,3088.9382,-174.0665,6359.2271,6359.2271
7314,0.52,0.9185,+1.1188,-6.0379,6.9563,603.6211,-172.2130,6093.4131,6093.4131
7315,0.55,-0.4978,+0.2307,-6.0435,5.5458,35.2124,-172.2769,6020.3433,6020.3433
7316,0.54,-1.0121,-0.4987,-6.0432,5.0311,144.3062,-173.2852,6081.6616,6081.6616
7317,0.53,-0.2547,+0.2257,-6.0349,5.7802,98.4781,-174.8338,6238.1050,6238.1050
7318,0.54,0.2116,+0.5197,-6.0264,6.2380,408.3498,-174.6732,6241.0127,6241.0127
7319,0.53,-1.7943,+1.0484,-6.0295,4.2352,881.8154,-174.0851,6034.5903,6034.5903
7320,0.55,-0.3200,+0.0955,-6.0330,5.7130,76.2058,-173.2789,6086.7803,6086.7803
7321,0.55,-0.1253,+0.1428,-6.0431,5.9179,65.8472,-172.4267,6039.6143,6039.6143
7322,0.54,0.0063,+0.3064,-6.0837,6.0900,81.0231,-171.8817,6030.8037,6030.8037
7323,0.54,-0.5142,-0.0639,-6.0538,5.5396,55.0396,-173.2516,6080.2700,6080.2700
7324,0.53,-0.0559,+0.0817,-6.0562,6.0003,76.4816,-172.4703,6056.4033,6056.4033
7325,0.54,13.1808,-15.6529,-6.0768,19.2576,49858.7773,-171.1022,6512.0791,6512.0791
7326,0.54,1.3879,-2.2847,-6.0649,7.4528,3901.9448,-172.6779,6112.1694,6112.1694
7327,0.56,-0.2397,-0.1971,-6.0577,5.8180,64.7744,-171.9720,5989.3643,5989.3643
7328,0.53,-0.0831,+0.2118,-6.0568,5.9737,90.8257,-172.9545,6063.9014,6063.9014
7329,0.56,4.9471,+2.7681,-6.0321,10.9792,4373.2808,-172.1008,6323.2295,6323.2295
7330,0.53,2.7909,+2.8749,-6.0186,8.8095,3003.6406,-173.4112,6318.8623,6318.8623
7331,0.55,-0.9060,-1.8672,-6.0197,5.1137,40.9565,-172.8157,6028.2480,6028.2480
7332,0.53,0.0909,-0.0605,-6.0485,6.1393,185.0201,-172.3622,6056.8799,6056.8799
7333,0.55,1.1690,-0.3090,-6.0585,7.2275,898.7163,-171.7929,6066.9180,6066.9180
7334,0.54,0.5216,+1.1208,-6.0520,6.5736,826.1639,-172.2940,6063.7451,6063.7451
7335,0.52,0.4309,+1.0719,-6.0706,6.5014,319.4913,-171.0467,5963.8643,5963.8643
7336,0.54,0.2849,+1.0591,-6.0579,6.3429,193.1673,-170.7604,5942.8862,5942.8862
7337,0.54,0.7731,-0.1827,-6.0630,6.8361,470.3561,-171.2243,6032.3818,6032.3818
7338,0.54,-0.9293,+0.6390,-6.0638,5.1345,9.3294,-170.7713,5912.4473,5912.4473
7339,0.55,-1.2874,+1.1327,-6.0666,4.7792,52.1185,-172.6492,6024.4282,6024.4282
7340,0.55,-0.7546,+0.4570,-6.0475,5.2929,17.3171,-172.4299,6001.2949,6001.2949
7341,0.54,-0.7020,-0.0257,-6.0442,5.3422,10.4031,-169.7214,5807.1245,5807.1245
7342,0.54,-0.4852,+0.0604,-6.0723,5.5872,28.9414,-173.1875,6053.3926,6053.3926
7343,0.54,-0.7730,+0.2516,-6.0491,5.2760,29.9169,-172.2931,5982.7334,5982.7334
7344,0.53,-0.6318,+0.2444,-6.0474,5.4156,28.1737,-172.1494,5969.4814,5969.4814
7345,0.54,0.2571,+0.1002,-6.0560,6.3131,414.4604,-172.3042,6047.2598,6047.2598
7346,0.54,-0.2859,+1.6037,-6.0183,5.7324,180.2483,-173.5469,6076.2852,6076.2852
7347,0.55,-0.3607,-2.8009,-6.0300,5.6693,211.7566,-173.0410,6057.6836,6057.6836
7348,0.56,-0.4487,-0.0377,-6.0338,5.5850,57.6047,-175.1299,6194.8984,6194.8984
7349,0.55,-0.8043,+0.0741,-6.0166,5.2123,16.4510,-173.6669,6074.1064,6074.1064
7350,0.54,-4.4512,+10.8768,-6.0283,1.5772,3251.4087,-172.8825,5662.0361,5662.0361
7351,0.52,-1.9490,+1.9307,-6.0065,4.0575,175.2192,-172.7749,5876.7637,5876.7637
7352,0.55,-4.2680,-0.2726,-6.0320,1.7640,3164.9207,-171.8821,5679.6660,5679.6660
7353,0.54,2.8200,-0.0117,-6.0330,8.8530,3409.4082,-173.3128,6318.8545,6318.8545
7354,0.54,-0.6130,-0.0085,-6.0226,5.4096,44.6552,-173.2471,6043.6045,6043.6045
7355,0.54,-1.2148,-0.3705,-6.0417,4.8269,27.4131,-174.6035,6116.6978,6116.6978
7356,0.54,2.9234,+3.5457,-6.0391,8.9625,4174.4541,-173.3188,6343.8945,6343.8945
7357,0.53,-0.5476,-0.0452,-6.0371,5.4895,41.7022,-173.7277,6108.7979,6108.7979
7358,0.55,-0.0428,+0.9760,-6.0466,6.0038,228.2940,-173.1754,6097.4790,6097.4790
7359,0.53,-0.6955,-0.0331,-6.0410,5.3455,34.3344,-173.1127,6036.5527,6036.5527
7360,0.53,-0.5837,-0.0262,-6.0533,5.4695,32.2133,-173.8099,6092.2080,6092.2080
7361,0.54,-0.7142,+0.0591,-6.0536,5.3393,33.6173,-171.9638,5946.6655,5946.6655
7362,0.55,-0.6300,-0.0959,-6.0479,5.4179,44.0886,-172.7008,6021.3506,6021.3506
7363,0.56,-0.6990,+0.0409,-6.0605,5.3615,37.5457,-172.2237,5983.2109,5983.2109
7364,0.54,-0.5779,+0.2017,-6.0651,5.4872,14.2191,-172.3509,5985.1836,5985.1836
7365,0.55,-0.6859,-0.0921,-6.0807,5.3948,50.8526,-171.4725,5932.0942,5932.0942
7366,0.53,-0.9754,-0.0200,-6.0714,5.0960,44.6655,-171.1100,5891.1895,5891.1895
7367,0.56,-0.5203,-0.0361,-6.0536,5.5333,36.2056,-170.6205,5887.4038,5887.4038
7368,0.53,-1.2544,-0.5241,-6.0785,4.8241,19.4716,-170.4131,5819.0869,5819.0869
7369,0.54,-0.5009,+0.0191,-6.0559,5.5550,40.7853,-171.3777,5934.3506,5934.3506
7370,0.55,-0.5556,+0.0963,-6.0889,5.5334,34.6103,-172.5209,6028.4297,6028.4297
7371,0.54,-0.5332,-0.0124,-6.0848,5.5516,34.5370,-172.0079,5988.5068,5988.5068
7372,0.54,-1.0073,+0.0513,-6.0719,5.0646,3.1486,-175.1087,6158.0352,6158.0352
7373,0.54,0.4489,+0.1527,-6.0618,6.5108,315.8150,-170.9500,6000.9092,6000.9092
7374,0.53,0.6924,+1.2496,-6.0604,6.7529,829.4686,-172.6958,6187.8906,6187.8906
7375,0.55,-0.7883,+0.1877,-6.0647,5.2763,23.3809,-171.5630,6014.7134,6014.7134
7376,0.54,-0.6562,+0.1239,-6.0609,5.4047,36.4087,-170.7245,5955.3682,5955.3682
7377,0.54,-0.1855,-0.0602,-6.0526,5.8671,139.9628,-171.6050,6019.3574,6019.3574
7378,0.55,-0.6299,+0.1257,-6.0711,5.4412,16.8361,-170.0752,5899.1538,5899.1538
7379,0.54,-0.6024,+0.1793,-6.0499,5.4475,28.2321,-172.8728,6103.9673,6103.9673
7380,0.53,1.9793,+1.4002,-6.0476,8.0269,2425.1440,-172.0447,6169.1489,6169.1489
7381,0.54,-0.9250,-0.2466,-6.0315,5.1064,12.2608,-172.9188,6062.7529,6062.7529
7382,0.53,-0.5905,-0.1405,-6.0364,5.4459,56.2263,-172.9359,6083.0811,6083.0811
7383,0.55,-0.7587,+0.2020,-6.0214,5.2627,34.9725,-174.7838,6188.0894,6188.0894
7384,0.55,-0.5375,+0.0337,-6.0258,5.4884,28.7228,-174.6516,6200.5654,6200.5654
7385,0.55,-0.2024,+2.6554,-6.0484,5.8460,147.1375,-174.0875,6153.5449,6153.5449
7386,0.54,-0.6886,-0.0013,-6.0437,5.3551,19.6366,-172.1108,5990.2217,5990.2217
7387,0.56,-0.8809,-0.1967,-6.0286,5.1477,20.7448,-175.1741,6188.7627,6188.7627
7388,0.53,-0.8392,-0.1859,-6.0429,5.2036,22.9586,-174.5483,6163.3750,6163.3750
7389,0.54,-0.0414,-2.3281,-6.0166,5.9752,267.5166,-173.8123,6101.6084,6101.6084
7390,0.54,-0.9897,+0.0893,-6.0315,5.0417,23.7691,-173.2643,6055.3584,6055.3584
7391,0.54,-0.8978,-0.0610,-6.0560,5.1582,9.6973,-175.8307,6250.7129,6250.7129
7392,0.56,-0.4999,-0.2762,-6.0570,5.5571,25.2772,-172.6757,6087.0811,6087.0811
7393,0.54,-0.7760,+0.2269,-6.0347,5.2586,33.0684,-174.1962,6159.8506,6159.8506
7394,0.53,-0.9103,-0.0238,-6.0586,5.1483,25.3739,-173.6746,6132.2495,6132.2495
7395,0.54,-0.6632,+0.2642,-6.0477,5.3845,43.9790,-173.4698,6113.1914,6113.1914
7396,0.56,-0.7842,-0.0293,-6.0571,5.2729,29.8427,-174.5379,6185.3169,6185.3169
7397,0.56,-0.8697,-0.0487,-6.0754,5.2057,27.3560,-172.4310,6017.4844,6017.4844
7398,0.55,-0.5944,+0.0741,-6.0588,5.4644,29.5258,-171.9779,5972.3877,5972.3877
7399,0.53,-0.6114,-0.0359,-6.0951,5.4837,32.3597,-169.6503,5840.3662,5840.3662
7400,0.56,-0.4822,+0.0303,-6.0700,5.5878,35.3844,-171.9603,5991.9126,5991.9126
7401,0.54,-0.8976,-0.0044,-6.0318,5.1342,23.5731,-174.1991,6105.5977,6105.5977
7402,0.53,-0.6657,-0.1820,-6.0202,5.3546,41.8930,-176.0889,6245.5801,6245.5801
7403,0.52,-0.6156,-0.1643,-6.0290,5.4134,39.0132,-177.1255,6321.3770,6321.3770
7404,0.56,-7.8369,+0.6101,-6.0367,-1.8002,11812.0166,-176.3466,5741.2739,5741.2739
7405,0.56,-0.7588,-0.0091,-6.0076,5.2488,33.4359,-177.4530,6352.1182,6352.1182
7406,0.55,-0.6264,-0.0233,-6.0273,5.4009,34.2975,-174.7285,6188.2246,6188.2246
7407,0.53,-0.7193,-0.1877,-6.0368,5.3176,34.1526,-174.8540,6173.3120,6173.3120
7408,0.54,-0.7665,-0.2508,-6.0047,5.2381,30.4612,-175.0163,6163.1875,6163.1875
7409,0.51,-0.6969,-0.0416,-5.9811,5.2842,34.5751,-178.0446,6378.5283,6378.5283
7410,0.56,-0.4845,+0.0739,-6.0229,5.5384,41.1264,-177.5347,6350.3394,6350.3394
7411,0.53,-0.6442,+0.0906,-6.0430,5.3989,34.7259,-175.4568,6200.9531,6200.9531
7412,0.55,-1.1830,+0.3325,-6.0443,4.8613,57.4014,-173.3406,6041.6455,6041.6455
7413,0.55,-2.3114,+0.8086,-6.0550,3.7436,262.3120,-172.4175,5925.1445,5925.1445
7414,0.53,-2.8202,-7.8950,-6.0569,3.2367,837.2678,-173.4139,5967.6787,5967.6787
7415,0.56,-0.5607,-0.1882,-6.0551,5.4944,35.0488,-172.7948,6037.1084,6037.1084
7416,0.53,-0.5019,+0.0302,-6.0557,5.5538,33.0097,-175.1714,6246.0342,6246.0342
7417,0.55,-0.5585,-0.3060,-6.0414,5.4829,43.5876,-173.5347,6105.7798,6105.7798
7418,0.55,-0.4875,+0.1901,-6.0338,5.5463,34.5698,-173.3869,6115.3433,6115.3433
7419,0.52,-0.7586,+0.0026,-6.0555,5.2969,30.0517,-173.5814,6071.9805,6071.9805
7420,0.53,-2.4659,+2.3871,-6.0448,3.5789,428.2245,-171.8160,5895.8164,5895.8164
7421,0.55,-1.5522,+0.2912,-6.0641,4.5119,75.9632,-173.9083,6057.0518,6057.0518
7422,0.56,5.0702,-3.1781,-6.0634,11.1336,10685.1035,-173.9010,6340.1401,6340.1401
7423,0.55,-0.8170,-0.1902,-6.0514,5.2344,33.1064,-172.4496,5993.5781,5993.5781
7424,0.54,-0.9618,-0.1275,-6.0446,5.0829,50.6378,-173.1165,6042.4038,6042.4038
7425,0.55,-0.7635,-0.2044,-6.0197,5.2562,31.0319,-173.5563,6074.0054,6074.0054
7426,0.53,-0.8357,+0.0336,-6.0219,5.1862,28.4933,-176.1709,6274.9600,6274.9600
7427,0.54,-0.7144,-0.2141,-6.0371,5.3227,23.9702,-175.3391,6209.8911,6209.8911
7428,0.55,-0.7197,-0.0618,-6.0214,5.3017,25.8023,-174.3473,6107.2017,6107.2017
7429,0.55,-0.8161,+0.2332,-6.0385,5.2224,24.1690,-171.8598,5953.3555,5953.3555
7430,0.54,-0.7903,+0.0111,-6.0328,5.2426,30.8654,-176.1497,6239.0190,6239.0190
7431,0.56,-0.7437,-0.1375,-6.0285,5.2848,32.9356,-174.7799,6153.0664,6153.0664
7432,0.55,-0.7012,-0.1667,-6.0244,5.3232,27.7133,-174.4889,6127.7832,6127.7832
7433,0.54,-0.5725,+0.0094,-5.9852,5.4127,33.0288,-176.2652,6258.1982,6258.1982
7434,0.56,-0.3423,-0.1147,-6.0270,5.6847,129.8437,-175.1231,6230.6528,6230.6528
7435,0.55,-0.9326,+0.0805,-6.0476,5.1150,34.5262,-174.3247,6162.6436,6162.6436
7436,0.53,-0.8958,-0.0718,-6.0471,5.1513,36.9510,-173.8693,6104.2061,6104.2061
7437,0.55,-1.0404,+0.4126,-6.0530,5.0125,87.3980,-172.1584,5971.0605,5971.0605
7438,0.54,-0.8018,+0.0013,-6.0509,5.2492,37.6727,-172.2795,6002.4395,6002.4395
7439,0.53,-0.8675,-0.2158,-6.0543,5.1869,7.7274,-171.6028,5939.1602,5939.1602
7440,0.56,-0.7633,-0.4420,-6.0432,5.2799,52.0505,-172.5102,6023.2617,6023.2617
7441,0.54,-0.7281,+0.2467,-6.0429,5.3148,59.2783,-172.5753,6013.1694,6013.1694
7442,0.55,-0.5769,+0.1598,-6.0441,5.4672,114.9874,-174.6689,6142.6206,6142.6206
7443,0.55,-0.9646,+0.3251,-6.0278,5.0632,10.1946,-175.8855,6230.8208,6230.8208
7444,0.53,-0.7525,+0.0236,-5.9996,5.2472,26.5907,-175.7812,6244.9771,6244.9771
7445,0.55,-0.2075,+0.1297,-6.0055,5.7979,180.8933,-173.9517,6115.2891,6115.2891
7446,0.53,-0.2195,-0.1935,-6.0232,5.8037,163.1019,-173.3963,6091.2568,6091.2568
7447,0.55,-0.6924,-0.1284,-6.0221,5.3297,29.9084,-173.4450,6064.7769,6064.7769
7448,0.55,-0.7378,-0.1321,-6.0426,5.3048,24.9364,-172.9051,6050.8530,6050.8530
7449,0.53,-0.8909,-0.0715,-6.0541,5.1632,50.4128,-172.2660,5990.7803,5990.7803
7450,0.54,-0.8342,-0.1356,-6.0520,5.2178,28.6884,-174.0122,6121.5088,6121.5088
7451,0.54,-0.1099,-0.3879,-6.0475,5.9376,249.2295,-172.2985,6059.1670,6059.1670
7452,0.53,-0.7216,-0.0158,-6.0456,5.3240,34.8027,-173.1897,6044.0381,6044.0381
7453,0.54,-0.5970,-0.1427,-6.0863,5.4893,32.6406,-172.6258,6037.0088,6037.0088
7454,0.55,-0.7915,-0.0308,-6.0769,5.2855,41.5559,-173.0748,6034.6001,6034.6001
7455,0.55,-0.6105,-0.0654,-6.0589,5.4484,24.7145,-174.5301,6172.6411,6172.6411
7456,0.52,-0.7186,-0.0341,-6.0497,5.3311,26.2714,-175.2380,6241.0752,6241.0752
7457,0.54,-0.5432,-0.0158,-6.0504,5.5071,29.2459,-174.7973,6218.8350,6218.8350
7458,0.52,-0.3373,+0.0234,-6.0478,5.7105,47.1563,-172.5545,6061.5273,6061.5273
7459,0.56,-0.7385,-0.0042,-6.0372,5.2987,25.4957,-173.9237,6138.1323,6138.1323
7460,0.54,-0.3125,+0.2896,-6.0476,5.7351,73.5460,-173.3410,6112.1763,6112.1763
7461,0.55,-0.3839,+0.2316,-6.0355,5.6516,36.5076,-173.6613,6108.1104,6108.1104
7462,0.52,-0.7630,+0.1367,-6.0359,5.2728,33.3789,-176.0967,6275.0791,6275.0791
7463,0.53,-0.5563,+0.0336,-6.0376,5.4813,37.6803,-174.7499,6176.6787,6176.6787
7464,0.53,-0.6284,+0.0075,-6.0432,5.4148,36.2341,-173.8446,6113.9385,6113.9385
7465,0.53,-0.5837,-0.2267,-6.0680,5.4843,52.9927,-171.7733,5969.7656,5969.7656
7466,0.52,-0.4263,-0.0088,-6.0704,5.6441,29.9851,-171.8376,5999.7295,5999.7295
7467,0.54,-0.7550,+0.1829,-6.0628,5.3079,27.8079,-173.6688,6096.9604,6096.9604
7468,0.53,-0.8282,+0.2882,-6.0638,5.2356,26.2852,-172.5259,6040.6353,6040.6353
7469,0.54,-0.6215,-0.1615,-6.0533,5.4318,30.0523,-174.5161,6161.9473,6161.9473
7470,0.54,-0.6306,+0.0790,-6.0719,5.4413,29.2161,-173.9036,6174.5811,6174.5811
7471,0.54,-0.5485,+0.2128,-6.0406,5.4921,31.6653,-173.5374,6142.0088,6142.0088
7472,0.55,-0.7472,+0.1526,-6.0554,5.3083,32.6789,-173.3181,6086.8184,6086.8184
7473,0.53,-0.7289,+0.1124,-6.0341,5.3052,31.7279,-174.5353,6184.7061,6184.7061
7474,0.53,-0.7934,-0.1534,-6.0519,5.2585,31.6710,-175.6930,6265.7769,6265.7769
7475,0.55,-0.5625,-0.0995,-6.0692,5.5067,28.5518,-173.1368,6083.4648,6083.4648
7476,0.54,-0.5859,-0.0992,-6.0661,5.4802,42.7072,-173.3471,6099.8315,6099.8315
7477,0.54,-0.8171,-0.2970,-6.0642,5.2471,30.3285,-172.7304,6048.8887,6048.8887
7478,0.54,-0.7355,-0.0056,-6.0936,5.3581,28.1171,-172.4250,6034.8286,6034.8286
7479,0.54,-0.7216,+0.0232,-6.0789,5.3573,28.7140,-172.0282,5994.6597,5994.6597
7480,0.55,-0.9011,-0.2398,-6.0750,5.1740,35.1537,-172.3531,6003.4536,6003.4536
7481,0.55,-0.4771,-0.2504,-6.0723,5.5951,35.8233,-173.3755,6103.8877,6103.8877
7482,0.54,-0.5709,-0.2118,-6.0829,5.5120,25.1240,-173.9637,6144.8042,6144.8042
7483,0.53,-0.7612,-0.1977,-6.0638,5.3027,33.6466,-176.2947,6276.5938,6276.5938
7484,0.54,-0.6781,-0.1228,-6.0612,5.3831,28.9448,-175.6097,6224.3740,6224.3740
7485,0.54,-1.4765,-1.3879,-6.0903,4.6138,65.2053,-173.1620,6035.1445,6035.1445
7486,0.55,-0.8099,-0.0760,-6.0589,5.2490,9.2921,-174.5754,6153.8608,6153.8608
7487,0.55,-0.7672,-0.0187,-6.0491,5.2819,36.7848,-173.2963,6073.9888,6073.9888
7488,0.54,-0.7274,+0.0258,-6.0368,5.3094,28.0214,-174.7909,6177.9189,6177.9189
7489,0.54,-0.1765,-0.3519,-6.0461,5.8696,199.2085,-173.4100,6134.5273,6134.5273
7490,0.54,-1.4289,+0.3351,-6.0393,4.6104,19.4325,-172.9152,6019.4185,6019.4185
7491,0.54,-0.6588,-0.0061,-6.0587,5.3999,31.1782,-173.2536,6090.8125,6090.8125
7492,0.54,-0.9272,+0.1512,-6.0554,5.1283,53.4277,-172.5533,6027.6006,6027.6006
7493,0.55,-0.6754,+0.7203,-6.0288,5.3534,48.3517,-172.8992,6046.4980,6046.4980
7494,0.55,1.4926,+0.7066,-6.0614,7.5539,1518.0609,-172.7888,6086.3101,6086.3101
7495,0.55,-0.3135,+0.4232,-6.0634,5.7499,210.5745,-173.4128,6089.5049,6089.5049
7496,0.55,-0.8979,+0.1384,-6.0673,5.1694,46.9696,-172.2889,5993.8906,5993.8906
7497,0.54,3.4837,-0.8081,-6.0700,9.5537,5233.4819,-172.6460,6043.8691,6043.8691
7498,0.55,-0.7476,-0.1914,-6.0769,5.3293,32.5702,-172.1934,6000.8579,6000.8579
7499,0.55,-0.5638,-0.0814,-6.0653,5.5014,49.3319,-172.0648,5986.9160,5986.9160
7500,0.54,-0.7326,+0.1238,-6.0497,5.3171,30.0654,-174.1006,6118.6118,6118.6118
7501,0.55,-1.0507,-0.2922,-6.0322,4.9815,5.3071,-175.2593,6194.3037,6194.3037
7502,0.55,-0.7110,+0.0955,-6.0382,5.3272,45.0659,-174.4032,6159.2319,6159.2319
7503,0.54,-0.9722,+0.1354,-6.0743,5.1021,52.8639,-173.1964,6071.0889,6071.0889
7504,0.54,-0.7734,-0.0782,-6.0601,5.2867,37.0152,-173.0762,6063.6787,6063.6787
7505,0.53,-0.7268,-0.0293,-6.0523,5.3256,35.6088,-173.4218,6049.7524,6049.7524
7506,0.54,-0.6813,+0.0782,-6.0462,5.3649,31.5122,-174.4782,6143.0898,6143.0898
7507,0.54,-0.0927,+0.2615,-6.0666,5.9740,297.8157,-172.9375,6088.4287,6088.4287
7508,0.54,-0.7223,-0.1372,-6.0498,5.3276,32.3454,-173.8934,6100.3711,6100.3711
7509,0.56,-0.6511,-0.0055,-6.0226,5.3715,30.4397,-174.5494,6145.7017,6145.7017
7510,0.53,-0.7769,+0.1008,-6.0048,5.2278,34.5641,-174.4803,6110.4478,6110.4478
7511,0.57,-0.7915,-0.1287,-6.0473,5.2558,34.3653,-174.2358,6111.0400,6111.0400
7512,0.53,-0.6255,-0.0993,-6.0494,5.4239,31.4034,-174.3907,6133.3774,6133.3774
7513,0.53,-1.0946,+0.1022,-6.0652,4.9706,71.1464,-170.9799,5871.6558,5871.6558
7514,0.54,-1.0866,+0.0294,-6.0698,4.9832,53.8834,-171.9443,5983.2793,5983.2793
7515,0.54,-0.9347,-0.1336,-6.0740,5.1392,46.3781,-173.9536,6118.1577,6118.1577
7516,0.56,-0.8750,-0.1224,-6.0782,5.2031,31.5138,-173.8616,6101.6851,6101.6851
7517,0.55,-0.8032,-0.1180,-6.0747,5.2715,32.2583,-173.6115,6072.6455,6072.6455
7518,0.56,-0.6925,-0.0754,-6.0815,5.3890,35.3713,-172.9282,6044.5376,6044.5376
7519,0.54,-0.7818,-0.1013,-6.0643,5.2825,32.8136,-173.7914,6066.3511,6066.3511
7520,0.56,-0.6515,-0.0635,-6.0606,5.4091,56.3745,-175.8222,6225.2935,6225.2935
7521,0.55,-0.6185,-0.0907,-6.0416,5.4230,32.0907,-175.2533,6172.3496,6172.3496
7522,0.53,-0.6720,+0.1439,-6.0246,5.3526,30.3004,-175.2523,6160.7861,6160.7861
7523,0.55,-0.7845,+0.1154,-6.0402,5.2557,13.0893,-174.4364,6108.3740,6108.3740
7524,0.53,-0.8221,-0.1132,-6.0530,5.2309,31.5034,-174.1852,6112.7549,6112.7549
7525,0.54,-0.7932,-0.0641,-6.0611,5.2680,33.0566,-174.9270,6160.9727,6160.9727
7526,0.56,-0.9168,+0.1573,-6.0604,5.1437,35.6210,-173.8988,6066.6641,6066.6641
7527,0.55,-0.8124,+0.0548,-6.0363,5.2239,31.9814,-173.0284,6023.3237,6023.3237
7528,0.55,0.0875,-0.0749,-6.0532,6.1407,362.1371,-175.1604,6225.7539,6225.7539
7529,0.55,-1.8853,-0.8507,-6.0463,4.1609,76.8357,-175.0280,6093.5371,6093.5371
7530,0.56,-1.2257,+0.2578,-6.0420,4.8163,3.2824,-175.5733,6195.3857,6195.3857
7531,0.56,-1.2280,-0.0414,-6.0338,4.8059,8.6343,-176.7352,6270.3857,6270.3857
7532,0.55,-1.2620,+0.1660,-6.0556,4.7936,24.5145,-175.2381,6171.9160,6171.9160
7533,0.56,-0.9033,+0.2101,-6.0564,5.1531,4.5441,-165.7434,5529.5415,5529.5415
7534,0.55,5.1779,+3.8823,-6.0692,11.2470,9942.9717,-174.6074,6297.4629,6297.4629
7535,0.55,0.0931,-0.3154,-6.0696,6.1627,327.0612,-173.3966,6068.5625,6068.5625
7536,0.55,-0.0130,+0.2849,-6.0707,6.0577,455.4796,-172.6560,6018.0601,6018.0601
7537,0.54,-0.3927,-0.3597,-6.0527,5.6601,249.3109,-172.7354,6035.8315,6035.8315
7538,0.54,-0.9026,-0.1529,-6.0308,5.1282,22.8750,-172.9502,6038.5288,6038.5288
7539,0.56,0.7160,-0.2204,-6.0340,6.7500,855.9772,-172.3523,6057.9888,6057.9888
7540,0.56,-0.1768,+0.0360,-6.0453,5.8685,278.3996,-173.2361,6097.2314,6097.2314
7541,0.55,-1.3271,-0.1753,-6.0318,4.7047,34.6126,-173.8267,6107.2988,6107.2988
7542,0.55,-0.7486,-0.0016,-6.0180,5.2694,32.4709,-174.4477,6144.2202,6144.2202
7543,0.55,-0.7316,-0.0992,-6.0206,5.2890,33.2405,-173.9443,6091.5884,6091.5884
7544,0.55,-0.7228,-0.1088,-6.0321,5.3094,34.3618,-172.8393,6004.2847,6004.2847
7545,0.55,-0.6856,+0.5666,-6.0446,5.3591,34.5334,-172.0020,5977.5601,5977.5601
7546,0.55,-0.5889,-0.0163,-6.0456,5.4567,33.6021,-172.3309,5999.4629,5999.4629
7547,0.54,-0.8576,-0.0300,-6.0523,5.1947,11.5516,-172.5833,6007.4365,6007.4365
7548,0.55,-0.9418,+0.8059,-6.0435,5.1018,33.4103,-171.8018,5932.7144,5932.7144
7549,0.56,-0.4299,-0.6376,-6.0434,5.6136,127.1683,-172.8264,6052.0571,6052.0571
7550,0.54,-0.9166,+0.0267,-6.0671,5.1505,15.5214,-173.5441,6084.4121,6084.4121
7551,0.53,-0.7776,+0.0555,-6.0629,5.2853,10.2030,-172.1249,6000.7998,6000.7998
7552,0.55,-0.0518,-0.1744,-6.0811,6.0293,329.4594,-174.3936,6173.4443,6173.4443
7553,0.57,-0.8218,-0.1106,-6.0620,5.2402,48.9413,-173.4308,6117.4990,6117.4990
7554,0.55,-0.0927,-0.0611,-6.0451,5.9524,282.5270,-174.3693,6203.9048,6203.9048
7555,0.54,-0.8233,-0.0443,-6.0513,5.2279,15.3478,-174.0672,6155.0088,6155.0088
7556,0.56,-0.8456,-0.0835,-6.0397,5.1941,17.9488,-172.6697,6052.3086,6052.3086
7557,0.53,-1.0741,-0.0767,-6.0507,4.9766,27.6624,-173.2815,6085.7100,6085.7100
7558,0.54,-1.0291,-0.3715,-6.0063,4.9773,15.0656,-177.4044,6358.1387,6358.1387
7559,0.55,-0.9470,+0.1568,-6.0167,5.0697,16.3194,-175.2451,6207.5586,6207.5586
7560,0.56,-1.8797,+0.8393,-6.0583,4.1786,351.8335,-173.7992,6086.7749,6086.7749
7561,0.54,-1.0192,+0.1503,-6.0542,5.0350,4.9074,-172.8493,6018.3589,6018.3589
7562,0.54,-0.5485,+0.1168,-6.0579,5.5094,49.0207,-171.2988,5943.4932,5943.4932
7563,0.53,-0.9439,+0.0942,-6.0551,5.1112,9.5930,-173.0058,6059.3672,6059.3672
7564,0.53,-0.6584,-0.1453,-6.0587,5.4002,27.9038,-175.4228,6242.6519,6242.6519
7565,0.53,-0.7619,+0.1019,-6.0674,5.3054,17.3741,-173.1804,6062.4795,6062.4795
7566,0.55,-0.8647,-0.0887,-6.0740,5.2093,11.7718,-174.6310,6173.9590,6173.9590
7567,0.55,-0.8453,+0.2704,-6.0419,5.1966,6.9735,-172.4211,5998.4263,5998.4263
7568,0.55,-0.6231,+0.0187,-6.0524,5.4293,14.7686,-172.4995,6029.1641,6029.1641
7569,0.53,-0.9989,-0.1736,-6.0511,5.0522,3.3467,-176.0951,6264.8350,6264.8350
7570,0.54,-0.9909,-0.1794,-6.0172,5.0263,2.7093,-169.2932,5758.6704,5758.6704
7571,0.53,-0.8396,-0.0551,-6.0346,5.1950,12.2199,-179.0028,6499.4570,6499.4570
7572,0.54,-0.9688,-0.2042,-6.0510,5.0822,3.7565,-176.6664,6364.1479,6364.1479
7573,0.54,-0.9813,+0.1117,-6.0644,5.0830,5.4347,-170.2001,5896.9609,5896.9609
7574,0.53,-0.9931,-0.0028,-6.0857,5.0925,9.8109,-175.7558,6324.8945,6324.8945
7575,0.53,-0.5264,+0.0193,-6.0716,5.5452,4.8386,-163.8977,5526.8721,5526.8721
7576,0.54,-1.1945,-0.0884,-6.0845,4.8900,7.8449,-177.6511,6469.1074,6469.1074
7577,0.55,-0.8951,+0.2005,-6.0610,5.1658,3.0761,-165.3228,5541.1079,5541.1079
7578,0.54,-0.8644,+0.0361,-6.0750,5.2106,5.1147,-178.6276,6484.9902,6484.9902
7579,0.54,-0.6186,+0.0482,-6.0678,5.4492,3.3572,-163.4115,5482.1289,5482.1289
7580,0.53,-1.0313,+0.1518,-6.0300,4.9987,3.7604,-183.0172,6815.5679,6815.5679
7581,0.56,-0.7166,-0.0208,-6.0492,5.3326,4.0169,-166.2749,5640.7026,5640.7026
7582,0.55,-1.1216,-0.0051,-6.0491,4.9275,3.6286,-183.0925,6810.9648,6810.9648
7583,0.55,-0.9257,+0.1000,-6.0821,5.1564,2.3815,-162.7750,5392.0742,5392.0742
7584,0.55,-0.8508,+0.2527,-6.0576,5.2068,3.3327,-182.2668,6745.3408,6745.3408
7585,0.54,-1.0283,-0.1792,-6.0804,5.0521,3.6764,-170.5128,5900.6768,5900.6768
7586,0.54,-0.7621,+0.0005,-6.0843,5.3222,3.3114,-182.3881,6754.5400,6754.5400
7587,0.57,-0.6777,+0.2098,-6.0685,5.3908,4.7731,-164.7248,5531.9443,5531.9443
7588,0.56,-0.7761,+0.0122,-6.0603,5.2841,20.1108,-179.0007,6538.8384,6538.8384
7589,0.54,-1.0506,-0.2788,-6.0551,5.0046,9.4749,-177.9382,6426.0308,6426.0308
7590,0.54,-1.0214,-0.0652,-6.0587,5.0373,6.4417,-175.8458,6254.3447,6254.3447
7591,0.54,-0.9258,+0.2398,-6.0528,5.1271,2.1824,-168.8106,5773.1528,5773.1528
7592,0.54,-1.0291,-0.1707,-6.0697,5.0406,15.8663,-183.3106,6784.3105,6784.3105
7593,0.57,-0.9163,+0.0420,-6.0872,5.1709,3.7863,-171.4431,5979.0708,5979.0708
7594,0.53,-0.8313,+0.1484,-6.0662,5.2349,3.4651,-179.6290,6552.4023,6552.4023
7595,0.55,-2.2150,+0.4361,-6.0945,3.8795,395.1238,-171.0920,5869.7935,5869.7935
7596,0.56,-0.9071,-0.1183,-6.0928,5.1857,3.5598,-169.0986,5843.1992,5843.1992
7597,0.56,-0.9637,+0.0203,-6.0765,5.1128,2.8044,-179.7822,6586.3320,6586.3320
7598,0.55,-1.3340,-0.0005,-6.1186,4.7846,8.0203,-168.4920,5782.3838,5782.3838
7599,0.55,-0.8855,+0.0155,-6.1252,5.2397,4.2291,-175.8303,6347.3945,6347.3945
7600,0.56,-0.9771,+0.0469,-6.1275,5.1504,3.3654,-168.8967,5860.9004,5860.9004
7601,0.53,-0.9844,+0.2219,-6.1308,5.1464,10.2734,-176.8381,6426.7490,6426.7490
7602,0.55,-0.9653,+0.0444,-6.1192,5.1540,21.9242,-170.8651,6021.1650,6021.1650
7603,0.53,-0.6637,-0.0425,-6.1311,5.4675,127.5901,-169.0012,5931.0361,5931.0361
7604,0.54,-0.7860,-0.0731,-6.1501,5.3641,31.2357,-169.2684,5932.1431,5932.1431
7605,0.55,-0.8235,-0.0287,-6.1206,5.2971,44.9095,-169.7516,5948.8564,5948.8564
7606,0.52,-1.4046,-0.3963,-6.1013,4.6967,5.9816,-170.8339,5988.3198,5988.3198
7607,0.56,-1.1375,+0.0481,-6.1018,4.9643,3.5731,-176.9665,6422.4307,6422.4307
7608,0.54,-0.7114,+0.3218,-6.0868,5.3754,6.9157,-161.5499,5345.9365,5345.9365
7609,0.57,-1.0953,-0.2485,-6.0791,4.9838,2.6998,-177.9309,6521.8525,6521.8525
7610,0.55,-1.2661,+0.1222,-6.0646,4.7986,3.0447,-169.8733,5923.4648,5923.4648
7611,0.57,-1.1738,+0.2841,-6.1038,4.9300,2.6388,-180.0595,6704.9854,6704.9854
7612,0.55,-1.1868,-0.0958,-6.1177,4.9309,2.9240,-175.1293,6363.1582,6363.1582
7613,0.54,-1.0508,-0.2854,-6.1150,5.0643,6.4090,-177.8736,6529.3936,6529.3936
7614,0.55,-0.4711,+0.0881,-6.0926,5.6215,20.4637,-178.3590,6623.3574,6623.3574
7615,0.54,-0.3885,-0.0576,-6.0876,5.6991,29.9752,-170.3730,6050.3447,6050.3447
7616,0.55,-0.2418,-0.6557,-6.0982,5.8564,102.3134,-169.8031,6042.3018,6042.3018
7617,0.53,-0.6522,-0.0361,-6.0781,5.4259,50.8807,-171.6025,6130.3828,6130.3828
7618,0.54,0.0210,-0.1430,-6.0724,6.0934,68.5034,-169.9756,6035.4028,6035.4028
7619,0.56,-0.4104,-0.0254,-6.0550,5.6445,60.7478,-171.6752,6092.6309,6092.6309
7620,0.55,0.6550,-0.4297,-6.0523,6.7074,473.3716,-173.4151,6244.9785,6244.9785
7621,0.55,-0.2334,+0.0257,-6.0496,5.8162,95.4602,-173.2126,6219.0215,6219.0215
7622,0.56,-1.0642,-0.6826,-6.0212,4.9570,178.8097,-174.0497,6258.4604,6258.4604
7623,0.54,2.1552,-0.9070,-6.0550,8.2102,2038.9851,-172.9199,6280.2861,6280.2861
7624,0.54,-0.3780,-0.1761,-6.0499,5.6719,74.2453,-173.6860,6263.7510,6263.7510
7625,0.52,0.3158,-0.0060,-6.0588,6.3746,232.7853,-170.6442,6078.6572,6078.6572
7626,0.56,-0.4729,-0.1576,-6.0769,5.6039,42.1761,-171.6260,6123.1543,6123.1543
7627,0.55,1.4407,+0.8721,-6.0557,7.4964,1294.5901,-171.1225,6236.6226,6236.6226
7628,0.53,-1.0772,-1.6916,-6.0479,4.9708,222.9184,-170.3237,5934.2109,5934.2109
7629,0.53,0.4076,+2.1927,-6.0691,6.4767,452.0551,-170.2479,6114.0439,6114.0439
7630,0.54,-0.3742,+0.2284,-6.0683,5.6941,67.4001,-173.1594,6181.4951,6181.4951
7631,0.54,0.0245,-0.0816,-6.0631,6.0876,106.6672,-173.6104,6284.8862,6284.8862
7632,0.54,-1.4988,+0.5346,-6.0531,4.5543,547.6944,-172.0751,6049.3213,6049.3213
7633,0.54,0.2695,+0.3738,-6.0191,6.2886,134.4818,-172.8605,6189.1875,6189.1875
7634,0.53,1.6573,+0.6772,-6.0188,7.6761,907.5966,-174.6640,6437.3101,6437.3101
7635,0.53,0.6144,+0.8245,-6.0308,6.6453,335.9126,-175.9588,6423.4478,6423.4478
7636,0.52,-0.3048,+0.0278,-6.0469,5.7421,108.3563,-175.6867,6385.3242,6385.3242
7637,0.54,-0.3015,-0.2293,-6.0474,5.7459,72.0545,-174.7621,6314.1675,6314.1675
7638,0.53,-0.5105,-0.0345,-6.0454,5.5349,52.5320,-175.4942,6333.2910,6333.2910
7639,0.54,-0.1553,-0.0224,-6.0621,5.9068,207.6310,-172.9158,6184.9111,6184.9111
7640,0.56,-0.7549,+0.0987,-6.0745,5.3197,28.6529,-173.2067,6174.0098,6174.0098
7641,0.54,-0.5580,+0.0434,-6.0743,5.5163,50.7033,-170.5104,5988.9639,5988.9639
7642,0.54,-0.7544,+0.1482,-6.0624,5.3081,25.1359,-173.0850,6146.0596,6146.0596
7643,0.54,-0.8501,-0.0542,-6.0719,5.2218,17.1038,-173.9754,6216.3369,6216.3369
7644,0.53,-0.5972,-0.0653,-6.0537,5.4565,23.0629,-174.7471,6275.8857,6275.8857
7645,0.53,-0.8300,-0.0967,-6.0377,5.2077,40.5017,-175.3959,6289.3418,6289.3418
7646,0.52,-0.7707,+0.1164,-6.0601,5.2893,27.3202,-172.9142,6121.9521,6121.9521
7647,0.54,-0.8145,-0.1221,-6.0600,5.2454,38.5154,-172.9901,6118.4600,6118.4600
7648,0.53,-0.7838,-0.1010,-6.0543,5.2705,45.3414,-172.1232,6070.9502,6070.9502
7649,0.55,-0.7733,+0.2921,-6.0296,5.2563,49.4099,-174.2695,6221.4893,6221.4893
7650,0.53,-0.4587,+0.2305,-6.0303,5.5716,61.8919,-174.4964,6231.6416,6231.6416
7651,0.53,-0.6657,-0.0714,-6.0141,5.3484,51.7777,-174.5788,6226.1729,6226.1729
7652,0.54,-0.7124,-0.0430,-6.0178,5.3055,25.6416,-175.1579,6296.2148,6296.2148
7653,0.53,-0.6311,+0.0993,-6.0315,5.4004,20.8060,-174.8422,6273.4614,6273.4614
7654,0.53,-1.0907,+0.1484,-6.0565,4.9658,19.2512,-174.9418,6255.1406,6255.1406
7655,0.55,-0.7078,-0.0118,-6.0543,5.3465,24.4852,-173.9071,6186.7427,6186.7427
7656,0.55,-0.6021,-0.0448,-6.0572,5.4550,91.9803,-172.4740,6082.4141,6082.4141
7657,0.54,-0.9364,-0.4294,-6.0642,5.1279,9.5189,-171.5808,6010.4106,6010.4106
7658,0.54,-1.2786,+0.3907,-6.0403,4.7617,23.1579,-174.7459,6231.9951,6231.9951
7659,0.54,-0.6169,-0.2090,-6.0365,5.4196,23.3837,-174.9594,6268.8955,6268.8955
7660,0.54,-0.8170,-0.1040,-6.0405,5.2235,25.4128,-172.7545,6115.5947,6115.5947
7661,0.54,-0.6915,+0.0804,-6.0568,5.3653,30.8506,-174.3783,6249.6299,6249.6299
7662,0.55,-0.9222,+0.1368,-6.0521,5.1299,28.7748,-174.5070,6250.2803,6250.2803
7663,0.53,-0.5897,-0.0178,-6.0522,5.4625,60.3828,-173.9396,6217.6499,6217.6499
7664,0.54,-0.5883,-0.0096,-6.0280,5.4396,101.0671,-174.2081,6216.0986,6216.0986
7665,0.53,-1.1839,-0.2579,-6.0629,4.8791,66.0241,-173.6956,6182.4189,6182.4189
7666,0.53,-0.6472,-0.2742,-6.0464,5.3992,50.0971,-175.4925,6316.0718,6316.0718
7667,0.54,0.1046,+0.4808,-6.0121,6.1167,182.9310,-177.0619,6475.1475,6475.1475
7668,0.53,-0.5033,-0.0485,-6.0311,5.5278,55.8098,-175.7510,6349.2896,6349.2896
7669,0.53,-0.0475,+0.1166,-6.0651,6.0176,296.0267,-173.3852,6167.4556,6167.4556
7670,0.54,-0.4834,+0.6029,-6.0768,5.5935,74.9668,-172.7260,6130.1182,6130.1182
7671,0.55,-0.4327,-0.0722,-6.0709,5.6383,79.1364,-173.8455,6237.4053,6237.4053
7672,0.55,-0.9991,-0.0877,-6.0556,5.0565,50.2958,-175.5824,6347.0127,6347.0127
7673,0.53,-0.7893,-0.1643,-6.0700,5.2807,61.1368,-174.2862,6242.2285,6242.2285
7674,0.54,-0.3644,+0.0187,-6.0427,5.6783,38.0889,-175.1460,6312.0420,6312.0420
7675,0.54,-0.4265,-0.0136,-6.0575,5.6310,36.8448,-174.7973,6285.7676,6285.7676
7676,0.53,-0.8972,-0.1637,-6.0447,5.1475,27.7118,-175.1120,6300.0225,6300.0225
7677,0.53,-0.5962,+0.0872,-6.0456,5.4494,34.2592,-174.8752,6286.7168,6286.7168
7678,0.54,-0.9254,-0.0839,-6.0647,5.1393,32.6175,-174.4466,6243.7173,6243.7173
7679,0.53,-1.0897,-0.1639,-6.0288,4.9392,54.1702,-175.1575,6274.1929,6274.1929
7680,0.57,-0.9723,+0.1168,-6.0312,5.0589,40.1315,-174.7415,6256.3125,6256.3125
7681,0.55,-0.6871,-0.0885,-6.0737,5.3866,32.2292,-173.8790,6222.1885,6222.1885
7682,0.54,-0.8343,-0.1840,-6.0747,5.2404,23.4038,-175.2986,6299.7080,6299.7080
7683,0.55,-0.8099,+0.0353,-6.0787,5.2688,38.9101,-174.3334,6257.5879,6257.5879
7684,0.54,-0.7882,+0.2377,-6.0772,5.2890,33.8248,-173.7808,6206.5166,6206.5166
7685,0.54,-0.6334,-0.0788,-6.0940,5.4606,32.8695,-169.9212,5964.5718,5964.5718
7686,0.55,-0.5777,+0.1114,-6.0799,5.5022,94.0368,-173.0401,6155.7051,6155.7051
7687,0.54,-0.1558,+0.0459,-6.0769,5.9211,129.3642,-171.8095,6064.9180,6064.9180
7688,0.55,-0.7514,-0.1701,-6.0580,5.3067,30.8323,-174.0960,6210.8096,6210.8096
7689,0.53,-0.7375,-0.0517,-6.0677,5.3302,31.4300,-172.8753,6133.7773,6133.7773
7690,0.54,1.8580,+2.3399,-6.0538,7.9118,1929.0308,-172.7758,6268.9277,6268.9277
7691,0.54,-0.8128,+0.0454,-6.0670,5.2542,22.4125,-172.7333,6120.2900,6120.2900
7692,0.53,-0.8011,+0.2462,-6.0818,5.2807,53.0519,-173.4297,6140.6719,6140.6719
7693,0.54,-0.9142,+0.1928,-6.0809,5.1666,50.6912,-174.8504,6224.6514,6224.6514
7694,0.55,0.0071,+0.4836,-6.0525,6.0596,238.2349,-174.9805,6257.6650,6257.6650
7695,0.55,-0.6323,-0.1092,-6.0596,5.4273,31.3126,-172.9179,6075.6719,6075.6719
7696,0.53,-0.6063,-0.3538,-6.0747,5.4683,15.6488,-172.6369,6060.9395,6060.9395
7697,0.53,-0.7204,+0.0400,-6.0685,5.3482,33.3024,-173.6214,6137.8301,6137.8301
7698,0.53,-0.8144,-0.1222,-6.0678,5.2534,41.5175,-170.5788,5914.7891,5914.7891
7699,0.54,-0.1828,-0.5186,-6.0662,5.8834,271.3945,-171.9381,6076.9570,6076.9570
7700,0.55,-1.0568,-0.0493,-6.0410,4.9842,9.2014,-172.5284,6075.1040,6075.1040
7701,0.53,-1.0824,-0.1205,-6.0763,4.9940,3.3600,-172.8655,6107.4512,6107.4512
7702,0.51,-0.8528,-0.1032,-6.0733,5.2205,4.1335,-173.9506,6126.7705,6126.7705
7703,0.53,-0.8682,+0.1184,-6.0446,5.1764,3.5723,-175.4590,6280.4521,6280.4521
7704,0.55,-1.2274,+0.1759,-6.0535,4.8261,11.9227,-177.1559,6372.5776,6372.5776
7705,0.54,-1.1060,+0.2274,-6.0494,4.9434,119.2168,-177.5441,6441.8369,6441.8369
7706,0.55,-0.8620,+0.4961,-6.0667,5.2047,8.6482,-176.0557,6289.0259,6289.0259
7707,0.54,-1.4826,+0.3114,-6.0421,4.5595,132.0184,-175.7437,6209.0430,6209.0430
7708,0.54,-0.7047,-0.0593,-6.0152,5.3105,18.8719,-172.9870,6088.1240,6088.1240
7709,0.54,-0.8825,-0.1628,-6.0321,5.1496,19.5191,-171.0424,5940.5273,5940.5273
7710,0.53,-0.5914,+0.1190,-6.0533,5.4620,37.1105,-171.8704,6014.2744,6014.2744
7711,0.55,-0.3628,-0.2080,-6.0543,5.6915,39.7620,-173.3729,6143.6387,6143.6387
7712,0.55,-0.2917,-0.3300,-6.0671,5.7754,47.7267,-171.8233,6017.2871,6017.2871
7713,0.52,-0.5997,-0.0152,-6.0543,5.4546,57.9948,-172.5790,6060.0146,6060.0146
7714,0.53,-0.3084,+0.3960,-6.0320,5.7237,73.7430,-171.5245,5993.2729,5993.2729
7715,0.54,0.0744,+0.2137,-6.0469,6.1213,104.5005,-169.4567,5873.8525,5873.8525
7716,0.54,-0.4908,+0.0395,-6.0599,5.5690,67.5234,-168.1558,5759.5059,5759.5059
7717,0.53,-0.5724,-0.1909,-6.0460,5.4735,19.9020,-169.2867,5839.4131,5839.4131
7718,0.55,-0.3048,+0.5887,-6.0400,5.7352,69.5253,-169.7874,5886.5747,5886.5747
7719,0.54,-0.4948,+0.2966,-6.0716,5.5769,34.2838,-169.6428,5882.2510,5882.2510
7720,0.54,-0.0871,-0.0026,-6.0708,5.9837,118.5424,-171.2747,6003.8066,6003.8066
7721,0.54,0.0374,+0.5603,-6.0785,6.1159,137.9270,-172.6055,6129.5908,6129.5908
7722,0.55,-0.0272,+0.5481,-6.0624,6.0352,93.1949,-171.8719,6084.5063,6084.5063
7723,0.51,0.1617,-0.6246,-6.0858,6.2475,173.2890,-170.9684,6056.4922,6056.4922
7724,0.52,-0.1915,+0.5390,-6.0681,5.8766,321.4196,-171.2240,6002.1982,6002.1982
7725,0.53,-0.4435,+0.0372,-6.0749,5.6314,53.0120,-170.7148,5961.9253,5961.9253
7726,0.54,-0.3730,+0.0419,-6.0582,5.6852,35.8584,-174.0909,6214.7197,6214.7197
7727,0.54,-0.7727,+0.2193,-6.0652,5.2925,64.0457,-173.7240,6140.4688,6140.4688
7728,0.55,-0.7134,-0.1448,-6.0555,5.3421,45.4957,-171.5420,6001.1357,6001.1357
7729,0.53,-0.1376,-0.0202,-6.0409,5.9033,91.9774,-174.3134,6202.3555,6202.3555
7730,0.53,-0.4085,+0.2435,-6.0387,5.6302,27.4703,-173.5475,6129.7866,6129.7866
7731,0.54,-0.7214,-0.0312,-6.0235,5.3021,28.2049,-174.5724,6215.2764,6215.2764
7732,0.55,-0.7010,+0.0455,-6.0447,5.3438,24.9731,-173.3010,6141.9209,6141.9209
7733,0.54,-0.6845,-0.1609,-6.0425,5.3579,11.5771,-174.2348,6195.8076,6195.8076
7734,0.52,-0.8975,-0.3901,-6.0300,5.1325,5.4173,-173.1016,6120.0850,6120.0850
7735,0.52,-1.0571,+0.2372,-5.9978,4.9407,5.1072,-177.6519,6415.5303,6415.5303
7736,0.52,-0.5474,+0.1033,-6.0175,5.4701,4.8065,-170.9433,5966.4795,5966.4795
7737,0.54,-1.0302,-0.1189,-6.0139,4.9837,4.3269,-174.2219,6210.7661,6210.7661
7738,0.54,-0.3638,-0.0244,-6.0261,5.6622,4.5493,-185.8246,7097.2803,7097.2803
7739,0.51,-0.9225,-0.0805,-6.0330,5.1105,2.1326,-168.5343,5807.1655,5807.1655
7740,0.54,-0.2973,-0.0920,-6.0205,5.7232,10.3550,-184.8818,6966.9946,6966.9946
7741,0.53,-0.7087,+0.1158,-6.0376,5.3290,9.3261,-172.7033,6107.9287,6107.9287
7742,0.53,-1.0231,+0.0872,-6.0433,5.0202,4.1939,-174.2907,6191.1997,6191.1997
7743,0.54,-0.9670,-0.0785,-6.0336,5.0666,4.8757,-179.0173,6548.4053,6548.4053
7744,0.54,-1.0242,-0.1885,-6.0680,5.0438,4.4264,-177.1377,6434.6250,6434.6250
7745,0.52,-0.7030,+0.0426,-6.0555,5.3525,24.6471,-173.3851,6185.5972,6185.5972
7746,0.53,-0.5553,-0.0174,-6.0585,5.5032,27.7907,-175.8262,6381.8291,6381.8291
7747,0.54,-0.3016,-0.1111,-6.0554,5.7537,42.3990,-173.5670,6219.7339,6219.7339
7748,0.51,-0.5473,+0.0592,-6.0605,5.5131,21.3633,-173.4058,6198.6641,6198.6641
7749,0.53,0.0208,-0.2392,-6.0751,6.0959,79.2759,-171.2296,6080.3213,6080.3213
7750,0.53,-0.3750,+0.3001,-6.0571,5.6821,28.6894,-173.3368,6224.2939,6224.2939
7751,0.52,0.2749,-0.1982,-6.0309,6.3058,149.2400,-172.7698,6169.3955,6169.3955
7752,0.52,-0.3006,-0.3551,-6.0562,5.7556,55.1942,-173.6492,6225.9902,6225.9902
7753,0.52,0.0007,-0.2437,-6.1010,6.1018,57.0917,-172.9855,6201.7852,6201.7852
7754,0.53,0.3472,-0.0807,-6.0595,6.4067,93.9009,-173.2855,6224.0244,6224.0244
7755,0.54,0.4050,+1.9804,-6.0891,6.4941,82.7277,-173.1835,6185.0537,6185.0537
7756,0.51,0.3814,-0.9069,-6.0599,6.4413,160.9251,-172.5298,6168.7202,6168.7202
7757,0.54,0.2609,+0.1545,-6.0524,6.3134,67.9948,-172.3947,6146.7549,6146.7549
7758,0.54,-0.2549,+1.1731,-6.0482,5.7933,74.3603,-170.4734,5983.3105,5983.3105
7759,0.51,0.4086,-0.2006,-6.0289,6.4375,87.6057,-170.8214,6032.9312,6032.9312
7760,0.52,0.2643,-0.1794,-6.0125,6.2768,118.6934,-172.0292,6135.5752,6135.5752
7761,0.54,-0.5277,-0.0083,-6.0257,5.4981,50.0889,-172.7040,6158.5781,6158.5781
7762,0.52,-0.4074,+0.2912,-6.0199,5.6125,46.7984,-174.2642,6268.8203,6268.8203
7763,0.52,-0.1079,-0.0513,-6.0087,5.9008,30.4413,-171.9026,6102.6523,6102.6523
7764,0.52,0.6516,-0.5575,-5.9891,6.6407,183.7128,-175.7213,6369.9087,6369.9087
7765,0.53,-0.9272,+0.0711,-5.9805,5.0533,54.6557,-175.4365,6298.1494,6298.1494
7766,0.52,8.8099,-1.9830,-5.9970,14.8068,11970.2598,-175.3517,6800.0552,6800.0552
7767,0.52,6.6715,-3.2716,-6.0040,12.6755,9582.7559,-173.1666,6542.4082,6542.4082
7768,0.54,-0.1157,+3.0924,-6.0235,5.9078,46.1473,-174.5770,6273.7754,6273.7754
7769,0.53,-2.0133,-0.7297,-6.0509,4.0376,597.3449,-173.3087,6095.6182,6095.6182
7770,0.53,0.2878,-1.0722,-6.0340,6.3218,138.7677,-173.0128,6192.7334,6192.7334
7771,0.54,1.2256,+0.0692,-6.0340,7.2596,649.9513,-173.2505,6275.9053,6275.9053
7772,0.52,-4.5945,-2.1705,-6.0429,1.4484,4599.4761,-173.2332,5913.1748,5913.1748
7773,0.53,0.2134,-0.2537,-6.0496,6.2630,165.5602,-173.4071,6238.0513,6238.0513
7774,0.54,0.8040,+0.4062,-6.0769,6.8809,492.3455,-172.9014,6262.9761,6262.9761
7775,0.54,0.4862,-0.0044,-6.0500,6.5361,165.3484,-172.7304,6185.9004,6185.9004
7776,0.52,1.1146,-0.2274,-6.0507,7.1653,209.2039,-173.0936,6243.9990,6243.9990
7777,0.53,0.1513,-0.7439,-6.0675,6.2189,127.1277,-172.1007,6127.2993,6127.2993
7778,0.53,0.3337,-0.3042,-6.0891,6.4229,135.0344,-171.8952,6117.7583,6117.7583
7779,0.51,0.6784,-0.4611,-6.0823,6.7608,189.4312,-172.8911,6196.1299,6196.1299
7780,0.53,0.3948,+0.0182,-6.0565,6.4514,114.9661,-171.8493,6127.0229,6127.0229
7781,0.53,-0.1913,+0.5201,-6.0464,5.8551,157.7001,-171.1432,6058.4395,6058.4395
7782,0.55,0.8213,-1.1110,-6.0143,6.8356,210.7970,-172.8799,6222.1611,6222.1611
7783,0.52,0.2242,+0.3107,-6.0346,6.2588,116.8827,-172.6220,6160.8447,6160.8447
7784,0.53,0.3473,+0.1041,-6.0258,6.3731,135.0403,-171.7379,6108.0952,6108.0952
7785,0.53,1.3989,+0.2290,-6.0680,7.4669,493.3578,-169.8572,6073.6465,6073.6465
7786,0.53,0.6586,+0.1166,-6.0529,6.7115,132.0265,-170.6858,6071.7505,6071.7505
7787,0.51,0.3647,-0.5323,-6.0081,6.3728,74.8479,-173.2572,6196.8818,6196.8818
7788,0.54,1.3256,-0.9140,-6.0178,7.3434,464.5704,-171.8989,6177.5010,6177.5010
7789,0.51,3.1011,+0.2334,-6.0255,9.1265,1585.3928,-170.8609,6169.9834,6169.9834
7790,0.51,0.6391,+0.1746,-6.0225,6.6616,189.2231,-171.1127,6077.2031,6077.2031
7791,0.52,0.1927,-0.6527,-6.0268,6.2195,242.7075,-171.3331,6073.0889,6073.0889
7792,0.52,1.0006,+0.5954,-6.0144,7.0150,269.9114,-171.9389,6093.8848,6093.8848
7793,0.52,0.6028,+0.0330,-6.0215,6.6243,249.7800,-171.0198,6031.7715,6031.7715
7794,0.53,1.9853,-0.2578,-6.0242,8.0095,935.0405,-172.0262,6093.5645,6093.5645
7795,0.53,1.5164,+0.3193,-6.0054,7.5217,306.2484,-172.1803,6123.0142,6123.0142
7796,0.54,0.8688,+0.0196,-5.9957,6.8645,138.3777,-170.9175,6021.9287,6021.9287
7797,0.53,1.8510,-0.4614,-6.0012,7.8521,408.9322,-173.1198,6176.0869,6176.0869
7798,0.52,-3.7989,-3.7443,-5.9664,2.1675,6120.4023,-174.0610,6277.8042,6277.8042
7799,0.53,7.7150,+0.5591,-6.0152,13.7303,7963.0068,-172.8351,6408.8916,6408.8916
7800,0.52,9.1576,-0.8701,-6.0023,15.1599,17373.4824,-172.9264,6756.3936,6756.3936
7801,0.53,1.1851,+0.8699,-5.9924,7.1775,376.3609,-171.7780,6094.1211,6094.1211
7802,0.53,0.7194,-0.3053,-6.0071,6.7264,135.8020,-171.0613,6016.2441,6016.2441
7803,0.53,0.8942,-0.0199,-6.0171,6.9112,160.1654,-172.3651,6092.4224,6092.4224
7804,0.53,2.1953,-0.6922,-5.9946,8.1899,964.7751,-173.6649,6238.3496,6238.3496
7805,0.52,1.9653,-2.3239,-6.0113,7.9766,702.2502,-173.0312,6170.3403,6170.3403
7806,0.53,0.7874,-0.4175,-5.9744,6.7618,146.6509,-174.6462,6274.7803,6274.7803
7807,0.52,0.7790,+0.1978,-5.9829,6.7619,141.1815,-172.7892,6149.2520,6149.2520
7808,0.52,0.7457,-0.3485,-5.9876,6.7333,145.5740,-173.8008,6177.5986,6177.5986
7809,0.51,1.4220,+0.4261,-6.0092,7.4312,281.3195,-171.3959,6064.1055,6064.1055
7810,0.53,0.0054,-2.1310,-6.0087,6.0141,54.6528,-171.4176,5959.3647,5959.3647
7811,0.51,3.0109,-0.4819,-6.0034,9.0143,1839.3285,-171.2760,6078.3955,6078.3955
7812,0.52,1.5880,+1.0138,-5.9896,7.5775,740.5119,-171.2218,6035.2915,6035.2915
7813,0.53,1.3950,+0.5911,-5.9953,7.3903,372.3282,-171.2850,6033.3384,6033.3384
7814,0.50,3.1027,+1.6222,-6.0405,9.1432,2002.5735,-168.4878,5940.5801,5940.5801
7815,0.53,0.9133,+0.2833,-6.0469,6.9602,128.4447,-168.0508,5807.8350,5807.8350
7816,0.51,1.0754,-0.2775,-6.0418,7.1172,173.5034,-170.8080,6006.7002,6006.7002
7817,0.52,1.2624,+0.4726,-6.0197,7.2821,259.4674,-170.5571,6002.2959,6002.2959
7818,0.53,2.0184,+1.8066,-6.0085,8.0269,623.9837,-171.1359,6054.5996,6054.5996
7819,0.52,0.7065,+1.5925,-6.0062,6.7127,167.3938,-171.1131,6003.4551,6003.4551
7820,0.52,0.2386,-0.1083,-6.0218,6.2603,64.8520,-170.7499,5939.3633,5939.3633
7821,0.53,0.4554,+0.0408,-6.0012,6.4566,109.9892,-171.8512,6030.8438,6030.8438
7822,0.51,0.4219,+0.4875,-6.0313,6.4532,87.3291,-171.0989,5968.2344,5968.2344
7823,0.51,1.0672,+0.1854,-5.9906,7.0578,133.8237,-171.5629,6033.9048,6033.9048
7824,0.52,1.0047,-0.0268,-5.9859,6.9906,142.7746,-170.1833,5928.2178,5928.2178
7825,0.52,-0.5425,-1.2840,-6.0236,5.4811,472.7117,-168.8396,5754.3545,5754.3545
7826,0.51,0.7033,-0.0037,-6.0293,6.7326,130.3168,-168.8424,5827.6973,5827.6973
7827,0.52,1.5693,+0.5345,-6.0597,7.6290,307.2696,-167.7407,5807.6572,5807.6572
7828,0.52,1.5388,-0.7130,-6.0538,7.5926,267.9843,-168.5593,5888.9336,5888.9336
7829,0.52,2.6513,-0.2436,-6.0300,8.6813,1342.5776,-168.4306,5899.2832,5899.2832
7830,0.50,4.5115,+0.1947,-6.0004,10.5119,2292.3992,-170.1192,6119.9795,6119.9795
7831,0.51,3.1307,-0.1236,-6.0037,9.1344,1303.3624,-168.8802,5946.0479,5946.0479
7832,0.53,1.3855,+0.5690,-5.9926,7.3781,266.0132,-170.1407,5917.0430,5917.0430
7833,0.51,1.2997,-0.0832,-6.0113,7.3110,262.9333,-169.1228,5843.6216,5843.6216
7834,0.51,1.2087,-1.2996,-6.0263,7.2350,198.3816,-168.4729,5794.1074,5794.1074
7835,0.51,3.7695,-0.9468,-6.0343,9.8038,1925.7170,-168.0499,5952.3867,5952.3867
7836,0.52,3.0410,-0.6211,-6.0343,9.0753,1061.2739,-169.8234,6040.5156,6040.5156
7837,0.52,0.3799,-0.3324,-6.0462,6.4261,66.1758,-170.0243,5908.5459,5908.5459
7838,0.51,1.1729,-0.9945,-6.0324,7.2053,259.4458,-169.3690,5885.5186,5885.5186
7839,0.54,0.8097,-1.0624,-6.0217,6.8313,175.2630,-169.8499,5888.8232,5888.8232
7840,0.52,0.9938,-0.1645,-6.0093,7.0031,156.1447,-171.4264,6012.7095,6012.7095
7841,0.53,6.3380,-6.8811,-6.0027,12.3407,8669.4326,-171.6368,6246.3926,6246.3926
7842,0.53,0.1521,+0.3164,-5.9977,6.1498,92.9304,-171.3647,5984.1377,5984.1377
7843,0.50,0.2201,+1.1720,-6.0123,6.2325,50.3013,-172.1728,6040.1030,6040.1030
7844,0.53,2.6617,-0.5118,-5.9876,8.6494,773.1321,-173.6628,6258.3013,6258.3013
7845,0.53,0.1903,-3.7384,-5.9960,6.1863,286.6599,-173.2976,6126.3770,6126.3770
7846,0.53,1.3796,+0.0492,-5.9683,7.3480,460.0539,-174.4259,6253.2085,6253.2085
7847,0.52,0.5868,-0.8728,-5.9732,6.5600,93.8053,-174.0229,6188.3838,6188.3838
7848,0.52,1.1536,+1.6969,-6.0001,7.1538,169.2104,-171.9137,6121.9536,6121.9536
7849,0.52,1.7596,+0.5467,-5.9958,7.7554,317.8578,-173.4207,6243.9639,6243.9639
7850,0.51,0.8317,-0.1069,-6.0003,6.8320,157.9111,-171.9685,6088.9238,6088.9238
7851,0.53,0.6537,-0.6214,-5.9865,6.6402,110.8798,-172.3906,6092.8501,6092.8501
7852,0.51,1.6799,+0.5721,-5.9914,7.6713,367.5565,-173.6302,6223.2803,6223.2803
7853,0.51,10.5491,+2.7954,-5.9842,16.5334,23313.1055,-173.6806,6522.1592,6522.1592
7854,0.51,-0.7061,-0.8694,-5.9803,5.2742,444.0935,-174.0349,6110.6919,6110.6919
7855,0.53,1.0775,-0.6274,-5.9941,7.0716,149.0058,-174.7218,6250.6553,6250.6553
7856,0.52,1.2929,+0.8766,-5.9741,7.2670,320.0927,-174.2953,6256.8906,6256.8906
7857,0.52,1.0379,+0.9919,-5.9899,7.0278,432.3346,-173.6616,6170.3848,6170.3848
7858,0.52,0.2533,+0.0712,-6.0067,6.2600,78.4641,-173.5202,6162.5977,6162.5977
7859,0.54,0.2395,+0.0468,-6.0009,6.2404,89.5536,-172.8418,6105.4170,6105.4170
7860,0.53,7.6419,+4.3221,-5.9992,13.6411,12324.0996,-172.2781,6191.6660,6191.6660
7861,0.52,4.1435,+8.5337,-6.0180,10.1614,3831.7795,-172.4645,6124.0889,6124.0889
7862,0.51,1.2793,-0.1541,-5.9995,7.2788,186.0267,-171.8917,6104.6147,6104.6147
7863,0.52,1.2791,+0.2171,-5.9849,7.2640,155.8672,-172.5732,6109.0684,6109.0684
7864,0.52,8.1502,-2.6708,-5.9745,14.1247,7143.5532,-172.7648,6418.3867,6418.3867
7865,0.52,0.9207,+0.7056,-5.9903,6.9110,145.3542,-171.8356,6060.2295,6060.2295
7866,0.50,1.2328,+0.3769,-5.9784,7.2112,232.9109,-171.9149,6068.0498,6068.0498
7867,0.51,1.4812,-0.2424,-5.9733,7.4544,246.8848,-172.6020,6094.9805,6094.9805
7868,0.51,1.2451,-0.5196,-5.9998,7.2448,180.7161,-170.9316,5985.7231,5985.7231
7869,0.52,-0.4534,-1.2451,-5.9694,5.5160,327.6267,-171.0268,5916.7959,5916.7959
7870,0.54,1.5001,-0.6136,-5.9729,7.4730,243.8170,-171.8395,6043.2500,6043.2500
7871,0.52,0.0934,+0.3078,-5.9855,6.0789,163.3951,-171.6782,5999.8462,5999.8462
7872,0.51,1.0321,-0.0691,-6.0007,7.0327,194.0790,-170.2363,5939.1631,5939.1631
7873,0.54,1.4586,+0.7575,-5.9911,7.4497,343.3983,-170.9913,5990.2251,5990.2251
7874,0.53,1.4363,+0.4556,-5.9901,7.4264,200.9117,-171.8002,6053.4893,6053.4893
7875,0.52,1.2946,+1.3021,-5.9748,7.2693,211.2858,-172.3208,6042.6299,6042.6299
7876,0.53,7.9452,+2.1849,-5.9666,13.9119,14475.5801,-173.3234,6424.1543,6424.1543
7877,0.52,7.8185,+21.6707,-5.9714,13.7899,12393.8613,-173.9393,6392.5840,6392.5840
7878,0.52,3.8379,-15.2595,-5.9565,9.7943,1497.0397,-173.6768,6201.4868,6201.4868
7879,0.53,14.7396,-4.8173,-5.9832,20.7228,53025.1406,-171.9539,6721.5820,6721.5820
7880,0.52,1.7529,+0.6661,-5.9784,7.7312,626.8781,-173.0980,6142.7197,6142.7197
7881,0.51,1.4140,+0.2726,-5.9969,7.4109,320.4500,-172.9601,6131.9707,6131.9707
7882,0.49,2.8720,-0.6862,-5.9748,8.8468,2138.0854,-172.8801,6175.8906,6175.8906
7883,0.52,0.6084,+0.0199,-5.9603,6.5686,104.1117,-173.2132,6097.1128,6097.1128
7884,0.53,0.9404,-0.0609,-6.0024,6.9428,112.8922,-172.5948,6091.6670,6091.6670
7885,0.52,0.9905,+0.0757,-5.9928,6.9833,133.0232,-173.3162,6113.9590,6113.9590
7886,0.53,5.3506,+13.0541,-5.9611,11.3117,6194.2437,-172.9585,6246.0737,6246.0737
7887,0.52,0.0949,-0.3240,-5.9686,6.0635,41.4991,-173.6382,6050.5112,6050.5112
7888,0.52,1.7056,+0.2584,-5.9711,7.6767,425.2047,-172.9394,6152.5259,6152.5259
7889,0.50,4.5335,-2.1013,-5.9770,10.5105,4601.2642,-171.8835,6200.3809,6200.3809
7890,0.52,0.3744,-0.4992,-5.9659,6.3403,70.0666,-171.9844,5994.4697,5994.4697
7891,0.53,0.6058,-0.1628,-5.9729,6.5787,67.7879,-172.8120,6094.0713,6094.0713
7892,0.52,0.2513,-0.6695,-5.9797,6.2309,383.6675,-171.5901,6033.3369,6033.3369
7893,0.51,2.0468,-1.2173,-5.9746,8.0214,1011.8781,-174.5861,6265.2764,6265.2764
7894,0.50,-0.6641,+0.3661,-5.9761,5.3120,125.2085,-174.1582,6099.0879,6099.0879
7895,0.52,10.3034,+0.1812,-5.9879,16.2913,26346.1836,-174.0385,6479.0635,6479.0635
7896,0.53,0.7984,-0.5065,-5.9867,6.7850,157.2634,-174.2788,6177.9775,6177.9775
7897,0.52,0.3458,+0.0380,-6.0074,6.3532,105.9964,-173.5186,6132.4077,6132.4077
7898,0.53,0.1698,+0.6489,-6.0094,6.1791,117.2020,-174.0576,6161.8018,6161.8018
7899,0.52,0.6027,+0.1362,-5.9899,6.5926,114.6440,-174.8471,6242.8335,6242.8335
7900,0.52,0.5291,-0.1196,-6.0036,6.5326,139.2284,-174.9849,6241.7788,6241.7788
7901,0.53,1.7320,+1.9981,-5.9893,7.7213,665.4343,-173.2040,6204.3818,6204.3818
7902,0.51,0.0501,+0.4122,-5.9961,6.0463,66.1855,-174.5023,6168.3228,6168.3228
7903,0.52,1.6999,+0.1111,-5.9841,7.6841,518.5894,-176.1240,6363.0010,6363.0010
7904,0.51,0.6848,+1.1415,-5.9522,6.6370,166.4853,-176.2724,6301.6855,6301.6855
7905,0.52,1.8457,+1.1472,-5.9666,7.8123,948.6614,-175.0656,6325.3115,6325.3115
7906,0.53,-2.9539,+5.7872,-5.9979,3.0440,1125.9203,-175.0764,5992.2451,5992.2451
7907,0.53,0.5516,+0.9508,-5.9816,6.5332,288.5940,-175.0531,6232.1738,6232.1738
7908,0.50,1.9752,-0.0212,-6.0058,7.9811,1565.1063,-174.8801,6336.6816,6336.6816
7909,0.53,0.2421,+0.9298,-5.9857,6.2278,127.1375,-175.7835,6268.6533,6268.6533
7910,0.53,0.4499,+1.1228,-6.0149,6.4648,178.1781,-175.2496,6255.8779,6255.8779
7911,0.51,3.2724,-0.4229,-5.9991,9.2715,3623.6482,-175.9100,6571.2354,6571.2354
7912,0.53,-0.0628,-0.0652,-5.9980,5.9352,75.4311,-175.4199,6242.6084,6242.6084
7913,0.53,-0.5441,-0.1653,-5.9939,5.4498,47.0865,-174.3964,6155.4731,6155.4731
7914,0.53,-0.5091,+0.1897,-5.9782,5.4691,23.6020,-175.4767,6210.7559,6210.7559
7915,0.52,-0.0956,+0.0627,-5.9629,5.8674,48.8146,-175.6684,6245.5254,6245.5254
7916,0.53,0.7747,+0.1318,-5.9378,6.7125,347.1092,-177.5358,6418.0508,6418.0508
7917,0.54,0.6110,-1.1068,-5.9500,6.5610,417.6126,-176.7838,6356.9092,6356.9092
7918,0.51,-0.2893,+0.6734,-5.9572,5.6679,62.7466,-177.4423,6380.7822,6380.7822
7919,0.53,0.0205,-0.1678,-6.0095,6.0300,54.6020,-176.6632,6323.6201,6323.6201
7920,0.54,0.5690,+0.4317,-5.9923,6.5614,284.3823,-175.2189,6266.5347,6266.5347
7921,0.50,0.1133,-0.2307,-6.0039,6.1172,54.8795,-172.7829,6064.5186,6064.5186
7922,0.52,-0.3124,+0.7242,-6.0150,5.7026,69.7403,-174.2305,6178.6924,6178.6924
7923,0.52,-0.1645,+0.0295,-6.0293,5.8648,85.7077,-173.4883,6137.4551,6137.4551
7924,0.50,0.5744,-0.7206,-6.0042,6.5785,117.6615,-174.1503,6183.2241,6183.2241
7925,0.54,0.1536,-0.1929,-5.9750,6.1286,85.5094,-175.3697,6225.8008,6225.8008
7926,0.53,-0.4757,-0.1377,-6.0041,5.5284,41.7692,-173.2114,6047.3037,6047.3037
7927,0.52,-0.3522,+0.1704,-5.9658,5.6136,41.0698,-174.7094,6157.8232,6157.8232
7928,0.52,-0.2385,-0.2762,-5.9528,5.7143,65.3751,-176.7685,6295.4907,6295.4907
7929,0.53,-0.3853,-0.3148,-5.9829,5.5976,55.2117,-175.3640,6184.5723,6184.5723
7930,0.53,-0.1899,-0.0592,-5.9874,5.7975,19.6146,-176.0571,6247.1924,6247.1924
7931,0.54,0.1409,+0.0200,-5.9918,6.1328,85.0732,-173.6790,6077.1729,6077.1729
7932,0.52,0.5709,-0.4075,-5.9896,6.5605,177.3135,-172.5781,6038.3682,6038.3682
7933,0.52,-0.2498,+0.1868,-6.0161,5.7664,22.8260,-173.3775,6064.9902,6064.9902
7934,0.55,-0.2037,+0.1461,-6.0012,5.7976,17.2233,-175.7271,6239.1675,6239.1675
7935,0.54,-0.1090,-0.0270,-5.9707,5.8617,38.0632,-173.9031,6120.9785,6120.9785
7936,0.54,0.0035,+0.1145,-5.9863,5.9897,84.7570,-174.2483,6168.9170,6168.9170
7937,0.51,-0.2518,+0.0109,-5.9872,5.7354,27.7962,-177.3020,6347.4990,6347.4990
7938,0.52,-0.3545,-1.0367,-5.9902,5.6357,30.8653,-176.2280,6287.2432,6287.2432
7939,0.51,-0.2710,+0.2004,-6.0048,5.7338,19.8099,-176.4508,6287.5933,6287.5933
7940,0.53,-0.1133,-0.0979,-5.9971,5.8837,39.0856,-175.6765,6261.6689,6261.6689
7941,0.52,-0.6208,+0.1578,-5.9946,5.3738,11.5619,-175.9360,6225.6250,6225.6250
7942,0.53,-0.4091,+0.1144,-5.9938,5.5847,29.5746,-175.6009,6255.3613,6255.3613
7943,0.52,-0.0140,-0.0309,-6.0024,5.9885,80.5533,-175.8080,6274.0264,6274.0264
7944,0.53,-0.1560,+0.0023,-6.0071,5.8511,106.6693,-176.4176,6314.0361,6314.0361
7945,0.53,-0.4051,-0.8291,-5.9740,5.5689,91.9424,-177.9199,6443.3027,6443.3027
7946,0.51,-3.3751,+0.7946,-5.9785,2.6034,1765.3368,-178.2259,6325.4023,6325.4023
7947,0.52,-0.8717,+0.1326,-5.9818,5.1101,24.5104,-177.8593,6402.9434,6402.9434
7948,0.54,-0.6622,-0.0078,-5.9696,5.3074,3.5503,-175.2435,6182.4785,6182.4785
7949,0.52,-0.7257,+0.0688,-5.9726,5.2469,15.8183,-178.1533,6408.2510,6408.2510
7950,0.54,-0.4460,+0.0853,-5.9682,5.5222,3.7778,-173.7945,6078.2520,6078.2520
7951,0.53,-0.5431,+0.1100,-5.9645,5.4214,2.4761,-183.6518,6781.8516,6781.8516
7952,0.52,-0.0977,+0.0483,-5.9454,5.8477,2.5129,-165.7065,5502.5537,5502.5537
7953,0.53,-0.4794,-0.1308,-5.9978,5.5185,3.5197,-184.4328,6861.2900,6861.2900
7954,0.54,-0.7455,+0.6319,-6.0050,5.2595,4.6304,-170.6530,5876.1143,5876.1143
7955,0.54,-0.1112,-0.0321,-6.0042,5.8930,6.5865,-181.8377,6720.8228,6720.8228
7956,0.52,0.0358,-0.4070,-6.0197,6.0555,46.9438,-179.1810,6608.6924,6608.6924
7957,0.54,0.5383,+1.1341,-5.9765,6.5148,288.1190,-175.7017,6374.0264,6374.0264
7958,0.52,0.1152,+0.1900,-6.0186,6.1338,56.6788,-176.4283,6398.4385,6398.4385
7959,0.53,0.0229,+0.2400,-5.9976,6.0206,31.5040,-174.5876,6242.4590,6242.4590
7960,0.53,-0.2909,-0.1064,-5.9996,5.7087,13.2685,-175.2402,6244.6006,6244.6006
7961,0.52,-0.2481,+0.1550,-5.9703,5.7222,30.6439,-175.2011,6216.8911,6216.8911
7962,0.54,0.6758,+0.2964,-5.9923,6.6680,266.8657,-175.2601,6301.7949,6301.7949
7963,0.53,-0.3687,+0.2698,-6.0272,5.6585,46.6683,-172.6295,6089.6279,6089.6279
7964,0.53,1.0678,-0.3081,-6.0179,7.0856,645.1765,-174.0206,6276.4624,6276.4624
7965,0.53,-0.3068,+0.3165,-5.9943,5.6875,14.9812,-173.4943,6127.2939,6127.2939
7966,0.53,-0.2980,-0.3284,-5.9791,5.6811,37.5776,-174.9405,6218.2734,6218.2734
7967,0.54,0.2972,-0.0679,-5.9782,6.2754,81.3053,-175.8374,6305.1997,6305.1997
7968,0.55,-0.4167,+0.0421,-5.9783,5.5616,20.3352,-177.4738,6397.0557,6397.0557
7969,0.53,-0.2790,-0.0230,-5.9729,5.6939,10.5406,-178.8128,6504.5874,6504.5874
7970,0.53,-0.6088,+0.0557,-5.9970,5.3881,27.7715,-178.0712,6443.2900,6443.2900
7971,0.54,-0.5799,+0.3138,-5.9950,5.4151,90.2772,-176.3582,6293.3623,6293.3623
7972,0.53,-0.2801,+0.1374,-6.0014,5.7213,47.7385,-176.1503,6294.2695,6294.2695
7973,0.52,1.2698,+3.4622,-6.0107,7.2805,856.1858,-173.7594,6273.3242,6273.3242
7974,0.53,-0.1422,+0.0644,-6.0247,5.8824,42.8314,-172.0612,6040.8535,6040.8535
7975,0.54,-0.2150,+0.1156,-6.0109,5.7959,37.1536,-173.2257,6130.6948,6130.6948
7976,0.54,-0.0530,-0.1429,-5.9952,5.9422,48.1665,-174.4400,6224.2686,6224.2686
7977,0.53,-0.4912,+0.1763,-6.0047,5.5135,22.0406,-175.4168,6278.3857,6278.3857
7978,0.53,-0.8387,+1.6605,-5.9786,5.1400,10.4402,-175.0802,6233.2412,6233.2412
7979,0.52,1.5121,+0.5957,-6.0126,7.5246,1112.5902,-175.1983,6418.6396,6418.6396
7980,0.52,1.2861,-0.2199,-6.0226,7.3087,940.3040,-175.4051,6406.2451,6406.2451
7981,0.53,-0.2158,-0.3010,-6.0148,5.7990,100.4013,-173.4444,6167.4541,6167.4541
7982,0.51,-0.5271,+0.4695,-6.0156,5.4885,68.0122,-175.9378,6304.8926,6304.8926
7983,0.53,0.1347,-0.1313,-5.9992,6.1339,60.9374,-175.5578,6275.9316,6275.9316
7984,0.53,-0.2812,-0.1026,-5.9888,5.7076,65.2925,-176.0445,6292.2246,6292.2246
7985,0.53,-0.3804,+0.1477,-5.9927,5.6123,25.7602,-175.9344,6289.1465,6289.1465
7986,0.54,-0.1886,+0.0240,-5.9815,5.7929,44.5030,-176.9762,6361.7104,6361.7104
7987,0.53,-0.9894,+0.5053,-6.0053,5.0159,33.1764,-176.3140,6257.6982,6257.6982
7988,0.52,-0.2072,+0.1453,-5.9667,5.7594,42.3756,-177.3461,6384.2168,6384.2168
7989,0.53,1.5479,+1.8044,-5.9855,7.5334,1308.4852,-177.3535,6510.1465,6510.1465
7990,0.52,-0.2667,-0.0885,-6.0095,5.7429,47.5206,-175.2516,6276.0498,6276.0498
7991,0.53,-0.2560,-0.2709,-6.0254,5.7694,79.1567,-175.8152,6339.6279,6339.6279
7992,0.54,-0.2848,+0.1594,-5.9962,5.7114,50.2603,-175.3375,6271.4175,6271.4175
7993,0.52,-0.3205,+0.0593,-5.9805,5.6601,48.9873,-176.9623,6384.9023,6384.9023
7994,0.52,-0.1185,+0.1079,-5.9874,5.8689,28.7914,-176.2746,6344.1050,6344.1050
7995,0.52,-0.4345,-0.0780,-5.9902,5.5557,21.5110,-176.1930,6311.4019,6311.4019
7996,0.53,-0.3486,+0.2324,-5.9800,5.6314,42.3334,-177.7948,6416.4712,6416.4712
7997,0.53,-0.1302,+0.0770,-5.9797,5.8495,38.5227,-176.4553,6365.6084,6365.6084
7998,0.53,-0.5269,+0.1460,-5.9825,5.4555,20.4353,-177.6857,6423.8071,6423.8071
7999,0.53,-0.1573,-0.1164,-5.9874,5.8301,34.9967,-176.2654,6337.4014,6337.4014
8000,0.52,-0.2265,-0.1843,-5.9710,5.7445,60.8697,-178.2364,6474.2686,6474.2686
8001,0.53,-0.3684,-0.1532,-5.9775,5.6091,34.9972,-178.8080,6527.2363,6527.2363
8002,0.52,-0.2641,-0.0206,-5.9908,5.7268,51.1070,-177.0479,6389.5625,6389.5625
8003,0.53,-0.1656,+0.1971,-5.9837,5.8181,46.2496,-175.0815,6264.2700,6264.2700
8004,0.53,-0.2488,+0.3415,-5.9720,5.7233,99.5216,-174.4933,6181.0664,6181.0664
8005,0.52,0.9743,-0.5187,-5.9768,6.9511,626.0938,-174.7970,6285.3779,6285.3779
8006,0.51,0.8482,+1.2655,-6.0180,6.8662,628.2037,-175.2924,6324.0361,6324.0361
8007,0.55,-0.5793,-0.7168,-6.0146,5.4353,18.5898,-175.2362,6246.7871,6246.7871
8008,0.53,0.1289,-0.0540,-6.0140,6.1428,196.8118,-172.2399,6083.7080,6083.7080
8009,0.52,0.7121,-1.8019,-6.0078,6.7199,288.6306,-171.7837,6050.9990,6050.9990
8010,0.53,0.9728,-0.4589,-6.0083,6.9810,316.8441,-171.8722,6106.9268,6106.9268
8011,0.54,1.4016,-0.9419,-5.9897,7.3913,305.3149,-172.4742,6153.7305,6153.7305
8012,0.52,-0.1124,-0.1549,-6.0001,5.8877,175.1262,-173.3171,6114.6265,6114.6265
8013,0.52,1.9656,-0.3857,-5.9976,7.9631,789.4384,-173.4283,6237.7734,6237.7734
8014,0.50,2.8684,-1.8279,-5.9808,8.8491,1635.7297,-173.8102,6261.5645,6261.5645
8015,0.52,0.5489,+6.3191,-5.9942,6.5432,115.5156,-173.4872,6174.1836,6174.1836
8016,0.53,0.6399,-0.0511,-5.9888,6.6287,114.5740,-174.0329,6231.9253,6231.9253
8017,0.52,0.3667,-0.1772,-5.9717,6.3384,108.2852,-174.8103,6257.6831,6257.6831
8018,0.52,0.4416,+0.0627,-5.9579,6.3995,134.1050,-176.0058,6342.8564,6342.8564
8019,0.52,1.2693,+0.2939,-5.9481,7.2173,291.1835,-176.2161,6429.4160,6429.4160
8020,0.52,0.4082,-0.3674,-5.9548,6.3630,128.3105,-175.7476,6344.0713,6344.0713
8021,0.52,1.5296,-1.0492,-5.9547,7.4843,626.9056,-175.4659,6365.5889,6365.5889
8022,0.52,-0.3164,+0.1045,-5.9451,5.6287,192.0968,-176.9899,6367.4570,6367.4570
8023,0.52,0.7121,+0.8559,-5.9384,6.6505,238.1301,-176.2018,6363.6011,6363.6011
8024,0.51,0.8807,-0.2807,-5.9438,6.8245,212.3640,-176.4074,6398.6523,6398.6523
8025,0.54,0.2263,-0.2529,-5.9631,6.1894,105.4660,-175.4734,6312.0723,6312.0723
8026,0.54,1.1062,+0.1044,-5.9713,7.0776,261.9931,-173.7251,6219.2686,6219.2686
8027,0.52,0.0673,-0.2376,-5.9665,6.0338,94.5937,-174.5345,6219.8975,6219.8975
8028,0.52,0.3430,-0.2479,-5.9691,6.3121,103.1494,-175.7882,6323.4946,6323.4946
8029,0.53,0.0632,-0.1061,-5.9433,6.0066,56.8629,-177.2027,6405.6318,6405.6318
8030,0.52,0.2232,+0.0095,-5.9283,6.1515,80.8606,-176.4839,6341.7095,6341.7095
8031,0.52,0.5582,-0.2133,-5.9596,6.5178,124.8838,-176.2847,6346.6846,6346.6846
8032,0.50,0.5567,+0.6127,-5.9460,6.5028,153.1645,-175.8741,6343.2412,6343.2412
8033,0.53,0.1835,+0.1600,-5.9653,6.1488,61.8793,-176.7081,6356.1777,6356.1777
8034,0.53,0.1288,+0.0884,-5.9881,6.1169,93.5392,-174.5664,6216.7988,6216.7988
8035,0.54,0.2275,+0.1072,-5.9687,6.1962,103.4309,-175.1074,6267.5625,6267.5625
8036,0.52,0.5634,-0.0354,-5.9804,6.5438,95.4273,-174.9192,6254.5264,6254.5264
8037,0.52,0.3757,-0.0542,-5.9915,6.3672,84.2189,-174.6612,6223.9609,6223.9609
8038,0.52,1.3890,-1.4397,-6.0036,7.3925,786.2349,-174.5059,6264.6953,6264.6953
8039,0.51,-0.2741,+0.7745,-6.0243,5.7501,38.0538,-173.4966,6112.3003,6112.3003
8040,0.53,-0.0984,-0.0570,-6.0216,5.9232,67.0502,-173.8918,6151.7227,6151.7227
8041,0.52,-0.0118,-0.0546,-6.0078,5.9959,100.8301,-173.3054,6091.8247,6091.8247
8042,0.53,0.2076,-0.0950,-5.9905,6.1981,93.5115,-174.3066,6190.7446,6190.7446
8043,0.50,0.3529,+0.1173,-5.9759,6.3288,65.6515,-173.5633,6125.5420,6125.5420
8044,0.54,0.0789,-0.1233,-5.9860,6.0649,92.8656,-173.7278,6154.6812,6154.6812
8045,0.52,-0.0826,-0.2623,-5.9701,5.8875,75.4848,-175.1378,6229.9609,6229.9609
8046,0.52,0.0063,-0.3652,-5.9482,5.9545,60.8789,-175.5726,6264.6943,6264.6943
8047,0.53,0.0228,-0.3519,-5.9453,5.9681,47.7696,-176.4410,6303.5596,6303.5596
8048,0.52,0.0531,-0.1254,-5.9718,6.0249,57.7819,-175.7009,6263.7202,6263.7202
8049,0.53,19.6558,-8.5377,-6.0070,25.6628,97264.1719,-175.3615,7291.9692,7291.9692
8050,0.53,0.1614,+0.1904,-6.0120,6.1734,112.0137,-173.5411,6169.8394,6169.8394
8051,0.51,0.4001,-0.2076,-6.0136,6.4137,81.6275,-172.5155,6094.8569,6094.8569
8052,0.54,0.0232,-0.0985,-6.0129,6.0361,31.4575,-173.0779,6105.0283,6105.0283
8053,0.53,-0.7812,-0.0515,-5.9982,5.2169,209.8468,-173.3495,6068.9658,6068.9658
8054,0.52,0.6936,-0.0299,-5.9816,6.6752,173.2707,-173.7079,6156.1108,6156.1108
8055,0.52,-0.0938,+0.0504,-5.9633,5.8695,51.1736,-172.9594,6072.0845,6072.0845
8056,0.52,0.0620,-0.1108,-5.9783,6.0404,41.3216,-173.8029,6154.7461,6154.7461
8057,0.52,0.1001,-0.2069,-5.9667,6.0668,72.6609,-175.1606,6212.0239,6212.0239
8058,0.52,0.0369,-0.1605,-5.9785,6.0153,51.0806,-174.1920,6135.9038,6135.9038
8059,0.53,0.4234,-0.1332,-5.9587,6.3821,148.5184,-174.3676,6190.3613,6190.3613
8060,0.51,-0.1557,-0.0956,-5.9468,5.7912,91.3339,-175.3743,6202.7871,6202.7871
8061,0.52,0.5140,-0.0650,-5.9279,6.4419,97.4109,-176.5235,6320.3203,6320.3203
8062,0.53,0.1163,-0.0918,-5.9486,6.0649,50.9000,-175.6432,6227.5166,6227.5166
8063,0.52,-0.1432,+0.0821,-5.9530,5.8098,159.0616,-174.6222,6173.6309,6173.6309
8064,0.55,0.1373,+0.1670,-5.9465,6.0838,56.7651,-174.6361,6148.3120,6148.3120
8065,0.53,0.1600,+0.0057,-5.9437,6.1037,50.2038,-173.0972,6061.6064,6061.6064
8066,0.54,0.2727,-0.0430,-5.9506,6.2233,62.6259,-174.3806,6151.7021,6151.7021
8067,0.53,-0.1108,+0.1512,-5.9625,5.8517,76.6602,-173.6526,6071.2505,6071.2505
8068,0.53,-0.0290,+0.1091,-5.9840,5.9550,77.1180,-172.7439,6035.0635,6035.0635
8069,0.52,0.1537,+0.0373,-6.0049,6.1586,69.9976,-172.0066,6003.2061,6003.2061
8070,0.54,0.0141,+0.3464,-5.9912,6.0053,70.0132,-173.1014,6042.8730,6042.8730
8071,0.51,-0.2086,-0.1245,-5.9742,5.7655,72.8901,-174.4050,6128.0781,6128.0781
8072,0.55,0.3053,-0.2019,-5.9613,6.2666,59.0095,-176.3305,6291.6191,6291.6191
8073,0.53,-0.0883,-0.2555,-5.9576,5.8693,66.1012,-175.4966,6212.2168,6212.2168
8074,0.54,0.0178,-0.0407,-5.9788,5.9967,67.8149,-174.7867,6185.5308,6185.5308
8075,0.52,0.0796,+0.0486,-5.9631,6.0427,48.6850,-175.5496,6231.5547,6231.5547
8076,0.53,-0.0414,-0.1185,-5.9840,5.9426,68.6416,-174.9139,6213.6631,6213.6631
8077,0.51,0.1850,-0.0447,-5.9908,6.1758,74.0268,-174.0002,6160.5918,6160.5918
8078,0.53,1.0083,+1.4837,-6.0028,7.0111,2270.5942,-173.5104,6156.5234,6156.5234
8079,0.53,-1.1137,+1.6564,-5.9864,4.8727,74.6955,-173.0695,6018.0737,6018.0737
8080,0.53,0.1236,+0.9440,-5.9849,6.1084,53.6088,-173.5131,6112.3555,6112.3555
8081,0.52,-0.9309,+0.0101,-5.9705,5.0396,124.8092,-173.7732,6064.9692,6064.9692
8082,0.52,-0.2555,+0.0818,-5.9861,5.7306,83.8257,-172.8596,6082.0171,6082.0171
8083,0.54,0.3039,-0.0673,-5.9697,6.2736,106.3986,-173.7486,6167.2793,6167.2793
8084,0.54,0.3637,-0.0747,-5.9807,6.3443,85.1718,-172.7090,6092.6445,6092.6445
8085,0.53,-0.0522,+0.0757,-5.9625,5.9102,72.1148,-173.2849,6086.9141,6086.9141
8086,0.52,0.1879,-0.0730,-6.0030,6.1908,78.1786,-172.8007,6093.7490,6093.7490
8087,0.54,0.1604,+0.0467,-5.9856,6.1460,57.7327,-174.0828,6186.4580,6186.4580
8088,0.54,0.0900,-0.3060,-5.9880,6.0780,79.3263,-173.3334,6122.2314,6122.2314
8089,0.54,0.7921,-0.0600,-6.0003,6.7924,184.9612,-173.2923,6154.0581,6154.0581
8090,0.53,0.1992,-0.0998,-5.9978,6.1969,76.1515,-174.0837,6190.9492,6190.9492
8091,0.55,0.0484,+0.1182,-5.9848,6.0332,90.4147,-172.6825,6073.4473,6073.4473
8092,0.53,0.1802,+0.0467,-5.9682,6.1484,76.8885,-173.7848,6145.8057,6145.8057
8093,0.53,0.1065,+0.1117,-5.9770,6.0835,52.7091,-174.2459,6179.2324,6179.2324
8094,0.54,-1.1010,-0.1752,-5.9447,4.8437,169.8311,-172.7956,5976.7026,5976.7026
8095,0.54,-0.2657,+0.0274,-5.9478,5.6821,54.5517,-174.4144,6147.9375,6147.9375
8096,0.52,-0.0143,+0.1362,-5.9365,5.9222,26.2869,-174.8200,6182.7041,6182.7041
8097,0.52,-0.1569,-0.0940,-5.9385,5.7817,53.3915,-175.9811,6276.2563,6276.2563
8098,0.53,0.2441,-0.3720,-5.9377,6.1818,73.9725,-175.3645,6244.9336,6244.9336
8099,0.53,-2.2381,+3.3014,-5.9559,3.7178,1446.6238,-176.3203,6242.3633,6242.3633
8100,0.54,0.4449,+1.0351,-5.9455,6.3905,276.8254,-176.1046,6298.1880,6298.1880
8101,0.51,-0.0641,-0.0120,-5.9623,5.8981,89.6223,-176.4499,6295.5562,6295.5562
8102,0.54,-0.0229,-0.1179,-5.9428,5.9199,62.2297,-175.1704,6174.9492,6174.9492
8103,0.53,-0.1178,+0.1717,-5.9523,5.8344,58.2405,-175.0995,6192.3691,6192.3691
8104,0.53,5.1714,+9.8390,-5.9648,11.1362,7699.8306,-176.0094,6535.5684,6535.5684
8105,0.52,3.2227,-1.0027,-5.9531,9.1759,2902.1377,-175.4895,6473.0049,6473.0049
8106,0.53,5.0924,-2.1560,-5.9761,11.0685,5746.4585,-173.9621,6391.5459,6391.5459
8107,0.53,1.2597,+0.0750,-5.9798,7.2394,853.6701,-174.2557,6195.8447,6195.8447
8108,0.53,0.2779,+1.5142,-5.9816,6.2595,171.7781,-175.8436,6245.1675,6245.1675
8109,0.54,3.7005,-2.2553,-5.9789,9.6794,3854.9624,-174.5285,6345.7422,6345.7422
8110,0.53,3.1033,+0.0063,-5.9542,9.0575,2636.9951,-175.8753,6438.8496,6438.8496
8111,0.52,1.4199,-1.3070,-5.9555,7.3754,728.3671,-176.3615,6354.3232,6354.3232
8112,0.52,-0.0591,+1.0355,-5.9444,5.8853,41.6600,-176.5086,6263.3252,6263.3252
8113,0.53,2.1737,-1.3091,-5.9342,8.1079,1370.5269,-177.1051,6429.4404,6429.4404
8114,0.52,-0.0319,-0.0767,-5.9210,5.8892,56.2176,-176.4288,6267.2285,6267.2285
8115,0.52,-0.0022,-0.0282,-5.9182,5.9160,74.4540,-176.2544,6285.2061,6285.2061
8116,0.51,-0.0721,+0.0986,-5.9493,5.8771,68.5094,-174.8780,6215.9463,6215.9463
8117,0.52,-1.1723,+0.4850,-5.9683,4.7960,120.6403,-174.6932,6135.5410,6135.5410
8118,0.54,-0.3568,-0.3676,-5.9603,5.6035,51.7207,-173.6432,6075.3867,6075.3867
8119,0.51,-0.0224,-1.2461,-5.9881,5.9657,44.5142,-173.2028,6053.9946,6053.9946
8120,0.53,0.1248,+0.1480,-5.9595,6.0842,70.8056,-175.4609,6267.1021,6267.1021
8121,0.53,-0.0778,-0.0593,-5.9679,5.8901,52.5974,-175.3009,6237.0518,6237.0518
8122,0.53,-0.5260,+0.6096,-5.9555,5.4295,95.7728,-174.9454,6165.3052,6165.3052
8123,0.54,-0.1021,-0.0118,-5.9343,5.8322,72.0450,-175.8123,6249.2920,6249.2920
8124,0.53,-0.4819,+0.0273,-5.9212,5.4392,63.7856,-177.1912,6301.9668,6301.9668
8125,0.53,3.0192,+0.0257,-5.9721,8.9913,3238.5671,-174.7870,6333.1494,6333.1494
8126,0.52,-0.5861,-0.6691,-5.9708,5.3847,35.9290,-174.4700,6109.0342,6109.0342
8127,0.53,0.9485,+0.4518,-5.9674,6.9158,326.7917,-174.8678,6228.3516,6228.3516
8128,0.53,2.4726,-0.3653,-5.9795,8.4521,1273.2659,-173.8269,6261.0713,6261.0713
8129,0.52,-0.0866,+0.0922,-5.9573,5.8707,49.8455,-174.8441,6175.1406,6175.1406
8130,0.52,0.4118,-0.9077,-5.9710,6.3828,132.2194,-175.2742,6262.8359,6262.8359
8131,0.54,0.1018,-0.0557,-5.9757,6.0775,61.9209,-174.9769,6210.9082,6210.9082
8132,0.54,0.6537,+0.2624,-5.9702,6.6239,192.1294,-174.9196,6243.9204,6243.9204
8133,0.52,1.8671,-1.1210,-5.9521,7.8192,1283.6473,-174.5072,6267.5195,6267.5195
8134,0.54,0.2590,+0.0182,-5.9541,6.2132,102.5294,-175.5137,6241.1592,6241.1592
8135,0.54,0.5144,+0.4744,-5.9477,6.4621,176.1467,-176.2830,6283.2129,6283.2129
8136,0.51,-0.2312,+0.1218,-5.9596,5.7284,42.9562,-174.0847,6076.1255,6076.1255
8137,0.52,0.1784,+0.0743,-5.9397,6.1182,72.0228,-178.1122,6402.5215,6402.5215
8138,0.53,-0.0544,+0.5188,-5.9717,5.9173,80.6614,-176.7277,6311.3154,6311.3154
8139,0.52,11.9989,-4.8428,-5.9584,17.9573,37578.6602,-177.5790,6836.2559,6836.2559
8140,0.53,-6.3161,+2.4193,-5.9646,-0.3515,9306.5107,-175.8641,5982.4463,5982.4463
8141,0.54,-5.8756,+2.3026,-5.9942,0.1186,7107.0410,-175.0577,5963.5869,5963.5869
8142,0.54,1.2574,+0.1810,-6.0078,7.2652,557.2642,-174.4175,6234.2979,6234.2979
8143,0.54,2.7724,+1.7087,-5.9731,8.7455,1528.7971,-175.5366,6374.2241,6374.2241
8144,0.54,-2.4520,-6.5722,-5.9740,3.5220,1239.6237,-176.2311,6131.6758,6131.6758
8145,0.53,-0.0034,+0.2442,-5.9680,5.9645,52.4902,-176.1119,6280.2803,6280.2803
8146,0.54,1.2486,-3.2900,-5.9749,7.2235,598.9622,-175.4865,6300.6650,6300.6650
8147,0.53,-0.0840,+0.0977,-5.9998,5.9158,54.0554,-174.8265,6208.0713,6208.0713
8148,0.53,0.1580,+0.1638,-6.0001,6.1581,103.4864,-174.2680,6168.8838,6168.8838
8149,0.54,0.4748,+0.0545,-5.9537,6.4285,136.8284,-174.5186,6190.4004,6190.4004
8150,0.53,-0.0099,+0.2740,-5.9725,5.9626,68.7048,-174.8749,6203.3066,6203.3066
8151,0.54,-0.4525,-0.2510,-6.0044,5.5519,60.7858,-173.2184,6067.8135,6067.8135
8152,0.51,0.1856,-0.3558,-5.9908,6.1763,103.1556,-173.3931,6122.6748,6122.6748
8153,0.52,-0.1842,-0.3548,-5.9868,5.8026,55.1257,-173.0540,6072.1025,6072.1025
8154,0.54,0.2161,+0.3859,-5.9725,6.1886,283.6658,-174.8205,6207.4639,6207.4639
8155,0.54,-0.2364,+0.1542,-5.9655,5.7290,48.3526,-174.3626,6151.2217,6151.2217
8156,0.52,0.0732,-0.1201,-5.9759,6.0491,72.4298,-174.2554,6171.1025,6171.1025
8157,0.53,0.1920,-4.0174,-5.9870,6.1790,109.8357,-172.9614,6122.6699,6122.6699
8158,0.52,-1.3657,+4.5850,-5.9826,4.6169,211.1180,-172.2254,5938.0732,5938.0732
8159,0.52,0.0837,-0.3922,-5.9743,6.0579,43.2717,-174.2636,6147.0469,6147.0469
8160,0.52,-0.0330,-0.1805,-6.0005,5.9675,70.0732,-174.1934,6148.3643,6148.3643
8161,0.52,0.4464,-0.1705,-5.9947,6.4411,111.6800,-174.1844,6155.2402,6155.2402
8162,0.51,0.3477,+0.3738,-5.9874,6.3351,103.6911,-175.0414,6208.7363,6208.7363
8163,0.52,0.7174,+0.3099,-5.9811,6.6984,137.8491,-173.4802,6124.0664,6124.0664
8164,0.53,-0.0884,-0.0007,-5.9774,5.8890,18.7602,-174.0582,6113.0913,6113.0913
8165,0.51,1.5442,-2.5343,-6.0028,7.5470,1084.8965,-174.4022,6196.4395,6196.4395
8166,0.51,-0.1595,-7.1459,-6.0031,5.8436,18.4838,-175.5821,6252.1904,6252.1904
8167,0.51,-5.7976,-5.1901,-5.9903,0.1927,7348.6597,-176.7798,6221.9443,6221.9443
8168,0.53,-0.3223,-0.1427,-5.9696,5.6473,32.6739,-179.1180,6474.6401,6474.6401
8169,0.53,-0.2674,+0.0648,-5.9924,5.7250,40.3829,-178.0896,6442.8374,6442.8374
8170,0.53,-4.3685,+0.4978,-5.9720,1.6035,3788.2759,-176.4967,6181.8672,6181.8672
8171,0.53,-0.5176,+0.4788,-5.9621,5.4445,50.9150,-175.7366,6253.9004,6253.9004
8172,0.52,0.7797,-0.0995,-5.9738,6.7536,209.6787,-176.5105,6354.5244,6354.5244
8173,0.52,0.2747,+0.0115,-5.9821,6.2568,61.9751,-174.9572,6227.4517,6227.4517
8174,0.53,1.1471,+0.8875,-5.9954,7.1425,385.5862,-174.3164,6232.9395,6232.9395
8175,0.54,2.9717,-2.2638,-5.9960,8.9677,2682.3606,-174.7561,6347.5625,6347.5625
8176,0.49,0.8033,-0.6224,-5.9796,6.7829,293.9160,-173.2982,6151.0928,6151.0928
8177,0.52,0.6962,-0.0770,-5.9783,6.6745,195.6292,-173.7740,6156.3447,6156.3447
8178,0.52,-0.0703,-0.3741,-5.9753,5.9050,26.5604,-174.8778,6171.5449,6171.5449
8179,0.53,0.3959,-0.5348,-5.9896,6.3855,374.7884,-173.5439,6127.0967,6127.0967
8180,0.53,0.5831,-0.3666,-5.9768,6.5600,200.4284,-173.8226,6141.8926,6141.8926
8181,0.53,-7.1309,-58.7650,-5.9813,-1.1496,11215.4072,-173.8658,5892.4766,5892.4766
8182,0.53,9.3997,-3.0071,-5.9394,15.3391,26692.0859,-177.4445,6659.1475,6659.1475
8183,0.55,-12.6391,+0.4303,-5.9476,-6.6914,38418.9531,-176.7045,5835.9297,5835.9297
8184,0.53,-1.2572,+0.4694,-5.9299,4.6727,122.4148,-177.9153,6336.3892,6336.3892
8185,0.52,-0.6802,+0.0973,-5.9779,5.2977,6.4336,-176.5319,6279.5068,6279.5068
8186,0.53,-0.0996,+0.4009,-5.9665,5.8669,107.6725,-178.5411,6456.1064,6456.1064
8187,0.51,0.6378,+0.9109,-5.9823,6.6201,331.2920,-177.2088,6416.5791,6416.5791
8188,0.52,22.6828,-4.1326,-5.9665,28.6493,138176.2031,-178.1596,7637.8447,7637.8447
8189,0.54,-0.3157,+0.0304,-5.9902,5.6745,29.7378,-174.5427,6137.1758,6137.1758
8190,0.52,-6.1250,-5.5226,-6.0038,-0.1212,7420.8589,-175.6890,5993.5908,5993.5908
8191,0.53,0.5261,+0.0806,-6.0020,6.5281,447.5880,-174.6938,6216.4326,6216.4326
8192,0.55,1.9848,+0.7498,-5.9784,7.9632,1721.6279,-175.3865,6343.9600,6343.9600
8193,0.53,17.9234,-7.7363,-5.9777,23.9012,90819.1797,-174.8973,7539.8535,7539.8535
8194,0.54,-0.6549,-0.0308,-5.9633,5.3084,2.7400,-178.0664,6377.7246,6377.7246
8195,0.53,-0.3977,+0.0035,-5.9392,5.5415,54.2535,-181.5329,6627.3945,6627.3945
8196,0.52,-0.3011,-0.1535,-5.9575,5.6565,41.5925,-177.8845,6377.4062,6377.4062
8197,0.55,-18.7503,+9.0629,-5.9565,-12.7938,83184.6875,-178.9629,5661.5933,5661.5933
8198,0.52,-0.2195,+0.2535,-5.9545,5.7350,171.9496,-179.3331,6494.5718,6494.5718
8199,0.53,2.3967,-1.4284,-5.9605,8.3572,2540.3872,-177.8854,6621.0723,6621.0723
8200,0.52,-0.1086,-0.3806,-5.9755,5.8669,18.1571,-178.1731,6442.9497,6442.9497
8201,0.55,0.6184,-0.8666,-5.9612,6.5796,685.9214,-179.7239,6570.3501,6570.3501
8202,0.55,-0.4732,-0.0085,-5.9614,5.4882,14.3209,-178.5853,6449.0361,6449.0361
8203,0.54,-0.1667,+0.7494,-5.9538,5.7871,107.3643,-177.4595,6413.2632,6413.2632
8204,0.53,-0.1542,-0.0218,-5.9767,5.8225,113.7714,-178.0889,6409.8770,6409.8770
8205,0.54,-5.1720,+2.6494,-5.9540,0.7820,5107.9966,-180.0070,6076.9043,6076.9043
8206,0.53,-0.7391,+0.4234,-5.9593,5.2202,11.4487,-178.1506,6398.2637,6398.2637
8207,0.54,0.6662,-1.1391,-5.9431,6.6093,573.8724,-178.0835,6532.4756,6532.4756
8208,0.54,-0.3567,+0.3935,-5.9509,5.5942,86.4388,-177.6603,6421.3623,6421.3623
8209,0.53,-0.4239,+0.3825,-5.9411,5.5173,258.9714,-178.9845,6557.8037,6557.8037
8210,0.54,1.2565,+0.5191,-5.9356,7.1921,1198.0229,-176.7992,6445.6865,6445.6865
8211,0.55,-0.3695,-0.1984,-5.9553,5.5858,44.5123,-176.9845,6292.5889,6292.5889
8212,0.52,-0.0889,-0.3503,-5.9632,5.8743,46.3237,-178.1646,6411.2510,6411.2510
8213,0.54,3.2009,-2.0619,-5.9894,9.1903,3799.7744,-175.0884,6449.3828,6449.3828
8214,0.54,-0.3915,-0.0111,-5.9727,5.5812,25.4330,-176.6018,6296.0059,6296.0059
8215,0.55,-4.6634,-3.1877,-5.9723,1.3089,3682.1353,-176.3432,6018.5410,6018.5410
8216,0.54,5.4919,-2.2659,-5.9636,11.4556,7785.7266,-177.3877,6649.9668,6649.9668
8217,0.55,5.2821,-0.0742,-5.9510,11.2331,8775.0752,-177.5938,6695.0405,6695.0405
8218,0.53,-0.5690,-0.1357,-5.9543,5.3852,42.3636,-177.3270,6326.8213,6326.8213
8219,0.54,4.6066,-3.3525,-5.9458,10.5524,7294.4751,-179.3244,6861.4531,6861.4531
8220,0.54,1.4077,+2.2060,-5.9338,7.3415,1371.0651,-178.0046,6501.6343,6501.6343
8221,0.56,-0.0160,-2.2678,-5.9439,5.9278,106.0427,-177.9740,6396.5645,6396.5645
8222,0.52,0.0032,+0.2253,-5.9513,5.9545,110.6038,-177.9169,6403.7012,6403.7012
8223,0.52,-0.2386,+0.2953,-5.9270,5.6884,29.7015,-178.0494,6373.0322,6373.0322
8224,0.53,-0.1811,-0.0508,-5.9456,5.7646,67.4377,-178.9823,6446.9189,6446.9189
8225,0.53,-0.6615,+0.2939,-5.9493,5.2877,29.9902,-179.3448,6478.6724,6478.6724
8226,0.55,-0.4869,-0.0705,-5.9411,5.4542,29.5052,-175.8852,6201.2593,6201.2593
8227,0.54,-0.1653,-0.1380,-5.9647,5.7994,95.2570,-177.4345,6353.9014,6353.9014
8228,0.53,1.4602,+0.4507,-5.9872,7.4474,1399.9343,-175.1499,6316.4653,6316.4653
8229,0.55,-0.5567,-0.2359,-5.9865,5.4298,20.0926,-176.9978,6312.6006,6312.6006
8230,0.52,-0.4206,-0.0119,-5.9966,5.5760,28.7023,-176.0377,6263.6138,6263.6138
8231,0.56,-0.5256,+0.0178,-5.9586,5.4331,29.4074,-177.5180,6355.4087,6355.4087
8232,0.55,-0.5114,+0.0249,-5.9616,5.4502,25.2047,-176.9870,6312.7744,6312.7744
8233,0.52,-0.2735,+0.0215,-5.9473,5.6738,28.5652,-177.5585,6358.2617,6358.2617
8234,0.55,-0.5228,-0.0215,-5.9681,5.4453,30.8282,-175.7048,6207.0879,6207.0879
8235,0.54,-0.1730,-0.0046,-5.9781,5.8051,35.4012,-175.7471,6238.0391,6238.0391
8236,0.55,-0.4456,-0.0978,-5.9480,5.5024,34.1687,-177.1373,6291.6367,6291.6367
8237,0.56,-0.3049,-0.2152,-5.9467,5.6417,33.8116,-177.4489,6288.0371,6288.0371
8238,0.52,-0.3869,+0.0306,-5.9237,5.5369,37.1692,-179.1858,6437.1768,6437.1768
8239,0.56,-0.5903,+0.1817,-5.9266,5.3363,31.4575,-178.8009,6432.8062,6432.8062
8240,0.55,-0.3596,-0.1583,-5.9562,5.5967,33.1163,-179.0960,6482.8809,6482.8809
8241,0.53,-0.3765,-0.0654,-5.9654,5.5889,31.3839,-179.1482,6510.0063,6510.0063
8242,0.53,-0.2119,+0.0232,-5.9678,5.7560,38.1007,-175.7783,6252.0649,6252.0649
8243,0.54,-0.3169,-0.0304,-5.9774,5.6605,43.7626,-177.0208,6345.0884,6345.0884
8244,0.54,-0.3278,-0.1716,-5.9503,5.6225,35.7621,-178.4389,6435.0391,6435.0391
8245,0.55,-0.3243,-0.0569,-5.9591,5.6348,28.4051,-176.8545,6305.7246,6305.7246
8246,0.54,-0.5151,-0.0737,-5.9522,5.4371,29.9574,-176.8259,6294.1582,6294.1582
8247,0.52,-0.4219,+0.3122,-5.9716,5.5497,38.8840,-176.6959,6292.8877,6292.8877
8248,0.55,-0.5833,-0.1090,-5.9464,5.3630,35.5377,-178.3256,6416.2539,6416.2539
8249,0.54,-0.5800,-0.1976,-5.9545,5.3745,40.1785,-176.7781,6296.7832,6296.7832
8250,0.55,-0.3487,-0.0401,-5.9571,5.6084,34.8617,-178.0984,6396.0918,6396.0918
8251,0.54,-0.3006,-0.0374,-5.9573,5.6568,33.0919,-177.3889,6315.4697,6315.4697
8252,0.53,-0.4417,-0.2291,-5.9604,5.5187,39.9121,-177.0726,6302.2744,6302.2744
8253,0.53,-0.3950,-0.0186,-5.9629,5.5679,33.9300,-177.8862,6360.9619,6360.9619
8254,0.54,-0.3993,-0.1528,-5.9532,5.5539,24.8387,-178.3867,6420.4111,6420.4111
8255,0.53,-0.5254,-0.0785,-5.9553,5.4299,31.1290,-175.3194,6165.7900,6165.7900
8256,0.54,-0.5636,+0.1412,-5.9760,5.4123,31.2200,-176.7758,6277.6904,6277.6904
8257,0.54,-1.3145,-0.2998,-5.9447,4.6302,165.2487,-176.8617,6223.7812,6223.7812
8258,0.55,-0.8369,+0.2751,-5.9518,5.1149,3.1139,-178.5993,6344.6401,6344.6401
8259,0.53,-0.4365,+0.1497,-5.9522,5.5157,21.3080,-179.0663,6432.8545,6432.8545
8260,0.55,-0.5839,+0.3324,-5.9596,5.3756,22.3351,-179.1648,6453.4717,6453.4717
8261,0.53,-0.2268,+0.1395,-5.9516,5.7247,65.0453,-179.8393,6532.4092,6532.4092
8262,0.53,0.0283,-0.1628,-5.9641,5.9925,125.0238,-178.3549,6435.1714,6435.1714
8263,0.55,-0.5285,+0.1054,-5.9686,5.4402,20.9294,-178.2813,6400.8896,6400.8896
8264,0.55,-0.4733,+0.3786,-5.9701,5.4969,119.0164,-175.9438,6194.4414,6194.4414
8265,0.53,-0.5601,+0.1010,-5.9489,5.3887,34.6169,-175.0934,6152.0576,6152.0576
8266,0.55,-0.2858,+0.0893,-5.9709,5.6851,47.1695,-174.8053,6136.8491,6136.8491
8267,0.53,-0.1416,-0.1364,-5.9719,5.8303,47.7756,-175.9673,6212.5293,6212.5293
8268,0.54,-0.6771,+0.1003,-5.9635,5.2864,4.8807,-177.6229,6322.5098,6322.5098
8269,0.54,-0.8367,+0.1468,-5.9705,5.1337,6.9812,-174.2861,6036.6836,6036.6836
8270,0.52,-0.5154,-0.1748,-5.9788,5.4634,4.4235,-186.7222,6979.1797,6979.1797
8271,0.54,-0.3333,-0.1723,-6.0074,5.6741,4.1035,-168.1835,5686.1851,5686.1851
8272,0.54,-0.4917,-0.1255,-5.9984,5.5067,5.3154,-183.7881,6769.0391,6769.0391
8273,0.54,-0.5297,-0.0249,-5.9706,5.4409,3.1157,-168.3009,5689.3008,5689.3008
8274,0.53,-0.4102,+0.0196,-5.9690,5.5588,4.9164,-187.3030,7040.5142,7040.5142
8275,0.53,-0.3035,+0.2105,-5.9811,5.6776,12.3453,-168.8525,5715.9902,5715.9902
8276,0.54,-0.3796,-0.1094,-5.9603,5.5807,34.2411,-171.9569,5911.0898,5911.0898
8277,0.54,-0.3146,-0.2493,-5.9588,5.6443,15.6895,-172.1762,5922.3164,5922.3164
8278,0.54,-0.6703,+0.0024,-5.9559,5.2856,6.7629,-176.6256,6247.2178,6247.2178
8279,0.54,-0.9851,-0.1179,-5.9421,4.9570,6.0391,-179.5981,6456.0859,6456.0859
8280,0.53,-0.4651,+0.1692,-5.9459,5.4808,6.1631,-179.0609,6454.6855,6454.6855
8281,0.52,-0.7267,+0.0750,-5.9462,5.2196,10.2818,-177.3115,6342.8184,6342.8184
8282,0.52,-0.8438,+0.1006,-5.9560,5.1123,3.7440,-177.3965,6368.5117,6368.5117
8283,0.53,-0.6175,+0.0831,-5.9457,5.3283,2.8741,-174.2162,6093.1030,6093.1030
8284,0.53,-1.0516,+0.0525,-5.9627,4.9110,12.3352,-181.1581,6599.5430,6599.5430
8285,0.53,-0.6952,-0.1877,-5.9630,5.2677,2.4737,-176.2639,6277.5464,6277.5464
8286,0.54,-0.6351,-0.2239,-5.9611,5.3260,4.3779,-174.8959,6133.8628,6133.8628
8287,0.53,-0.7744,-0.0868,-6.0066,5.2322,5.5044,-182.4728,6700.0371,6700.0371
8288,0.51,-0.7209,+0.1468,-5.9825,5.2616,6.7687,-172.2116,5971.8760,5971.8760
8289,0.53,-0.5978,+0.0106,-5.9946,5.3968,7.2298,-175.9259,6271.3125,6271.3125
8290,0.53,-0.3534,+0.0089,-5.9735,5.6201,95.8789,-176.1333,6268.7378,6268.7378
8291,0.52,-0.1307,+0.0442,-5.9755,5.8448,47.2771,-177.5297,6387.3076,6387.3076
8292,0.54,-0.5908,-0.1763,-5.9763,5.3855,35.1355,-177.3941,6385.6865,6385.6865
8293,0.53,-0.4329,-0.0930,-5.9593,5.5264,24.5790,-177.6937,6440.7378,6440.7378
8294,0.53,-0.3907,-0.2832,-5.9603,5.5696,35.0013,-177.8638,6440.9863,6440.9863
8295,0.53,-0.5851,-0.0333,-5.9892,5.4040,22.7662,-177.0465,6385.7407,6385.7407
8296,0.53,-0.6944,+0.2255,-6.0125,5.3181,39.3439,-174.7249,6196.2188,6196.2188
8297,0.54,-0.3126,+0.1087,-5.9692,5.6567,43.8677,-174.7665,6210.7256,6210.7256
8298,0.51,-0.1281,+0.0684,-5.9889,5.8607,70.2856,-174.0522,6176.2437,6176.2437
8299,0.53,-0.3545,-0.3811,-5.9854,5.6309,48.0186,-175.5723,6287.4019,6287.4019
8300,0.52,0.1013,-0.1881,-5.9891,6.0903,76.4422,-175.5626,6334.1680,6334.1680
8301,0.54,-0.4447,-0.2386,-5.9788,5.5340,21.4338,-176.5581,6360.5991,6360.5991
8302,0.54,1.2226,+0.3404,-5.9967,7.2193,1031.5829,-179.0424,6598.7290,6598.7290
8303,0.54,-2.4349,-1.4435,-5.9620,3.5271,770.5609,-179.1008,6434.6221,6434.6221
8304,0.53,-0.2026,+0.2352,-5.9373,5.7347,35.5213,-178.3891,6473.6836,6473.6836
8305,0.55,-0.2687,+0.2964,-5.9619,5.6933,24.7667,-179.3339,6535.3408,6535.3408
8306,0.53,0.0345,+0.1784,-5.9643,5.9988,47.2027,-177.1512,6409.0986,6409.0986
8307,0.54,-0.0457,-0.0346,-5.9961,5.9504,53.0369,-175.5715,6314.8872,6314.8872
8308,0.53,-0.2438,-0.3789,-5.9978,5.7540,49.6397,-176.4502,6377.8125,6377.8125
8309,0.53,-0.6557,-0.0325,-5.9749,5.3193,81.8238,-174.2869,6205.5488,6205.5488
8310,0.52,0.2145,-0.0789,-5.9834,6.1979,81.4761,-176.2286,6358.9722,6358.9722
8311,0.53,-0.4674,-0.2077,-5.9909,5.5235,42.0397,-177.1302,6379.1665,6379.1665
8312,0.54,0.8222,+0.0120,-5.9893,6.8115,430.6681,-177.1619,6415.8032,6415.8032
8313,0.53,0.3512,+0.1794,-5.9882,6.3394,160.0726,-176.8924,6389.8535,6389.8535
8314,0.52,-0.2282,+0.1189,-5.9567,5.7285,70.9613,-176.5752,6328.3320,6328.3320
8315,0.54,-8.8221,-5.4068,-5.9667,-2.8553,20836.0996,-175.6611,5931.2822,5931.2822
8316,0.53,1.1486,-0.7467,-5.9718,7.1204,453.1045,-173.7000,6197.9365,6197.9365
8317,0.53,2.2333,+1.1525,-5.9507,8.1840,1195.7260,-176.2938,6459.6953,6459.6953
8318,0.54,0.8980,+0.0266,-5.9868,6.8848,209.4996,-173.8119,6255.6372,6255.6372
8319,0.53,0.6378,-0.1342,-5.9717,6.6095,223.9462,-174.5249,6285.2871,6285.2871
8320,0.51,0.0559,-0.3388,-5.9584,6.0142,85.8891,-176.4122,6380.4248,6380.4248
8321,0.53,0.2688,+0.0989,-5.9657,6.2345,78.8426,-176.3432,6392.9922,6392.9922
8322,0.53,0.4079,-0.3652,-5.9542,6.3621,114.0973,-175.7340,6335.0020,6335.0020
8323,0.53,0.1273,+0.1728,-5.9650,6.0923,71.8397,-176.0926,6361.0356,6361.0356
8324,0.54,107.6535,+5.2428,-5.9809,113.6345,2967427.7500,-175.6437,7282.4854,7282.4854
8325,0.53,-0.0675,+0.1957,-5.9714,5.9039,52.0840,-176.1129,6336.7393,6336.7393
8326,0.53,0.0550,-0.0985,-5.9698,6.0247,62.7509,-177.6352,6431.0010,6431.0010
8327,0.55,0.1695,-0.0880,-5.9682,6.1377,102.6842,-175.6276,6290.5684,6290.5684
8328,0.53,0.1918,+0.0188,-5.9813,6.1731,85.8597,-174.3563,6188.6855,6188.6855
8329,0.53,0.4279,-0.1209,-5.9634,6.3913,88.7673,-176.7014,6364.9727,6364.9727
8330,0.53,-0.1835,-0.0336,-5.9490,5.7654,106.6746,-176.9885,6375.9717,6375.9717
8331,0.52,-4.5661,+2.1238,-5.9768,1.4107,4254.1953,-175.3979,5898.1836,5898.1836
8332,0.53,1.2718,+0.2439,-5.9700,7.2419,315.5292,-176.2868,6398.2236,6398.2236
8333,0.52,-7.8718,+7.2365,-5.9912,-1.8805,14018.8301,-175.6158,5726.6475,5726.6475
8334,0.54,1.9367,+0.7677,-5.9876,7.9243,6530.8159,-176.1428,6409.7285,6409.7285
8335,0.53,10.5787,+6.0081,-5.9746,16.5532,15042.5010,-175.9541,6985.0020,6985.0020
8336,0.52,-4.9300,+16.2469,-5.9971,1.0672,6944.8560,-175.1322,6055.9692,6055.9692
8337,0.53,26.3139,-7.5975,-5.9629,32.2769,224515.2969,-176.4804,7184.1030,7184.1030
8338,0.53,1.7535,+0.4037,-5.9718,7.7253,1204.9540,-174.8800,6370.3975,6370.3975
8339,0.54,3.9862,-1.7325,-5.9702,9.9564,4703.7642,-176.6304,6778.8511,6778.8511
8340,0.53,0.8414,+1.4441,-5.9827,6.8241,660.8304,-176.2076,6461.0181,6461.0181
8341,0.52,0.7041,-1.8970,-5.9904,6.6945,441.2958,-175.8666,6318.8105,6318.8105
8342,0.52,0.7470,+0.8091,-5.9625,6.7094,488.2054,-178.4115,6498.3584,6498.3584
8343,0.53,0.3928,+0.9722,-5.9615,6.3543,169.0353,-177.6512,6412.3877,6412.3877
8344,0.53,4.3387,+0.4683,-5.9553,10.2940,6943.0664,-178.7349,6625.5771,6625.5771
8345,0.51,-0.0649,+0.0251,-5.9743,5.9094,76.2023,-177.4713,6374.3735,6374.3735
8346,0.53,2.2089,-0.4156,-5.9575,8.1664,1387.6603,-177.3042,6484.2119,6484.2119
8347,0.54,0.4772,+0.4656,-5.9432,6.4204,392.9436,-177.9602,6461.6440,6461.6440
8348,0.54,3.4983,+1.0852,-5.9720,9.4703,3871.2051,-176.6717,6574.8257,6574.8257
8349,0.54,3.5768,-0.5000,-5.9710,9.5478,2484.7146,-177.8391,6650.6836,6650.6836
8350,0.54,-1.6289,-1.0338,-5.9962,4.3673,847.3081,-176.4948,6234.2266,6234.2266
8351,0.51,4.3447,-5.9118,-5.9852,10.3299,4998.1328,-175.6835,6502.2563,6502.2563
8352,0.54,0.2444,+0.0096,-5.9980,6.2424,121.1375,-175.2157,6220.8018,6220.8018
8353,0.52,3.8543,-1.8201,-5.9676,9.8219,4316.0361,-175.9931,6448.4604,6448.4604
8354,0.52,-0.1796,-0.0666,-6.0132,5.8335,47.5892,-174.9734,6228.7422,6228.7422
8355,0.53,5.5306,+3.7149,-5.9718,11.5023,8799.4941,-176.2165,6670.5771,6670.5771
8356,0.55,0.4080,-0.0140,-5.9537,6.3616,574.8682,-175.5333,6279.4033,6279.4033
8357,0.51,-0.4542,+0.0042,-5.9629,5.5087,21.1924,-176.1488,6281.0674,6281.0674
8358,0.53,-0.1622,-0.1016,-5.9854,5.8232,63.5205,-176.0009,6288.0249,6288.0249
8359,0.53,2.4734,+0.1122,-5.9924,8.4658,1930.1035,-177.7495,6574.8521,6574.8521
8360,0.53,2.3283,+0.8122,-5.9708,8.2991,1888.2755,-177.8634,6539.9424,6539.9424
8361,0.54,-0.1153,-0.5194,-5.9794,5.8641,71.4187,-178.1794,6438.9434,6438.9434
8362,0.53,3.9844,+0.6825,-5.9592,9.9435,3016.2480,-177.9578,6669.9102,6669.9102
8363,0.52,10.7750,-3.1831,-5.9403,16.7153,19967.3984,-176.6604,6946.8921,6946.8921
8364,0.51,-0.9427,-0.4189,-5.9596,5.0169,18.4379,-176.3224,6255.8896,6255.8896
8365,0.52,8.6113,-4.1158,-5.9619,14.5732,12506.2197,-176.8963,6809.0610,6809.0610
8366,0.55,-0.2192,-0.0102,-5.9824,5.7633,71.1830,-176.5185,6320.8066,6320.8066
8367,0.54,-0.7923,+3.5565,-6.0041,5.2118,58.6192,-175.1800,6187.6211,6187.6211
8368,0.54,-0.6859,+0.3684,-5.9774,5.2915,67.0490,-175.6169,6204.2695,6204.2695
8369,0.52,0.1621,+0.1043,-5.9487,6.1108,156.9878,-178.1682,6409.8252,6409.8252
8370,0.54,0.4861,-0.0311,-5.9418,6.4279,277.0904,-176.6498,6350.7339,6350.7339
8371,0.53,-0.1979,-0.0604,-5.9669,5.7690,46.2838,-176.3904,6292.1948,6292.1948
8372,0.50,0.2056,-0.5084,-5.9845,6.1901,184.2362,-175.5983,6265.4536,6265.4536
8373,0.54,-0.0154,-0.2825,-5.9670,5.9516,71.4991,-176.0737,6278.8892,6278.8892
8374,0.55,-0.3532,+0.1444,-5.9586,5.6054,36.4749,-176.0771,6256.8091,6256.8091
8375,0.53,0.3017,-0.0570,-5.9610,6.2626,205.6874,-175.6820,6284.0859,6284.0859
8376,0.54,-7.5494,-9.9314,-5.9679,-1.5814,13052.3887,-176.0390,5612.2412,5612.2412
8377,0.53,-0.2211,-0.0442,-5.9659,5.7448,50.8469,-176.1392,6270.6401,6270.6401
8378,0.51,-0.2242,-0.3125,-5.9675,5.7433,39.1605,-177.0946,6360.3882,6360.3882
8379,0.53,-0.0299,-0.0591,-5.9828,5.9528,72.9932,-175.3294,6240.8115,6240.8115
8380,0.52,-0.2485,+0.1151,-5.9709,5.7225,46.2809,-175.9889,6263.6943,6263.6943
8381,0.53,6.0479,-7.0911,-5.9886,12.0365,10365.7041,-175.7446,6800.2778,6800.2778
8382,0.53,0.1243,+0.0839,-5.9857,6.1100,172.2159,-174.4985,6181.6226,6181.6226
8383,0.54,0.8892,+0.2297,-5.9953,6.8846,353.6897,-173.3627,6168.8452,6168.8452
8384,0.53,-0.0135,+0.0287,-5.9898,5.9763,43.2845,-173.4002,6083.4312,6083.4312
8385,0.53,0.5013,+0.0295,-6.0027,6.5040,118.5541,-171.3655,5963.4419,5963.4419
8386,0.53,0.3019,-0.0248,-5.9820,6.2840,60.9301,-173.6178,6122.2241,6122.2241
8387,0.52,0.1398,-0.1450,-5.9747,6.1145,64.0339,-174.8088,6203.1670,6203.1670
8388,0.54,-0.2124,-0.1019,-5.9962,5.7839,60.0602,-174.2393,6161.0635,6161.0635
8389,0.53,0.1536,+0.0282,-5.9697,6.1233,68.7947,-175.0014,6252.0840,6252.0840
8390,0.51,0.0680,-0.0386,-5.9431,6.0110,73.7771,-175.4890,6265.9219,6265.9219
8391,0.54,-0.4355,-0.3797,-5.9384,5.5029,37.6067,-175.6365,6249.5410,6249.5410
8392,0.54,0.0622,+0.2112,-5.9500,6.0122,63.7676,-177.1580,6401.4858,6401.4858
8393,0.53,-0.2581,+0.6663,-5.9474,5.6893,37.0432,-178.8753,6501.8008,6501.8008
8394,0.53,-0.0008,-0.0306,-5.9097,5.9089,41.8494,-179.7495,6535.3398,6535.3398
8395,0.55,-0.9023,+0.0802,-5.9296,5.0272,111.6850,-178.8081,6426.2275,6426.2275
8396,0.54,-0.0218,+0.2033,-5.9314,5.9096,49.5247,-178.5879,6470.1528,6470.1528
8397,0.55,-0.4898,+0.3355,-5.9170,5.4271,34.1871,-180.9124,6609.0732,6609.0732
8398,0.53,-0.2582,-0.0294,-5.9390,5.6808,34.9612,-179.4436,6524.3208,6524.3208
8399,0.52,-7.3716,-1.2203,-5.9407,-1.4309,12573.7480,-178.3468,6196.9443,6196.9443
8400,0.52,-1.1940,+1.0060,-5.9601,4.7661,78.6961,-176.9280,6244.8867,6244.8867
8401,0.54,-0.4762,-0.4736,-5.9534,5.4771,24.1102,-178.3080,6428.7695,6428.7695
8402,0.55,-0.7646,+0.1600,-5.9345,5.1699,51.4254,-177.0845,6331.4414,6331.4414
8403,0.53,-0.3355,-0.0247,-5.9579,5.6224,44.8776,-178.1408,6455.7339,6455.7339
8404,0.53,-5.0036,+9.5986,-5.9423,0.9387,4326.1812,-178.2880,6177.3730,6177.3730
8405,0.53,0.3259,+0.1687,-5.9764,6.3023,150.5198,-176.6126,6387.2217,6387.2217
8406,0.52,-0.4470,+0.0769,-5.9514,5.5045,23.2934,-176.7648,6341.0840,6341.0840
8407,0.53,-0.0223,-0.2925,-5.9510,5.9287,115.3462,-178.8438,6483.8535,6483.8535
8408,0.52,-0.3092,+0.6013,-5.9478,5.6386,24.3554,-178.6001,6442.0972,6442.0972
8409,0.54,-1.6957,+0.6361,-5.9222,4.2265,336.7259,-180.2292,6501.5166,6501.5166
8410,0.54,-2.0799,+1.0850,-5.9149,3.8350,768.6442,-176.5481,6152.6182,6152.6182
8411,0.54,-0.3170,+0.0292,-5.9062,5.5892,52.3607,-176.9391,6321.3945,6321.3945
8412,0.55,-0.1271,-0.1681,-5.9398,5.8127,72.4094,-176.9358,6323.3486,6323.3486
8413,0.54,-0.1265,-0.5308,-5.9417,5.8151,39.3429,-176.8944,6341.2651,6341.2651
8414,0.56,-0.5850,+0.2181,-5.9595,5.3745,19.3515,-176.1815,6268.5112,6268.5112
8415,0.54,-0.1939,+0.3218,-5.9456,5.7517,61.7797,-176.7869,6320.2881,6320.2881
8416,0.54,-0.9706,+1.3812,-5.9508,4.9802,52.7861,-176.0148,6219.4312,6219.4312
8417,0.53,0.4066,-0.5489,-5.9454,6.3521,149.8740,-175.8146,6319.2793,6319.2793
8418,0.54,0.3063,+0.3972,-5.9262,6.2325,111.7932,-177.7904,6417.8706,6417.8706
8419,0.55,0.7410,-0.0214,-5.9433,6.6843,258.6306,-176.6349,6352.6230,6352.6230
8420,0.55,3.5319,+1.2479,-5.9310,9.4630,3322.3164,-178.0174,6432.1426,6432.1426
8421,0.54,0.8647,+0.0849,-5.9294,6.7941,202.0491,-177.7690,6456.0786,6456.0786
8422,0.52,0.4657,-0.5024,-5.9294,6.3951,192.5662,-177.3001,6361.6270,6361.6270
8423,0.53,-0.5790,+2.9724,-5.9067,5.3277,60.9099,-179.2540,6491.9473,6491.9473
8424,0.54,-2.1659,-2.4017,-5.9051,3.7393,963.5618,-179.6216,6534.4048,6534.4048
8425,0.54,1.5525,-0.3574,-5.8854,7.4379,830.8149,-179.4401,6561.4053,6561.4053
8426,0.51,0.4678,-0.7456,-5.9021,6.3699,274.7274,-179.7411,6523.7393,6523.7393
8427,0.52,0.5021,+0.6250,-5.9125,6.4146,635.7797,-180.4574,6570.7129,6570.7129
8428,0.54,0.1344,-0.0227,-5.8993,6.0336,55.8446,-179.8886,6571.6729,6571.6729
8429,0.53,0.0638,+0.0393,-5.9395,6.0033,53.3717,-178.6512,6463.2363,6463.2363
8430,0.54,-0.2263,+0.2811,-5.9437,5.7174,50.7998,-176.9653,6279.0703,6279.0703
8431,0.54,-0.3940,+0.2007,-5.9531,5.5591,46.0975,-178.0304,6352.5483,6352.5483
8432,0.54,-0.1148,+0.0686,-5.9610,5.8461,41.4340,-175.1867,6167.9360,6167.9360
8433,0.52,-0.9622,-0.6768,-5.9315,4.9693,100.2652,-177.3575,6294.7710,6294.7710
8434,0.51,0.0618,+0.0735,-5.9602,6.0220,84.8023,-176.0349,6226.7529,6226.7529
8435,0.53,-0.3492,-0.0275,-5.9627,5.6135,54.3867,-175.9856,6194.5889,6194.5889
8436,0.52,-0.2411,-0.3042,-5.9557,5.7146,27.5606,-176.2796,6206.8984,6206.8984
8437,0.54,0.0638,-0.3443,-5.9650,6.0288,55.2144,-176.6185,6251.7812,6251.7812
8438,0.53,-0.2567,+0.0248,-5.9883,5.7316,56.7751,-175.5966,6165.7612,6165.7612
8439,0.55,0.0502,+0.0425,-5.9714,6.0215,44.1593,-176.3662,6227.8335,6227.8335
8440,0.52,0.2351,-0.0670,-5.9814,6.2165,47.8118,-175.3140,6157.2007,6157.2007
8441,0.53,0.7662,-0.4184,-5.9997,6.7659,238.4132,-174.4419,6134.9224,6134.9224
8442,0.54,-0.1950,+0.0995,-5.9680,5.7730,31.0888,-176.6239,6227.3457,6227.3457
8443,0.54,0.0333,+0.1103,-5.9619,5.9952,68.6386,-175.7410,6188.5317,6188.5317
8444,0.52,0.8823,-0.5386,-5.9669,6.8492,210.7571,-177.9470,6390.6582,6390.6582
8445,0.54,0.6726,-0.1366,-5.9248,6.5974,215.3701,-178.5688,6447.5879,6447.5879
8446,0.53,0.9536,+0.2752,-5.9197,6.8733,254.8139,-178.7829,6442.6709,6442.6709
8447,0.52,0.2027,+0.9631,-5.9563,6.1590,561.5524,-176.9675,6257.4473,6257.4473
8448,0.54,0.2355,-0.2430,-5.9600,6.1955,90.4354,-177.7229,6371.3799,6371.3799
8449,0.53,0.2398,+0.0589,-5.9538,6.1936,76.1950,-177.9494,6389.4048,6389.4048
8450,0.53,-0.0370,+0.1584,-5.9384,5.9015,66.9910,-176.9624,6280.0845,6280.0845
8451,0.54,-0.3058,+0.1995,-5.9566,5.6508,59.8895,-175.8772,6214.4209,6214.4209
8452,0.52,0.1649,-0.0354,-5.9363,6.1012,81.5265,-176.2532,6243.4658,6243.4658
8453,0.54,4.3785,-1.2262,-5.9458,10.3242,5443.7495,-175.8015,6253.9531,6253.9531
8454,0.50,-0.3099,-2.6278,-5.9325,5.6226,30.5871,-176.1390,6258.7070,6258.7070
8455,0.52,-0.2072,+0.0150,-5.9451,5.7380,67.8222,-176.6783,6286.0088,6286.0088
8456,0.53,0.4620,-0.4391,-5.9497,6.4117,271.1896,-176.0846,6240.6816,6240.6816
8457,0.54,0.1382,+0.0930,-5.9475,6.0857,100.9408,-175.8068,6229.7275,6229.7275
8458,0.53,0.2294,+0.0667,-5.9664,6.1958,65.3689,-175.2141,6207.0938,6207.0938
8459,0.56,0.0219,+0.3830,-5.9486,5.9705,89.4423,-176.6945,6273.9268,6273.9268
8460,0.54,0.1707,-0.1500,-5.9538,6.1245,56.7456,-176.3843,6260.4600,6260.4600
8461,0.53,-0.2530,+0.0566,-5.9857,5.7327,60.3262,-174.6170,6133.3140,6133.3140
8462,0.55,-0.2996,-0.0711,-5.9920,5.6925,42.6763,-175.1883,6191.4829,6191.4829
8463,0.53,0.0060,-0.1247,-5.9782,5.9842,77.8810,-176.4063,6303.8486,6303.8486
8464,0.53,-0.1180,-0.0919,-5.9809,5.8628,74.8344,-175.0823,6185.8184,6185.8184
8465,0.53,0.7983,-0.2558,-5.9695,6.7678,581.7903,-176.4431,6322.8926,6322.8926
8466,0.53,-0.0072,-0.0856,-5.9508,5.9436,87.3571,-176.5631,6311.1011,6311.1011
8467,0.53,-0.6885,+0.5576,-5.9297,5.2412,129.3059,-178.6374,6384.0928,6384.0928
8468,0.54,0.3916,+0.0657,-5.9324,6.3239,105.7517,-178.4278,6444.8550,6444.8550
8469,0.56,-2.4886,-3.2895,-5.9317,3.4431,1020.8981,-177.1442,6207.2974,6207.2974
8470,0.54,0.0028,-0.2150,-5.9211,5.9239,75.9869,-178.8943,6454.2637,6454.2637
8471,0.53,-0.7284,-0.6126,-5.9369,5.2085,92.6759,-178.9404,6452.0303,6452.0303
8472,0.52,-0.5005,-0.2468,-5.9123,5.4118,78.6807,-180.5788,6617.0596,6617.0596
8473,0.52,-0.1264,+0.6592,-5.8995,5.7731,51.4439,-182.2118,6744.3887,6744.3887
8474,0.54,-0.2471,+0.0653,-5.9310,5.6840,40.8507,-181.9716,6730.6289,6730.6289
8475,0.55,-0.7863,-0.1858,-5.9489,5.1626,40.0099,-180.8248,6604.3296,6604.3296
8476,0.55,-0.3973,-0.0485,-5.9770,5.5797,28.7187,-178.3564,6420.1445,6420.1445
8477,0.52,-0.4543,-0.0607,-5.9384,5.4841,28.9804,-178.7063,6439.1978,6439.1978
8478,0.54,-0.6645,-0.1111,-5.9485,5.2840,57.4965,-178.9473,6429.3901,6429.3901
8479,0.55,-0.3095,-0.0881,-5.9382,5.6287,36.2165,-179.8699,6442.9009,6442.9009
8480,0.53,-0.4375,-0.0252,-5.9550,5.5174,38.0783,-178.0116,6309.8442,6309.8442
8481,0.54,-0.2734,-0.0747,-5.9365,5.6631,32.3080,-178.5552,6375.9512,6375.9512
8482,0.52,-0.0828,-0.0668,-5.9643,5.8814,30.0026,-178.0335,6348.5425,6348.5425
8483,0.53,-0.5499,-0.0390,-5.9326,5.3827,35.5794,-178.8868,6394.1104,6394.1104
8484,0.54,-0.3907,-0.1008,-5.9286,5.5379,30.4246,-179.8403,6464.6611,6464.6611
8485,0.55,-0.5856,+0.0104,-5.9455,5.3599,42.4617,-178.7903,6405.3213,6405.3213
8486,0.55,-0.3266,-0.1045,-5.9643,5.6376,33.9779,-176.2727,6216.5073,6216.5073
8487,0.55,-0.5442,-0.0999,-5.9690,5.4248,29.6056,-177.2145,6277.3389,6277.3389
8488,0.53,-0.4711,+0.0828,-5.9768,5.5057,27.5184,-176.0235,6216.0449,6216.0449
8489,0.55,-0.4894,-0.2105,-6.0053,5.5160,42.5452,-176.5197,6264.7070,6264.7070
8490,0.54,-0.3522,-0.1895,-6.0011,5.6488,33.7146,-176.4707,6258.1768,6258.1768
8491,0.52,-0.8022,+0.0297,-6.0118,5.2096,38.3566,-176.6808,6251.7383,6251.7383
8492,0.54,-0.4983,+0.2115,-6.0001,5.5017,50.9670,-175.7770,6201.6206,6201.6206
8493,0.53,-0.6309,-0.1024,-5.9892,5.3583,28.4980,-176.9040,6256.8154,6256.8154
8494,0.53,-0.5282,-0.0358,-5.9876,5.4594,23.8947,-175.1577,6133.6211,6133.6211
8495,0.54,-0.6175,-0.1874,-5.9893,5.3718,36.2068,-174.7516,6132.9927,6132.9927
8496,0.52,-0.4278,-0.1052,-5.9672,5.5395,41.4614,-177.1032,6325.1094,6325.1094
8497,0.52,-0.3629,-0.0484,-5.9603,5.5974,43.7790,-177.5042,6347.8521,6347.8521
8498,0.55,-0.3747,+0.1511,-5.9427,5.5680,31.4887,-178.8655,6412.2920,6412.2920
8499,0.52,-0.5823,-0.0745,-5.9508,5.3685,29.2725,-179.2068,6454.1050,6454.1050
8500,0.53,-0.1343,+0.2367,-5.9512,5.8169,36.0203,-177.8921,6371.7686,6371.7686
8501,0.53,-0.4622,-0.0135,-5.9344,5.4722,31.0459,-178.5658,6372.6636,6372.6636
8502,0.53,-0.5039,-0.0970,-5.9738,5.4699,32.1872,-176.6423,6251.7988,6251.7988
8503,0.53,-0.3094,-0.1523,-6.0033,5.6939,33.2818,-177.7444,6376.1035,6376.1035
8504,0.53,-0.5628,+0.0549,-6.0038,5.4410,30.8907,-176.8159,6317.5576,6317.5576
8505,0.54,-0.5104,-0.0305,-6.0198,5.5094,24.5063,-174.8488,6137.9033,6137.9033
8506,0.55,-0.7764,-0.1069,-6.0173,5.2410,19.5598,-176.3288,6228.4390,6228.4390
8507,0.55,-0.7402,+0.1560,-5.9702,5.2300,36.7717,-176.7365,6265.8154,6265.8154
8508,0.53,-0.6219,+0.0555,-5.9998,5.3779,39.5195,-175.1599,6188.1133,6188.1133
8509,0.54,-0.7148,+0.0379,-5.9895,5.2747,52.6880,-176.1472,6240.6396,6240.6396
8510,0.53,-0.5119,-0.3058,-5.9962,5.4843,39.3558,-175.0284,6165.3818,6165.3818
8511,0.53,-55.9590,-49.6458,-5.9872,-49.9718,772518.6875,-174.5049,1060.6338,1060.6338
8512,0.52,-0.5436,+0.0185,-5.9844,5.4408,39.7777,-178.6685,6410.9751,6410.9751
8513,0.54,-0.5338,+0.1126,-5.9946,5.4608,29.9477,-177.5193,6342.8062,6342.8062
8514,0.53,-0.4886,-0.1963,-5.9953,5.5068,36.2755,-177.6305,6353.7158,6353.7158
8515,0.55,-0.6082,+0.0395,-5.9769,5.3686,38.0661,-176.8071,6280.3618,6280.3618
8516,0.55,-0.4959,-0.2645,-5.9711,5.4752,37.8939,-178.1258,6377.4717,6377.4717
8517,0.54,-1.0490,-0.3225,-5.9719,4.9229,24.3257,-179.2668,6366.9805,6366.9805
8518,0.53,-0.4381,-0.0638,-5.9649,5.5268,33.7877,-179.8097,6478.9995,6478.9995
8519,0.53,25.7716,+1.4043,-5.9600,31.7317,181838.4062,-177.0128,8164.6807,8164.6807
8520,0.54,-0.8269,-0.4788,-5.9634,5.1365,4.9375,-178.9716,6396.9727,6396.9727
8521,0.55,-0.5138,+0.7233,-5.9656,5.4517,30.5550,-176.5247,6248.9561,6248.9561
8522,0.53,-0.9842,+0.4736,-5.9651,4.9809,8.1988,-177.4119,6280.9995,6280.9995
8523,0.56,-0.6217,+0.0054,-5.9602,5.3385,32.9030,-177.0608,6304.7500,6304.7500
8524,0.55,-0.7506,-0.0399,-5.9577,5.2071,44.5311,-178.7332,6410.0020,6410.0020
8525,0.55,-0.5290,-0.0506,-5.9341,5.4051,49.1405,-178.1989,6384.6621,6384.6621
8526,0.54,-0.8317,-0.0430,-5.9036,5.0719,14.0151,-179.3027,6439.3311,6439.3311
8527,0.54,1.9826,-0.7305,-5.9362,7.9188,2489.4038,-177.6199,6547.7886,6547.7886
8528,0.54,-0.8035,-0.1948,-5.9390,5.1356,35.8985,-177.5285,6318.2842,6318.2842
8529,0.54,-0.4563,-0.1345,-5.9621,5.5058,35.1834,-179.2567,6467.4507,6467.4507
8530,0.53,-0.7257,-0.0465,-5.9438,5.2181,18.2859,-179.3656,6451.7539,6451.7539
8531,0.57,-0.6149,+0.1451,-5.9418,5.3268,64.8467,-177.7128,6341.3179,6341.3179
8532,0.53,6.7358,+2.3010,-5.9550,12.6908,15306.4658,-178.4038,6932.7192,6932.7192
8533,0.53,-0.4993,-0.1079,-5.9658,5.4665,85.9207,-179.1692,6473.7441,6473.7441
8534,0.55,-0.5443,+0.2470,-5.9561,5.4118,51.2910,-178.1934,6388.4707,6388.4707
8535,0.54,1.5350,+3.2865,-5.9622,7.4973,1646.5222,-179.3311,6508.6221,6508.6221
8536,0.55,1.2236,+1.3647,-5.9537,7.1773,1002.9985,-177.7837,6430.1357,6430.1357
8537,0.55,-3.3343,-16.8442,-5.9565,2.6222,1604.5222,-177.4997,6235.0332,6235.0332
8538,0.53,-0.8330,+1.3232,-5.9609,5.1278,9.5288,-175.6591,6232.5132,6232.5132
8539,0.54,-0.6500,-0.0225,-5.9722,5.3222,27.4711,-177.6042,6361.2715,6361.2715
8540,0.55,-0.5203,-0.0405,-5.9946,5.4743,34.6044,-175.5597,6214.0259,6214.0259
8541,0.54,2.4593,-0.0234,-5.9897,8.4491,3351.1021,-177.1822,6505.7793,6505.7793
8542,0.56,1.2141,+4.1021,-6.0028,7.2169,1098.3088,-174.8888,6244.6069,6244.6069
8543,0.55,-1.4956,-2.5691,-5.9971,4.5014,108.9863,-176.6526,6235.2612,6235.2612
8544,0.55,-1.6636,-0.0666,-5.9890,4.3254,132.7641,-175.9537,6161.2490,6161.2490
8545,0.52,0.2930,+0.2862,-5.9710,6.2640,371.4926,-177.1776,6376.4263,6376.4263
8546,0.54,1.0025,-0.8471,-5.9508,6.9533,597.5131,-178.5498,6464.5518,6464.5518
8547,0.53,-0.3339,-0.1347,-5.9499,5.6160,102.7937,-176.4917,6278.8008,6278.8008
8548,0.56,-0.3715,+1.0289,-5.9738,5.6023,101.3612,-176.5748,6272.4722,6272.4722
8549,0.53,-0.6996,+5.5566,-5.9356,5.2360,23.0791,-179.1555,6435.7012,6435.7012
8550,0.54,-1.2072,+1.1147,-5.9724,4.7652,47.8386,-177.1547,6258.5972,6258.5972
8551,0.53,5.0312,-2.3179,-5.9853,11.0164,9409.2178,-176.3885,6662.5610,6662.5610
8552,0.55,-0.7703,-0.1790,-5.9998,5.2296,40.5590,-175.3615,6163.6001,6163.6001
8553,0.55,-0.6410,-0.0504,-5.9750,5.3340,55.8973,-177.1459,6288.1904,6288.1904
8554,0.54,-0.6699,-0.2812,-5.9644,5.2946,29.5182,-176.1054,6232.5303,6232.5303
8555,0.55,-0.6152,+0.0236,-5.9758,5.3606,32.8765,-177.3204,6317.2725,6317.2725
8556,0.54,-0.7083,-0.6148,-5.9428,5.2345,17.5041,-177.3519,6285.5557,6285.5557
8557,0.56,-0.5457,-0.1234,-5.9699,5.4242,27.5538,-176.6426,6260.1094,6260.1094
8558,0.54,-0.6112,+0.0026,-5.9434,5.3321,21.8404,-180.3493,6509.8994,6509.8994
8559,0.53,0.0322,+0.2573,-5.9462,5.9783,355.3133,-179.1513,6495.4629,6495.4629
8560,0.55,-0.5116,+0.5455,-5.9687,5.4570,80.5657,-177.4403,6343.9736,6343.9736
8561,0.54,-0.5714,-0.1289,-5.9707,5.3994,34.5673,-177.5045,6328.5708,6328.5708
8562,0.54,4.2813,+0.2918,-5.9654,10.2467,7190.6118,-176.8199,6641.7822,6641.7822
8563,0.56,-0.4092,-0.0389,-5.9689,5.5596,59.4325,-177.6288,6343.4028,6343.4028
8564,0.55,-0.6141,-0.0585,-5.9529,5.3389,39.0054,-177.6791,6350.4355,6350.4355
8565,0.55,-0.5523,+0.0210,-5.9705,5.4182,55.3543,-177.4496,6325.2480,6325.2480
8566,0.54,1.2406,+0.0853,-5.9750,7.2157,1208.8036,-178.1945,6426.9746,6426.9746
8567,0.54,-0.5985,+0.0293,-5.9402,5.3417,21.6138,-177.3941,6288.2891,6288.2891
8568,0.55,-1.0187,-0.2404,-5.9565,4.9378,67.5956,-178.4734,6373.7119,6373.7119
8569,0.54,-0.8445,-0.1301,-5.9496,5.1050,16.7572,-176.6408,6262.2578,6262.2578
8570,0.57,0.8770,+0.8498,-5.9265,6.8036,961.6199,-179.4167,6565.9033,6565.9033
8571,0.55,-0.4546,+0.3108,-5.9345,5.4799,25.8737,-181.1288,6592.6504,6592.6504
8572,0.53,-0.7254,+0.1575,-5.9479,5.2225,33.1119,-179.9716,6518.7646,6518.7646
8573,0.56,-0.4602,+0.0524,-5.9614,5.5012,73.8906,-179.0210,6461.5635,6461.5635
8574,0.56,-0.7081,-0.1402,-5.9616,5.2535,64.4267,-178.1328,6390.5039,6390.5039
8575,0.57,-0.0593,-0.1674,-5.9879,5.9286,274.8072,-176.5791,6314.2588,6314.2588
8576,0.54,-0.3819,-0.1783,-5.9655,5.5837,89.5635,-175.1610,6181.0039,6181.0039
8577,0.56,-0.5118,+0.0872,-5.9838,5.4721,71.6363,-174.6628,6147.8330,6147.8330
8578,0.53,-0.6448,+0.0569,-5.9720,5.3272,19.4091,-177.6139,6353.2695,6353.2695
8579,0.55,-1.9270,-0.7773,-5.9673,4.0403,143.3832,-176.8112,6172.9951,6172.9951
8580,0.56,-0.7137,-1.5842,-5.9767,5.2630,28.9161,-176.3151,6257.1562,6257.1562
8581,0.55,-0.6237,-0.1608,-5.9494,5.3257,37.3757,-177.4612,6337.8008,6337.8008
8582,0.55,-0.7225,+0.1096,-5.9889,5.2664,34.8582,-175.6605,6233.0293,6233.0293
8583,0.55,-0.4923,+0.0172,-5.9718,5.4795,47.2965,-175.9267,6217.2544,6217.2544
8584,0.55,-0.5093,-0.0686,-5.9757,5.4664,95.4352,-176.4561,6273.5161,6273.5161
8585,0.53,1.2196,-0.2644,-5.9756,7.1952,1144.3374,-175.5477,6360.3809,6360.3809
8586,0.55,-0.4810,+0.1652,-5.9839,5.5028,100.3311,-177.3289,6312.2734,6312.2734
8587,0.56,0.9644,-0.1085,-5.9552,6.9196,862.6294,-176.1714,6284.5908,6284.5908
8588,0.54,-0.8563,-0.1222,-5.9343,5.0780,10.1807,-176.5522,6251.8301,6251.8301
8589,0.55,-0.6749,+0.0082,-5.9638,5.2889,30.4905,-175.0451,6137.4795,6137.4795
8590,0.54,-0.5218,-0.1543,-5.9657,5.4439,36.8624,-176.6712,6235.2402,6235.2402
8591,0.53,-0.2065,+0.1721,-5.9479,5.7413,38.2893,-177.0174,6293.1641,6293.1641
8592,0.55,-0.6766,+0.0252,-5.9632,5.2866,26.5929,-176.6166,6240.0400,6240.0400
8593,0.55,-0.5202,-0.0496,-5.9550,5.4348,28.7617,-177.1160,6301.4292,6301.4292
8594,0.54,-0.6420,-0.1112,-5.9461,5.3041,30.0278,-177.5847,6342.2158,6342.2158
8595,0.53,-0.5908,-0.3593,-5.9526,5.3618,33.7512,-178.7179,6393.9917,6393.9917
8596,0.54,-0.3897,+0.0462,-5.9654,5.5757,95.5790,-177.9163,6359.2754,6359.2754
8597,0.52,-0.2351,+0.4676,-5.9811,5.7460,251.1350,-176.9933,6289.2178,6289.2178
8598,0.52,-0.4979,-0.0302,-5.9661,5.4682,44.4352,-175.0533,6141.1602,6141.1602
8599,0.55,-0.7250,+0.0130,-5.9822,5.2572,41.5534,-174.8905,6107.6582,6107.6582
8600,0.54,-0.3257,-0.2499,-5.9737,5.6480,64.8018,-176.6765,6239.8232,6239.8232
8601,0.55,-0.7078,+0.0709,-5.9581,5.2503,31.7650,-178.9936,6400.4375,6400.4375
8602,0.57,-0.3890,+0.2224,-5.9569,5.5678,121.9162,-178.2086,6380.5547,6380.5547
8603,0.56,-0.6838,-0.1119,-5.9676,5.2838,26.2045,-177.9851,6368.3242,6368.3242
8604,0.57,-0.9374,-0.1819,-5.9600,5.0226,25.0222,-179.0483,6413.4644,6413.4644
8605,0.56,-0.7250,+0.1692,-5.9541,5.2292,25.5883,-178.1057,6350.8994,6350.8994
8606,0.55,-0.5112,+0.2433,-5.9609,5.4498,11.0236,-178.5971,6391.8721,6391.8721
8607,0.54,-0.7715,-0.1459,-5.9292,5.1577,23.2810,-178.2810,6358.8066,6358.8066
8608,0.55,-0.5752,+0.0777,-5.9268,5.3516,19.3062,-177.6353,6307.8481,6307.8481
8609,0.54,-0.2565,+0.4402,-5.9406,5.6841,72.2161,-179.0959,6430.1357,6430.1357
8610,0.53,-0.8965,+0.0499,-5.9595,5.0630,4.6633,-178.4887,6374.5947,6374.5947
8611,0.56,-0.6441,+0.0022,-5.9733,5.3292,30.5163,-174.5271,6128.1514,6128.1514
8612,0.55,-0.6075,-0.0323,-5.9593,5.3518,31.8642,-175.7744,6201.7803,6201.7803
8613,0.55,-0.8994,-0.0142,-5.9503,5.0509,55.4495,-176.6522,6223.8457,6223.8457
8614,0.53,-0.5648,+0.1347,-5.9510,5.3862,38.9134,-175.9932,6192.4424,6192.4424
8615,0.58,-0.5005,+0.2834,-5.9740,5.4735,34.6916,-177.7290,6306.0098,6306.0098
8616,0.54,-0.8658,-0.0941,-5.9787,5.1129,34.6423,-176.3025,6218.3018,6218.3018
8617,0.55,-0.6565,-0.1858,-5.9776,5.3211,16.4027,-176.5535,6243.6123,6243.6123
8618,0.55,-0.9502,+0.0405,-5.9554,5.0052,52.7717,-178.0853,6330.3276,6330.3276
8619,0.54,-0.6215,-0.1279,-5.9641,5.3426,58.9613,-176.7873,6255.0518,6255.0518
8620,0.56,-0.6328,+0.3012,-5.9613,5.3285,74.9195,-176.2046,6203.7573,6203.7573
8621,0.55,-0.3435,-0.1831,-5.9529,5.6093,52.3111,-176.8869,6263.4492,6263.4492
8622,0.55,-0.5354,-0.1272,-5.9531,5.4177,22.4608,-176.7473,6218.7676,6218.7676
8623,0.54,-0.2742,-0.5761,-5.9657,5.6915,104.6686,-177.1453,6299.8975,6299.8975
8624,0.55,-0.6355,+0.0951,-5.9424,5.3069,50.4955,-177.4908,6292.3604,6292.3604
8625,0.55,-0.7819,-0.0727,-5.9412,5.1593,44.5169,-177.2476,6261.1504,6261.1504
8626,0.54,-0.4423,+0.0636,-5.9322,5.4899,32.7107,-177.5532,6302.3428,6302.3428
8627,0.56,-0.5522,+0.0451,-5.9573,5.4051,27.2763,-175.3388,6141.5703,6141.5703
8628,0.53,-0.7708,+0.3477,-5.9542,5.1834,61.3552,-179.0158,6406.1201,6406.1201
8629,0.56,-0.7507,-0.2851,-5.9406,5.1899,23.3217,-178.6561,6378.8257,6378.8257
8630,0.56,-0.8914,-0.0329,-5.9900,5.0985,44.0495,-178.7724,6400.8540,6400.8540
8631,0.54,-0.6997,+0.0950,-5.9683,5.2686,37.2952,-177.0441,6288.1489,6288.1489
8632,0.55,-0.9800,-0.1256,-5.9798,4.9998,32.1591,-177.0385,6269.6367,6269.6367
8633,0.54,-0.9537,+0.1498,-5.9761,5.0224,71.9103,-178.4031,6354.3857,6354.3857
8634,0.55,-0.5484,+0.0523,-5.9466,5.3981,61.3197,-179.7361,6464.4712,6464.4712
8635,0.53,-0.5359,+0.4233,-5.9419,5.4060,38.6183,-179.3799,6454.1270,6454.1270
8636,0.54,-0.6673,+0.1175,-5.9578,5.2906,33.2894,-178.4807,6375.6626,6375.6626
8637,0.54,-1.0808,-0.1074,-5.9280,4.8472,4.9774,-177.6212,6278.8945,6278.8945
8638,0.54,-0.8287,+0.0817,-5.9685,5.1398,29.3196,-176.1095,6176.5098,6176.5098
8639,0.56,-0.5422,+0.0779,-6.0051,5.4629,97.0383,-175.1057,6146.4160,6146.4160
8640,0.54,-0.8583,-0.1751,-6.0094,5.1511,38.5954,-175.0136,6141.6309,6141.6309
8641,0.53,-0.6747,-0.0715,-6.0066,5.3319,25.8523,-174.6939,6095.4526,6095.4526
8642,0.56,-0.6005,-0.0791,-5.9860,5.3855,26.6239,-173.8642,6029.4541,6029.4541
8643,0.57,-0.8857,-0.0699,-5.9559,5.0702,31.7074,-175.1551,6112.1226,6112.1226
8644,0.56,-0.2908,+0.0275,-5.9537,5.6629,126.7881,-176.4820,6225.3848,6225.3848
8645,0.56,-0.7597,+0.2144,-5.9532,5.1935,33.6367,-174.9870,6096.8042,6096.8042
8646,0.54,-0.9197,-0.0295,-5.9684,5.0487,33.0404,-176.0681,6158.0366,6158.0366
8647,0.56,-0.8351,-0.1745,-5.9839,5.1488,45.1146,-175.2976,6119.6001,6119.6001
8648,0.55,-0.5925,-0.0558,-5.9490,5.3565,38.1399,-175.6475,6143.6572,6143.6572
8649,0.55,-0.7937,+0.0492,-5.9644,5.1707,36.7736,-175.6240,6137.3369,6137.3369
8650,0.57,-0.7651,+0.0331,-5.9749,5.2098,39.1648,-175.6372,6130.5483,6130.5483
8651,0.54,-0.7069,+0.1277,-6.0022,5.2952,32.8201,-174.8803,6102.1172,6102.1172
8652,0.56,-0.8316,+0.2733,-6.0053,5.1737,32.8098,-177.8295,6315.5518,6315.5518
8653,0.54,-0.8028,+0.1584,-5.9997,5.1970,31.8775,-178.3489,6353.3330,6353.3330
8654,0.55,-0.7705,+0.2364,-5.9794,5.2089,35.3400,-177.1161,6266.7871,6266.7871
8655,0.54,-0.6480,+0.0861,-5.9669,5.3189,37.0113,-178.5691,6341.4448,6341.4448
8656,0.55,-0.6152,-0.0388,-5.9519,5.3367,35.5614,-177.7352,6285.9570,6285.9570
8657,0.55,-0.3765,+0.0558,-5.9355,5.5590,42.9041,-177.6334,6284.4648,6284.4648
8658,0.53,-0.7378,+0.1004,-5.9366,5.1988,33.7464,-178.2310,6323.7412,6323.7412
8659,0.54,-0.9492,-0.0902,-5.9564,5.0072,70.4983,-176.5643,6176.2334,6176.2334
8660,0.56,-0.3500,+1.0295,-5.9413,5.5914,111.4212,-178.7664,6371.8188,6371.8188
8661,0.56,-0.1723,-0.8658,-5.9434,5.7712,164.1544,-178.1789,6340.3945,6340.3945
8662,0.55,-0.5467,+0.2064,-5.9480,5.4013,56.1904,-177.2787,6268.2100,6268.2100
8663,0.56,-0.7745,-0.1091,-5.9643,5.1898,26.4080,-177.0558,6279.6729,6279.6729
8664,0.56,-0.7940,+0.0812,-5.9479,5.1539,30.6341,-177.6084,6329.8301,6329.8301
8665,0.55,-0.6076,-0.0901,-5.9556,5.3480,35.1163,-178.1996,6350.7852,6350.7852
8666,0.55,-0.4826,-0.0829,-5.9571,5.4745,43.1409,-178.8336,6403.7905,6403.7905
8667,0.55,-0.4796,-0.3010,-5.9537,5.4741,30.1686,-177.5859,6310.5981,6310.5981
8668,0.56,-0.6017,-0.0884,-5.9736,5.3719,34.2724,-178.6899,6381.4761,6381.4761
8669,0.55,-0.3525,+0.0231,-5.9427,5.5902,83.7083,-179.2206,6426.2686,6426.2686
8670,0.53,-0.7025,-0.2454,-5.9354,5.2329,79.2152,-179.8489,6422.3252,6422.3252
8671,0.54,-0.6436,-0.0722,-5.9496,5.3060,34.4755,-179.0711,6386.3428,6386.3428
8672,0.56,0.0187,-0.1942,-5.9530,5.9717,391.8241,-177.3566,6296.4990,6296.4990
8673,0.54,-0.8189,+0.0777,-5.9481,5.1292,28.5848,-178.8566,6371.0630,6371.0630
8674,0.55,-0.1652,-2.2190,-5.9402,5.7750,311.2964,-179.3298,6443.5674,6443.5674
8675,0.55,-2.3435,+0.5516,-5.9276,3.5841,310.5684,-179.1433,6332.2871,6332.2871
8676,0.53,0.3000,-0.3389,-5.9331,6.2331,384.5415,-177.9613,6367.6084,6367.6084
8677,0.56,-0.5216,-0.0919,-5.9332,5.4115,30.4755,-179.5953,6447.9604,6447.9604
8678,0.54,0.1167,-1.1992,-5.9623,6.0790,262.5705,-180.9006,6589.9980,6589.9980
8679,0.56,-0.6404,-0.2268,-5.9704,5.3300,23.9476,-180.4715,6530.6230,6530.6230
8680,0.55,-0.4310,-0.3278,-5.9524,5.5214,313.9980,-179.1398,6461.1460,6461.1460
8681,0.55,-1.0326,+0.9538,-5.9374,4.9049,2.9980,-179.3363,6429.0327,6429.0327
8682,0.56,-0.1525,+0.2175,-5.9407,5.7882,131.0916,-178.7655,6417.9824,6417.9824
8683,0.55,-0.9185,+0.5139,-5.9542,5.0357,5.7973,-178.9837,6461.6318,6461.6318
8684,0.56,-1.6589,+0.4336,-5.9692,4.3104,70.4240,-178.9284,6404.8022,6404.8022
8685,0.54,0.4882,-1.5085,-5.9749,6.4631,772.0375,-177.6568,6406.8550,6406.8550
8686,0.56,-1.2779,-1.0318,-5.9525,4.6746,37.6637,-179.8412,6455.8027,6455.8027
8687,0.56,-0.7950,-0.4787,-6.0086,5.2137,63.4567,-176.6291,6239.6147,6239.6147
8688,0.55,-0.9399,+0.8048,-6.0043,5.0644,24.1676,-176.0097,6181.3130,6181.3130
8689,0.54,0.0730,+0.9806,-6.0122,6.0852,203.9040,-175.7006,6200.8281,6200.8281
8690,0.55,1.0455,+0.1342,-5.9908,7.0363,1215.1733,-176.1438,6295.6099,6295.6099
8691,0.54,1.3260,+0.8815,-5.9874,7.3134,970.5004,-175.9432,6209.2925,6209.2925
8692,0.54,-0.2262,+0.1273,-5.9765,5.7503,119.8905,-173.6689,6079.6060,6079.6060
8693,0.54,-0.7509,+0.2706,-5.9690,5.2181,49.9816,-173.2439,6040.3521,6040.3521
8694,0.54,-0.5109,+0.0180,-5.9361,5.4253,28.2333,-176.2656,6223.1733,6223.1733
8695,0.53,-0.6036,+0.1698,-5.9560,5.3524,36.3059,-175.9074,6203.5420,6203.5420
8696,0.55,-1.1487,+0.3864,-5.9492,4.8005,18.3263,-177.7584,6269.8042,6269.8042
8697,0.55,-0.6102,+0.3105,-5.9039,5.2937,133.1471,-179.2782,6415.3711,6415.3711
8698,0.54,-1.5368,+0.4730,-5.9372,4.4004,141.1763,-181.5462,6483.1934,6483.1934
8699,0.52,-0.5585,-0.1248,-5.9763,5.4177,16.0849,-179.8873,6461.2666,6461.2666
8700,0.53,6.9034,+11.7730,-5.9453,12.8487,15821.7734,-178.5397,6709.5928,6709.5928
8701,0.55,-0.1988,-0.7874,-5.9669,5.7680,137.9843,-175.9744,6154.1201,6154.1201
8702,0.53,-0.5814,-0.0260,-5.9779,5.3965,48.1183,-178.4083,6308.9961,6308.9961
8703,0.56,-2.3520,+0.8983,-5.9730,3.6210,499.8228,-177.1741,6117.7061,6117.7061
8704,0.53,-0.8927,+0.0871,-5.9555,5.0628,30.1587,-178.1021,6251.3633,6251.3633
8705,0.55,-0.2019,+0.1973,-5.9491,5.7471,166.4133,-177.2172,6231.3965,6231.3965
8706,0.54,-0.8751,-0.8479,-5.9673,5.0922,4.9099,-176.8449,6204.5664,6204.5664
8707,0.54,-0.4822,-0.4599,-5.9473,5.4651,11.9813,-178.7230,6351.1387,6351.1387
8708,0.55,-0.8483,-1.1439,-5.9525,5.1042,21.2023,-177.9326,6292.9473,6292.9473
8709,0.53,-0.5806,-0.2467,-5.9437,5.3631,16.6772,-178.7057,6382.4346,6382.4346
8710,0.55,-0.7196,+0.0741,-5.9206,5.2010,60.1264,-177.0407,6257.5957,6257.5957
8711,0.54,-0.6994,-0.0086,-5.9418,5.2424,33.1424,-178.9028,6386.5679,6386.5679
8712,0.56,-0.5549,+0.1379,-5.9344,5.3795,21.9017,-178.5287,6355.8188,6355.8188
8713,0.54,-5.0022,+8.7976,-5.9170,0.9148,4674.9375,-178.6929,6152.1558,6152.1558
8714,0.55,-4.0016,-0.2138,-5.9235,1.9219,2445.8655,-177.2845,6161.4521,6161.4521
8715,0.54,-20.1571,+7.6912,-5.9209,-14.2362,93951.3281,-179.1140,5187.7495,5187.7495
8716,0.56,-0.3997,-1.9049,-5.9551,5.5555,61.2423,-178.1333,6350.8140,6350.8140
8717,0.53,-1.7277,+1.1885,-5.9995,4.2718,154.0246,-175.5968,6112.5312,6112.5312
8718,0.56,3.1122,+0.4636,-5.9825,9.0947,4034.9934,-174.5316,6279.9937,6279.9937
8719,0.53,-8.0337,+0.6383,-5.9903,-2.0434,11942.1924,-175.2558,5740.4478,5740.4478
8720,0.53,-3.4846,-2.0144,-5.9846,2.4999,1490.7196,-176.6034,6103.1611,6103.1611
8721,0.54,0.1599,-0.1415,-6.0051,6.1650,219.9063,-176.4388,6251.6221,6251.6221
8722,0.54,-0.9372,-0.1914,-5.9957,5.0586,13.1000,-180.2138,6507.5254,6507.5254
8723,0.54,0.5636,-0.9521,-5.9943,6.5579,770.9710,-174.2459,6144.3979,6144.3979
8724,0.54,2.7777,-0.4509,-5.9531,8.7309,3541.1240,-174.0490,6228.2134,6228.2134
8725,0.53,-0.4814,+1.5991,-5.9362,5.4548,52.6482,-174.2310,6072.0718,6072.0718
8726,0.55,-1.6799,+1.3080,-5.9659,4.2860,150.8791,-175.3117,6061.4248,6061.4248
8727,0.54,-0.5767,+0.4765,-5.9051,5.3284,55.0481,-176.5805,6201.4067,6201.4067
8728,0.54,-0.5691,-0.1705,-5.9267,5.3576,13.7776,-178.1289,6313.8750,6313.8750
8729,0.51,-0.2920,+0.2402,-5.9256,5.6336,172.7106,-179.5164,6442.4507,6442.4507
8730,0.55,0.4044,+0.2858,-5.9085,6.3130,467.6909,-180.1665,6456.3706,6456.3706
8731,0.53,-0.0331,+0.2554,-5.9299,5.8968,299.5338,-177.5801,6288.6729,6288.6729
8732,0.56,0.4526,-0.3867,-5.9687,6.4212,518.5220,-178.6113,6352.2588,6352.2588
8733,0.53,-0.1017,+0.0182,-5.9761,5.8744,81.3190,-177.9438,6307.0879,6307.0879
8734,0.55,-0.0879,+5.2163,-5.9365,5.8486,220.9671,-179.4300,6416.6885,6416.6885
8735,0.53,-6.0944,+0.3338,-5.9091,-0.1853,6956.7544,-179.7596,6385.2607,6385.2607
8736,0.54,10.7752,-2.9863,-5.9149,16.6901,34789.5938,-179.1251,6474.4604,6474.4604
8737,0.57,-10.9007,-6.8438,-5.9434,-4.9573,25134.8262,-177.1680,6156.5527,6156.5527
8738,0.56,6.7021,+0.8042,-5.9560,12.6581,14434.9717,-176.3883,6243.5996,6243.5996
8739,0.53,2.7417,+2.8202,-5.9697,8.7114,3095.2476,-175.6768,6179.2080,6179.2080
8740,0.56,0.4962,-1.0968,-5.9586,6.4548,526.2847,-177.9290,6336.0586,6336.0586
8741,0.56,1.4328,+2.1149,-5.9674,7.4002,1568.2095,-176.9700,6272.1777,6272.1777
8742,0.54,-2.6247,-0.0134,-5.9604,3.3357,856.2384,-177.3150,6249.0864,6249.0864
8743,0.54,5.5813,+1.7483,-5.9757,11.5570,10280.0625,-176.5577,6283.3159,6283.3159
8744,0.54,1.1487,-1.0712,-5.9787,7.1274,849.0167,-177.4310,6330.4365,6330.4365
8745,0.54,-3.2787,-2.2853,-5.9717,2.6929,1446.6503,-175.7013,6163.9204,6163.9204
8746,0.53,0.0033,+1.0327,-5.9575,5.9609,252.6793,-177.8493,6299.4893,6299.4893
8747,0.54,1.0313,+1.4682,-5.9594,6.9907,923.9333,-177.7658,6297.6768,6297.6768
8748,0.51,1.7971,+0.6345,-5.9528,7.7499,2030.3423,-178.2989,6345.0498,6345.0498
8749,0.54,0.8815,+0.2383,-5.9657,6.8473,692.7056,-176.9045,6246.5669,6246.5669
8750,0.55,0.5744,-1.0155,-5.9422,6.5166,598.8442,-179.1568,6379.9561,6379.9561
8751,0.53,-0.2526,+0.0781,-5.9214,5.6688,98.1341,-178.8174,6353.6494,6353.6494
8752,0.56,1.2429,-1.0375,-5.9486,7.1915,1171.3760,-177.1010,6240.0684,6240.0684
8753,0.54,-0.6753,+0.1731,-5.9593,5.2840,10.3576,-177.2932,6217.3032,6217.3032
8754,0.53,0.3361,-0.1626,-5.9774,6.3135,260.2240,-175.8267,6172.4111,6172.4111
8755,0.54,-0.6627,+0.3744,-5.9899,5.3272,112.8663,-173.5741,6019.0244,6019.0244
8756,0.52,0.6590,+0.3468,-5.9879,6.6468,726.5090,-174.8797,6166.1738,6166.1738
8757,0.55,-0.1658,+0.1427,-5.9563,5.7905,56.2964,-175.9562,6201.2769,6201.2769
8758,0.54,0.4565,-7.6077,-5.9716,6.4281,391.3435,-175.7137,6222.9648,6222.9648
8759,0.53,1.7266,+0.3455,-5.9857,7.7123,1828.4843,-175.2155,6221.7803,6221.7803
8760,0.53,2.3609,+1.0643,-5.9842,8.3452,2822.5840,-176.0958,6325.4287,6325.4287
8761,0.54,2.4458,+0.4418,-5.9800,8.4259,2554.3804,-175.3291,6295.3667,6295.3667
8762,0.54,0.6985,-9.9645,-5.9738,6.6723,621.6817,-175.4191,6234.1455,6234.1455
8763,0.54,-0.7679,-4.3987,-5.9743,5.2064,4.9577,-175.4396,6168.0918,6168.0918
8764,0.54,0.5555,+0.9828,-5.9498,6.5052,1519.6708,-178.7240,6455.7012,6455.7012
8765,0.55,1.6641,+0.6420,-5.9604,7.6245,1690.6232,-178.3643,6484.0928,6484.0928
8766,0.54,-3.8186,-3.7085,-5.9744,2.1558,2274.0500,-174.8652,6028.9834,6028.9834
8767,0.54,4.2372,+0.9412,-5.9712,10.2084,7324.0425,-175.7460,6410.5146,6410.5146
8768,0.54,2.8144,-0.2668,-5.9702,8.7846,3452.5435,-176.9128,6503.1738,6503.1738
8769,0.56,-6.3272,+1.4058,-5.9706,-0.3566,7750.1675,-177.3599,6159.7510,6159.7510
8770,0.54,-0.6106,+0.1697,-5.9788,5.3682,27.7993,-176.0431,6251.1436,6251.1436
8771,0.54,-0.5711,-0.1380,-5.9801,5.4090,30.3358,-176.6397,6298.8945,6298.8945
8772,0.55,-0.6048,+0.0347,-5.9897,5.3850,26.1247,-175.3292,6181.2891,6181.2891
8773,0.53,-0.4268,-0.2877,-5.9747,5.5478,35.1896,-177.1546,6303.0781,6303.0781
8774,0.55,-0.2064,-0.0896,-5.9674,5.7610,56.4705,-177.0667,6304.2476,6304.2476
8775,0.54,-0.2880,-0.1289,-5.9845,5.6966,46.5610,-177.0617,6300.7446,6300.7446
8776,0.53,-0.4231,-0.0324,-5.9685,5.5454,34.6479,-177.7478,6338.3179,6338.3179
8777,0.54,0.0678,-0.0070,-5.9405,6.0083,203.3969,-178.1590,6376.1689,6376.1689
8778,0.54,-0.4482,+0.1529,-5.9302,5.4820,57.6540,-177.7041,6283.8042,6283.8042
8779,0.55,-0.3838,+0.0951,-5.9091,5.5253,33.6472,-179.6055,6427.2876,6427.2876
8780,0.53,-0.4837,+0.2137,-5.8914,5.4076,33.8953,-179.9374,6443.3120,6443.3120
8781,0.54,-0.4890,+0.0031,-5.9167,5.4277,53.9296,-179.3304,6447.9653,6447.9653
8782,0.54,-0.2436,-0.0838,-5.9467,5.7031,118.3306,-178.2615,6414.3701,6414.3701
8783,0.55,-0.5188,-0.1162,-5.9397,5.4209,48.3604,-177.9977,6366.4790,6366.4790
8784,0.54,-0.8947,-0.0308,-5.9562,5.0615,44.9981,-178.2415,6372.5029,6372.5029
8785,0.53,-0.8128,+0.1087,-5.9796,5.1668,40.9589,-175.1144,6150.5571,6150.5571
8786,0.55,-0.6148,-0.0452,-5.9596,5.3448,36.2143,-177.3629,6321.7119,6321.7119
8787,0.55,-0.4323,-0.0135,-5.9739,5.5416,37.3781,-175.5058,6180.4453,6180.4453
8788,0.54,-0.4102,-0.1229,-5.9803,5.5701,32.7911,-174.8650,6150.9336,6150.9336
8789,0.53,-0.3537,-0.1230,-5.9644,5.6107,36.5407,-175.6976,6210.5659,6210.5659
8790,0.54,-0.8653,-0.2568,-5.9715,5.1061,43.1216,-175.4592,6160.6055,6160.6055
8791,0.53,-0.8300,+0.2141,-5.9515,5.1216,33.4087,-176.1850,6232.9595,6232.9595
8792,0.56,-0.6665,+0.0171,-5.9555,5.2890,22.4644,-180.5118,6477.6963,6477.6963
8793,0.55,-0.7369,-0.0122,-5.9762,5.2394,35.1357,-179.8817,6480.9727,6480.9727
8794,0.53,-0.5251,-0.0107,-5.9782,5.4531,34.8989,-177.8274,6320.2686,6320.2686
8795,0.54,-0.5467,+0.0309,-5.9660,5.4193,31.1827,-177.3395,6284.0342,6284.0342
8796,0.57,-0.8795,+0.1557,-5.9790,5.0994,64.4457,-176.2841,6194.4282,6194.4282
8797,0.54,-0.3806,+0.3108,-5.9978,5.6173,33.2576,-175.6982,6185.8511,6185.8511
8798,0.54,-0.5816,-0.0087,-5.9605,5.3788,34.3376,-177.8493,6311.3950,6311.3950
8799,0.55,-0.4518,-0.0065,-5.9643,5.5125,43.4337,-177.7810,6313.9521,6313.9521
8800,0.54,-0.5573,-0.0648,-5.9788,5.4215,37.0487,-177.6211,6304.7666,6304.7666
8801,0.52,-0.5308,-0.0727,-5.9618,5.4309,39.9686,-177.0427,6253.0596,6253.0596
8802,0.52,-0.5098,+0.1819,-5.9461,5.4363,38.4605,-178.3654,6346.5215,6346.5215
8803,0.55,-0.6998,-0.0743,-5.9665,5.2667,40.2936,-175.7927,6159.7637,6159.7637
8804,0.57,-0.4862,+0.0348,-6.0159,5.5298,45.2259,-175.2041,6146.9170,6146.9170
8805,0.54,-0.4690,-0.0817,-5.9802,5.5112,33.4432,-176.5733,6246.5161,6246.5161
8806,0.54,-0.4763,-0.0415,-5.9606,5.4842,36.9726,-176.6841,6262.2285,6262.2285
8807,0.53,-0.6331,+0.0449,-5.9399,5.3067,36.3947,-178.8979,6418.3867,6418.3867
8808,0.54,-0.5062,-0.2308,-5.9270,5.4208,33.3508,-179.2694,6454.7983,6454.7983
8809,0.52,-0.3036,-0.1929,-5.9201,5.6166,34.6584,-179.9680,6476.4927,6476.4927
8810,0.53,-0.5587,+0.6799,-5.9388,5.3801,72.1206,-181.0914,6566.9131,6566.9131
8811,0.53,-0.6289,+0.0398,-5.9749,5.3460,34.5550,-179.8275,6499.6650,6499.6650
8812,0.55,-0.5780,+0.1993,-5.9694,5.3914,36.3574,-179.6568,6486.4814,6486.4814
8813,0.55,-0.5683,-0.0932,-5.9816,5.4133,29.4512,-177.6065,6359.7427,6359.7427
8814,0.55,-0.3610,+0.1327,-5.9723,5.6113,100.4886,-176.7061,6287.8716,6287.8716
8815,0.54,-1.3648,+0.1776,-5.9704,4.6056,47.7706,-176.4543,6196.3242,6196.3242
8816,0.56,-0.4212,-0.0029,-5.9544,5.5332,22.9499,-177.9716,6370.9829,6370.9829
8817,0.53,-0.3648,+0.2930,-5.9791,5.6142,14.1884,-179.9212,6487.3765,6487.3765
8818,0.51,-0.6843,-0.2142,-5.9680,5.2837,8.0970,-181.9821,6628.0918,6628.0918
8819,0.54,0.7758,+2.3611,-5.9700,6.7457,668.2537,-178.5030,6376.7827,6376.7827
8820,0.54,-0.3274,+0.3475,-5.9597,5.6323,72.3141,-177.9952,6301.5229,6301.5229
8821,0.53,-0.2367,-0.0738,-5.9614,5.7247,30.5534,-179.5244,6406.3643,6406.3643
8822,0.54,-0.5075,-0.0592,-5.9287,5.4212,11.3547,-183.9138,6707.6904,6707.6904
8823,0.54,-0.5740,+0.0737,-5.9277,5.3537,5.4688,-173.4093,5985.2441,5985.2441
8824,0.54,-0.7727,-0.2504,-5.9594,5.1867,2.8241,-183.7432,6709.4629,6709.4629
8825,0.54,-0.3067,-0.0231,-5.9927,5.6860,3.1509,-164.2954,5399.2002,5399.2002
8826,0.53,-0.9290,-0.0850,-5.9819,5.0529,10.0867,-187.8884,7044.4863,7044.4863
8827,0.55,-0.7599,-0.1533,-5.9784,5.2185,4.8898,-168.9663,5698.3477,5698.3477
8828,0.55,-0.8419,-0.1520,-5.9751,5.1332,3.0864,-185.4121,6879.4424,6879.4424
8829,0.56,-0.4718,+0.1420,-5.9709,5.4990,3.5349,-166.2543,5518.4595,5518.4595
8830,0.56,-0.4743,+0.1093,-5.9793,5.5051,4.1648,-185.5531,6926.5205,6926.5205
8831,0.53,-0.4793,-0.0018,-5.9770,5.4977,3.7639,-167.7856,5714.5347,5714.5347
8832,0.54,-0.8640,-0.0062,-5.9836,5.1197,3.4777,-185.6518,6939.6416,6939.6416
8833,0.55,-0.5904,-0.0205,-5.9578,5.3674,2.0188,-168.9279,5770.7930,5770.7930
8834,0.55,-0.5094,-0.2310,-5.9638,5.4543,4.8539,-187.9032,7077.5273,7077.5273
8835,0.53,-0.6072,-0.0244,-5.9704,5.3631,10.6941,-179.1510,6441.7637,6441.7637
8836,0.54,-0.8821,+0.0992,-5.9349,5.0528,2.1972,-177.1887,6277.1729,6277.1729
8837,0.55,-0.9136,-0.0142,-5.9292,5.0156,4.2961,-182.1870,6631.0508,6631.0508
8838,0.56,-0.7659,-0.0981,-5.9700,5.2041,3.6390,-175.1384,6188.9541,6188.9541
8839,0.54,-0.7395,-0.2513,-5.9759,5.2364,2.7048,-189.3811,7247.3193,7247.3193
8840,0.55,-0.5622,-0.0509,-5.9660,5.4038,6.1050,-169.8517,5842.8574,5842.8574
8841,0.56,-0.5832,-0.1688,-5.9734,5.3902,6.0555,-187.8090,7142.6606,7142.6606
8842,0.53,-0.9563,-0.2051,-5.9642,5.0078,13.6798,-170.7022,5896.9639,5896.9639
8843,0.54,-0.8202,-0.0007,-5.9859,5.1657,4.7537,-180.1069,6583.7031,6583.7031
8844,0.56,-1.1409,+0.0673,-6.0088,4.8679,2.3577,-178.5073,6501.6465,6501.6465
8845,0.54,-1.0426,+0.0262,-6.0106,4.9680,3.4419,-181.9976,6824.0059,6824.0059
8846,0.53,-1.1411,-0.1722,-6.0180,4.8769,3.6604,-175.2849,6296.9512,6296.9512
8847,0.54,-1.2027,+0.0897,-5.9991,4.7964,3.5962,-179.4393,6600.3828,6600.3828
8848,0.56,-1.0667,-0.1394,-6.0152,4.9485,2.4282,-178.6508,6520.7178,6520.7178
8849,0.54,-0.8621,+0.0324,-5.9946,5.1325,2.7026,-180.7568,6639.4014,6639.4014
8850,0.56,-0.8493,-0.1261,-5.9887,5.1394,4.2295,-184.9216,6985.2969,6985.2969
8851,0.52,-1.0903,-0.1420,-5.9811,4.8907,5.4991,-178.2104,6524.1392,6524.1392
8852,0.54,-0.9311,-0.1059,-5.9677,5.0366,4.0650,-183.7616,6898.2534,6898.2534
8853,0.53,-2.0945,-0.9438,-5.9652,3.8707,501.0533,-173.2387,6066.4883,6066.4883
8854,0.54,-6.7065,+4.9493,-5.9698,-0.7367,9586.5771,-173.1844,5924.8740,5924.8740
8855,0.54,4.1620,-0.3141,-5.9845,10.1465,7252.8550,-176.9159,6430.9937,6430.9937
8856,0.53,-0.8912,+0.0960,-5.9992,5.1080,14.3230,-176.5157,6286.3438,6286.3438
8857,0.54,0.0194,-0.5732,-5.9855,6.0049,189.1477,-181.0017,6667.4370,6667.4370
8858,0.55,-0.8485,-0.0544,-5.9789,5.1304,5.6837,-178.9535,6475.8184,6475.8184
8859,0.53,-0.4953,+0.1882,-5.9868,5.4915,18.8499,-176.9606,6368.4131,6368.4131
8860,0.53,-0.9212,-0.1237,-5.9992,5.0781,5.8829,-176.0578,6272.7217,6272.7217
8861,0.55,-0.1069,-0.1870,-5.9974,5.8905,78.4704,-178.4176,6509.8662,6509.8662
8862,0.55,-0.5095,-0.5112,-6.0128,5.5033,33.8980,-176.3341,6323.6631,6323.6631
8863,0.55,-1.2168,-0.0654,-6.0184,4.8016,66.1137,-175.2415,6226.3604,6226.3604
8864,0.55,-0.7419,+0.0821,-6.0193,5.2774,20.0700,-177.9122,6460.8105,6460.8105
8865,0.53,-0.7149,+0.0434,-6.0114,5.2966,43.1694,-175.0693,6249.6562,6249.6562
8866,0.56,-0.3165,-0.0798,-6.0091,5.6926,40.9507,-174.8465,6241.5850,6241.5850
8867,0.54,-0.7496,-0.1175,-6.0091,5.2594,19.6684,-175.3489,6247.7822,6247.7822
8868,0.54,-0.1446,+0.0672,-6.0203,5.8757,49.5708,-175.6492,6307.7119,6307.7119
8869,0.55,0.7310,-0.1254,-6.0263,6.7574,353.5597,-172.9272,6152.0698,6152.0698
8870,0.54,-0.3488,-0.1997,-5.9949,5.6462,22.4579,-173.3275,6123.9805,6123.9805
8871,0.53,-0.5083,+0.1398,-5.9973,5.4890,31.1874,-176.2642,6312.9355,6312.9355
8872,0.55,-0.6297,-0.2121,-6.0092,5.3795,5.7385,-176.8742,6323.1694,6323.1694
8873,0.54,0.0584,+0.2437,-6.0114,6.0698,65.5594,-177.1653,6376.2861,6376.2861
8874,0.54,0.1246,-0.2112,-5.9955,6.1201,81.4521,-175.5804,6262.9160,6262.9160
8875,0.53,-0.3424,+0.1677,-5.9826,5.6402,33.5256,-177.3499,6388.9092,6388.9092
8876,0.52,-0.6350,+0.2188,-6.0036,5.3686,21.3039,-177.0733,6341.2295,6341.2295
8877,0.55,0.9233,+1.1152,-5.9795,6.9029,610.3223,-176.5660,6452.4888,6452.4888
8878,0.54,0.1453,-0.0321,-5.9863,6.1316,111.4475,-175.2931,6298.4077,6298.4077
8879,0.54,0.5617,+0.7234,-6.0077,6.5694,612.6152,-174.2300,6272.7324,6272.7324
8880,0.54,-0.0367,-0.0551,-5.9932,5.9564,118.0627,-173.3533,6143.7710,6143.7710
8881,0.54,0.1411,-0.1131,-6.0207,6.1618,75.4520,-172.9022,6144.6582,6144.6582
8882,0.54,0.0685,-0.3951,-5.9942,6.0627,77.0336,-173.6211,6160.9541,6160.9541
8883,0.53,0.5002,+0.1858,-6.0006,6.5008,129.7939,-173.9084,6230.5654,6230.5654
8884,0.54,0.2332,+0.1525,-5.9772,6.2104,103.8277,-174.6238,6229.0176,6229.0176
8885,0.54,1.1391,+0.6312,-5.9956,7.1346,326.5859,-174.5800,6307.7109,6307.7109
8886,0.55,0.5899,+0.0528,-5.9927,6.5825,131.9207,-173.4801,6194.3760,6194.3760
8887,0.52,-0.7913,-0.9889,-5.9844,5.1930,77.0066,-174.3633,6173.6943,6173.6943
8888,0.52,0.8280,+0.0341,-5.9719,6.7999,199.3756,-175.1895,6324.8779,6324.8779
8889,0.54,0.4311,-0.0441,-5.9718,6.4029,126.7449,-174.5354,6247.6245,6247.6245
8890,0.54,0.1656,-0.1418,-5.9848,6.1504,70.5535,-174.5172,6232.7109,6232.7109
8891,0.52,0.0575,+0.0068,-5.9856,6.0431,75.5639,-173.0752,6121.3193,6121.3193
8892,0.56,-0.0655,+2.3665,-5.9929,5.9273,125.5316,-172.7081,6069.3154,6069.3154
8893,0.52,-0.0645,-0.1663,-5.9892,5.9247,100.0464,-176.3748,6333.2422,6333.2422
8894,0.52,-0.4899,+0.2073,-5.9790,5.4892,68.5572,-176.8800,6348.6514,6348.6514
8895,0.53,0.0342,-0.4577,-5.9972,6.0314,83.7119,-175.3932,6269.8550,6269.8550
8896,0.53,-0.2961,-0.0491,-5.9866,5.6904,60.0458,-176.1526,6320.6230,6320.6230
8897,0.54,-0.1809,+0.0506,-5.9719,5.7910,61.2804,-176.5410,6363.1201,6363.1201
8898,0.54,0.0181,+0.0914,-5.9675,5.9855,110.4256,-178.5631,6507.8271,6507.8271
8899,0.53,-0.0082,-0.1362,-5.9926,5.9843,78.3588,-177.5011,6464.8359,6464.8359
8900,0.55,-0.1926,-0.0606,-5.9861,5.7936,79.2561,-176.6612,6396.4316,6396.4316
8901,0.52,0.3520,-0.1891,-6.0061,6.3582,99.5393,-175.6555,6370.4824,6370.4824
8902,0.53,0.2263,+0.0009,-6.0068,6.2332,154.6006,-175.0611,6285.3643,6285.3643
8903,0.52,1.2115,-0.2939,-5.9795,7.1910,700.4448,-175.5179,6344.1538,6344.1538
8904,0.53,-0.5269,-0.3072,-5.9766,5.4496,13.3479,-176.4430,6341.8257,6341.8257
8905,0.53,0.0120,-0.3502,-5.9999,6.0119,91.1072,-174.6134,6244.0371,6244.0371
8906,0.52,-0.3718,+0.1606,-5.9961,5.6243,62.2248,-175.3533,6276.8965,6276.8965
8907,0.54,-0.1721,+0.5539,-5.9928,5.8207,57.5213,-175.6169,6277.0605,6277.0605
8908,0.52,-0.0768,+0.4268,-5.9871,5.9103,184.6336,-176.7444,6353.2134,6353.2134
8909,0.53,-0.0920,+0.0930,-5.9726,5.8806,90.4492,-177.2749,6361.6152,6361.6152
8910,0.53,0.1050,-0.3424,-5.9947,6.0997,89.2950,-177.0467,6410.5771,6410.5771
8911,0.54,0.3074,+0.1642,-5.9724,6.2797,159.5063,-176.2031,6341.6211,6341.6211
8912,0.52,0.3084,+0.3509,-5.9724,6.2807,117.4712,-175.4695,6284.5527,6284.5527
8913,0.51,-0.0366,+0.1572,-5.9678,5.9312,51.9513,-176.6711,6360.9912,6360.9912
8914,0.52,-0.3675,-0.4004,-6.0059,5.6384,53.4279,-176.8858,6388.2168,6388.2168
8915,0.53,0.1549,-0.2782,-6.0023,6.1572,89.5203,-174.8038,6240.5112,6240.5112
8916,0.53,0.3567,-0.0970,-5.9812,6.3379,111.6214,-174.4917,6224.7227,6224.7227
8917,0.53,-0.0520,+0.2007,-5.9877,5.9357,112.0607,-174.5894,6229.4365,6229.4365
8918,0.53,7.1614,+0.3399,-5.9856,13.1470,7644.4976,-175.8695,6617.0752,6617.0752
8919,0.53,0.3782,+0.0318,-5.9762,6.3544,133.3440,-175.6035,6311.5293,6311.5293
8920,0.53,0.0095,+0.1370,-5.9607,5.9703,49.8741,-177.0116,6385.1963,6385.1963
8921,0.53,0.5011,+0.0385,-5.9890,6.4901,109.3505,-174.9470,6243.6987,6243.6987
8922,0.54,0.5675,+0.4989,-5.9792,6.5467,160.1851,-174.8674,6240.1958,6240.1958
8923,0.53,1.2141,+2.2264,-5.9326,7.1467,480.4568,-176.3333,6348.8760,6348.8760
8924,0.53,0.4145,+0.8094,-5.9864,6.4009,208.4772,-175.6340,6301.3208,6301.3208
8925,0.55,-0.4094,-0.1745,-5.9701,5.5607,31.6952,-176.0892,6303.8696,6303.8696
8926,0.53,-1.9842,+0.2209,-5.9799,3.9956,717.5331,-174.9501,6166.8740,6166.8740
8927,0.52,0.2110,+0.1114,-5.9788,6.1897,245.7154,-176.1016,6350.0762,6350.0762
8928,0.54,0.2300,+0.1920,-5.9853,6.2153,118.9256,-175.8795,6344.5869,6344.5869
8929,0.51,0.1536,-0.0981,-5.9706,6.1242,215.8653,-173.9955,6191.9253,6191.9253
8930,0.53,-0.4806,+0.6979,-5.9536,5.4730,20.4289,-176.3022,6335.4141,6335.4141
8931,0.53,0.7234,+0.4134,-5.9354,6.6588,369.8851,-176.8832,6373.0703,6373.0703
8932,0.54,-0.2290,-0.0937,-5.9384,5.7094,57.4024,-177.9348,6420.4922,6420.4922
8933,0.52,0.2431,+0.5078,-5.9662,6.2093,159.1627,-174.4961,6213.5869,6213.5869
8934,0.53,-0.4556,+0.1945,-5.9616,5.5059,36.0449,-177.3819,6377.4243,6377.4243
8935,0.52,-0.0802,+0.0298,-5.9801,5.8999,33.7636,-177.5509,6400.0732,6400.0732
8936,0.52,-0.0352,-0.2121,-5.9695,5.9344,136.6566,-178.1785,6451.6221,6451.6221
8937,0.52,-0.1472,+0.1147,-5.9688,5.8216,78.1109,-177.6653,6403.6963,6403.6963
8938,0.53,0.3423,-0.2133,-5.9938,6.3360,104.3369,-177.2519,6426.8105,6426.8105
8939,0.52,-0.0195,-0.3055,-5.9948,5.9753,32.3632,-176.0203,6303.2114,6303.2114
8940,0.53,0.1604,-0.0594,-5.9953,6.1557,85.5721,-177.7243,6417.2876,6417.2876
8941,0.51,-0.2380,-0.4601,-6.0035,5.7655,20.4241,-177.5476,6388.5679,6388.5679
8942,0.52,-0.3845,-0.0933,-6.0177,5.6332,13.3677,-176.8195,6337.7061,6337.7061
8943,0.53,-0.1264,+0.3260,-5.9781,5.8516,65.4730,-174.6708,6185.1733,6185.1733
8944,0.52,-0.0193,+0.0781,-5.9971,5.9778,77.7212,-172.8938,6099.1445,6099.1445
8945,0.51,-0.2044,-0.3457,-6.0032,5.7988,15.3795,-173.6874,6133.2773,6133.2773
8946,0.52,0.0046,+0.1107,-5.9765,5.9812,66.6901,-174.6291,6215.4404,6215.4404
8947,0.53,-0.2118,-0.2773,-5.9683,5.7565,62.0054,-176.3699,6319.6123,6319.6123
8948,0.52,0.7073,+0.3528,-5.9562,6.6634,268.1626,-176.3960,6403.1133,6403.1133
8949,0.52,0.2073,-0.1386,-5.9511,6.1583,84.3344,-175.4949,6303.0664,6303.0664
8950,0.53,-0.0736,-0.0187,-5.9470,5.8734,82.2723,-176.4141,6345.7051,6345.7051
8951,0.52,0.2182,-0.0919,-5.9542,6.1724,81.0843,-175.2996,6266.8892,6266.8892
8952,0.51,-0.0318,-0.3063,-5.9762,5.9444,93.9165,-175.0939,6284.6978,6284.6978
8953,0.53,0.0271,+0.1094,-5.9690,5.9962,112.6584,-175.9194,6328.1143,6328.1143
8954,0.53,-2.2553,+0.9503,-5.9878,3.7325,681.1075,-177.0895,6312.8540,6312.8540
8955,0.52,0.9327,+0.1373,-6.0060,6.9387,469.4654,-177.5125,6461.1846,6461.1846
8956,0.53,0.6483,-0.5094,-5.9790,6.6274,251.0025,-176.8051,6405.0469,6405.0469
8957,0.55,1.0248,+0.6339,-5.9828,7.0077,453.8245,-177.7564,6468.6299,6468.6299
8958,0.53,-0.1066,+0.4090,-5.9792,5.8726,67.1365,-176.9849,6356.3442,6356.3442
8959,0.53,-0.2743,-0.2804,-5.9798,5.7055,64.6078,-177.7960,6406.2930,6406.2930
8960,0.54,0.2490,+0.2009,-5.9839,6.2329,134.9489,-177.4252,6402.4639,6402.4639
8961,0.52,-0.1757,+0.1947,-5.9889,5.8132,68.4363,-176.1203,6300.7935,6300.7935
8962,0.53,0.1610,-0.0376,-5.9894,6.1505,98.4007,-175.7910,6249.0537,6249.0537
8963,0.54,-0.0897,-0.1926,-5.9762,5.8866,48.6606,-173.9439,6102.7368,6102.7368
8964,0.54,0.2019,+0.3706,-5.9793,6.1812,98.1876,-173.1489,6067.6904,6067.6904
8965,0.52,-0.0548,-0.0235,-5.9746,5.9198,63.0970,-174.7264,6158.9004,6158.9004
8966,0.52,-0.3297,-0.2875,-5.9852,5.6555,39.3098,-174.9335,6174.0918,6174.0918
8967,0.52,0.0492,+0.0132,-6.0160,6.0652,125.5143,-175.2424,6255.1396,6255.1396
8968,0.53,-0.0658,-0.0977,-5.9958,5.9301,34.0443,-176.5502,6310.7798,6310.7798
8969,0.52,-0.0572,-0.2141,-5.9807,5.9236,47.9560,-175.6307,6255.4824,6255.4824
8970,0.52,-0.0342,-0.0702,-5.9781,5.9439,44.6358,-175.1278,6247.2300,6247.2300
8971,0.53,0.1495,+0.4317,-5.9904,6.1400,183.6790,-176.5835,6354.8564,6354.8564
8972,0.52,-0.1523,+0.3942,-5.9894,5.8371,67.1294,-177.4422,6384.4131,6384.4131
8973,0.53,0.0112,-0.1394,-5.9945,6.0057,84.2622,-176.9822,6349.1294,6349.1294
8974,0.54,-0.0420,+0.1704,-5.9762,5.9343,68.8502,-176.7731,6343.7837,6343.7837
8975,0.53,-0.2483,-0.0681,-5.9937,5.7453,46.3054,-176.1673,6276.8179,6276.8179
8976,0.54,-0.1932,+0.0699,-5.9944,5.8012,61.4514,-176.0479,6280.3545,6280.3545
8977,0.52,0.4911,-0.2715,-5.9944,6.4855,148.9728,-175.8669,6306.7842,6306.7842
8978,0.53,-0.1463,-0.1636,-5.9806,5.8343,110.5295,-174.7250,6180.5176,6180.5176
8979,0.54,-0.0257,-0.0445,-5.9652,5.9395,56.3179,-176.5044,6280.5605,6280.5605
8980,0.54,-0.1996,-0.1390,-5.9667,5.7671,108.4471,-176.4670,6301.5967,6301.5967
8981,0.53,-0.2482,+0.0210,-5.9332,5.6850,74.5090,-177.7723,6400.2100,6400.2100
8982,0.53,-0.0909,-0.1614,-5.9518,5.8609,91.3652,-177.0781,6364.8354,6364.8354
8983,0.52,0.2059,+0.3119,-5.9447,6.1505,62.7845,-177.7851,6413.2905,6413.2905
8984,0.51,0.1064,-0.0060,-5.9564,6.0628,47.9168,-177.3856,6394.3145,6394.3145
8985,0.53,0.2605,-0.1652,-5.9439,6.2044,85.2087,-176.6302,6331.3828,6331.3828
8986,0.53,0.0716,+0.0934,-5.9571,6.0287,154.6039,-176.9709,6367.5625,6367.5625
8987,0.54,-0.0785,+0.0054,-5.9743,5.8958,64.5929,-176.5483,6316.0801,6316.0801
8988,0.53,0.1207,-0.0028,-5.9728,6.0936,58.0309,-176.5786,6313.3447,6313.3447
8989,0.54,0.2559,-0.2831,-5.9696,6.2255,72.9595,-176.1158,6270.4878,6270.4878
8990,0.51,0.2288,-0.2333,-5.9546,6.1834,79.8360,-176.8618,6330.0615,6330.0615
8991,0.53,0.0659,-0.2583,-5.9604,6.0263,79.9828,-175.8613,6249.9980,6249.9980
8992,0.52,-0.7375,+0.1088,-5.9585,5.2210,189.8363,-177.1871,6289.6855,6289.6855
8993,0.53,-3.0022,+1.1478,-5.9599,2.9578,1662.4551,-178.5736,6196.2881,6196.2881
8994,0.52,-0.0260,-0.1014,-5.9742,5.9482,75.2901,-177.9088,6371.1948,6371.1948
8995,0.54,-0.0480,+0.0957,-5.9657,5.9177,68.3287,-177.9651,6364.1997,6364.1997
8996,0.53,0.0042,-0.2748,-5.9184,5.9226,65.5824,-179.8731,6527.2227,6527.2227
8997,0.51,0.2698,+0.1554,-5.9247,6.1945,92.6496,-177.9780,6408.3530,6408.3530
8998,0.53,-1.9057,-0.8517,-5.9281,4.0224,887.4131,-177.6253,6250.8789,6250.8789
8999,0.53,0.0361,-0.3658,-5.9528,5.9890,54.5507,-177.5062,6379.6055,6379.6055
9000,0.53,-0.0879,-0.0153,-5.9448,5.8569,64.8419,-179.1355,6484.0508,6484.0508
9001,0.52,0.0485,-0.0835,-5.9400,5.9885,76.6193,-179.7521,6528.5786,6528.5786
9002,0.53,0.3883,-0.2648,-5.9446,6.3329,157.5364,-178.1418,6452.5176,6452.5176
9003,0.54,0.2607,+0.1652,-5.9374,6.1981,121.3107,-177.7109,6433.7925,6433.7925
9004,0.53,-0.2776,-0.0175,-5.9652,5.6876,71.1343,-176.9187,6354.2578,6354.2578
9005,0.52,0.1373,+0.1732,-5.9485,6.0858,66.8444,-175.7403,6286.0493,6286.0493
9006,0.54,-0.1516,+0.0126,-5.9475,5.7959,48.1376,-176.5402,6327.9062,6327.9062
9007,0.51,0.1141,-0.0331,-5.9716,6.0857,61.5424,-178.1111,6432.5044,6432.5044
9008,0.54,0.0553,-0.1082,-5.9778,6.0331,66.1369,-176.9480,6335.7856,6335.7856
9009,0.52,0.8983,-0.6109,-5.9707,6.8689,367.4825,-177.1130,6369.2925,6369.2925
9010,0.53,0.3879,+0.1762,-5.9668,6.3547,80.3212,-178.4055,6451.0474,6451.0474
9011,0.52,0.0622,-0.1685,-5.9389,6.0011,59.4031,-177.9971,6394.0742,6394.0742
9012,0.55,0.1072,+0.1068,-5.9509,6.0581,51.2851,-175.6248,6232.7769,6232.7769
9013,0.54,0.1684,+0.1029,-5.9641,6.1325,78.2649,-175.4757,6230.1499,6230.1499
9014,0.52,0.2277,+0.4047,-5.9521,6.1798,75.1364,-174.0427,6132.1089,6132.1089
9015,0.51,0.0528,-0.2337,-5.9706,6.0234,52.5786,-175.5181,6218.7788,6218.7788
9016,0.54,0.4647,-0.1416,-5.9617,6.4264,125.9428,-175.7030,6241.2529,6241.2529
9017,0.52,0.2298,+0.2537,-5.9640,6.1938,100.6693,-174.7719,6179.1826,6179.1826
9018,0.52,0.5040,-0.0639,-5.9889,6.4930,126.9399,-174.2743,6163.3574,6163.3574
9019,0.53,-5.8693,-3.6422,-5.9874,0.1180,8186.8574,-176.4460,5875.5903,5875.5903
9020,0.53,5.6216,-9.0915,-5.9842,11.6057,7975.1851,-173.0354,6424.2139,6424.2139
9021,0.53,1.4410,+0.5293,-5.9807,7.4217,560.8727,-173.9997,6203.9941,6203.9941
9022,0.52,0.6955,+0.1706,-5.9713,6.6668,345.1226,-174.5772,6200.2256,6200.2256
9023,0.52,0.5249,+0.1475,-5.9570,6.4819,138.5383,-175.7420,6243.5337,6243.5337
9024,0.52,-0.6226,-3.0572,-5.9549,5.3323,151.7406,-176.5177,6279.8311,6279.8311
9025,0.54,-0.0015,-0.5378,-5.9294,5.9279,58.5190,-177.1476,6324.1606,6324.1606
9026,0.55,-0.0981,-0.3707,-5.9284,5.8303,61.8745,-176.7297,6306.5645,6306.5645
9027,0.52,-0.1946,-0.2435,-5.9507,5.7560,47.4334,-176.3249,6270.8481,6270.8481
9028,0.54,-1.1562,+0.0897,-5.9353,4.7791,269.1942,-177.2987,6295.8013,6295.8013
9029,0.52,-0.1665,-0.0726,-5.9256,5.7591,160.4546,-176.2672,6282.5264,6282.5264
9030,0.53,0.0552,+0.1405,-5.9440,5.9993,62.8051,-178.6840,6461.5410,6461.5410
9031,0.54,0.3361,+0.0234,-5.9552,6.2913,88.0521,-177.1939,6360.5264,6360.5264
9032,0.54,0.1382,+11.8119,-5.9678,6.1060,286.5153,-176.6163,6333.8096,6333.8096
9033,0.54,-0.0058,+0.0257,-5.9779,5.9720,43.9470,-176.4737,6299.1514,6299.1514
9034,0.54,0.8932,-2.8278,-5.9633,6.8565,287.8555,-176.0780,6335.1816,6335.1816
9035,0.53,1.0180,+10.5629,-5.9889,7.0070,506.3555,-177.5321,6387.5566,6387.5566
9036,0.53,0.0289,-1.5379,-6.0096,6.0385,114.1229,-174.0721,6201.2290,6201.2290
9037,0.52,0.5789,+2.9728,-5.9790,6.5580,206.1985,-175.1633,6252.5771,6252.5771
9038,0.52,-6.0373,-0.5975,-5.9917,-0.0456,7578.1709,-175.7118,5835.2480,5835.2480
9039,0.54,-0.4507,-0.2274,-5.9672,5.5165,50.2839,-176.2628,6286.7666,6286.7666
9040,0.53,0.2863,-0.6356,-5.9644,6.2507,283.3718,-178.0462,6474.4922,6474.4922
9041,0.52,0.0487,-0.1420,-5.9863,6.0349,92.1252,-176.6878,6371.1997,6371.1997
9042,0.52,-1.6336,+1.3725,-5.9513,4.3177,107.7715,-178.8899,6417.1826,6417.1826
9043,0.53,-0.3643,-0.1091,-5.9088,5.5445,27.2724,-179.7549,6546.1250,6546.1250
9044,0.54,-1.0315,-0.0109,-5.9202,4.8886,31.5635,-179.1748,6455.1904,6455.1904
9045,0.54,-0.4337,+0.1856,-5.9055,5.4718,17.8800,-180.7160,6596.0566,6596.0566
9046,0.54,0.0964,+0.3193,-5.8998,5.9962,130.5785,-181.2065,6661.4922,6661.4922
9047,0.54,-0.4075,-0.0884,-5.9364,5.5289,27.6634,-179.3096,6462.1094,6462.1094
9048,0.54,-0.0278,-4.5116,-5.9120,5.8842,161.1133,-179.9331,6464.2490,6464.2490
9049,0.54,1.4084,+1.0052,-5.8867,7.2952,1000.7784,-180.2914,6630.2441,6630.2441
9050,0.55,-0.2405,-0.0696,-5.8756,5.6351,56.2164,-179.7564,6488.3926,6488.3926
9051,0.54,-0.4648,-0.0796,-5.9000,5.4351,33.2094,-181.1033,6593.6318,6593.6318
9052,0.52,0.1519,+0.4833,-5.8849,6.0368,123.3522,-182.7826,6739.2188,6739.2188
9053,0.52,0.9489,+0.8770,-5.9490,6.8979,1074.9318,-180.0768,6644.3828,6644.3828
9054,0.52,-1.2935,+0.7502,-5.9434,4.6499,47.0963,-179.6516,6408.7739,6408.7739
9055,0.50,-0.4944,+0.0411,-5.9632,5.4688,30.6097,-179.2387,6420.7666,6420.7666
9056,0.52,0.2577,-0.0777,-5.9697,6.2275,217.1092,-180.0549,6542.0361,6542.0361
9057,0.53,0.2478,-0.1412,-5.9745,6.2223,237.3734,-178.0989,6444.1108,6444.1108
9058,0.52,-2.2047,-0.9609,-5.9839,3.7791,544.1692,-178.2521,6288.3955,6288.3955
9059,0.54,-0.3374,-0.0871,-5.9769,5.6396,36.7811,-176.8804,6312.9580,6312.9580
9060,0.53,-0.2046,+0.0490,-5.9746,5.7699,38.1639,-176.1372,6255.9033,6255.9033
9061,0.54,-0.2790,+0.2516,-5.9406,5.6615,36.8814,-178.0308,6380.9331,6380.9331
9062,0.52,-0.3121,-0.1880,-5.9541,5.6420,29.9613,-179.7464,6500.8911,6500.8911
9063,0.53,-0.4655,+0.0193,-5.9509,5.4853,33.9210,-179.5789,6484.5054,6484.5054
9064,0.53,-0.5667,+0.0559,-5.9497,5.3830,42.3496,-178.8850,6425.0464,6425.0464
9065,0.53,-0.3440,-0.0467,-5.9435,5.5995,34.8976,-176.5363,6306.2324,6306.2324
9066,0.54,-0.7373,+0.2805,-5.9676,5.2303,2.9099,-178.9604,6465.3115,6465.3115
9067,0.53,0.8081,-0.3208,-5.9740,6.7821,889.2455,-178.7922,6562.4639,6562.4639
9068,0.53,-0.3848,+0.2170,-5.9717,5.5870,98.6041,-177.5527,6376.8823,6376.8823
9069,0.54,-0.4342,-2.8925,-5.9929,5.5587,75.5711,-174.5681,6164.0981,6164.0981
9070,0.54,7.0006,+9.0693,-6.0015,13.0021,16037.2676,-176.5049,7009.2485,7009.2485
9071,0.52,-2.2361,-0.4395,-6.0153,3.7793,492.2869,-175.8985,6048.0166,6048.0166
9072,0.55,-0.1417,-0.1498,-6.0181,5.8765,83.9762,-175.4740,6253.1465,6253.1465
9073,0.52,-0.8425,+0.4712,-5.9826,5.1401,17.2104,-177.7492,6361.8262,6361.8262
9074,0.54,-0.7659,-0.6739,-6.0072,5.2414,22.7890,-176.2908,6241.8398,6241.8398
9075,0.54,-0.3483,+0.2471,-5.9844,5.6361,150.1654,-177.8195,6394.1270,6394.1270
9076,0.52,-0.6137,-0.2712,-5.9889,5.3752,95.3108,-176.7458,6308.4536,6308.4536
9077,0.56,-0.4045,-0.2171,-5.9936,5.5891,79.2271,-176.4947,6307.2261,6307.2261
9078,0.53,-0.7718,-0.0521,-5.9574,5.1856,19.2813,-178.5790,6418.7451,6418.7451
9079,0.54,-0.7426,+0.2429,-5.9386,5.1960,83.2211,-179.3865,6479.8340,6479.8340
9080,0.54,-0.3654,-0.3249,-5.9900,5.6246,32.6538,-177.7793,6376.7622,6376.7622
9081,0.54,-0.6166,-0.1335,-5.9885,5.3719,48.4073,-176.3644,6262.7490,6262.7490
9082,0.53,-0.4938,+0.1179,-6.0005,5.5067,26.2441,-174.8907,6195.4355,6195.4355
9083,0.53,-0.4372,-0.0500,-6.0048,5.5676,33.9500,-176.3787,6262.1621,6262.1621
9084,0.53,-2.6670,+0.4898,-5.9837,3.3167,729.8287,-176.8408,6218.1299,6218.1299
9085,0.54,-1.7241,-0.0702,-5.9906,4.2665,247.2508,-177.2444,6280.8730,6280.8730
9086,0.54,0.4022,+0.2120,-5.9690,6.3712,246.3891,-178.3549,6433.0610,6433.0610
9087,0.55,-0.5328,+0.0256,-5.9319,5.3991,35.8901,-180.4117,6533.2041,6533.2041
9088,0.55,-0.3891,+0.1496,-5.9223,5.5332,30.9736,-178.4283,6385.9316,6385.9316
9089,0.54,-0.4157,+0.0075,-5.9239,5.5082,33.7062,-180.2078,6529.7783,6529.7783
9090,0.54,-0.7261,+0.4409,-5.9194,5.1933,44.9640,-180.1792,6499.9067,6499.9067
9091,0.53,0.6477,+0.8305,-5.9282,6.5759,604.7685,-180.3170,6618.3008,6618.3008
9092,0.56,-0.0935,+0.4927,-5.9302,5.8367,154.9815,-179.8547,6530.1138,6530.1138
9093,0.53,-0.4817,+0.1233,-5.9472,5.4655,37.1516,-177.4951,6320.7466,6320.7466
9094,0.56,-0.3720,-0.1437,-5.9605,5.5885,28.8265,-178.3416,6390.4375,6390.4375
9095,0.55,-30.0262,-17.6062,-5.9415,-24.0847,218498.4844,-180.8800,4467.4316,4467.4316
9096,0.53,9.2386,+1.0892,-5.9214,15.1599,25678.3203,-180.3578,7349.8066,7349.8066
9097,0.54,-0.5629,+0.2208,-5.9559,5.3930,11.9036,-180.4320,6517.4980,6517.4980
9098,0.54,-2.4565,-1.1272,-5.9389,3.4824,662.9067,-178.5761,6271.8330,6271.8330
9099,0.54,3.9906,+0.6646,-5.9620,9.9526,5570.4341,-177.5058,6586.5879,6586.5879
9100,0.53,4.8851,-0.7360,-5.9703,10.8555,8864.0801,-177.3792,6716.1382,6716.1382
9101,0.53,-0.2536,+0.0200,-5.9609,5.7074,34.0542,-177.3628,6363.8848,6363.8848
9102,0.54,-0.5467,+0.0494,-5.9949,5.4483,32.5674,-176.7180,6330.6191,6330.6191
9103,0.55,-0.7003,+0.0022,-5.9797,5.2794,33.5423,-175.5366,6221.7358,6221.7358
9104,0.56,-0.5251,-0.0177,-5.9751,5.4501,33.2415,-176.5319,6299.9292,6299.9292
9105,0.55,-0.4587,+0.0454,-5.9642,5.5055,32.0392,-177.7091,6359.0723,6359.0723
9106,0.54,-0.7020,-0.1775,-5.9456,5.2436,37.4540,-178.4321,6407.1113,6407.1113
9107,0.54,-0.4025,-0.0104,-5.9502,5.5477,35.9089,-179.0800,6453.9268,6453.9268
9108,0.55,-0.5210,-0.0779,-5.9663,5.4453,36.2988,-176.7371,6288.2607,6288.2607
9109,0.53,-0.7394,-0.0656,-5.9438,5.2044,54.5626,-177.5267,6306.4067,6306.4067
9110,0.54,-0.5343,+0.0049,-5.9816,5.4473,46.1243,-175.8147,6192.8096,6192.8096
9111,0.55,-0.6690,-0.0160,-5.9817,5.3128,31.2020,-176.4339,6216.4023,6216.4023
9112,0.55,-0.2202,+3.0151,-5.9791,5.7589,59.0130,-178.3169,6387.6777,6387.6777
9113,0.53,-0.5204,+0.0343,-5.9740,5.4536,43.4079,-179.4207,6459.4053,6459.4053
9114,0.55,-0.2792,-0.1282,-5.9707,5.6914,51.6231,-176.8815,6309.1934,6309.1934
9115,0.55,-0.1654,+0.0598,-5.9666,5.8012,66.1806,-175.8578,6248.5112,6248.5112
9116,0.54,-0.3185,+0.0824,-5.9725,5.6540,62.8386,-174.1443,6157.0791,6157.0791
9117,0.56,69.5090,-64.3540,-5.9805,75.4896,1251586.6250,-170.9036,12079.0410,12079.0410
9118,0.53,-0.0821,+0.2270,-5.9868,5.9047,53.5344,-172.1118,6003.2056,6003.2056
9119,0.54,-0.2781,-0.1330,-5.9619,5.6838,60.9793,-175.0863,6189.1577,6189.1577
9120,0.51,0.0466,-0.3077,-5.9518,5.9984,85.9870,-175.2517,6209.1230,6209.1230
9121,0.54,-0.0905,+0.1692,-5.9436,5.8531,65.7540,-175.4948,6217.1958,6217.1958
9122,0.54,-0.2879,+0.0258,-5.9661,5.6782,35.3973,-175.2550,6182.4370,6182.4370
9123,0.54,-0.7604,-0.0801,-5.9695,5.2091,25.7672,-174.2317,6107.8350,6107.8350
9124,0.55,-0.5347,-1.2872,-5.9827,5.4480,45.5700,-177.8809,6390.3203,6390.3203
9125,0.54,-0.3386,-0.3958,-5.9675,5.6289,121.2259,-176.3732,6285.8477,6285.8477
9126,0.54,-0.8373,-0.7148,-5.9738,5.1365,7.5336,-176.5236,6240.3193,6240.3193
9127,0.54,-0.3208,-0.2881,-5.9612,5.6404,56.0226,-177.6598,6358.6299,6358.6299
9128,0.53,-0.3981,+0.1020,-5.9549,5.5568,24.5724,-175.7691,6222.8076,6222.8076
9129,0.52,-0.4572,-0.0232,-5.9545,5.4973,31.6109,-176.2403,6238.1704,6238.1704
9130,0.54,-0.5984,+0.0235,-5.9524,5.3540,28.1390,-176.2045,6251.3208,6251.3208
9131,0.55,-0.8598,-0.0872,-5.9458,5.0859,31.8323,-178.0727,6403.0068,6403.0068
9132,0.54,-0.7713,+0.0662,-5.9378,5.1665,38.4896,-180.1439,6576.2139,6576.2139
9133,0.54,-0.5726,-0.0072,-5.9421,5.3695,31.5539,-177.8860,6392.0381,6392.0381
9134,0.53,-2.1553,+0.6132,-5.9525,3.7972,377.2100,-176.9461,6152.4844,6152.4844
9135,0.55,-0.5927,-0.1918,-5.9515,5.3588,30.7530,-176.9580,6279.2100,6279.2100
9136,0.54,-0.5713,+0.0446,-5.9455,5.3742,23.9060,-180.2586,6511.0801,6511.0801
9137,0.55,-0.6130,-0.0560,-5.9408,5.3278,23.8428,-180.7837,6555.5830,6555.5830
9138,0.55,-0.7409,+0.1111,-5.9411,5.2002,24.0247,-179.9453,6501.5244,6501.5244
9139,0.54,-0.6493,+0.2239,-5.9337,5.2844,30.2821,-179.7389,6497.1973,6497.1973
9140,0.55,-0.4914,+0.0331,-5.8986,5.4071,28.1167,-179.2866,6444.7803,6444.7803
9141,0.55,-0.6890,-0.0093,-5.9169,5.2279,24.4627,-180.4823,6535.1533,6535.1533
9142,0.54,-0.6104,+0.0363,-5.9418,5.3313,25.4278,-180.7301,6551.1201,6551.1201
9143,0.55,-0.7656,-0.0284,-5.9364,5.1708,19.3320,-180.1969,6503.4170,6503.4170
9144,0.53,-0.6154,-0.0656,-5.9562,5.3407,20.2051,-179.4213,6506.2168,6506.2168
9145,0.55,1.2993,-2.7077,-5.9422,7.2415,1636.0179,-182.3421,6837.9863,6837.9863
9146,0.54,-1.2833,-0.8031,-5.9694,4.6862,24.3299,-178.7845,6497.1504,6497.1504
9147,0.54,-0.7485,+0.0789,-5.9705,5.2219,9.8690,-179.5351,6543.9404,6543.9404
9148,0.54,-0.8132,-0.0493,-5.9701,5.1569,20.1658,-176.8056,6361.9629,6361.9629
9149,0.55,-0.4792,-0.1792,-5.9564,5.4772,24.1288,-176.4881,6317.5967,6317.5967
9150,0.54,-26.4893,+32.8128,-5.9447,-20.5447,165794.9688,-173.0885,4406.4746,4406.4746
9151,0.54,-0.4016,-0.1016,-5.9605,5.5589,30.3515,-177.4413,6366.8115,6366.8115
9152,0.56,-0.5938,-0.0204,-5.9654,5.3716,29.0093,-177.0900,6331.4980,6331.4980
9153,0.53,-6.3110,-4.2954,-5.9820,-0.3290,7526.6626,-181.0130,6345.8984,6345.8984
9154,0.53,-0.2862,-0.4765,-5.9585,5.6723,69.9632,-181.6623,6691.6094,6691.6094
9155,0.53,-0.5643,+0.0346,-5.9853,5.4210,37.0871,-179.4635,6531.8789,6531.8789
9156,0.55,-0.7488,-0.0551,-5.9741,5.2253,15.7166,-179.0117,6475.1172,6475.1172
9157,0.53,2.6613,+1.6264,-5.9871,8.6483,3279.4443,-178.0354,6537.1357,6537.1357
9158,0.54,-0.7035,+0.0021,-5.9890,5.2856,37.7797,-178.3613,6418.7856,6418.7856
9159,0.55,-0.7748,-0.0626,-5.9642,5.1894,71.6363,-179.0708,6453.6714,6453.6714
9160,0.53,1.1105,-2.6087,-5.9465,7.0569,1054.7639,-179.7308,6603.4102,6603.4102
9161,0.55,1.9088,-16.8851,-5.9434,7.8522,2103.5273,-178.6960,6523.8203,6523.8203
9162,0.53,-0.4673,-0.0621,-5.9641,5.4968,31.7571,-178.6117,6397.1973,6397.1973
9163,0.56,-0.8321,-0.1865,-5.9571,5.1250,38.1780,-177.8930,6349.3125,6349.3125
9164,0.54,-1.0201,+0.7375,-5.9663,4.9462,3.5503,-176.4972,6252.1963,6252.1963
9165,0.53,1.7509,-0.0645,-5.9652,7.7161,1073.5546,-175.6970,6295.4062,6295.4062
9166,0.53,-0.7743,+0.0769,-5.9746,5.2003,35.3593,-179.1577,6443.7930,6443.7930
9167,0.54,-0.3916,-0.1091,-5.9999,5.6082,29.6655,-177.7064,6355.7314,6355.7314
9168,0.53,-0.1676,-0.1923,-5.9804,5.8128,149.9038,-178.0751,6422.9336,6422.9336
9169,0.53,-0.5655,-0.0675,-5.9925,5.4270,34.4492,-176.6237,6280.9238,6280.9238
9170,0.54,-0.0011,-0.2010,-5.9865,5.9854,194.3078,-176.4267,6286.6323,6286.6323
9171,0.54,-0.7001,-0.0865,-5.9918,5.2917,30.0520,-175.8933,6207.3237,6207.3237
9172,0.55,-0.4680,+0.0083,-5.9973,5.5293,39.7751,-178.9816,6456.4297,6456.4297
9173,0.53,-0.5398,+0.0039,-5.9886,5.4488,29.5800,-178.3736,6407.0547,6407.0547
9174,0.54,-0.5843,-0.0773,-5.9596,5.3754,40.2922,-178.1420,6395.4956,6395.4956
9175,0.55,-0.6679,-0.1126,-5.9719,5.3040,33.9564,-177.8150,6354.1836,6354.1836
9176,0.53,-0.6306,-0.0309,-5.9632,5.3327,35.8455,-178.5522,6407.2817,6407.2817
9177,0.53,-0.7581,+0.1526,-5.9715,5.2134,29.8241,-178.1623,6386.7920,6386.7920
9178,0.53,-0.5479,+0.1732,-5.9544,5.4064,31.7036,-178.6548,6439.7480,6439.7480
9179,0.54,-0.5549,-0.0393,-5.9435,5.3886,71.5896,-179.0391,6469.7148,6469.7148
9180,0.54,-0.6937,+0.2221,-5.9555,5.2618,37.8897,-177.3910,6337.5083,6337.5083
9181,0.55,-0.3530,-0.2728,-5.9614,5.6084,56.7295,-176.1819,6244.6328,6244.6328
9182,0.53,-1.2551,-0.3480,-5.9888,4.7338,210.6010,-175.7220,6184.4014,6184.4014
9183,0.56,-0.5057,-0.0153,-5.9544,5.4487,37.2619,-176.2981,6242.9287,6242.9287
9184,0.54,-0.9827,-0.0145,-5.9450,4.9623,58.9879,-178.7304,6350.0605,6350.0605
9185,0.55,-0.6978,-0.1725,-5.9520,5.2542,35.3208,-177.6985,6326.3408,6326.3408
9186,0.56,-0.7476,+0.1446,-5.9400,5.1924,37.0232,-178.5912,6415.2925,6415.2925
9187,0.57,-0.5983,+0.0812,-5.9580,5.3597,30.5721,-177.0919,6328.8711,6328.8711
9188,0.55,-0.6171,+0.0613,-5.9459,5.3288,41.0573,-178.5936,6455.6855,6455.6855
9189,0.53,-1.1377,+0.0640,-5.9576,4.8199,15.7922,-177.9558,6381.4766,6381.4766
9190,0.55,-0.3467,-0.2153,-5.9555,5.6088,59.6733,-182.9261,6780.4121,6780.4121
9191,0.54,-0.0919,-0.0758,-5.9652,5.8734,452.7221,-179.5005,6550.5830,6550.5830
9192,0.55,0.7631,-0.0732,-5.9896,6.7527,702.8690,-175.3376,6288.2646,6288.2646
9193,0.55,-0.2085,-0.2621,-5.9552,5.7467,54.1206,-178.6137,6446.6567,6446.6567
9194,0.56,-1.1391,+1.2745,-5.9323,4.7931,5.3267,-179.6994,6484.5210,6484.5210
9195,0.55,9.9728,+0.2654,-5.9481,15.9209,30159.2031,-179.5259,6730.7563,6730.7563
9196,0.54,-0.6506,+0.1075,-5.9190,5.2685,7.1558,-179.0052,6445.6133,6445.6133
9197,0.56,-0.7895,-0.5147,-5.9345,5.1450,56.9354,-178.4233,6393.6504,6393.6504
9198,0.56,-0.5677,+0.0194,-5.9607,5.3930,28.2657,-176.2148,6278.4810,6278.4810
9199,0.54,-0.6812,-0.0536,-5.9372,5.2560,39.9196,-177.3767,6316.6797,6316.6797
9200,0.54,-0.7557,+0.0021,-5.9427,5.1870,29.5076,-177.8586,6343.9453,6343.9453
9201,0.54,-0.7274,-0.0577,-5.9445,5.2171,37.5333,-178.3976,6377.1201,6377.1201
9202,0.56,-0.6522,+0.0406,-5.9378,5.2856,32.6096,-179.8033,6489.8936,6489.8936
9203,0.54,0.2017,-1.2107,-5.9312,6.1330,361.7743,-179.0497,6477.6260,6477.6260
9204,0.56,-0.8275,+0.0306,-5.9059,5.0784,36.5837,-178.3141,6372.7754,6372.7754
9205,0.54,-0.8297,-0.0578,-5.9205,5.0908,35.3876,-179.9282,6510.1279,6510.1279
9206,0.54,-0.5607,+0.0734,-5.9073,5.3465,35.8858,-181.3180,6605.2583,6605.2583
9207,0.54,-0.5246,+0.2705,-5.8941,5.3694,57.3861,-179.0568,6425.5522,6425.5522
9208,0.55,2.1192,-1.3777,-5.9103,8.0295,2439.0659,-178.4269,6505.9209,6505.9209
9209,0.55,-1.3756,-0.7516,-5.9118,4.5363,23.0721,-179.0314,6401.8486,6401.8486
9210,0.55,0.0197,-0.1331,-5.9190,5.9387,183.4929,-178.8654,6430.3096,6430.3096
9211,0.53,-0.8985,+0.0400,-5.9348,5.0363,42.9297,-177.7036,6318.1567,6318.1567
9212,0.54,-1.0351,+0.2455,-5.9341,4.8990,16.9394,-178.6197,6377.0151,6377.0151
9213,0.54,-0.7298,+0.1743,-5.9338,5.2041,12.3281,-177.4270,6285.8472,6285.8472
9214,0.53,2.0482,-0.7278,-5.9281,7.9764,2567.7083,-180.2325,6641.9922,6641.9922
9215,0.54,0.8424,-2.3636,-5.9438,6.7862,789.9750,-179.4746,6547.6655,6547.6655
9216,0.55,7.2505,-1.1972,-5.9294,13.1799,16371.5264,-176.8190,6620.1689,6620.1689
9217,0.53,-0.7288,-0.2108,-5.9671,5.2382,22.2969,-177.8605,6347.8984,6347.8984
9218,0.54,4.1508,-3.3832,-5.9734,10.1242,6325.1401,-177.4564,6560.7598,6560.7598
9219,0.55,0.0560,-0.1596,-5.9560,6.0120,654.9224,-178.1367,6412.0283,6412.0283
9220,0.54,3.6026,-1.7725,-5.9461,9.5487,5500.9502,-179.2783,6796.6226,6796.6226
9221,0.54,3.1573,+5.6629,-5.9277,9.0850,4516.9683,-179.4797,6716.6982,6716.6982
9222,0.54,-0.9492,-0.1307,-5.9321,4.9829,3.6634,-178.7575,6412.7871,6412.7871
9223,0.54,-0.7649,+0.0539,-5.9343,5.1694,39.0144,-179.3224,6450.0352,6450.0352
9224,0.54,-1.5531,+2.1562,-5.9332,4.3801,204.4182,-179.7290,6426.3755,6426.3755
9225,0.55,-4.6421,+0.2785,-5.9895,1.3475,3475.9270,-179.1339,6237.3628,6237.3628
9226,0.54,-0.3475,+0.0491,-5.9862,5.6388,54.3022,-178.6609,6427.3550,6427.3550
9227,0.54,-1.0431,+0.1349,-5.9918,4.9488,10.1715,-175.1442,6130.7124,6130.7124
9228,0.56,0.1471,+0.1669,-5.9940,6.1411,241.4343,-178.8133,6452.7222,6452.7222
9229,0.53,-1.2696,+0.0542,-6.0100,4.7403,173.0657,-176.8799,6233.7188,6233.7188
9230,0.55,-0.7530,+0.1168,-5.9969,5.2439,40.4621,-177.8907,6332.1489,6332.1489
9231,0.55,-0.8796,+0.1035,-5.9884,5.1088,35.9430,-176.0395,6198.4326,6198.4326
9232,0.56,-0.8682,+0.1200,-5.9883,5.1201,55.8841,-175.7942,6193.1338,6193.1338
9233,0.55,-0.6019,+0.0343,-5.9572,5.3553,67.8217,-177.1214,6334.1309,6334.1309
9234,0.56,-0.6964,+0.0529,-5.9611,5.2647,35.8802,-177.3977,6334.8975,6334.8975
9235,0.56,-0.5190,-0.1822,-5.9581,5.4391,56.2839,-177.2146,6337.5522,6337.5522
9236,0.54,1.4958,-0.2760,-5.9543,7.4501,2112.1436,-176.7211,6397.0039,6397.0039
9237,0.55,-0.7751,-0.0875,-5.9517,5.1766,25.6753,-177.8619,6324.8018,6324.8018
9238,0.55,-0.4920,+0.5367,-5.9369,5.4449,113.7593,-179.4140,6468.7979,6468.7979
9239,0.53,-0.4116,-0.0808,-5.9357,5.5241,47.3972,-180.0748,6522.5830,6522.5830
9240,0.53,-0.6709,+0.0398,-5.9605,5.2896,46.1019,-179.3428,6469.2373,6469.2373
9241,0.54,-0.7222,+0.1172,-5.9720,5.2498,10.3184,-178.4973,6393.3115,6393.3115
9242,0.55,-0.7929,+0.1710,-5.9505,5.1575,14.9912,-178.7915,6423.7837,6423.7837
9243,0.54,-0.6847,-0.1930,-5.9809,5.2962,18.9740,-176.4828,6259.3579,6259.3579
9244,0.54,4.0119,-0.4767,-6.0007,10.0126,6386.8501,-176.8312,6520.7974,6520.7974
9245,0.56,2.4751,+0.9895,-5.9821,8.4571,3277.0486,-177.0581,6430.8838,6430.8838
9246,0.56,-0.8621,+0.0597,-5.9919,5.1297,6.7547,-176.3739,6218.6675,6218.6675
9247,0.55,-0.6019,+0.1480,-5.9591,5.3572,20.2288,-177.8723,6316.1079,6316.1079
9248,0.55,-0.7643,-0.0964,-5.9433,5.1790,28.3250,-178.8933,6347.8936,6347.8936
9249,0.54,-0.5553,-0.0658,-5.9594,5.4041,61.2523,-179.8969,6436.3667,6436.3667
9250,0.54,-0.8735,+0.0116,-5.9926,5.1191,11.4474,-176.9917,6269.5049,6269.5049
9251,0.55,-0.8775,-0.0222,-5.9670,5.0896,2.8616,-178.2291,6325.1689,6325.1689
9252,0.53,-0.6698,+0.2436,-5.9847,5.3149,10.8208,-174.7524,6043.7656,6043.7656
9253,0.54,-0.7974,+0.1400,-5.9717,5.1743,3.3582,-177.3852,6265.0400,6265.0400
9254,0.55,-0.8237,+0.1069,-5.9768,5.1531,3.1556,-184.9932,6830.4570,6830.4570
9255,0.55,-0.5816,-0.2330,-5.9407,5.3591,1.9108,-169.2008,5742.6470,5742.6470
9256,0.53,-0.4778,+0.2951,-5.9584,5.4806,5.3321,-188.3285,7123.1528,7123.1528
9257,0.55,-0.8545,-0.2788,-5.9499,5.0954,2.6824,-170.9554,5872.3818,5872.3818
9258,0.53,-0.7244,-0.0813,-5.9793,5.2549,2.9191,-188.9485,7209.9170,7209.9170
9259,0.54,-0.8512,-0.1174,-5.9776,5.1264,6.6195,-170.8928,5909.7119,5909.7119
9260,0.55,-0.8964,-0.0252,-5.9558,5.0594,6.6211,-182.9866,6790.2861,6790.2861
9261,0.54,-0.6152,+0.1102,-5.9536,5.3384,20.2748,-176.8935,6350.9463,6350.9463
9262,0.56,-0.3599,+0.3579,-5.9668,5.6069,16.1186,-176.3896,6314.6719,6314.6719
9263,0.51,-0.5701,+0.2518,-5.9757,5.4056,17.2641,-177.9146,6391.7964,6391.7964
9264,0.53,-0.4448,-0.1638,-5.9823,5.5374,87.6692,-179.0940,6473.2285,6473.2285
9265,0.54,-0.9125,-0.0081,-5.9738,5.0613,5.2836,-180.1683,6555.7266,6555.7266
9266,0.56,-0.4263,-0.0446,-5.9795,5.5532,40.0588,-179.9227,6574.0361,6574.0361
9267,0.56,-0.6474,+0.7000,-5.9901,5.3427,22.2986,-176.6662,6331.0718,6331.0718
9268,0.54,-0.4297,+0.1608,-6.0032,5.5735,40.0394,-174.8697,6206.2573,6206.2573
9269,0.53,-0.4576,-0.3234,-5.9987,5.5411,27.8167,-175.5562,6254.9878,6254.9878
9270,0.53,-0.3861,+0.5328,-6.0228,5.6368,35.0672,-176.4032,6322.5166,6322.5166
9271,0.53,-0.1704,+0.0898,-6.0202,5.8498,55.8198,-171.5360,5975.4287,5975.4287
9272,0.53,-0.1268,-0.1944,-5.9958,5.8690,70.0229,-173.3216,6077.2612,6077.2612
9273,0.55,-0.2418,-0.1733,-6.0109,5.7691,81.7777,-174.5182,6171.4971,6171.4971
9274,0.52,-0.1389,+0.4019,-6.0158,5.8769,82.4503,-173.7263,6109.6118,6109.6118
9275,0.54,-0.4003,-0.1265,-6.0142,5.6139,21.8011,-174.3922,6130.6240,6130.6240
9276,0.55,0.1141,-0.1364,-5.9784,6.0925,93.5074,-174.8868,6225.8887,6225.8887
9277,0.53,-0.1907,-0.0087,-5.9762,5.7855,62.2304,-174.6220,6177.4326,6177.4326
9278,0.52,-0.2422,-0.1996,-5.9780,5.7359,57.8275,-175.8357,6284.1006,6284.1006
9279,0.52,-0.4660,+0.0717,-5.9680,5.5021,35.3413,-175.6735,6243.8184,6243.8184
9280,0.55,0.9891,-0.0341,-5.9852,6.9743,719.1828,-176.6946,6423.8076,6423.8076
9281,0.54,-0.4444,-0.3952,-5.9747,5.5303,28.6921,-177.2292,6366.0527,6366.0527
9282,0.51,-0.3485,+0.1995,-5.9719,5.6234,33.4139,-176.4662,6295.7827,6295.7827
9283,0.55,0.1040,+0.0009,-5.9932,6.0972,83.6584,-175.3625,6245.0107,6245.0107
9284,0.54,1.4721,-0.4587,-5.9733,7.4454,754.3572,-174.7164,6265.3262,6265.3262
9285,0.54,-0.4884,+0.1604,-5.9886,5.5002,43.7808,-175.2825,6196.0044,6196.0044
9286,0.53,-0.7102,-0.1736,-5.9717,5.2615,26.6845,-176.6657,6263.1738,6263.1738
9287,0.54,1.9693,+0.1708,-5.9657,7.9350,1686.0608,-177.9423,6548.3716,6548.3716
9288,0.54,-0.2985,+0.2890,-5.9353,5.6368,42.0104,-178.8715,6473.8647,6473.8647
9289,0.52,-0.4976,-0.2068,-5.9725,5.4750,34.4139,-180.1665,6572.7812,6572.7812
9290,0.54,-0.2530,+0.1438,-5.9586,5.7056,33.8398,-178.8456,6456.5088,6456.5088
9291,0.54,0.0364,+0.0630,-5.9439,5.9802,116.0843,-179.7502,6556.2588,6556.2588
9292,0.51,2.6595,-0.5365,-5.9585,8.6180,2824.7969,-177.8126,6465.0059,6465.0059
9293,0.54,-0.2184,+0.0226,-5.9936,5.7752,35.3365,-177.8297,6436.3213,6436.3213
9294,0.54,-0.4809,+0.0211,-5.9761,5.4952,25.7841,-177.4304,6381.7173,6381.7173
9295,0.55,-0.6269,-0.0296,-5.9778,5.3510,115.2982,-176.6337,6325.7764,6325.7764
9296,0.54,-0.0336,+0.0714,-5.9748,5.9412,93.1629,-174.7176,6226.8311,6226.8311
9297,0.53,0.2132,+0.4216,-6.0092,6.2223,115.8559,-174.5865,6240.4365,6240.4365
9298,0.54,-0.2278,+0.0811,-6.0004,5.7726,153.3867,-173.9925,6160.3994,6160.3994
9299,0.53,0.1624,-0.2602,-5.9989,6.1614,217.7071,-174.9034,6238.4834,6238.4834
9300,0.54,-1.5436,+0.2465,-6.0006,4.4570,450.8213,-175.9636,6286.2349,6286.2349
9301,0.53,-0.1710,+0.0932,-6.0013,5.8303,35.3590,-175.1327,6265.9141,6265.9141
9302,0.56,-0.8808,-0.0412,-5.9789,5.0980,7.4651,-175.2343,6207.9961,6207.9961
9303,0.54,-0.5261,-0.0016,-5.9552,5.4290,6.1872,-178.0016,6431.1807,6431.1807
9304,0.54,-0.4389,+0.0920,-5.9101,5.4712,19.5174,-182.3021,6731.1416,6731.1416
9305,0.53,-0.3720,-0.0592,-5.9490,5.5770,15.7004,-181.3063,6676.6416,6676.6416
9306,0.53,-0.3832,-0.2435,-5.9751,5.5920,17.3523,-177.3407,6419.6807,6419.6807
9307,0.53,1.3499,-0.8337,-5.9746,7.3245,864.8117,-174.8907,6322.6465,6322.6465
9308,0.52,-0.1765,-0.1111,-5.9729,5.7964,39.1442,-175.7383,6281.9556,6281.9556
9309,0.53,-0.2774,+0.3186,-6.0124,5.7351,43.7378,-176.1272,6320.9575,6320.9575
9310,0.52,-0.2596,+0.1275,-5.9948,5.7352,14.8338,-177.8916,6452.3203,6452.3203
9311,0.53,-0.1628,-0.3030,-5.9817,5.8188,64.9974,-176.7590,6361.5752,6361.5752
9312,0.54,-0.3059,-0.0120,-5.9733,5.6673,35.9465,-176.5674,6331.8994,6331.8994
9313,0.55,0.1730,-0.1790,-5.9849,6.1579,165.1516,-176.4744,6372.7046,6372.7046
9314,0.53,-0.1053,-0.0460,-5.9915,5.8861,45.9842,-175.3244,6263.8735,6263.8735
9315,0.54,0.0490,+0.3404,-5.9882,6.0371,173.2139,-174.6583,6226.0068,6226.0068
9316,0.52,0.3113,-0.0758,-5.9917,6.3031,96.0826,-174.1044,6192.8652,6192.8652
9317,0.52,0.0205,-0.1768,-5.9541,5.9746,38.8194,-174.7896,6195.0527,6195.0527
9318,0.52,-0.5794,+0.1948,-5.9470,5.3676,65.9279,-177.3940,6362.3730,6362.3730
9319,0.53,-0.4026,-0.1633,-5.9515,5.5489,29.7415,-176.3396,6289.2178,6289.2178
9320,0.52,-0.4002,+0.0598,-5.9624,5.5622,20.6579,-177.6783,6397.9951,6397.9951
9321,0.52,-0.1920,+0.0019,-5.9525,5.7606,76.9366,-177.4952,6385.5278,6385.5278
9322,0.55,-0.2902,-0.2461,-5.9900,5.6997,24.0855,-176.3528,6302.1553,6302.1553
9323,0.52,-0.4013,-0.3015,-5.9987,5.5974,33.7541,-176.7701,6336.7402,6336.7402
9324,0.52,-0.5607,+0.0618,-5.9735,5.4128,18.0154,-177.6251,6381.7979,6381.7979
9325,0.53,-0.3840,+0.0087,-5.9631,5.5790,45.1867,-180.0474,6591.1333,6591.1333
9326,0.52,-0.5048,-0.0776,-5.9685,5.4637,12.0304,-178.2509,6432.3555,6432.3555
9327,0.53,-1.1475,-0.9137,-5.9874,4.8399,28.5477,-177.1116,6320.2285,6320.2285
9328,0.53,-0.3520,-0.0654,-5.9675,5.6155,30.1859,-177.8138,6403.0596,6403.0596
9329,0.52,-0.1482,+0.2901,-5.9730,5.8249,88.2396,-176.6364,6359.7739,6359.7739
9330,0.53,-0.2498,+0.1774,-5.9710,5.7212,49.0462,-178.3571,6497.1001,6497.1001
9331,0.52,0.4791,+0.1412,-5.9527,6.4318,397.2886,-179.8111,6624.5879,6624.5879
9332,0.52,-0.2974,+0.0336,-5.9614,5.6640,43.3280,-180.3327,6627.0781,6627.0781
9333,0.53,-0.0847,-0.1735,-5.9798,5.8952,123.3266,-178.1287,6462.1875,6462.1875
9334,0.54,-0.3496,+0.0158,-6.0018,5.6522,63.0179,-178.4171,6490.8184,6490.8184
9335,0.53,-0.4318,+0.2566,-5.9938,5.5620,22.7539,-179.1325,6523.6230,6523.6230
9336,0.52,-0.5300,+0.8125,-5.9945,5.4645,51.1070,-179.1401,6506.9814,6506.9814
9337,0.53,-0.3786,-0.0315,-5.9922,5.6136,47.9427,-179.3443,6551.3027,6551.3027
9338,0.53,0.2131,+0.5603,-5.9742,6.1872,301.8029,-178.2766,6485.2705,6485.2705
9339,0.55,-0.1974,+0.0850,-5.9932,5.7958,48.7226,-177.6402,6404.2202,6404.2202
9340,0.54,-0.4203,-0.4282,-5.9720,5.5517,30.4444,-177.3976,6388.0601,6388.0601
9341,0.53,-0.0033,+0.3033,-5.9882,5.9849,87.1391,-176.7491,6369.5454,6369.5454
9342,0.53,-0.3961,+0.1466,-6.0166,5.6206,32.7585,-176.1299,6315.9751,6315.9751
9343,0.54,-0.4913,+0.0109,-6.0049,5.5136,19.9028,-179.1510,6528.7236,6528.7236
9344,0.52,-0.7549,+0.0077,-5.9983,5.2434,44.6718,-179.7734,6576.0498,6576.0498
9345,0.54,-0.4182,-0.4281,-6.0004,5.5822,13.9914,-175.8889,6308.2842,6308.2842
9346,0.53,-0.4655,+0.1673,-5.9918,5.5263,10.5198,-177.4438,6418.1846,6418.1846
9347,0.53,-0.4896,-0.1566,-5.9731,5.4835,6.6572,-174.2237,6192.4238,6192.4238
9348,0.52,-0.6151,-0.0491,-5.9480,5.3329,65.8638,-178.0496,6426.7935,6426.7935
9349,0.52,-0.5434,+0.1130,-5.9479,5.4045,22.6570,-178.7901,6495.2329,6495.2329
9350,0.52,0.1020,+0.2583,-5.9434,6.0453,171.2672,-176.2666,6351.3687,6351.3687
9351,0.54,0.5206,+0.0348,-5.9481,6.4687,226.4843,-175.2769,6280.7725,6280.7725
9352,0.52,-0.3205,+0.0075,-5.9609,5.6404,13.2149,-176.9326,6347.3994,6347.3994
9353,0.53,-0.3031,-0.2059,-5.9793,5.6763,30.9608,-176.0863,6323.1133,6323.1133
9354,0.52,-0.0423,-0.2034,-5.9498,5.9075,43.1259,-175.7836,6271.7832,6271.7832
9355,0.52,1.0889,-1.4808,-5.9443,7.0332,633.5284,-177.6781,6497.3970,6497.3970
9356,0.51,1.1586,-0.6310,-5.9514,7.1100,672.9277,-180.7988,6704.6787,6704.6787
9357,0.52,-0.5655,+0.3197,-5.9606,5.3951,48.3312,-180.6071,6641.0024,6641.0024
9358,0.52,0.9822,+0.0935,-5.9743,6.9565,497.1685,-180.1629,6701.3594,6701.3594
9359,0.53,0.2079,-0.4763,-5.9876,6.1954,60.1510,-177.7792,6472.6641,6472.6641
9360,0.52,0.5399,-0.1552,-5.9766,6.5165,212.2444,-179.9819,6623.4507,6623.4507
9361,0.51,1.0962,-1.8199,-5.9628,7.0590,475.3961,-178.7867,6637.9121,6637.9121
9362,0.51,0.6007,-0.2028,-5.9438,6.5445,402.3362,-180.0268,6617.7393,6617.7393
9363,0.52,-0.9937,+0.3353,-5.9357,4.9420,183.8354,-178.8286,6452.2944,6452.2944
9364,0.53,-0.1162,-0.0742,-5.9213,5.8051,50.7099,-178.8258,6510.6787,6510.6787
9365,0.54,0.1375,-0.1372,-5.9184,6.0559,73.3698,-179.2551,6524.5664,6524.5664
9366,0.53,1.7099,-0.5197,-5.9115,7.6215,1294.2511,-179.1028,6522.4736,6522.4736
9367,0.52,0.7091,-1.1632,-5.9014,6.6105,174.9611,-179.4054,6549.9502,6549.9502
9368,0.51,-1.3287,+0.5212,-5.9160,4.5873,270.6765,-179.7285,6517.1709,6517.1709
9369,0.52,0.7871,+0.6436,-5.8852,6.6723,536.6926,-182.2424,6723.7705,6723.7705
9370,0.52,-0.8346,+0.3423,-5.9113,5.0767,9.3364,-180.7351,6569.5449,6569.5449
9371,0.52,1.0591,-0.7729,-5.9177,6.9768,718.5480,-182.2314,6785.3530,6785.3530
9372,0.53,-0.3895,+0.0195,-5.9445,5.5551,31.1901,-180.9391,6605.5859,6605.5859
9373,0.52,-0.3505,-0.1423,-5.9369,5.5863,45.8193,-180.5032,6580.7466,6580.7466
9374,0.53,-0.0998,-0.1968,-5.9147,5.8150,33.7390,-180.0409,6546.6558,6546.6558
9375,0.53,-0.0566,-0.1919,-5.9321,5.8755,113.1342,-179.0134,6494.4346,6494.4346
9376,0.53,-1.1222,-0.4606,-5.9500,4.8278,57.4668,-178.4791,6434.0903,6434.0903
9377,0.54,0.1155,-0.1098,-5.9338,6.0493,107.1454,-179.1100,6508.8359,6508.8359
9378,0.54,0.2117,+0.4525,-5.9465,6.1583,134.1669,-181.0655,6642.4053,6642.4053
9379,0.52,0.0388,-0.5552,-5.9723,6.0110,61.3054,-179.4425,6524.3320,6524.3320
9380,0.51,-0.1957,-0.1524,-5.9651,5.7694,32.2185,-179.2621,6496.4199,6496.4199
9381,0.53,0.4512,+0.8175,-5.9801,6.4313,253.7853,-178.3759,6498.5488,6498.5488
9382,0.54,2.2669,-0.4277,-5.9715,8.2383,1921.7527,-177.9207,6556.4854,6556.4854
9383,0.52,-0.9818,-0.2192,-6.0038,5.0220,35.9160,-177.1683,6350.9385,6350.9385
9384,0.52,-1.1057,-0.2212,-5.9799,4.8741,118.1718,-176.9868,6343.1431,6343.1431
9385,0.52,-0.1473,+0.1313,-5.9665,5.8193,39.0220,-177.8912,6421.4448,6421.4448
9386,0.52,1.5085,-0.3540,-5.9512,7.4597,1113.9270,-181.0500,6733.3789,6733.3789
9387,0.54,-0.3528,+0.0661,-5.9449,5.5920,9.6110,-182.1884,6688.4751,6688.4751
9388,0.55,0.0244,+0.0470,-5.9666,5.9910,26.2975,-180.8039,6613.2798,6613.2798
9389,0.53,-0.2453,+0.0520,-5.9513,5.7059,25.3630,-179.9177,6536.3521,6536.3521
9390,0.51,-0.1047,-0.0374,-5.9726,5.8680,45.0432,-179.9562,6543.6079,6543.6079
9391,0.52,-0.5299,-0.0873,-5.9824,5.4525,11.4148,-179.0485,6485.5791,6485.5791
9392,0.52,-0.3442,-0.1798,-5.9798,5.6357,26.0485,-173.3750,6068.2012,6068.2012
9393,0.51,-0.4535,-0.0955,-6.0144,5.5609,31.8791,-174.5725,6171.9219,6171.9219
9394,0.54,-0.4074,+0.0347,-5.9976,5.5902,34.1194,-175.3526,6224.1626,6224.1626
9395,0.53,-0.5124,+0.0349,-5.9732,5.4609,28.2802,-176.6418,6310.2441,6310.2441
9396,0.52,-0.5583,+0.1244,-5.9615,5.4032,40.3394,-178.0181,6392.6992,6392.6992
9397,0.54,-0.3133,-0.0366,-5.9757,5.6624,32.7336,-176.9775,6354.0225,6354.0225
9398,0.52,-0.3438,-0.1478,-5.9675,5.6237,36.9449,-179.3471,6532.7788,6532.7788
9399,0.52,-0.5105,+0.1448,-5.9739,5.4633,30.4699,-179.6391,6526.8276,6526.8276
9400,0.54,-0.3920,+0.1179,-5.9976,5.6056,19.0983,-178.6136,6461.7676,6461.7676
9401,0.55,-0.5649,+0.0484,-5.9551,5.3901,25.6480,-181.2841,6650.0996,6650.0996
9402,0.53,-0.3106,+0.0399,-5.9724,5.6618,33.0885,-178.6277,6474.5273,6474.5273
9403,0.53,-0.6453,-0.1079,-5.9600,5.3146,41.6781,-179.1722,6510.4912,6510.4912
9404,0.54,-0.8659,-0.0494,-5.9450,5.0791,65.6923,-177.3881,6316.0400,6316.0400
9405,0.54,-0.3573,+0.2403,-5.9542,5.5969,29.0086,-178.5013,6421.2568,6421.2568
9406,0.53,-0.5683,-0.0065,-5.9482,5.3798,23.5693,-179.6894,6469.5693,6469.5693
9407,0.54,-0.3412,+0.3772,-5.9374,5.5962,33.1743,-179.9343,6526.0610,6526.0610
9408,0.52,-0.8340,+0.3654,-5.9721,5.1382,179.4832,-179.1519,6468.2510,6468.2510
9409,0.54,-0.4791,-0.1486,-5.9691,5.4900,43.8562,-179.6857,6518.6699,6518.6699
9410,0.52,-0.4097,-0.0939,-5.9456,5.5359,30.6888,-180.1161,6538.9717,6538.9717
9411,0.53,-0.5479,-0.0491,-5.9266,5.3787,32.6115,-181.1343,6606.5605,6606.5605
9412,0.56,-0.3572,+0.2227,-5.9601,5.6029,42.0238,-176.8444,6357.2319,6357.2319
9413,0.55,-0.3764,+0.0005,-5.9391,5.5627,49.0749,-178.4648,6440.0176,6440.0176
9414,0.54,-0.2356,-0.1546,-5.9452,5.7096,51.0534,-178.9498,6518.1519,6518.1519
9415,0.53,-0.6721,-0.0057,-5.9180,5.2459,26.5901,-180.6602,6611.1973,6611.1973
9416,0.54,-0.4312,+0.0458,-5.9191,5.4880,35.6993,-180.0572,6590.4072,6590.4072
9417,0.53,-0.3420,+0.1461,-5.9534,5.6113,33.8793,-178.3850,6467.5762,6467.5762
9418,0.54,-0.0884,+0.5871,-5.9608,5.8724,64.4257,-179.6927,6566.6860,6566.6860
9419,0.53,-0.2769,-0.5968,-5.9665,5.6896,48.3151,-179.7090,6581.6440,6581.6440
9420,0.54,-0.1271,+0.0778,-5.9578,5.8308,58.0944,-176.8889,6383.0991,6383.0991
9421,0.53,-0.2928,+0.0955,-5.9445,5.6517,60.5007,-176.3970,6340.1377,6340.1377
9422,0.54,0.0524,+0.1503,-5.9360,5.9885,60.1786,-175.7589,6283.3223,6283.3223
9423,0.54,-0.2014,+0.1960,-5.9378,5.7364,68.6324,-176.5275,6346.1104,6346.1104
9424,0.55,-0.2495,-0.1393,-5.9324,5.6828,58.8826,-178.3929,6467.5811,6467.5811
9425,0.52,0.2495,-0.0408,-5.9067,6.1562,78.1777,-177.9475,6437.9775,6437.9775
9426,0.54,0.1645,+0.1641,-5.9341,6.0985,92.2983,-177.1641,6385.4365,6385.4365
9427,0.52,-0.0342,-0.3070,-5.9328,5.8986,51.7576,-176.9547,6346.4688,6346.4688
9428,0.53,-0.2484,-0.1073,-5.9233,5.6749,110.0453,-177.5054,6368.2119,6368.2119
9429,0.55,0.4318,+0.0246,-5.9269,6.3587,110.2836,-177.1519,6369.3008,6369.3008
9430,0.55,0.2872,+0.8448,-5.9354,6.2225,129.1805,-177.2198,6354.8105,6354.8105
9431,0.52,0.5906,+0.1184,-5.9607,6.5513,157.6503,-176.0034,6332.4434,6332.4434
9432,0.53,0.8428,-0.2069,-5.9315,6.7743,277.4595,-174.3714,6234.1284,6234.1284
9433,0.52,1.9120,-0.9332,-5.9456,7.8576,653.2588,-173.9770,6255.7983,6255.7983
9434,0.54,0.6373,+0.1754,-5.9383,6.5756,88.0798,-174.6729,6217.1133,6217.1133
9435,0.53,1.1652,-0.8268,-5.9280,7.0932,241.5701,-175.2500,6294.2520,6294.2520
9436,0.53,0.4637,+0.1809,-5.9528,6.4165,180.9063,-173.9783,6182.4194,6182.4194
9437,0.52,1.3520,-2.1167,-5.9161,7.2681,368.8337,-175.2792,6298.8955,6298.8955
9438,0.52,0.8213,-0.4668,-5.9452,6.7665,161.5541,-174.1178,6213.0200,6213.0200
9439,0.52,10.6587,+4.8954,-5.9352,16.5939,29260.0176,-175.4618,6819.9072,6819.9072
9440,0.54,-1.1135,-4.6016,-5.9495,4.8359,433.8521,-173.8799,6102.9189,6102.9189
9441,0.54,-0.6686,+0.5678,-5.9231,5.2545,94.3505,-174.2823,6141.0342,6141.0342
9442,0.52,6.4624,+3.6755,-5.9259,12.3883,10231.9912,-175.4829,6841.5215,6841.5215
9443,0.53,-1.0344,-0.3053,-5.9187,4.8843,337.1960,-177.0466,6329.2461,6329.2461
9444,0.53,-0.6927,-1.1105,-5.8761,5.1834,1566.2245,-177.5103,6420.0176,6420.0176
9445,0.54,-3.6430,-57.2229,-5.9278,2.2848,9341.2334,-173.1229,6240.2627,6240.2627
9446,0.52,3.9486,+3.6793,-5.9408,9.8895,3580.6892,-175.8523,6557.4438,6557.4438
9447,0.53,-3.9905,-2.0293,-5.9303,1.9398,5297.9497,-175.9025,6061.6348,6061.6348
9448,0.53,2.3099,-0.5412,-5.9076,8.2175,1078.7179,-177.1785,6554.0737,6554.0737
9449,0.54,2.2150,+0.8980,-5.9256,8.1406,1806.6831,-178.1302,6601.7310,6601.7310
9450,0.52,-0.2406,+1.1821,-5.9067,5.6661,72.9829,-177.7703,6414.4668,6414.4668
9451,0.54,1.7329,+1.5788,-5.9241,7.6570,790.1873,-177.0386,6445.1377,6445.1377
9452,0.53,0.3594,-0.1000,-5.9057,6.2651,92.0249,-176.9779,6377.5977,6377.5977
9453,0.56,0.1414,-0.2116,-5.8958,6.0372,56.5948,-177.0246,6381.1211,6381.1211
9454,0.52,-1.7700,-1.2167,-5.9073,4.1373,810.5747,-176.4367,6217.6782,6217.6782
9455,0.54,0.1657,-0.0479,-5.8907,6.0564,74.2429,-175.6790,6279.1606,6279.1606
9456,0.51,0.2635,+0.1600,-5.9129,6.1764,80.1227,-176.5444,6341.3779,6341.3779
9457,0.52,-0.0069,-0.0879,-5.9010,5.8940,72.4748,-178.3663,6453.4619,6453.4619
9458,0.53,-0.9808,+0.6636,-5.9048,4.9240,314.7602,-176.8997,6353.7627,6353.7627
9459,0.54,0.1915,-0.3190,-5.9188,6.1104,56.0216,-177.3551,6370.8926,6370.8926
9460,0.53,0.0312,+0.0284,-5.9252,5.9564,52.7194,-178.0197,6380.2700,6380.2700
9461,0.54,0.0035,-0.0770,-5.9441,5.9476,76.1964,-179.7122,6548.1816,6548.1816
9462,0.54,7.3171,+4.2684,-5.9534,13.2706,14283.0078,-178.9540,7266.4849,7266.4849
9463,0.54,13.9591,-9.4497,-5.9500,19.9091,51741.1289,-179.9080,8109.3467,8109.3467
9464,0.51,-0.1384,+0.0636,-5.9423,5.8039,63.9351,-178.3634,6464.8672,6464.8672
9465,0.51,5.3753,+2.7505,-5.9492,11.3245,8833.3662,-179.1808,7031.7891,7031.7891
9466,0.54,0.9617,-1.1771,-5.9615,6.9232,537.4343,-179.4209,6644.0508,6644.0508
9467,0.54,-12.4135,+9.0497,-5.9613,-6.4521,35888.7227,-177.8849,5372.9160,5372.9160
9468,0.54,4.1493,+1.3353,-5.9517,10.1010,8639.7373,-177.4949,6712.8208,6712.8208
9469,0.54,-0.1244,-0.1029,-5.9777,5.8533,38.6831,-177.2478,6369.8086,6369.8086
9470,0.54,1.8903,-1.3116,-5.9606,7.8509,1313.4589,-175.9705,6463.0576,6463.0576
9471,0.54,-0.0957,+0.6912,-5.9700,5.8743,65.6462,-176.1700,6306.0898,6306.0898
9472,0.53,-0.4489,-0.1724,-5.9595,5.5106,32.0964,-178.0013,6427.9189,6427.9189
9473,0.54,1.3415,+0.8573,-5.9430,7.2845,1794.1580,-179.5348,6691.2002,6691.2002
9474,0.54,16.6911,-4.6412,-5.9541,22.6452,78773.5234,-180.2778,8010.6387,8010.6387
9475,0.54,-0.3274,-0.1261,-5.9487,5.6213,29.7495,-178.9602,6493.9795,6493.9795
9476,0.53,-0.3841,+0.5149,-5.9284,5.5443,24.7503,-177.0163,6334.4863,6334.4863
9477,0.54,-0.2790,-0.0277,-5.9286,5.6496,39.8906,-178.2735,6451.3252,6451.3252
9478,0.54,0.4656,+0.4076,-5.9208,6.3864,198.1964,-177.9244,6453.6621,6453.6621
9479,0.54,-1.9005,-28.6510,-5.9377,4.0372,545.9570,-178.7197,6298.0146,6298.0146
9480,0.52,0.6234,-0.1639,-5.9426,6.5660,285.5435,-176.0933,6297.8770,6297.8770
9481,0.53,-7.7857,+1.2403,-5.9492,-1.8365,11381.1611,-175.6584,5749.5176,5749.5176
9482,0.52,4.9205,+1.3353,-5.9567,10.8772,7278.2559,-175.8111,6557.4561,6557.4561
9483,0.54,-0.1832,+0.3225,-5.9442,5.7611,105.9580,-177.3762,6348.3315,6348.3315
9484,0.54,-0.1703,-0.1070,-5.9195,5.7492,53.9092,-178.5249,6436.6455,6436.6455
9485,0.55,-0.2267,-0.2236,-5.9229,5.6962,27.5201,-179.0109,6472.6367,6472.6367
9486,0.53,0.0850,-0.8014,-5.9533,6.0383,48.7414,-180.8821,6635.6099,6635.6099
9487,0.53,0.5388,-1.2001,-5.9307,6.4695,121.1515,-180.9919,6669.1904,6669.1904
9488,0.55,8.7474,+0.9999,-5.9470,14.6944,20303.6270,-178.6714,7139.4375,7139.4375
9489,0.54,-0.3056,+0.0464,-5.9622,5.6565,59.4586,-178.3022,6429.8511,6429.8511
9490,0.53,0.0120,-0.1324,-5.9582,5.9702,58.8816,-179.3969,6528.0762,6528.0762
9491,0.53,0.0931,-0.3356,-5.9685,6.0617,51.9666,-179.3020,6505.8960,6505.8960
9492,0.53,0.1311,-0.1675,-5.9725,6.1036,74.2725,-178.0177,6406.7422,6406.7422
9493,0.54,-4.2193,+1.6190,-5.9530,1.7338,3745.8611,-178.3866,6235.3965,6235.3965
9494,0.55,0.1595,+0.0780,-5.9575,6.1170,75.4661,-177.3406,6372.6924,6372.6924
9495,0.55,-0.2145,+0.1432,-5.9386,5.7240,61.7744,-177.2223,6324.1943,6324.1943
9496,0.55,-7.3555,-4.8037,-5.9774,-1.3782,12447.4004,-175.6118,5638.3271,5638.3271
9497,0.54,-0.1443,-0.0231,-5.9743,5.8300,63.5776,-176.5047,6268.8379,6268.8379
9498,0.52,-0.2418,-0.1104,-5.9583,5.7165,74.6498,-178.3329,6408.2607,6408.2607
9499,0.52,0.1605,+0.2745,-5.9431,6.1036,81.9857,-176.9292,6313.0693,6313.0693
9500,0.54,-0.0396,+0.4892,-5.9481,5.9085,69.8312,-175.6120,6235.8848,6235.8848
9501,0.54,-0.2728,-0.1754,-5.9393,5.6665,28.6083,-177.9035,6370.0391,6370.0391
9502,0.54,0.1099,-0.3704,-5.9102,6.0201,65.9440,-178.4582,6432.1035,6432.1035
9503,0.54,-0.5430,-0.0767,-5.9021,5.3591,56.6259,-178.2732,6377.3994,6377.3994
9504,0.53,-0.3153,-0.1564,-5.9115,5.5962,44.0116,-178.7364,6406.2568,6406.2568
9505,0.53,-0.0626,+0.9735,-5.9087,5.8461,58.7245,-176.9058,6290.4062,6290.4062
9506,0.54,-0.1406,-0.1781,-5.9114,5.7708,52.9258,-177.9212,6363.2930,6363.2930
9507,0.54,-0.5403,+0.4404,-5.9288,5.3886,50.2646,-177.4300,6343.8076,6343.8076
9508,0.53,-0.2562,-0.2916,-5.9079,5.6517,52.0828,-179.5977,6500.6484,6500.6484
9509,0.54,-0.7904,-0.7075,-5.9052,5.1148,26.9994,-179.5776,6463.0610,6463.0610
9510,0.53,4.1204,+0.1238,-5.8781,9.9985,5678.1782,-181.8944,6967.0337,6967.0337
9511,0.53,0.0276,+0.0055,-5.8964,5.9240,47.1197,-183.1421,6770.8066,6770.8066
9512,0.55,-0.1866,-0.0332,-5.9074,5.7208,75.0994,-180.8208,6574.2744,6574.2744
9513,0.54,0.1742,+0.1586,-5.9144,6.0886,87.1058,-178.0334,6393.6582,6393.6582
9514,0.54,0.2555,-0.0815,-5.9051,6.1607,137.7134,-179.1108,6480.6221,6480.6221
9515,0.53,-0.5715,-0.5246,-5.9027,5.3312,47.6266,-178.3915,6402.9551,6402.9551
9516,0.55,-0.0751,-0.1235,-5.9107,5.8355,223.6744,-178.0839,6422.5479,6422.5479
9517,0.53,5.0606,-5.7194,-5.9085,10.9690,8375.7266,-178.6796,6583.2939,6583.2939
9518,0.52,-0.4837,-0.1679,-5.9310,5.4473,34.6691,-179.7916,6501.6689,6501.6689
9519,0.53,-0.6674,-0.2403,-5.9409,5.2735,7.7148,-176.3415,6235.4692,6235.4692
9520,0.54,6.3948,-5.8003,-5.9174,12.3122,12734.1113,-177.5583,6700.7847,6700.7847
9521,0.54,-0.1029,-0.1371,-5.9452,5.8424,42.6197,-176.7470,6279.5664,6279.5664
9522,0.53,-0.1313,-0.1168,-5.9592,5.8278,35.3159,-179.0869,6436.8945,6436.8945
9523,0.54,-0.4396,+0.0285,-5.9766,5.5369,31.2186,-177.9978,6349.3936,6349.3936
9524,0.54,-0.1234,+0.0787,-5.9630,5.8396,79.5712,-178.6439,6408.2139,6408.2139
9525,0.55,-0.5628,+0.2599,-5.9663,5.4036,40.8626,-177.9618,6363.8325,6363.8325
9526,0.53,-0.4066,+0.1996,-6.0022,5.5957,31.6706,-175.4379,6192.6431,6192.6431
9527,0.54,-0.2386,+0.0566,-5.9694,5.7308,37.3222,-177.9056,6356.3516,6356.3516
9528,0.53,-0.8034,+0.1954,-5.9809,5.1774,6.2936,-178.3333,6399.3687,6399.3687
9529,0.54,-1.5857,+0.1053,-5.9791,4.3934,86.7112,-177.9722,6323.1367,6323.1367
9530,0.53,-0.9645,+0.2120,-5.9671,5.0027,8.7344,-179.6005,6475.6929,6475.6929
9531,0.52,-0.2812,-0.2435,-5.9628,5.6816,45.7757,-183.2882,6742.8076,6742.8076
9532,0.55,-0.2627,-0.0710,-5.9539,5.6912,33.6308,-181.1477,6591.5195,6591.5195
9533,0.53,-0.3133,-0.9051,-5.9602,5.6469,78.0566,-179.1928,6488.2759,6488.2759
9534,0.52,-0.5262,-0.0896,-5.9540,5.4278,35.7506,-178.4317,6402.5747,6402.5747
9535,0.54,-0.9582,-0.2703,-5.9409,4.9827,2.8095,-179.2673,6439.3145,6439.3145
9536,0.54,-0.4019,-0.0057,-5.9434,5.5416,34.9318,-179.2597,6491.1626,6491.1626
9537,0.53,-0.6455,+0.1233,-5.9465,5.3010,12.5644,-180.6746,6573.9668,6573.9668
9538,0.53,-0.4261,+0.3157,-5.9421,5.5161,116.2509,-177.0165,6317.3916,6317.3916
9539,0.54,7.1140,+5.9633,-5.9311,13.0450,15691.2275,-178.0988,6788.7427,6788.7427
9540,0.54,-0.4512,+0.1990,-5.8935,5.4422,24.0748,-181.2167,6603.8115,6603.8115
9541,0.54,-0.7388,+0.0879,-5.9035,5.1647,10.6786,-179.0002,6420.9131,6420.9131
9542,0.55,-0.7482,-0.2687,-5.9408,5.1926,34.3689,-177.5576,6316.1387,6316.1387
9543,0.54,-0.9497,-0.4555,-5.9210,4.9713,32.2006,-180.0385,6459.2969,6459.2969
9544,0.55,-0.5223,-0.0647,-5.9110,5.3887,16.3655,-184.7705,6798.7480,6798.7480
9545,0.55,-0.7672,-0.0680,-5.9228,5.1556,2.7249,-178.2010,6299.3623,6299.3623
9546,0.53,-0.6174,-0.0944,-5.9068,5.2894,10.8740,-186.2826,6981.5410,6981.5410
9547,0.54,-0.2426,+0.2086,-5.8979,5.6553,10.9576,-176.4468,6218.0435,6218.0435
9548,0.54,-0.8533,-0.2252,-5.8836,5.0303,2.9208,-183.3177,6714.0254,6714.0254
9549,0.53,-0.7046,+0.1772,-5.9243,5.2196,6.5988,-180.5108,6510.7012,6510.7012
9550,0.55,-0.2049,-0.1483,-5.9451,5.7402,13.0686,-183.2195,6758.5161,6758.5161
9551,0.55,-1.0663,-0.0278,-5.9837,4.9174,5.0708,-176.7177,6240.7891,6240.7891
9552,0.52,-0.7423,+0.0455,-5.9572,5.2150,7.3118,-184.9099,6852.1914,6852.1914
9553,0.54,0.1459,-0.1596,-5.9384,6.0843,23.9660,-183.0827,6765.5547,6765.5547
9554,0.56,-0.6995,+0.3681,-5.9292,5.2297,27.4008,-177.9325,6350.1567,6350.1567
9555,0.56,-0.5682,-0.0628,-5.9348,5.3666,42.5667,-181.2495,6642.2925,6642.2925
9556,0.53,-0.8271,+0.1067,-5.9624,5.1353,26.7324,-177.8064,6368.6919,6368.6919
9557,0.53,-0.5835,-0.1478,-5.9766,5.3931,12.9732,-179.9431,6566.6177,6566.6177
9558,0.53,-0.3987,-0.0997,-5.9639,5.5653,46.6440,-177.9123,6387.2842,6387.2842
9559,0.54,-0.3216,-0.1549,-5.9651,5.6435,29.6647,-177.0374,6338.3184,6338.3184
9560,0.52,-0.9334,-0.0482,-5.9466,5.0132,3.7827,-178.8643,6461.4062,6461.4062
9561,0.55,-0.4530,-0.1072,-5.9514,5.4983,9.9602,-178.3901,6432.9316,6432.9316
9562,0.52,1.2256,+1.8163,-5.9668,7.1924,887.4089,-180.5204,6714.2676,6714.2676
9563,0.54,0.1317,+0.6776,-5.9471,6.0788,181.0612,-182.0184,6737.7749,6737.7749
9564,0.53,0.0101,-0.1006,-5.9610,5.9711,38.2140,-180.4900,6631.7041,6631.7041
9565,0.51,0.1438,-0.0925,-5.9460,6.0898,111.6814,-180.5568,6655.1729,6655.1729
9566,0.53,0.0109,-0.0480,-5.9666,5.9775,41.9069,-176.6497,6367.0391,6367.0391
9567,0.53,0.3122,+0.1331,-5.9534,6.2656,122.3928,-180.1036,6611.8447,6611.8447
9568,0.53,-0.2640,-0.0077,-5.9527,5.6887,54.7896,-179.0095,6508.5132,6508.5132
9569,0.54,-0.5260,+1.0612,-5.9525,5.4264,37.2986,-178.2914,6419.2661,6419.2661
9570,0.55,-0.7114,+0.5102,-5.9616,5.2503,222.9331,-177.2613,6371.1138,6371.1138
9571,0.52,0.7155,-0.2954,-5.9783,6.6938,235.7733,-175.0094,6264.8584,6264.8584
9572,0.53,1.1949,-1.1231,-5.9560,7.1510,903.1544,-177.6375,6489.5298,6489.5298
9573,0.51,-0.2410,+0.6956,-5.9541,5.7131,50.6849,-178.1002,6465.4023,6465.4023
9574,0.55,-0.2208,+0.2387,-5.9388,5.7180,83.5366,-177.5203,6386.5576,6386.5576
9575,0.53,-0.5920,-0.0546,-5.9487,5.3567,84.0246,-177.2031,6335.0908,6335.0908
9576,0.53,1.2393,-0.2397,-5.9370,7.1763,511.0797,-176.4750,6331.0962,6331.0962
9577,0.54,0.9593,+0.0046,-5.9046,6.8639,387.9198,-177.7249,6388.7441,6388.7441
9578,0.53,0.3033,+0.1022,-5.9490,6.2523,122.0924,-176.2445,6300.8799,6300.8799
9579,0.56,0.4879,+0.1023,-5.9465,6.4344,129.0923,-175.0090,6198.2251,6198.2251
9580,0.54,-0.6988,+0.4771,-5.9429,5.2441,10.0882,-175.6845,6215.3740,6215.3740
9581,0.55,-1.4689,-0.9269,-5.9450,4.4761,469.0660,-176.1831,6199.7109,6199.7109
9582,0.54,0.0133,-0.1277,-5.9460,5.9593,70.3679,-178.5864,6436.1299,6436.1299
9583,0.53,-0.4925,+0.3344,-5.9391,5.4467,250.5832,-177.6553,6337.9873,6337.9873
9584,0.53,3.5702,+0.1678,-5.9269,9.4972,3411.9011,-178.5040,6560.3823,6560.3823
9585,0.54,-2.2860,+1.3162,-5.9422,3.6562,1485.3369,-178.3168,6324.6333,6324.6333
9586,0.54,2.5424,+0.3582,-5.9498,8.4922,1331.6042,-178.6966,6594.6587,6594.6587
9587,0.53,3.0741,+0.6513,-5.9335,9.0076,1486.9545,-178.2637,6596.1851,6596.1851
9588,0.53,0.5868,-0.0484,-5.9496,6.5365,101.9384,-178.2666,6478.6533,6478.6533
9589,0.53,0.3383,-0.0274,-5.9330,6.2713,124.3231,-178.7177,6480.0430,6480.0430
9590,0.53,0.0997,-0.2521,-5.9504,6.0501,61.2576,-179.8530,6545.4668,6545.4668
9591,0.54,0.1069,-0.3815,-5.9516,6.0584,75.0523,-178.4159,6478.9268,6478.9268
9592,0.54,0.4755,+0.0869,-5.9696,6.4450,72.1789,-176.7254,6388.3467,6388.3467
9593,0.51,1.2735,+0.0899,-5.9649,7.2384,422.8085,-176.7262,6396.1660,6396.1660
9594,0.53,1.9214,+0.3852,-5.9420,7.8633,880.8347,-177.2120,6383.8989,6383.8989
9595,0.53,0.5665,+0.7684,-5.9394,6.5059,168.5846,-179.2369,6516.4336,6516.4336
9596,0.53,0.3210,+0.5769,-5.9192,6.2402,92.8769,-180.2608,6584.6548,6584.6548
9597,0.51,0.7630,-0.4088,-5.9434,6.7064,324.5133,-180.6212,6633.7402,6633.7402
9598,0.51,-0.3511,+0.3705,-5.9192,5.5681,55.9207,-180.9446,6604.9121,6604.9121
9599,0.53,-0.4068,-0.2213,-5.9197,5.5128,38.9400,-181.2359,6604.1274,6604.1274
9600,0.54,0.9140,-0.8664,-5.9359,6.8499,308.1030,-177.5529,6445.4922,6445.4922
9601,0.52,0.2095,+0.0894,-5.9493,6.1588,156.5214,-178.5279,6459.3418,6459.3418
9602,0.52,-1.6527,+3.0124,-5.9234,4.2707,277.3030,-180.9725,6507.3423,6507.3423
9603,0.52,-3.4811,+0.3865,-5.9331,2.4520,2434.9988,-179.5895,6364.1211,6364.1211
9604,0.54,0.0599,+0.2556,-5.9175,5.9774,104.6386,-180.7986,6629.4736,6629.4736
9605,0.53,0.2381,-0.0684,-5.9189,6.1570,114.1504,-179.8098,6571.3047,6571.3047
9606,0.53,0.0209,+0.5871,-5.9400,5.9609,55.1089,-179.0338,6487.9175,6487.9175
9607,0.53,0.9334,-0.3603,-5.9584,6.8918,523.7648,-177.3221,6444.6255,6444.6255
9608,0.53,-0.0062,-0.4864,-5.9226,5.9165,77.3221,-178.6001,6461.2061,6461.2061
9609,0.53,-0.1578,-0.0845,-5.9733,5.8155,45.4854,-176.1888,6298.6914,6298.6914
9610,0.53,2.3942,+0.4595,-5.9862,8.3804,2162.2654,-177.4685,6501.7979,6501.7979
9611,0.52,0.0540,-0.1230,-5.9637,6.0177,61.0133,-176.6932,6319.3145,6319.3145
9612,0.52,0.2440,-0.3294,-5.9780,6.2220,143.1472,-175.5779,6263.1436,6263.1436
9613,0.52,0.1185,-0.1432,-5.9593,6.0779,98.1413,-176.3628,6305.4619,6305.4619
9614,0.54,-0.6038,-0.2891,-5.9623,5.3585,79.7281,-177.0644,6344.2246,6344.2246
9615,0.53,0.2929,-0.3003,-5.9186,6.2115,121.6837,-178.1267,6429.0073,6429.0073
9616,0.54,0.0366,-0.0253,-5.9499,5.9864,73.3864,-177.7182,6402.2822,6402.2822
9617,0.54,-0.1737,+0.0219,-5.9423,5.7686,61.3636,-177.6177,6369.8149,6369.8149
9618,0.53,-0.1873,-0.2111,-5.9390,5.7517,59.2269,-177.7213,6398.6543,6398.6543
9619,0.53,0.0063,-0.3553,-5.9204,5.9267,32.0369,-177.7766,6364.7471,6364.7471
9620,0.54,-0.1249,-0.2630,-5.9091,5.7842,69.6602,-178.3596,6392.0000,6392.0000
9621,0.54,-0.3425,-0.0871,-5.9442,5.6017,91.9221,-178.2921,6408.8115,6408.8115
9622,0.53,-0.3243,+0.5699,-5.9217,5.5974,16.1149,-178.5986,6405.2861,6405.2861
9623,0.54,0.9809,-3.1303,-5.9338,6.9147,267.9405,-179.3475,6501.4761,6501.4761
9624,0.54,0.2292,+0.2176,-5.9423,6.1715,62.8147,-178.3804,6431.2227,6431.2227
9625,0.54,0.0856,+0.3502,-5.9427,6.0283,116.3059,-178.4079,6447.0723,6447.0723
9626,0.54,-0.1434,-0.1497,-5.9701,5.8268,57.9697,-178.3304,6425.7676,6425.7676
9627,0.53,0.4091,-0.0596,-5.9431,6.3522,154.2353,-176.5602,6297.9248,6297.9248
9628,0.53,0.5317,-0.1654,-5.9091,6.4408,139.1377,-178.5935,6436.9292,6436.9292
9629,0.52,0.2263,-0.0064,-5.9216,6.1478,85.6540,-178.5796,6413.8242,6413.8242
9630,0.53,-0.3562,-0.9762,-5.9323,5.5761,64.0846,-177.3323,6322.7896,6322.7896
9631,0.52,0.9226,-0.0042,-5.9354,6.8580,312.6401,-174.8575,6155.5693,6155.5693
9632,0.51,0.3665,-0.2871,-5.9335,6.3000,82.3538,-176.9233,6300.9438,6300.9438
9633,0.53,-0.1773,+0.1404,-5.9448,5.7674,138.2909,-176.2495,6243.9390,6243.9390
9634,0.54,2.0478,-2.4993,-5.9319,7.9797,954.3502,-177.8054,6438.5020,6438.5020
9635,0.52,0.2903,-0.4195,-5.9440,6.2343,82.5760,-177.4433,6331.0518,6331.0518
9636,0.54,0.2167,+1.0384,-5.9177,6.1344,131.3472,-176.8141,6281.9932,6281.9932
9637,0.53,-0.9805,-1.0890,-5.8961,4.9156,250.2302,-178.0172,6275.0835,6275.0835
9638,0.52,1.9699,+0.1697,-5.8951,7.8649,1366.1289,-178.6493,6449.2271,6449.2271
9639,0.52,0.2728,-0.3223,-5.9156,6.1884,92.2267,-177.8691,6340.3311,6340.3311
9640,0.53,0.4946,-0.3225,-5.8963,6.3908,268.1301,-178.4799,6427.2051,6427.2051
9641,0.53,-0.5912,-0.2160,-5.9320,5.3409,48.8549,-177.4473,6294.5532,6294.5532
9642,0.52,0.0576,+0.1138,-5.9377,5.9953,84.6136,-175.5195,6210.5156,6210.5156
9643,0.53,0.6834,-0.1654,-5.9142,6.5976,422.1315,-176.5549,6298.6875,6298.6875
9644,0.53,-0.2863,-0.4339,-5.9433,5.6570,59.9651,-174.6106,6124.3530,6124.3530
9645,0.53,0.7687,-0.5133,-5.9259,6.6946,209.5948,-173.2876,6083.5293,6083.5293
9646,0.55,0.0798,+0.3918,-5.9188,5.9986,75.0965,-175.1246,6177.5854,6177.5854
9647,0.53,-0.0664,+0.1220,-5.9511,5.8847,72.1341,-173.5485,6064.8198,6064.8198
9648,0.54,0.3056,-1.1928,-5.9384,6.2441,250.2214,-174.2873,6113.1904,6113.1904
9649,0.55,-0.3976,+0.1042,-5.9194,5.5219,13.4750,-175.3890,6134.0186,6134.0186
9650,0.55,-0.1796,-0.2427,-5.9613,5.7817,14.2158,-178.4504,6387.4326,6387.4326
9651,0.54,0.5372,+0.7942,-5.9473,6.4845,123.2539,-177.0693,6318.1636,6318.1636
9652,0.53,-0.3731,-0.3171,-5.9531,5.5800,46.7628,-177.1308,6252.9160,6252.9160
9653,0.54,0.1956,-0.1531,-5.9682,6.1638,55.6798,-176.2553,6255.6807,6255.6807
9654,0.52,-0.5816,-0.4717,-5.9832,5.4016,55.6698,-176.6161,6246.8184,6246.8184
9655,0.54,-0.0927,-0.0775,-5.9646,5.8718,33.3935,-176.1371,6229.9121,6229.9121
9656,0.54,-0.3525,+0.0158,-5.9623,5.6098,30.7563,-177.9555,6332.8711,6332.8711
9657,0.53,5.3089,+0.3559,-5.9459,11.2549,7798.1499,-176.1322,6559.4551,6559.4551
9658,0.52,0.2125,-0.4524,-5.9295,6.1420,66.1413,-176.9960,6297.7227,6297.7227
9659,0.53,0.7555,-0.3704,-5.9314,6.6870,210.5235,-177.4993,6364.5908,6364.5908
9660,0.49,0.2283,+0.0476,-5.9398,6.1680,86.9730,-178.1789,6363.7280,6363.7280
9661,0.51,1.8518,+0.8080,-5.9321,7.7839,1011.5098,-177.0116,6345.6045,6345.6045
9662,0.55,0.3024,+0.2111,-5.9347,6.2371,55.4478,-177.7244,6325.1157,6325.1157
9663,0.53,0.8815,+0.6210,-5.9157,6.7973,236.7173,-179.3519,6523.1821,6523.1821
9664,0.55,8.7118,-3.5328,-5.9246,14.6363,18666.2461,-178.3824,7010.0400,7010.0400
9665,0.52,-1.4945,+0.9650,-5.9211,4.4266,729.3616,-178.3761,6280.3457,6280.3457
9666,0.52,0.4335,-1.3865,-5.9318,6.3654,95.5523,-177.9415,6350.4624,6350.4624
9667,0.52,2.5704,-0.7308,-5.9238,8.4942,1831.3782,-179.6101,6631.3584,6631.3584
9668,0.53,0.4566,-0.0250,-5.9254,6.3820,84.4816,-178.4977,6396.1602,6396.1602
9669,0.52,3.3951,-0.8322,-5.9509,9.3460,2942.8101,-176.9501,6474.7607,6474.7607
9670,0.53,1.7156,-0.1543,-5.9149,7.6305,380.3982,-177.8417,6423.9468,6423.9468
9671,0.53,-0.2475,+0.2857,-5.9305,5.6830,95.3146,-177.9695,6353.8477,6353.8477
9672,0.51,0.3060,+0.1522,-5.9242,6.2303,62.7548,-177.9353,6377.9688,6377.9688
9673,0.53,0.0123,+0.0007,-5.9355,5.9478,54.3739,-177.1145,6325.0596,6325.0596
9674,0.52,0.1619,-0.4191,-5.9500,6.1119,52.1376,-176.8032,6275.6260,6275.6260
9675,0.53,0.2980,-0.0250,-5.9455,6.2435,76.7212,-177.1058,6300.2217,6300.2217
9676,0.51,0.0281,-0.0916,-5.9429,5.9710,64.2395,-177.1554,6285.5293,6285.5293
9677,0.51,0.3449,-0.0362,-5.9173,6.2622,76.1808,-177.5832,6321.0801,6321.0801
9678,0.53,0.2057,-0.1442,-5.9279,6.1336,56.9294,-178.9238,6414.6660,6414.6660
9679,0.53,0.1374,-0.2366,-5.9695,6.1069,88.0679,-177.4463,6322.3901,6322.3901
9680,0.51,-0.0737,-0.1399,-5.9649,5.8912,97.7404,-176.9716,6300.6045,6300.6045
9681,0.53,0.4299,-0.0061,-5.9407,6.3707,87.6342,-178.9532,6437.0894,6437.0894
9682,0.54,-0.0434,-0.0380,-5.9457,5.9023,53.2053,-178.2564,6388.8809,6388.8809
9683,0.53,-0.4351,-0.3585,-5.9729,5.5378,43.6802,-178.6367,6420.1943,6420.1943
9684,0.52,0.0945,-0.0978,-5.9295,6.0240,75.9222,-179.2774,6498.7344,6498.7344
9685,0.53,0.3897,-0.0449,-5.9401,6.3298,68.4457,-179.3500,6474.1167,6474.1167
9686,0.52,-0.7965,-0.6465,-5.9578,5.1613,189.0091,-178.7764,6386.0820,6386.0820
9687,0.54,-0.5327,+0.2855,-5.9578,5.4251,25.0392,-181.3339,6595.3604,6595.3604
9688,0.55,-0.1103,+0.0715,-5.9697,5.8594,37.7765,-180.4293,6573.0586,6573.0586
9689,0.53,-0.6594,+0.0194,-5.9636,5.3041,67.3982,-176.9673,6318.2944,6318.2944
9690,0.54,-0.1286,-0.2478,-5.9812,5.8526,48.4164,-174.6862,6182.8926,6182.8926
9691,0.52,-0.2696,-0.1032,-5.9651,5.6955,30.0533,-177.0903,6304.2603,6304.2603
9692,0.54,-0.2973,+0.1983,-5.9554,5.6580,26.0571,-179.9066,6486.4111,6486.4111
9693,0.54,-0.3948,-0.0253,-5.9335,5.5388,9.5317,-178.6225,6377.4775,6377.4775
9694,0.53,-0.1062,+0.0520,-5.9280,5.8217,20.7569,-178.9217,6407.7266,6407.7266
9695,0.52,-0.0377,-0.2200,-5.9008,5.8631,75.4122,-181.5056,6571.8525,6571.8525
9696,0.52,0.0802,-0.2518,-5.9366,6.0168,74.5889,-180.9248,6555.5093,6555.5093
9697,0.51,-0.4472,-0.0874,-5.9285,5.4814,22.2343,-180.0360,6455.5674,6455.5674
9698,0.52,-0.7315,-0.4821,-5.9175,5.1860,243.2876,-179.7213,6425.4053,6425.4053
9699,0.53,-0.3724,-0.1276,-5.9131,5.5408,52.4151,-178.4306,6312.9487,6312.9487
9700,0.51,1.0063,+0.2658,-5.8790,6.8853,304.0413,-179.0482,6425.4033,6425.4033
9701,0.51,-0.4739,-0.1519,-5.8996,5.4258,4.3165,-179.5587,6412.9409,6412.9409
9702,0.52,-0.1676,+0.1908,-5.9002,5.7326,15.7726,-179.6684,6463.9590,6463.9590
9703,0.53,-0.1961,-0.0895,-5.9019,5.7058,32.0662,-180.8166,6536.3457,6536.3457
9704,0.52,-0.2263,+0.1548,-5.9155,5.6891,23.4549,-181.4586,6568.3301,6568.3301
9705,0.52,-0.1625,-0.1083,-5.9197,5.7572,11.4930,-178.5906,6368.1582,6368.1582
9706,0.51,-0.1126,-0.2185,-5.9138,5.8013,24.8841,-184.0387,6765.4365,6765.4365
9707,0.53,-0.0538,-0.0506,-5.9026,5.8489,53.9403,-183.1774,6713.9404,6713.9404
9708,0.53,2.0538,-0.7146,-5.8894,7.9432,1594.8738,-181.8500,6734.9277,6734.9277
9709,0.51,0.1917,+0.0164,-5.9239,6.1156,76.6559,-180.3961,6535.1895,6535.1895
9710,0.53,2.9991,-1.0850,-5.9490,8.9481,3155.3826,-179.5427,6658.0967,6658.0967
9711,0.53,-0.2814,+0.2482,-5.9471,5.6657,17.8179,-178.5453,6392.7852,6392.7852
9712,0.52,1.8095,+3.3996,-5.9389,7.7484,1472.9967,-179.4367,6572.5000,6572.5000
9713,0.54,-0.0799,+0.0553,-5.9422,5.8623,53.7148,-179.3283,6441.3838,6441.3838
9714,0.53,0.1055,+0.0016,-5.9338,6.0393,99.3037,-179.2550,6438.5132,6438.5132
9715,0.53,0.8677,+0.5043,-5.9365,6.8042,456.4103,-177.3456,6382.0449,6382.0449
9716,0.51,0.9535,+1.1916,-5.9166,6.8701,251.0112,-178.3746,6425.9116,6425.9116
9717,0.51,1.0768,+0.0147,-5.9185,6.9953,516.0602,-176.6234,6323.5117,6323.5117
9718,0.52,0.2701,+0.0154,-5.9584,6.2285,120.1355,-176.4794,6278.6343,6278.6343
9719,0.53,0.7420,+0.6250,-5.9270,6.6690,196.1788,-178.9846,6463.3994,6463.3994
9720,0.51,-0.2024,+0.1082,-5.9271,5.7247,43.7140,-176.8994,6272.0020,6272.0020
9721,0.54,-0.2536,-0.1852,-5.9493,5.6957,58.9393,-176.8032,6274.4536,6274.4536
9722,0.52,0.1893,+0.6798,-5.9389,6.1282,147.9095,-177.2263,6324.1680,6324.1680
9723,0.52,0.7353,-0.0319,-5.9719,6.7072,387.9510,-177.3478,6340.6455,6340.6455
9724,0.51,0.4118,+0.5357,-5.9389,6.3507,120.6724,-177.6517,6394.8359,6394.8359
9725,0.51,-1.0101,+1.6852,-5.9447,4.9346,187.7097,-177.0147,6245.2695,6245.2695
9726,0.54,2.8330,+0.4981,-5.9446,8.7776,1625.7189,-178.0152,6522.2124,6522.2124
9727,0.52,0.6841,+0.7961,-5.9201,6.6042,497.5880,-179.9909,6539.5518,6539.5518
9728,0.53,0.4425,-0.3905,-5.9314,6.3739,117.9433,-177.4804,6355.3872,6355.3872
9729,0.54,-1.2665,-0.2646,-5.9638,4.6973,204.2221,-177.0726,6268.5254,6268.5254
9730,0.50,-0.5670,+7.7462,-5.9272,5.3603,1122.9645,-177.8005,6265.2920,6265.2920
9731,0.53,-2.6998,-0.1820,-5.9253,3.2255,1066.0009,-178.9403,6256.7598,6256.7598
9732,0.51,-1.3512,-0.5660,-5.9161,4.5650,126.8362,-179.6536,6404.4023,6404.4023
9733,0.53,0.5035,-0.1985,-5.9343,6.4378,193.7473,-176.6847,6303.8174,6303.8174
9734,0.53,1.4338,-0.3519,-5.9272,7.3610,483.4374,-178.4812,6535.0464,6535.0464
9735,0.53,3.3793,+0.1074,-5.9299,9.3093,1618.9387,-178.7372,6657.5068,6657.5068
9736,0.52,0.0068,+0.2778,-5.9163,5.9231,160.3040,-177.8827,6378.9395,6378.9395
9737,0.52,-0.6630,+0.7946,-5.9231,5.2601,187.4866,-177.4372,6335.9556,6335.9556
9738,0.52,1.4192,+1.2560,-5.9103,7.3295,516.9751,-176.5176,6373.2700,6373.2700
9739,0.54,0.9503,+0.1716,-5.9005,6.8508,238.2212,-178.8001,6517.3345,6517.3345
9740,0.53,-0.1071,+0.5809,-5.8806,5.7735,98.1440,-180.4485,6557.7188,6557.7188
9741,0.52,-0.7842,+0.1425,-5.8987,5.1145,217.6731,-180.0388,6525.2388,6525.2388
9742,0.54,3.1996,-2.1260,-5.8728,9.0724,2577.9092,-181.2824,6788.7510,6788.7510
9743,0.54,3.7796,+0.3421,-5.9054,9.6850,2848.3557,-179.2098,6694.9141,6694.9141
9744,0.54,0.1660,+0.1770,-5.9232,6.0893,77.9439,-179.1321,6461.8984,6461.8984
9745,0.53,1.2617,+0.4275,-5.9391,7.2008,240.1012,-176.7036,6353.4399,6353.4399
9746,0.51,3.7990,-0.0369,-5.9090,9.7080,2163.2065,-177.8474,6586.4238,6586.4238
9747,0.53,5.4044,+1.1828,-5.9151,11.3195,5985.6216,-177.8321,6687.5127,6687.5127
9748,0.54,0.9194,+0.4978,-5.9422,6.8616,108.5953,-178.5723,6446.2617,6446.2617
9749,0.54,2.3039,-2.3988,-5.9395,8.2434,716.6517,-179.0199,6492.9209,6492.9209
9750,0.50,1.0610,-2.0039,-5.9328,6.9938,153.1948,-178.6212,6464.1660,6464.1660
9751,0.53,-0.5661,+3.7929,-5.9395,5.3735,475.0809,-177.8745,6325.4873,6325.4873
9752,0.53,0.7982,-0.0038,-5.9162,6.7143,186.6225,-178.2644,6420.2515,6420.2515
9753,0.52,-0.4913,+1.2389,-5.9090,5.4178,233.7480,-178.6003,6345.7637,6345.7637
9754,0.52,1.0412,-0.6830,-5.8976,6.9388,131.5365,-178.8548,6465.3340,6465.3340
9755,0.53,-1.0534,+0.7688,-5.8922,4.8388,710.7642,-178.4522,6318.3345,6318.3345
9756,0.52,1.7513,-0.3283,-5.9089,7.6602,268.5087,-175.4596,6261.2568,6261.2568
9757,0.52,2.0149,-0.5875,-5.8984,7.9133,460.1963,-176.7340,6396.5693,6396.5693
9758,0.53,1.1926,+0.0238,-5.9030,7.0956,188.9026,-177.4384,6381.7212,6381.7212
9759,0.53,1.4030,+0.6779,-5.8638,7.2668,324.9453,-179.7644,6570.1689,6570.1689
9760,0.52,1.6444,-0.3345,-5.9004,7.5448,281.1851,-177.3260,6387.6543,6387.6543
9761,0.54,1.2374,-0.6182,-5.8983,7.1357,413.6109,-176.9039,6340.2148,6340.2148
9762,0.52,1.2529,+3.1840,-5.8985,7.1514,541.4327,-178.2066,6445.4141,6445.4141
9763,0.53,-1.8610,+4.9986,-5.8838,4.0228,620.6025,-180.0244,6410.2632,6410.2632
9764,0.52,-5.3096,+4.0683,-5.9250,0.6154,5054.4824,-177.4848,5861.5298,5861.5298
9765,0.52,8.2811,+0.4554,-5.9026,14.1837,18766.5020,-179.7494,7249.4688,7249.4688
9766,0.51,-0.5722,-0.0081,-5.9034,5.3312,51.5640,-180.4987,6487.1587,6487.1587
9767,0.52,-3.9299,+4.0987,-5.9089,1.9790,5768.9229,-183.7735,6702.1748,6702.1748
9768,0.53,-0.1165,-0.0107,-5.9270,5.8106,71.2044,-181.3300,6595.8389,6595.8389
9769,0.55,-0.3701,-0.0345,-5.9534,5.5833,22.1164,-179.4047,6443.4600,6443.4600
9770,0.54,-0.2571,-0.3264,-5.9405,5.6834,25.9715,-179.7174,6490.4492,6490.4492
9771,0.54,-0.3985,+0.0427,-5.9432,5.5446,11.9218,-179.4754,6475.6572,6475.6572
9772,0.51,-0.6447,+0.0894,-5.9450,5.3003,43.0510,-180.6876,6577.7803,6577.7803
9773,0.51,-0.4463,+0.0032,-5.9463,5.5000,34.5435,-181.9239,6685.6792,6685.6792
9774,0.52,-0.2375,+0.0183,-5.9225,5.6850,30.2634,-179.8738,6519.5332,6519.5332
9775,0.52,-0.0929,-0.0381,-5.8759,5.7830,42.5779,-181.6302,6617.5947,6617.5947
9776,0.54,-0.3646,+0.1640,-5.8897,5.5251,9.0048,-181.7652,6655.1328,6655.1328
9777,0.53,-0.1343,-0.0744,-5.8918,5.7575,31.8847,-181.5023,6619.0806,6619.0806
9778,0.53,-0.2730,-0.0198,-5.9175,5.6445,28.3851,-180.8721,6565.4316,6565.4316
9779,0.52,4.6741,-4.7937,-5.9029,10.5770,7071.5234,-180.3969,6628.9697,6628.9697
9780,0.55,-0.3669,-0.1690,-5.9115,5.5445,31.6665,-179.8064,6482.7910,6482.7910
9781,0.54,-0.0869,+0.6288,-5.9285,5.8416,97.5241,-181.8100,6647.6616,6647.6616
9782,0.53,-0.6975,-0.5059,-5.8913,5.1938,15.4770,-184.0267,6737.5742,6737.5742
9783,0.53,-0.5718,+0.0291,-5.9062,5.3344,3.4469,-179.6435,6422.6953,6422.6953
9784,0.53,-0.3514,+0.0941,-5.9198,5.5684,4.4089,-188.5016,7086.9775,7086.9775
9785,0.54,-0.2669,+0.0555,-5.9487,5.6818,2.9074,-169.6022,5724.2856,5724.2856
9786,0.51,-0.2529,-0.1828,-5.9297,5.6769,21.4688,-187.7487,7083.9746,7083.9746
9787,0.53,-0.3637,+0.1442,-5.9159,5.5523,8.2989,-178.2936,6351.5869,6351.5869
9788,0.54,-0.0664,+0.0409,-5.9208,5.8544,37.5748,-179.2936,6442.5449,6442.5449
9789,0.55,-0.0438,+0.1958,-5.9336,5.8899,49.7954,-178.0152,6361.3164,6361.3164
9790,0.51,-0.3353,+0.0952,-5.9393,5.6040,25.9995,-179.0405,6446.2158,6446.2158
9791,0.53,-0.3292,-0.1408,-5.9543,5.6251,27.6292,-177.1420,6315.7134,6315.7134
9792,0.55,-0.2276,+0.1593,-5.9475,5.7200,44.1837,-177.6484,6366.7490,6366.7490
9793,0.53,-0.1279,+0.1488,-5.9766,5.8487,52.9158,-175.4363,6195.7568,6195.7568
9794,0.55,-0.1426,+0.0848,-5.9453,5.8027,39.1380,-176.3525,6230.0054,6230.0054
9795,0.54,0.2482,+0.2675,-5.9050,6.1532,51.2889,-178.4574,6401.2070,6401.2070
9796,0.52,0.5423,-0.2301,-5.9221,6.4645,200.7509,-177.0858,6363.5547,6363.5547
9797,0.54,-0.1258,+0.2283,-5.9428,5.8170,43.2209,-176.9514,6290.0283,6290.0283
9798,0.54,-0.0668,-0.0154,-5.9436,5.8769,55.8221,-175.4570,6184.2388,6184.2388
9799,0.52,0.1299,-0.0569,-5.9288,6.0587,92.8216,-176.0066,6226.5469,6226.5469
9800,0.53,0.0540,-0.3224,-5.9084,5.9624,87.2665,-176.5784,6290.8975,6290.8975
9801,0.53,0.2626,+0.3465,-5.9021,6.1647,122.6781,-176.0776,6234.9619,6234.9619
9802,0.53,0.2998,-0.1588,-5.9096,6.2093,108.0437,-178.1175,6405.9414,6405.9414
9803,0.53,-0.0285,-0.1667,-5.9067,5.8782,66.6979,-178.5450,6422.0464,6422.0464
9804,0.54,0.5783,-1.4317,-5.9216,6.4999,178.2034,-178.6069,6451.0718,6451.0718
9805,0.52,-0.2568,+0.1274,-5.9435,5.6867,46.6841,-177.3188,6341.8169,6341.8169
9806,0.54,0.0980,-0.1753,-5.9295,6.0276,119.2299,-179.1463,6470.0342,6470.0342
9807,0.53,-0.3037,-0.0009,-5.8901,5.5864,40.5066,-179.8937,6508.8350,6508.8350
9808,0.53,0.1778,-0.1301,-5.8507,6.0285,92.9540,-181.1784,6599.3066,6599.3066
9809,0.54,0.2825,+0.1168,-5.8713,6.1538,108.2378,-180.4316,6549.4326,6549.4326
9810,0.53,0.3029,-0.1175,-5.8741,6.1770,76.5098,-179.8210,6487.1294,6487.1294
9811,0.52,-0.0475,+0.1550,-5.9128,5.8653,80.9055,-178.4654,6408.3384,6408.3384
9812,0.52,-0.2090,+0.2109,-5.9099,5.7009,89.4669,-177.7133,6352.9336,6352.9336
9813,0.51,-0.0592,+0.1785,-5.9051,5.8459,58.3978,-177.0927,6312.5742,6312.5742
9814,0.54,0.1186,+0.0455,-5.8935,6.0121,96.2808,-179.6306,6480.4229,6480.4229
9815,0.53,0.1334,-0.0480,-5.9344,6.0678,81.5914,-177.5145,6333.6162,6333.6162
9816,0.52,0.3156,-0.0918,-5.9333,6.2488,69.7578,-177.7658,6373.2788,6373.2788
9817,0.53,0.0931,+0.1735,-5.9141,6.0072,42.2163,-177.1053,6296.3984,6296.3984
9818,0.53,0.6314,-0.1133,-5.9244,6.5558,155.1196,-177.2945,6356.2100,6356.2100
9819,0.53,0.2827,+0.4073,-5.9317,6.2143,86.9150,-176.7908,6300.9673,6300.9673
9820,0.54,0.7814,-0.0887,-5.9198,6.7012,153.2266,-176.7897,6308.5811,6308.5811
9821,0.52,0.1059,-0.0847,-5.9471,6.0531,74.4698,-176.2685,6271.0840,6271.0840
9822,0.54,0.4202,-0.0341,-5.9438,6.3640,309.5963,-176.1604,6282.0806,6282.0806
9823,0.53,2.5164,+1.0611,-5.9169,8.4333,1925.0171,-177.8339,6482.9590,6482.9590
9824,0.53,0.4276,+0.2674,-5.9140,6.3416,94.4613,-178.6405,6435.5674,6435.5674
9825,0.50,0.2710,-0.0264,-5.9259,6.1968,82.4511,-178.6182,6425.3433,6425.3433
9826,0.53,0.3233,-0.1292,-5.9200,6.2433,83.0716,-180.2885,6584.7007,6584.7007
9827,0.51,0.0444,+0.0732,-5.9412,5.9857,51.2404,-177.3174,6345.6753,6345.6753
9828,0.53,0.1436,+0.0758,-5.9537,6.0973,55.3834,-176.6936,6305.1396,6305.1396
9829,0.54,0.4804,-0.3052,-5.9105,6.3908,135.1893,-178.3114,6419.0327,6419.0327
9830,0.54,0.1752,-0.0804,-5.9118,6.0870,66.6361,-177.5339,6348.9565,6348.9565
9831,0.51,0.5021,-0.0809,-5.9098,6.4119,94.6603,-177.5322,6365.5605,6365.5605
9832,0.53,0.5226,+0.1770,-5.9127,6.4353,103.0297,-176.1026,6249.6841,6249.6841
9833,0.53,0.4800,+0.1630,-5.8957,6.3757,96.9042,-176.0637,6246.2256,6246.2256
9834,0.52,0.3459,+0.1709,-5.8882,6.2341,72.1458,-175.3595,6170.9502,6170.9502
9835,0.51,0.4667,+0.1706,-5.9160,6.3826,109.9911,-176.0901,6245.4150,6245.4150
9836,0.53,0.4071,-0.1043,-5.9028,6.3099,91.4089,-175.4604,6197.5938,6197.5938
9837,0.53,0.4761,+0.4619,-5.9064,6.3825,163.2735,-175.8358,6207.7007,6207.7007
9838,0.52,0.9714,+0.5576,-5.9370,6.9084,302.9036,-174.0614,6119.2153,6119.2153
9839,0.51,3.4987,+1.6861,-5.9003,9.3990,2879.6719,-174.4611,6277.5356,6277.5356
9840,0.51,0.3872,-0.4902,-5.8900,6.2772,107.5008,-175.3965,6177.3828,6177.3828
9841,0.51,-0.0227,-0.2494,-5.9004,5.8778,33.9153,-175.8403,6143.2373,6143.2373
9842,0.53,0.3684,-0.1329,-5.8921,6.2604,68.8201,-178.2924,6366.4482,6366.4482
9843,0.53,-0.0929,+0.0272,-5.9078,5.8149,44.5484,-180.1927,6488.7227,6488.7227
9844,0.53,0.2550,+0.1264,-5.9240,6.1790,113.6539,-181.5966,6623.5410,6623.5410
9845,0.53,0.1791,-0.0165,-5.8930,6.0720,31.1201,-182.7418,6675.6968,6675.6968
9846,0.53,0.2858,-0.0759,-5.9071,6.1929,69.1061,-180.0602,6491.5840,6491.5840
9847,0.53,0.2006,-0.1876,-5.8789,6.0795,61.5280,-179.3780,6462.0850,6462.0850
9848,0.54,-0.1899,-0.0306,-5.8840,5.6941,92.6817,-181.4424,6594.6597,6594.6597
9849,0.53,0.6308,-0.0265,-5.8917,6.5224,160.9816,-180.7099,6575.8081,6575.8081
9850,0.51,0.2483,+0.1002,-5.9076,6.1559,68.6470,-179.6660,6455.2339,6455.2339
9851,0.52,0.0989,-0.1808,-5.9000,5.9989,61.1338,-179.8031,6465.7695,6465.7695
9852,0.53,-0.1301,-0.0251,-5.9099,5.7799,34.2161,-179.1749,6409.2061,6409.2061
9853,0.53,0.6898,-0.2677,-5.8699,6.5597,245.9870,-180.1606,6547.6670,6547.6670
9854,0.52,0.2511,+0.5418,-5.9042,6.1553,72.2749,-180.0180,6494.4258,6494.4258
9855,0.53,0.8149,-0.6033,-5.9163,6.7312,341.9189,-180.3672,6577.5171,6577.5171
9856,0.52,0.1111,-0.2573,-5.9114,6.0225,57.5869,-179.9332,6495.3599,6495.3599
9857,0.54,0.1264,+0.0113,-5.9144,6.0408,51.4426,-181.4991,6610.5771,6610.5771
9858,0.53,0.0863,+0.0190,-5.9234,6.0097,49.4261,-180.0476,6526.7969,6526.7969
9859,0.53,-0.1913,+0.1314,-5.9388,5.7475,81.1728,-178.2639,6386.5723,6386.5723
9860,0.52,0.0665,-0.1840,-5.9254,5.9919,68.3461,-178.7062,6426.6011,6426.6011
9861,0.54,-0.0390,+0.3165,-5.9397,5.9006,48.5422,-178.2632,6357.5210,6357.5210
9862,0.54,0.4237,+0.1586,-5.9168,6.3405,83.9929,-177.9128,6343.4121,6343.4121
9863,0.54,0.1277,+0.0643,-5.8997,6.0274,70.2510,-178.7853,6361.1768,6361.1768
9864,0.53,0.2824,-0.0715,-5.9097,6.1921,84.4991,-179.5421,6443.7314,6443.7314
9865,0.54,0.1697,-0.0047,-5.9273,6.0971,90.6085,-177.1501,6276.2520,6276.2520
9866,0.53,-0.0258,-0.1171,-5.9456,5.9197,44.6405,-176.7893,6270.8149,6270.8149
9867,0.53,-0.0644,-0.0082,-5.9219,5.8575,33.7698,-178.4693,6368.9648,6368.9648
9868,0.52,-0.0557,-0.1425,-5.9080,5.8523,34.1856,-179.8923,6445.3213,6445.3213
9869,0.53,-0.6032,-0.1752,-5.9200,5.3168,11.7264,-178.4500,6300.5464,6300.5464
9870,0.54,0.2083,+0.2968,-5.9330,6.1413,36.1823,-177.4231,6284.0361,6284.0361
9871,0.54,-0.0797,-0.1335,-5.9465,5.8669,39.2941,-179.5909,6436.8867,6436.8867
9872,0.53,-4.3229,-1.6623,-5.9085,1.5856,3882.2788,-181.4246,6394.0225,6394.0225
9873,0.49,-0.2369,-0.0396,-5.9162,5.6793,28.0252,-180.7820,6519.9722,6519.9722
9874,0.53,-0.1469,-0.1175,-5.8855,5.7386,37.0945,-181.7162,6584.7407,6584.7407
9875,0.53,-0.6856,-0.1354,-5.8940,5.2083,76.1522,-181.8000,6611.8521,6611.8521
9876,0.53,-0.1831,-0.0101,-5.8929,5.7098,47.8839,-181.5367,6599.2300,6599.2300
9877,0.53,-0.0445,+0.0124,-5.8805,5.8360,31.1424,-180.1486,6483.9946,6483.9946
9878,0.54,-0.3943,-0.3825,-5.9348,5.5406,35.7076,-178.8946,6397.5630,6397.5630
9879,0.53,-0.1296,-0.0340,-5.9589,5.8292,34.2548,-182.6706,6738.7080,6738.7080
9880,0.51,-0.1240,+0.0329,-5.9303,5.8062,27.5790,-181.7283,6648.4985,6648.4985
9881,0.52,-0.1770,-0.0351,-5.9355,5.7585,35.1769,-179.6885,6478.9990,6478.9990
9882,0.53,-0.4765,+0.1623,-5.9367,5.4602,382.0327,-179.8189,6474.0454,6474.0454
9883,0.53,-0.4811,+0.3135,-5.9046,5.4235,28.5474,-180.4754,6524.4380,6524.4380
9884,0.53,-0.6809,-0.0230,-5.9237,5.2428,68.1641,-181.5095,6610.4028,6610.4028
9885,0.53,-0.3725,+0.0680,-5.9266,5.5541,33.9285,-181.1738,6572.0938,6572.0938
9886,0.54,-0.2963,-0.1574,-5.9289,5.6327,25.6013,-179.6507,6479.9990,6479.9990
9887,0.53,-0.4414,+0.0816,-5.9355,5.4941,29.8573,-178.4670,6375.1445,6375.1445
9888,0.52,5.0399,-1.2606,-5.9109,10.9508,8281.5527,-180.3347,6645.0698,6645.0698
9889,0.53,0.0844,-1.3509,-5.9241,6.0085,133.2448,-179.1613,6439.8682,6439.8682
9890,0.54,-0.5375,-0.0359,-5.9288,5.3914,6.5243,-180.8459,6548.3906,6548.3906
9891,0.52,-2.2888,-0.3822,-5.9224,3.6336,918.1639,-179.3986,6407.5688,6407.5688
9892,0.54,-0.0298,+0.0496,-5.9478,5.9179,62.9451,-180.7053,6586.4043,6586.4043
9893,0.54,1.4545,-0.5867,-5.9263,7.3807,752.3541,-179.8741,6575.6396,6575.6396
9894,0.54,-0.3868,+0.2880,-5.9018,5.5149,57.4719,-178.9821,6421.2241,6421.2241
9895,0.54,0.4528,+0.5659,-5.8931,6.3459,191.0773,-178.0041,6377.8672,6377.8672
9896,0.54,-0.1864,+0.8863,-5.8862,5.6997,40.7041,-179.0532,6446.4434,6446.4434
9897,0.52,0.9135,-1.8782,-5.9193,6.8328,308.7963,-178.2276,6431.0713,6431.0713
9898,0.54,-1.0233,-0.3036,-5.9560,4.9327,150.5713,-177.3522,6307.0996,6307.0996
9899,0.54,1.4282,+1.9213,-5.9494,7.3776,549.7906,-176.7226,6334.6909,6334.6909
9900,0.54,1.6209,-0.5334,-5.9436,7.5645,1009.4601,-176.9586,6388.1211,6388.1211
9901,0.54,1.1963,-0.0256,-5.9431,7.1394,691.5307,-177.2805,6393.1851,6393.1851
9902,0.51,-0.7973,-0.2282,-5.9551,5.1578,89.2929,-177.3568,6335.5796,6335.5796
9903,0.53,-0.3209,-0.0383,-5.9382,5.6173,45.4535,-178.7997,6435.2017,6435.2017
9904,0.52,-0.2266,+0.0211,-5.9160,5.6894,43.7638,-182.7567,6704.0918,6704.0918
9905,0.53,-0.4436,+0.1258,-5.9033,5.4597,34.4033,-182.2400,6628.0264,6628.0264
9906,0.54,-0.3149,-0.2481,-5.9107,5.5958,36.0568,-180.8853,6533.7070,6533.7070
9907,0.51,-0.3618,-0.0771,-5.9278,5.5660,26.2530,-181.3083,6548.5264,6548.5264
9908,0.53,5.3064,+5.9295,-5.9021,11.2085,9711.6875,-183.0792,7023.5864,7023.5864
9909,0.55,11.2883,+61.7827,-5.9262,17.2145,39251.5312,-183.9315,7333.5352,7333.5352
9910,0.54,-0.8633,+0.1288,-5.9369,5.0736,3.4001,-180.8573,6481.6548,6481.6548
9911,0.52,0.0371,-0.0294,-5.9370,5.9741,41.0372,-179.8168,6464.5684,6464.5684
9912,0.53,13.2810,-32.2635,-5.9363,19.2173,47915.4219,-175.5058,6764.6465,6764.6465
9913,0.54,5.6349,+0.1282,-5.9401,11.5750,11168.1846,-177.9201,6574.8486,6574.8486
9914,0.53,0.1124,-0.0896,-5.9265,6.0388,93.2782,-179.1447,6389.9385,6389.9385
9915,0.53,-0.2504,-0.0487,-5.9422,5.6918,37.2088,-178.3252,6341.1260,6341.1260
9916,0.54,-0.1373,+0.1984,-5.9182,5.7809,40.8213,-178.9336,6370.3008,6370.3008
9917,0.53,-0.1035,+0.3298,-5.9149,5.8114,41.4267,-178.9985,6383.6592,6383.6592
9918,0.53,-0.4949,+0.1450,-5.9129,5.4180,40.6943,-178.9998,6387.7549,6387.7549
9919,0.53,-0.4587,-0.0589,-5.9199,5.4612,29.8277,-179.5806,6424.3833,6424.3833
9920,0.52,-0.2408,-0.0423,-5.9196,5.6788,39.7646,-180.2470,6507.8438,6507.8438
9921,0.55,-0.1531,-0.2374,-5.9358,5.7827,59.5161,-180.2842,6534.9155,6534.9155
9922,0.55,19.8339,+112.9427,-5.9470,25.7809,105574.3125,-178.3815,7814.7915,7814.7915
9923,0.53,7.8863,+79.3254,-5.9603,13.8467,18527.4551,-175.6485,6761.8794,6761.8794
9924,0.54,-0.4322,+0.0310,-5.9667,5.5346,5.7287,-180.2412,6511.4316,6511.4316
9925,0.55,-0.3052,-0.0777,-5.9593,5.6542,31.5737,-175.0941,6139.7578,6139.7578
9926,0.52,-1.1694,+2.1633,-5.9488,4.7794,44.4041,-178.8183,6304.0229,6304.0229
9927,0.54,-0.3961,+0.2170,-5.9444,5.5483,81.7778,-179.6408,6440.0688,6440.0688
9928,0.52,-3.0237,-3.8629,-5.9155,2.8919,720.2613,-179.4648,6285.2275,6285.2275
9929,0.55,-0.0535,-0.2956,-5.8899,5.8364,168.8632,-182.5148,6655.5205,6655.5205
9930,0.53,-0.2950,-0.0908,-5.8762,5.5812,40.6103,-182.1694,6617.3413,6617.3413
9931,0.55,-0.1987,-4.8359,-5.8788,5.6801,134.7800,-181.9936,6611.9287,6611.9287
9932,0.55,-0.1896,-0.0638,-5.8938,5.7042,37.6446,-182.1567,6620.3320,6620.3320
9933,0.55,-0.6412,+0.0070,-5.8767,5.2355,38.0508,-183.9442,6760.0903,6760.0903
9934,0.55,-0.2843,-0.0496,-5.8803,5.5960,38.3841,-182.8376,6694.2295,6694.2295
9935,0.54,-0.6016,+0.1419,-5.8978,5.2962,36.0250,-180.9415,6540.0640,6540.0640
9936,0.54,-0.4640,-0.0371,-5.9233,5.4593,34.5538,-180.1096,6503.2266,6503.2266
9937,0.52,-0.5445,-0.1842,-5.9170,5.3724,37.7859,-178.6111,6390.9238,6390.9238
9938,0.54,-0.7007,-0.1612,-5.9436,5.2428,35.6339,-178.4586,6371.9663,6371.9663
9939,0.54,-0.3316,-0.0720,-5.9129,5.5814,35.6895,-178.1128,6328.0791,6328.0791
9940,0.54,-0.5329,+0.1106,-5.9263,5.3933,29.4526,-179.2008,6398.0391,6398.0391
9941,0.53,-0.1843,+0.1183,-5.9532,5.7689,34.1613,-180.2687,6491.0547,6491.0547
9942,0.55,-1.7181,-2.0469,-5.9287,4.2106,278.0923,-181.2850,6509.2666,6509.2666
9943,0.54,0.6462,-0.0793,-5.9504,6.5967,1074.4803,-180.4358,6539.9146,6539.9146
9944,0.54,-1.1037,-0.1160,-5.9285,4.8248,19.4327,-181.7897,6598.8384,6598.8384
9945,0.53,0.1177,-0.1241,-5.9199,6.0376,167.1109,-185.6377,6905.3823,6905.3823
9946,0.51,-0.4818,-0.0652,-5.8863,5.4045,28.3099,-182.6765,6650.9463,6650.9463
9947,0.51,11.0929,-39.0290,-5.8551,16.9479,36501.7656,-183.6546,6969.3770,6969.3770
9948,0.54,-13.5845,+5.6301,-5.8894,-7.6950,41099.1953,-181.9919,6228.5732,6228.5732
9949,0.52,-1.1826,-1.2650,-5.8704,4.6878,51.1162,-181.2751,6553.3730,6553.3730
9950,0.57,-0.3434,-0.1562,-5.8583,5.5149,34.5187,-183.2404,6692.6074,6692.6074
9951,0.54,0.1662,-0.0680,-5.8674,6.0336,199.1323,-181.7794,6606.6719,6606.6719
9952,0.53,-0.2579,+0.0823,-5.8601,5.6021,37.9192,-182.4201,6631.9775,6631.9775
9953,0.56,-1.1109,+0.6369,-5.8618,4.7509,4.6585,-183.2900,6673.4771,6673.4771
9954,0.53,-0.4291,-0.0449,-5.8656,5.4365,28.7032,-182.7678,6636.5088,6636.5088
9955,0.54,-0.6674,-0.0688,-5.8882,5.2208,46.3964,-181.3196,6550.4521,6550.4521
9956,0.54,1.7371,-0.0875,-5.9081,7.6452,1584.4952,-181.6783,6669.6045,6669.6045
9957,0.53,-0.5708,-0.0822,-5.8892,5.3184,36.0990,-182.0044,6610.3389,6610.3389
9958,0.54,-0.5494,+0.1230,-5.9059,5.3565,28.8872,-181.9585,6619.3472,6619.3472
9959,0.53,-0.3787,+0.1351,-5.9026,5.5238,44.5893,-182.0241,6636.7812,6636.7812
9960,0.55,-0.2284,+0.1799,-5.8848,5.6564,152.9063,-183.6248,6753.0576,6753.0576
9961,0.54,7.7730,-0.4220,-5.9046,13.6777,18905.5938,-180.8503,6949.3555,6949.3555
9962,0.54,-0.3779,+0.7489,-5.9281,5.5502,74.2831,-179.6632,6441.8506,6441.8506
9963,0.55,-1.2633,+0.4874,-5.9296,4.6662,13.0182,-180.0874,6420.9482,6420.9482
9964,0.54,-0.6919,+0.0869,-5.9095,5.2176,27.2269,-181.7775,6548.0059,6548.0059
9965,0.54,-1.1453,-0.0575,-5.9105,4.7652,94.9736,-179.5121,6366.2866,6366.2866
9966,0.55,2.2092,+0.8138,-5.9531,8.1623,2435.1699,-180.4893,6522.7363,6522.7363
9967,0.55,-0.4741,-0.1852,-5.9450,5.4709,38.8824,-180.3520,6523.6235,6523.6235
9968,0.55,-0.2001,-0.1989,-5.9381,5.7380,29.3761,-178.6724,6373.0059,6373.0059
9969,0.57,1.0290,+1.1039,-5.9221,6.9511,1155.6687,-179.1343,6415.6504,6415.6504
9970,0.54,0.0899,-0.2615,-5.9330,6.0228,194.3253,-178.6381,6363.6846,6363.6846
9971,0.55,-0.5074,+0.0089,-5.9416,5.4342,27.1252,-178.3407,6337.3457,6337.3457
9972,0.55,-0.5020,-0.4258,-5.9297,5.4277,61.1697,-178.3854,6351.6953,6351.6953
9973,0.54,-0.7071,-0.1852,-5.9617,5.2546,7.5208,-177.8891,6358.6821,6358.6821
9974,0.55,-0.6332,-0.0198,-5.9405,5.3073,22.7062,-179.0152,6416.3926,6416.3926
9975,0.54,-0.6011,+0.0093,-5.9365,5.3353,35.0305,-179.5648,6430.9639,6430.9639
9976,0.53,-0.1856,+0.0158,-5.9393,5.7537,77.2545,-180.7428,6542.3745,6542.3745
9977,0.55,8.6269,-3.2235,-5.9319,14.5588,22576.6250,-181.2147,6827.4512,6827.4512
9978,0.55,-14.6203,-1.2036,-5.9351,-8.6852,46018.2188,-181.2870,6006.2427,6006.2427
9979,0.54,-0.6838,-0.0903,-5.9406,5.2568,28.0799,-180.0780,6511.1245,6511.1245
9980,0.55,-0.5847,+0.0464,-5.9187,5.3340,25.7560,-182.2497,6642.9346,6642.9346
9981,0.54,-0.9918,-0.3318,-5.9272,4.9354,48.3840,-179.2629,6422.6245,6422.6245
9982,0.54,-0.6229,-0.1353,-5.9310,5.3081,28.3820,-178.9614,6396.5132,6396.5132
9983,0.54,4.6580,+9.6217,-5.9382,10.5961,8044.0664,-179.6200,6522.8101,6522.8101
9984,0.55,0.5919,+0.4199,-5.9532,6.5450,522.2828,-177.7254,6318.6655,6318.6655
9985,0.56,-0.3363,+0.0922,-5.9540,5.6176,47.4914,-178.6220,6340.8369,6340.8369
9986,0.53,0.0265,-0.3556,-5.9519,5.9783,326.1849,-178.0124,6300.1240,6300.1240
9987,0.53,-0.5019,+0.0194,-5.9443,5.4424,24.5123,-177.2680,6225.2520,6225.2520
9988,0.55,-0.4126,-0.1711,-5.9534,5.5408,69.5266,-179.4607,6408.7500,6408.7500
9989,0.56,-0.9972,-0.8609,-5.9435,4.9463,2.8629,-179.7467,6426.3711,6426.3711
9990,0.54,-0.6664,+0.0075,-5.9342,5.2678,51.0853,-179.5134,6408.6162,6408.6162
9991,0.53,-0.4932,-0.3008,-5.9359,5.4428,47.0012,-179.4734,6451.1377,6451.1377
9992,0.54,-0.5969,-0.2433,-5.9440,5.3470,24.0358,-181.0780,6579.0137,6579.0137
9993,0.52,-0.4479,-0.2093,-5.9397,5.4918,37.5872,-179.3300,6446.9043,6446.9043
9994,0.54,-0.3891,-0.1034,-5.9558,5.5667,13.1570,-178.0586,6382.8291,6382.8291
9995,0.53,-1.0121,-0.0373,-5.9350,4.9229,26.9890,-179.3636,6429.4292,6429.4292
9996,0.55,-0.3834,+0.0603,-5.9367,5.5533,50.8683,-181.1088,6582.6006,6582.6006
9997,0.54,-0.6369,-0.1620,-5.9252,5.2882,33.9695,-178.2849,6371.0635,6371.0635
9998,0.52,-0.6060,-0.0949,-5.9542,5.3481,6.4941,-179.0243,6426.9487,6426.9487
9999,0.54,-0.4254,-0.0799,-5.9528,5.5273,12.9090,-179.2779,6401.9883,6401.9883
